Address,Size,Kind
0x710181c3e0,0018,S
0x710181c3f2,0006,S
0x710181c3f8,0007,S
0x710181c3ff,0006,S
0x710181c405,0006,S
0x710181c40b,0010,S
0x710181c415,0008,S
0x710181c41d,0012,S
0x710181c429,0031,S
0x710181c448,0031,S
0x710181c467,0030,S
0x710181c485,0023,S
0x710181c49c,0012,S
0x710181c4a8,0012,S
0x710181c4b4,0034,S
0x710181c4d6,0039,S
0x710181c4fd,0041,S
0x710181c526,0018,S
0x710181c538,0020,S
0x710181c54c,0019,S
0x710181c55f,0019,S
0x710181c572,0011,S
0x710181c57d,0042,S
0x710181c5a7,0014,S
0x710181c5b5,0007,S
0x710181c5bc,0005,S
0x710181c5c1,0005,S
0x710181c5c6,0007,S
0x710181c5cd,0004,S
0x710181c5d1,0008,S
0x710181c5d9,0010,S
0x710181c5e3,0046,S
0x710181c611,0028,S
0x710181c62d,0012,S
0x710181c639,0022,S
0x710181c64f,0016,S
0x710181c65f,0040,S
0x710181c687,0045,S
0x710181c6b4,0047,S
0x710181c6e3,0037,S
0x710181c708,0012,S
0x710181c714,0031,S
0x710181c733,0022,S
0x710181c749,0019,S
0x710181c75c,0016,S
0x710181c76c,0007,S
0x710181c773,0017,S
0x710181c784,0003,S
0x710181c787,0012,S
0x710181c793,0016,S
0x710181c7a3,0011,S
0x710181c7ae,0010,S
0x710181c7b8,0004,S
0x710181c7bc,0016,S
0x710181c7cc,0016,S
0x710181c7dc,0016,S
0x710181c7ec,0014,S
0x710181c7fa,0016,S
0x710181c80a,0013,S
0x710181c817,0013,S
0x710181c824,0019,S
0x710181c837,0017,S
0x710181c848,0010,S
0x710181c852,0015,S
0x710181c861,0010,S
0x710181c86b,0012,S
0x710181c877,0018,S
0x710181c889,0017,S
0x710181c89a,0014,S
0x710181c8a8,0015,S
0x710181c8b7,0014,S
0x710181c8c5,0024,S
0x710181c8dd,0030,S
0x710181c8fb,0008,S
0x710181c903,0011,S
0x710181c90e,0011,S
0x710181c919,0007,S
0x710181c920,0008,S
0x710181c928,0009,S
0x710181c931,0008,S
0x710181c939,0016,S
0x710181c949,0011,S
0x710181c954,0015,S
0x710181c963,0013,S
0x710181c970,0019,S
0x710181c983,0012,S
0x710181c98f,0011,S
0x710181c99a,0015,S
0x710181c9a9,0007,S
0x710181c9b0,0007,S
0x710181c9b7,0007,S
0x710181c9be,0009,S
0x710181c9c7,0010,S
0x710181c9d1,0010,S
0x710181c9db,0014,S
0x710181c9e9,0013,S
0x710181c9f6,0010,S
0x710181ca00,0011,S
0x710181ca0b,0010,S
0x710181ca15,0015,S
0x710181ca24,0011,S
0x710181ca2f,0010,S
0x710181ca39,0008,S
0x710181ca41,0008,S
0x710181ca49,0009,S
0x710181ca52,0006,S
0x710181ca58,0016,S
0x710181ca68,0014,S
0x710181ca76,0010,S
0x710181ca80,0007,S
0x710181ca87,0009,S
0x710181ca90,0008,S
0x710181ca98,0016,S
0x710181caa8,0001,S
0x710181caa9,0025,S
0x710181cac2,0018,S
0x710181cad4,0017,S
0x710181cae5,0016,S
0x710181caf5,0027,S
0x710181cb10,0026,S
0x710181cb2a,0025,S
0x710181cb43,0017,S
0x710181cb54,0017,S
0x710181cb65,0017,S
0x710181cb76,0017,S
0x710181cb87,0017,S
0x710181cb98,0011,S
0x710181cba3,0008,S
0x710181cbab,0022,S
0x710181cbc1,0028,S
0x710181cbdd,0018,S
0x710181cbef,0018,S
0x710181cc01,0021,S
0x710181cc16,0028,S
0x710181cc32,0032,S
0x710181cc52,0020,S
0x710181cc66,0023,S
0x710181cc7d,0023,S
0x710181cc94,0023,S
0x710181ccab,0023,S
0x710181ccc2,0021,S
0x710181ccd7,0024,S
0x710181ccef,0022,S
0x710181cd05,0015,S
0x710181cd14,0023,S
0x710181cd2b,0014,S
0x710181cd39,0022,S
0x710181cd4f,0009,S
0x710181cd58,0024,S
0x710181cd70,0007,S
0x710181cd77,0007,S
0x710181cd7e,0007,S
0x710181cd85,0015,S
0x710181cd94,0015,S
0x710181cda3,0015,S
0x710181cdb2,0015,S
0x710181cdc1,0019,S
0x710181cdd4,0012,S
0x710181cde0,0005,S
0x710181cde5,0022,S
0x710181cdfb,0026,S
0x710181ce15,0022,S
0x710181ce2b,0017,S
0x710181ce3c,0010,S
0x710181ce46,0003,S
0x710181ce49,0043,S
0x710181ce74,0015,S
0x710181ce83,0016,S
0x710181ce93,0017,S
0x710181cea4,0017,S
0x710181ceb5,0013,S
0x710181cec2,0014,S
0x710181ced0,0015,S
0x710181cedf,0015,S
0x710181ceee,0013,S
0x710181cefb,0004,S
0x710181ceff,0025,S
0x710181cf18,0020,S
0x710181cf2c,0008,S
0x710181cf34,0012,S
0x710181cf40,0036,S
0x710181cf64,0010,S
0x710181cf6e,0003,S
0x710181cf71,0015,S
0x710181cf80,0015,S
0x710181cf8f,0011,S
0x710181cf9a,0005,S
0x710181cf9f,0006,S
0x710181cfa5,0026,S
0x710181cfbf,0027,S
0x710181cfda,0022,S
0x710181cff0,0023,S
0x710181d007,0012,S
0x710181d013,0018,S
0x710181d025,0013,S
0x710181d032,0007,S
0x710181d039,0016,S
0x710181d049,0011,S
0x710181d054,0010,S
0x710181d05e,0016,S
0x710181d06e,0013,S
0x710181d07b,0013,S
0x710181d088,0028,S
0x710181d0a4,0007,S
0x710181d0ab,0010,S
0x710181d0b5,0006,S
0x710181d0bb,0011,S
0x710181d0c6,0009,S
0x710181d0cf,0012,S
0x710181d0db,0010,S
0x710181d0e5,0014,S
0x710181d0f3,0009,S
0x710181d0fc,0007,S
0x710181d103,0022,S
0x710181d119,0029,S
0x710181d136,0006,S
0x710181d13c,0005,S
0x710181d141,0002,S
0x710181d143,0002,S
0x710181d145,0008,S
0x710181d14d,0012,S
0x710181d159,0013,S
0x710181d166,0013,S
0x710181d173,0009,S
0x710181d17c,0013,S
0x710181d189,0019,S
0x710181d19c,0013,S
0x710181d1a9,0007,S
0x710181d1b0,0010,S
0x710181d1ba,0007,S
0x710181d1c1,0021,S
0x710181d1d6,0007,S
0x710181d1dd,0018,S
0x710181d1ef,0025,S
0x710181d208,0012,S
0x710181d214,0012,S
0x710181d220,0030,S
0x710181d23e,0013,S
0x710181d24b,0011,S
0x710181d256,0006,S
0x710181d25c,0005,S
0x710181d261,0011,S
0x710181d26c,0025,S
0x710181d285,0012,S
0x710181d291,0008,S
0x710181d299,0014,S
0x710181d2a7,0025,S
0x710181d2c0,0020,S
0x710181d2d4,0027,S
0x710181d2ef,0013,S
0x710181d2fc,0021,S
0x710181d311,0029,S
0x710181d32e,0007,S
0x710181d335,0015,S
0x710181d344,0031,S
0x710181d363,0010,S
0x710181d36d,0034,S
0x710181d38f,0012,S
0x710181d39b,0004,S
0x710181d39f,0012,S
0x710181d3ab,0022,S
0x710181d3c1,0013,S
0x710181d3ce,0015,S
0x710181d3dd,0006,S
0x710181d3e3,0016,S
0x710181d3f3,0011,S
0x710181d3fe,0040,S
0x710181d426,0017,S
0x710181d437,0017,S
0x710181d448,0016,S
0x710181d458,0017,S
0x710181d469,0007,S
0x710181d470,0005,S
0x710181d475,0011,S
0x710181d480,0011,S
0x710181d48b,0009,S
0x710181d494,0012,S
0x710181d4a0,0010,S
0x710181d4aa,0007,S
0x710181d4b1,0015,S
0x710181d4c0,0008,S
0x710181d4c8,0006,S
0x710181d4ce,0006,S
0x710181d4d4,0016,S
0x710181d4e4,0013,S
0x710181d4f1,0011,S
0x710181d4fc,0006,S
0x710181d502,0005,S
0x710181d507,0006,S
0x710181d50d,0006,S
0x710181d513,0006,S
0x710181d519,0006,S
0x710181d51f,0046,S
0x710181d54d,0005,S
0x710181d552,0010,S
0x710181d55c,0011,S
0x710181d567,0012,S
0x710181d573,0011,S
0x710181d57e,0014,S
0x710181d58c,0018,S
0x710181d59e,0017,S
0x710181d5af,0011,S
0x710181d5ba,0014,S
0x710181d5c8,0005,S
0x710181d5cd,0023,S
0x710181d5e4,0023,S
0x710181d5fb,0023,S
0x710181d612,0019,S
0x710181d625,0005,S
0x710181d62a,0022,S
0x710181d640,0022,S
0x710181d656,0020,S
0x710181d66a,0010,S
0x710181d674,0026,S
0x710181d68e,0010,S
0x710181d698,0009,S
0x710181d6a1,0012,S
0x710181d6ad,0008,S
0x710181d6b5,0009,S
0x710181d6be,0009,S
0x710181d6c7,0020,S
0x710181d6db,0021,S
0x710181d6f0,0021,S
0x710181d705,0021,S
0x710181d71a,0020,S
0x710181d72e,0019,S
0x710181d741,0026,S
0x710181d75b,0016,S
0x710181d76b,0016,S
0x710181d77b,0010,S
0x710181d785,0008,S
0x710181d78d,0022,S
0x710181d7a3,0022,S
0x710181d7b9,0022,S
0x710181d7cf,0007,S
0x710181d7d6,0016,S
0x710181d7e6,0025,S
0x710181d7ff,0007,S
0x710181d806,0018,S
0x710181d818,0007,S
0x710181d81f,0007,S
0x710181d826,0007,S
0x710181d82d,0025,S
0x710181d846,0031,S
0x710181d865,0028,S
0x710181d881,0034,S
0x710181d8a3,0019,S
0x710181d8b6,0028,S
0x710181d8d2,0012,S
0x710181d8de,0012,S
0x710181d8ea,0012,S
0x710181d8f6,0010,S
0x710181d900,0015,S
0x710181d90f,0019,S
0x710181d922,0020,S
0x710181d936,0007,S
0x710181d93d,0007,S
0x710181d944,0010,S
0x710181d94e,0016,S
0x710181d95e,0012,S
0x710181d96a,0019,S
0x710181d97d,0013,S
0x710181d98a,0016,S
0x710181d99a,0021,S
0x710181d9af,0018,S
0x710181d9c1,0010,S
0x710181d9cb,0008,S
0x710181d9d3,0020,S
0x710181d9e7,0010,S
0x710181d9f1,0010,S
0x710181d9fb,0010,S
0x710181da05,0040,S
0x710181da2d,0011,S
0x710181da38,0006,S
0x710181da3e,0016,S
0x710181da4e,0022,S
0x710181da64,0019,S
0x710181da77,0020,S
0x710181da8b,0008,S
0x710181da93,0005,S
0x710181da98,0020,S
0x710181daac,0036,S
0x710181dad0,0020,S
0x710181dae4,0012,S
0x710181daf0,0012,S
0x710181dafc,0012,S
0x710181db08,0006,S
0x710181db0e,0008,S
0x710181db16,0013,S
0x710181db23,0008,S
0x710181db2b,0011,S
0x710181db36,0007,S
0x710181db3d,0009,S
0x710181db46,0016,S
0x710181db56,0013,S
0x710181db63,0015,S
0x710181db72,0013,S
0x710181db7f,0013,S
0x710181db8c,0007,S
0x710181db93,0024,S
0x710181dbab,0016,S
0x710181dbbb,0009,S
0x710181dbc4,0016,S
0x710181dbd4,0016,S
0x710181dbe4,0023,S
0x710181dbfb,0013,S
0x710181dc08,0019,S
0x710181dc1b,0026,S
0x710181dc35,0011,S
0x710181dc40,0032,S
0x710181dc60,0011,S
0x710181dc6b,0016,S
0x710181dc7b,0029,S
0x710181dc98,0019,S
0x710181dcab,0024,S
0x710181dcc3,0005,S
0x710181dcc8,0022,S
0x710181dcde,0007,S
0x710181dce5,0033,S
0x710181dd06,0017,S
0x710181dd17,0014,S
0x710181dd25,0015,S
0x710181dd34,0020,S
0x710181dd48,0017,S
0x710181dd59,0010,S
0x710181dd63,0013,S
0x710181dd70,0007,S
0x710181dd77,0019,S
0x710181dd8a,0019,S
0x710181dd9d,0018,S
0x710181ddaf,0010,S
0x710181ddb9,0013,S
0x710181ddc6,0028,S
0x710181dde2,0024,S
0x710181ddfa,0035,S
0x710181de1d,0005,S
0x710181de22,0011,S
0x710181de2d,0020,S
0x710181de41,0020,S
0x710181de55,0005,S
0x710181de5a,0015,S
0x710181de69,0019,S
0x710181de7c,0018,S
0x710181de8e,0027,S
0x710181dea9,0010,S
0x710181deb3,0025,S
0x710181decc,0010,S
0x710181ded6,0012,S
0x710181dee2,0007,S
0x710181dee9,0020,S
0x710181defd,0016,S
0x710181df0d,0028,S
0x710181df29,0025,S
0x710181df42,0025,S
0x710181df5b,0025,S
0x710181df74,0031,S
0x710181df93,0040,S
0x710181dfbb,0040,S
0x710181dfe3,0016,S
0x710181dff3,0025,S
0x710181e00c,0004,S
0x710181e010,0025,S
0x710181e029,0013,S
0x710181e036,0026,S
0x710181e050,0015,S
0x710181e05f,0023,S
0x710181e076,0022,S
0x710181e08c,0019,S
0x710181e09f,0021,S
0x710181e0b4,0016,S
0x710181e0c4,0017,S
0x710181e0d5,0013,S
0x710181e0e2,0020,S
0x710181e0f6,0020,S
0x710181e10a,0042,S
0x710181e134,0027,S
0x710181e14f,0025,S
0x710181e168,0029,S
0x710181e185,0018,S
0x710181e197,0009,S
0x710181e1a0,0028,S
0x710181e1bc,0025,S
0x710181e1d5,0025,S
0x710181e1ee,0022,S
0x710181e204,0034,S
0x710181e226,0046,S
0x710181e254,0016,S
0x710181e264,0016,S
0x710181e274,0025,S
0x710181e28d,0020,S
0x710181e2a1,0023,S
0x710181e2b8,0013,S
0x710181e2c5,0011,S
0x710181e2d0,0006,S
0x710181e2d6,0009,S
0x710181e2df,0011,S
0x710181e2ea,0011,S
0x710181e2f5,0010,S
0x710181e2ff,0005,S
0x710181e304,0008,S
0x710181e30c,0015,S
0x710181e31b,0010,S
0x710181e325,0013,S
0x710181e332,0013,S
0x710181e33f,0010,S
0x710181e349,0030,S
0x710181e367,0010,S
0x710181e371,0031,S
0x710181e390,0011,S
0x710181e39b,0010,S
0x710181e3a5,0023,S
0x710181e3bc,0005,S
0x710181e3c1,0016,S
0x710181e3d1,0012,S
0x710181e3dd,0009,S
0x710181e3e6,0013,S
0x710181e3f3,0011,S
0x710181e3fe,0006,S
0x710181e404,0009,S
0x710181e40d,0010,S
0x710181e417,0015,S
0x710181e426,0015,S
0x710181e435,0013,S
0x710181e442,0008,S
0x710181e44a,0007,S
0x710181e451,0021,S
0x710181e466,0022,S
0x710181e47c,0025,S
0x710181e495,0005,S
0x710181e49a,0008,S
0x710181e4a2,0015,S
0x710181e4b1,0022,S
0x710181e4c7,0008,S
0x710181e4cf,0010,S
0x710181e4d9,0018,S
0x710181e4eb,0012,S
0x710181e4f7,0021,S
0x710181e50c,0016,S
0x710181e51c,0015,S
0x710181e52b,0012,S
0x710181e537,0011,S
0x710181e542,0006,S
0x710181e548,0010,S
0x710181e552,0005,S
0x710181e557,0008,S
0x710181e55f,0016,S
0x710181e56f,0016,S
0x710181e57f,0012,S
0x710181e58b,0019,S
0x710181e59e,0015,S
0x710181e5ad,0010,S
0x710181e5b7,0014,S
0x710181e5c5,0014,S
0x710181e5d3,0016,S
0x710181e5e3,0027,S
0x710181e5fe,0012,S
0x710181e60a,0014,S
0x710181e618,0007,S
0x710181e61f,0007,S
0x710181e626,0016,S
0x710181e636,0022,S
0x710181e64c,0010,S
0x710181e656,0011,S
0x710181e661,0005,S
0x710181e666,0020,S
0x710181e67a,0010,S
0x710181e684,0006,S
0x710181e68a,0006,S
0x710181e690,0006,S
0x710181e696,0010,S
0x710181e6a0,0009,S
0x710181e6a9,0023,S
0x710181e6c0,0019,S
0x710181e6d3,0013,S
0x710181e6e0,0015,S
0x710181e6ef,0019,S
0x710181e702,0006,S
0x710181e708,0030,S
0x710181e726,0008,S
0x710181e72e,0010,S
0x710181e738,0009,S
0x710181e741,0010,S
0x710181e74b,0039,S
0x710181e772,0019,S
0x710181e785,0021,S
0x710181e79a,0008,S
0x710181e7a2,0010,S
0x710181e7ac,0019,S
0x710181e7bf,0014,S
0x710181e7cd,0012,S
0x710181e7d9,0010,S
0x710181e7e3,0014,S
0x710181e7f1,0009,S
0x710181e7fa,0009,S
0x710181e803,0018,S
0x710181e815,0018,S
0x710181e827,0039,S
0x710181e84e,0023,S
0x710181e865,0008,S
0x710181e86d,0005,S
0x710181e872,0009,S
0x710181e87b,0010,S
0x710181e885,0019,S
0x710181e898,0025,S
0x710181e8b1,0025,S
0x710181e8ca,0028,S
0x710181e8e6,0028,S
0x710181e902,0022,S
0x710181e918,0022,S
0x710181e92e,0005,S
0x710181e933,0010,S
0x710181e93d,0003,S
0x710181e940,0025,S
0x710181e959,0022,S
0x710181e96f,0010,S
0x710181e979,0005,S
0x710181e97e,0008,S
0x710181e986,0007,S
0x710181e98d,0016,S
0x710181e99d,0010,S
0x710181e9a7,0007,S
0x710181e9ae,0005,S
0x710181e9b3,0008,S
0x710181e9bb,0004,S
0x710181e9bf,0004,S
0x710181e9c3,0004,S
0x710181e9c7,0018,S
0x710181e9d9,0005,S
0x710181e9de,0004,S
0x710181e9e2,0006,S
0x710181e9e8,0011,S
0x710181e9f3,0009,S
0x710181e9fc,0013,S
0x710181ea09,0007,S
0x710181ea10,0009,S
0x710181ea19,0005,S
0x710181ea1e,0007,S
0x710181ea25,0025,S
0x710181ea3e,0006,S
0x710181ea44,0009,S
0x710181ea4d,0061,S
0x710181ea8a,0016,S
0x710181ea9a,0016,S
0x710181eaaa,0010,S
0x710181eab4,0006,S
0x710181eaba,0013,S
0x710181eac7,0013,S
0x710181ead4,0010,S
0x710181eade,0007,S
0x710181eae5,0007,S
0x710181eaec,0007,S
0x710181eaf3,0021,S
0x710181eb08,0017,S
0x710181eb19,0017,S
0x710181eb2a,0017,S
0x710181eb3b,0016,S
0x710181eb4b,0028,S
0x710181eb67,0010,S
0x710181eb71,0008,S
0x710181eb79,0028,S
0x710181eb95,0034,S
0x710181ebb7,0031,S
0x710181ebd6,0025,S
0x710181ebef,0034,S
0x710181ec11,0004,S
0x710181ec15,0027,S
0x710181ec30,0026,S
0x710181ec4a,0019,S
0x710181ec5d,0037,S
0x710181ec82,0003,S
0x710181ec85,0009,S
0x710181ec8e,0005,S
0x710181ec93,0009,S
0x710181ec9c,0013,S
0x710181eca9,0016,S
0x710181ecb9,0013,S
0x710181ecc6,0007,S
0x710181eccd,0028,S
0x710181ece9,0006,S
0x710181ecef,0006,S
0x710181ecf5,0012,S
0x710181ed01,0022,S
0x710181ed17,0013,S
0x710181ed24,0013,S
0x710181ed31,0019,S
0x710181ed44,0022,S
0x710181ed5a,0010,S
0x710181ed64,0026,S
0x710181ed7e,0019,S
0x710181ed91,0023,S
0x710181eda8,0021,S
0x710181edbd,0018,S
0x710181edcf,0017,S
0x710181ede0,0017,S
0x710181edf1,0010,S
0x710181edfb,0024,S
0x710181ee13,0022,S
0x710181ee29,0011,S
0x710181ee34,0036,S
0x710181ee58,0006,S
0x710181ee5e,0007,S
0x710181ee65,0009,S
0x710181ee6e,0011,S
0x710181ee79,0009,S
0x710181ee82,0009,S
0x710181ee8b,0015,S
0x710181ee9a,0005,S
0x710181ee9f,0010,S
0x710181eea9,0025,S
0x710181eec2,0014,S
0x710181eed0,0013,S
0x710181eedd,0012,S
0x710181eee9,0010,S
0x710181eef3,0004,S
0x710181eef7,0008,S
0x710181eeff,0017,S
0x710181ef10,0010,S
0x710181ef1a,0021,S
0x710181ef2f,0006,S
0x710181ef35,0031,S
0x710181ef54,0021,S
0x710181ef69,0018,S
0x710181ef7b,0039,S
0x710181efa2,0009,S
0x710181efab,0005,S
0x710181efb0,0004,S
0x710181efb4,0005,S
0x710181efb9,0008,S
0x710181efc1,0005,S
0x710181efc6,0005,S
0x710181efcb,0005,S
0x710181efd0,0014,S
0x710181efde,0009,S
0x710181efe7,0013,S
0x710181eff4,0014,S
0x710181f002,0019,S
0x710181f015,0005,S
0x710181f01a,0037,S
0x710181f03f,0008,S
0x710181f047,0016,S
0x710181f057,0013,S
0x710181f064,0010,S
0x710181f06e,0016,S
0x710181f07e,0007,S
0x710181f085,0010,S
0x710181f08f,0013,S
0x710181f09c,0008,S
0x710181f0a4,0017,S
0x710181f0b5,0005,S
0x710181f0ba,0013,S
0x710181f0c7,0016,S
0x710181f0d7,0019,S
0x710181f0ea,0037,S
0x710181f10f,0016,S
0x710181f11f,0007,S
0x710181f126,0025,S
0x710181f13f,0025,S
0x710181f158,0013,S
0x710181f165,0013,S
0x710181f172,0017,S
0x710181f183,0016,S
0x710181f193,0013,S
0x710181f1a0,0010,S
0x710181f1aa,0006,S
0x710181f1b0,0006,S
0x710181f1b6,0014,S
0x710181f1c4,0016,S
0x710181f1d4,0007,S
0x710181f1db,0019,S
0x710181f1ee,0007,S
0x710181f1f5,0013,S
0x710181f202,0013,S
0x710181f20f,0007,S
0x710181f216,0009,S
0x710181f21f,0008,S
0x710181f227,0040,S
0x710181f24f,0010,S
0x710181f259,0006,S
0x710181f25f,0022,S
0x710181f275,0025,S
0x710181f28e,0018,S
0x710181f2a0,0025,S
0x710181f2b9,0012,S
0x710181f2c5,0031,S
0x710181f2e4,0024,S
0x710181f2fc,0028,S
0x710181f318,0030,S
0x710181f336,0028,S
0x710181f352,0032,S
0x710181f372,0026,S
0x710181f38c,0016,S
0x710181f39c,0012,S
0x710181f3a8,0027,S
0x710181f3c3,0028,S
0x710181f3df,0028,S
0x710181f3fb,0011,S
0x710181f406,0010,S
0x710181f410,0010,S
0x710181f41a,0013,S
0x710181f427,0008,S
0x710181f42f,0019,S
0x710181f442,0014,S
0x710181f450,0014,S
0x710181f45e,0009,S
0x710181f467,0011,S
0x710181f472,0020,S
0x710181f486,0015,S
0x710181f495,0015,S
0x710181f4a4,0010,S
0x710181f4ae,0018,S
0x710181f4c0,0013,S
0x710181f4cd,0014,S
0x710181f4db,0009,S
0x710181f4e4,0010,S
0x710181f4ee,0005,S
0x710181f4f3,0011,S
0x710181f4fe,0014,S
0x710181f50c,0009,S
0x710181f515,0020,S
0x710181f529,0015,S
0x710181f538,0015,S
0x710181f547,0015,S
0x710181f556,0012,S
0x710181f562,0021,S
0x710181f577,0016,S
0x710181f587,0017,S
0x710181f598,0012,S
0x710181f5a4,0020,S
0x710181f5b8,0015,S
0x710181f5c7,0010,S
0x710181f5d1,0010,S
0x710181f5db,0010,S
0x710181f5e5,0010,S
0x710181f5ef,0010,S
0x710181f5f9,0010,S
0x710181f603,0010,S
0x710181f60d,0010,S
0x710181f617,0007,S
0x710181f61e,0007,S
0x710181f625,0007,S
0x710181f62c,0007,S
0x710181f633,0007,S
0x710181f63a,0007,S
0x710181f641,0007,S
0x710181f648,0037,S
0x710181f66d,0018,S
0x710181f67f,0034,S
0x710181f6a1,0037,S
0x710181f6c6,0013,S
0x710181f6d3,0011,S
0x710181f6de,0010,S
0x710181f6e8,0007,S
0x710181f6ef,0007,S
0x710181f6f6,0016,S
0x710181f706,0021,S
0x710181f71b,0014,S
0x710181f729,0013,S
0x710181f736,0010,S
0x710181f740,0007,S
0x710181f747,0025,S
0x710181f760,0031,S
0x710181f77f,0017,S
0x710181f790,0028,S
0x710181f7ac,0008,S
0x710181f7b4,0019,S
0x710181f7c7,0011,S
0x710181f7d2,0010,S
0x710181f7dc,0009,S
0x710181f7e5,0006,S
0x710181f7eb,0007,S
0x710181f7f2,0005,S
0x710181f7f7,0007,S
0x710181f7fe,0010,S
0x710181f808,0015,S
0x710181f817,0015,S
0x710181f826,0015,S
0x710181f835,0015,S
0x710181f844,0015,S
0x710181f853,0013,S
0x710181f860,0009,S
0x710181f869,0007,S
0x710181f870,0031,S
0x710181f88f,0037,S
0x710181f8b4,0013,S
0x710181f8c1,0013,S
0x710181f8ce,0049,S
0x710181f8ff,0058,S
0x710181f939,0012,S
0x710181f945,0010,S
0x710181f94f,0013,S
0x710181f95c,0017,S
0x710181f96d,0007,S
0x710181f974,0009,S
0x710181f97d,0014,S
0x710181f98b,0011,S
0x710181f996,0010,S
0x710181f9a0,0007,S
0x710181f9a7,0015,S
0x710181f9b6,0005,S
0x710181f9bb,0009,S
0x710181f9c4,0008,S
0x710181f9cc,0025,S
0x710181f9e5,0012,S
0x710181f9f1,0016,S
0x710181fa01,0012,S
0x710181fa0d,0004,S
0x710181fa11,0010,S
0x710181fa1b,0010,S
0x710181fa25,0049,S
0x710181fa56,0017,S
0x710181fa67,0016,S
0x710181fa77,0012,S
0x710181fa83,0025,S
0x710181fa9c,0021,S
0x710181fab1,0015,S
0x710181fac0,0028,S
0x710181fadc,0022,S
0x710181faf2,0014,S
0x710181fb00,0014,S
0x710181fb0e,0011,S
0x710181fb19,0031,S
0x710181fb38,0025,S
0x710181fb51,0006,S
0x710181fb57,0037,S
0x710181fb7c,0015,S
0x710181fb8b,0023,S
0x710181fba2,0007,S
0x710181fba9,0007,S
0x710181fbb0,0016,S
0x710181fbc0,0012,S
0x710181fbcc,0009,S
0x710181fbd5,0018,S
0x710181fbe7,0021,S
0x710181fbfc,0010,S
0x710181fc06,0011,S
0x710181fc11,0010,S
0x710181fc1b,0010,S
0x710181fc25,0010,S
0x710181fc2f,0010,S
0x710181fc39,0010,S
0x710181fc43,0010,S
0x710181fc4d,0010,S
0x710181fc57,0010,S
0x710181fc61,0008,S
0x710181fc69,0009,S
0x710181fc72,0016,S
0x710181fc82,0037,S
0x710181fca7,0019,S
0x710181fcba,0012,S
0x710181fcc6,0005,S
0x710181fccb,0015,S
0x710181fcda,0005,S
0x710181fcdf,0026,S
0x710181fcf9,0011,S
0x710181fd04,0016,S
0x710181fd14,0010,S
0x710181fd1e,0014,S
0x710181fd2c,0007,S
0x710181fd33,0014,S
0x710181fd41,0010,S
0x710181fd4b,0015,S
0x710181fd5a,0013,S
0x710181fd67,0007,S
0x710181fd6e,0007,S
0x710181fd75,0007,S
0x710181fd7c,0007,S
0x710181fd83,0007,S
0x710181fd8a,0007,S
0x710181fd91,0007,S
0x710181fd98,0007,S
0x710181fd9f,0008,S
0x710181fda7,0008,S
0x710181fdaf,0008,S
0x710181fdb7,0008,S
0x710181fdbf,0006,S
0x710181fdc5,0006,S
0x710181fdcb,0006,S
0x710181fdd1,0006,S
0x710181fdd7,0006,S
0x710181fddd,0006,S
0x710181fde3,0006,S
0x710181fde9,0006,S
0x710181fdef,0014,S
0x710181fdfd,0025,S
0x710181fe16,0012,S
0x710181fe22,0017,S
0x710181fe33,0020,S
0x710181fe47,0025,S
0x710181fe60,0020,S
0x710181fe74,0011,S
0x710181fe7f,0008,S
0x710181fe87,0011,S
0x710181fe92,0009,S
0x710181fe9b,0016,S
0x710181feab,0007,S
0x710181feb2,0004,S
0x710181feb6,0013,S
0x710181fec3,0013,S
0x710181fed0,0019,S
0x710181fee3,0028,S
0x710181feff,0019,S
0x710181ff12,0028,S
0x710181ff2e,0030,S
0x710181ff4c,0032,S
0x710181ff6c,0009,S
0x710181ff75,0011,S
0x710181ff80,0025,S
0x710181ff99,0034,S
0x710181ffbb,0022,S
0x710181ffd1,0043,S
0x710181fffc,0010,S
0x7101820006,0023,S
0x710182001d,0020,S
0x7101820031,0019,S
0x7101820044,0040,S
0x710182006c,0028,S
0x7101820088,0004,S
0x710182008c,0007,S
0x7101820093,0007,S
0x710182009a,0028,S
0x71018200b6,0010,S
0x71018200c0,0019,S
0x71018200d3,0010,S
0x71018200dd,0010,S
0x71018200e7,0007,S
0x71018200ee,0019,S
0x7101820101,0022,S
0x7101820117,0036,S
0x710182013b,0014,S
0x7101820149,0012,S
0x7101820155,0016,S
0x7101820165,0014,S
0x7101820173,0013,S
0x7101820180,0016,S
0x7101820190,0023,S
0x71018201a7,0011,S
0x71018201b2,0025,S
0x71018201cb,0006,S
0x71018201d1,0004,S
0x71018201d5,0006,S
0x71018201db,0021,S
0x71018201f0,0022,S
0x7101820206,0013,S
0x7101820213,0033,S
0x7101820234,0022,S
0x710182024a,0013,S
0x7101820257,0014,S
0x7101820265,0018,S
0x7101820277,0012,S
0x7101820283,0013,S
0x7101820290,0010,S
0x710182029a,0015,S
0x71018202a9,0006,S
0x71018202af,0027,S
0x71018202ca,0028,S
0x71018202e6,0069,S
0x710182032b,0025,S
0x7101820344,0029,S
0x7101820361,0015,S
0x7101820370,0042,S
0x710182039a,0008,S
0x71018203a2,0007,S
0x71018203a9,0013,S
0x71018203b6,0013,S
0x71018203c3,0018,S
0x71018203d5,0020,S
0x71018203e9,0015,S
0x71018203f8,0018,S
0x710182040a,0008,S
0x7101820412,0011,S
0x710182041d,0010,S
0x7101820427,0026,S
0x7101820441,0028,S
0x710182045d,0022,S
0x7101820473,0017,S
0x7101820484,0020,S
0x7101820498,0007,S
0x710182049f,0021,S
0x71018204b4,0012,S
0x71018204c0,0016,S
0x71018204d0,0012,S
0x71018204dc,0012,S
0x71018204e8,0012,S
0x71018204f4,0012,S
0x7101820500,0012,S
0x710182050c,0012,S
0x7101820518,0012,S
0x7101820524,0012,S
0x7101820530,0007,S
0x7101820537,0007,S
0x710182053e,0007,S
0x7101820545,0007,S
0x710182054c,0007,S
0x7101820553,0007,S
0x710182055a,0007,S
0x7101820561,0007,S
0x7101820568,0016,S
0x7101820578,0019,S
0x710182058b,0037,S
0x71018205b0,0020,S
0x71018205c4,0019,S
0x71018205d7,0019,S
0x71018205ea,0022,S
0x7101820600,0013,S
0x710182060d,0019,S
0x7101820620,0020,S
0x7101820634,0011,S
0x710182063f,0014,S
0x710182064d,0015,S
0x710182065c,0012,S
0x7101820668,0024,S
0x7101820680,0004,S
0x7101820684,0019,S
0x7101820697,0043,S
0x71018206c2,0010,S
0x71018206cc,0020,S
0x71018206e0,0010,S
0x71018206ea,0005,S
0x71018206ef,0011,S
0x71018206fa,0011,S
0x7101820705,0014,S
0x7101820713,0014,S
0x7101820721,0013,S
0x710182072e,0009,S
0x7101820737,0019,S
0x710182074a,0015,S
0x7101820759,0011,S
0x7101820764,0028,S
0x7101820780,0016,S
0x7101820790,0013,S
0x710182079d,0015,S
0x71018207ac,0010,S
0x71018207b6,0017,S
0x71018207c7,0012,S
0x71018207d3,0015,S
0x71018207e2,0016,S
0x71018207f2,0052,S
0x7101820826,0015,S
0x7101820835,0021,S
0x710182084a,0005,S
0x710182084f,0007,S
0x7101820856,0025,S
0x710182086f,0013,S
0x710182087c,0030,S
0x710182089a,0035,S
0x71018208bd,0019,S
0x71018208d0,0008,S
0x71018208d8,0008,S
0x71018208e0,0030,S
0x71018208fe,0006,S
0x7101820904,0042,S
0x710182092e,0031,S
0x710182094d,0011,S
0x7101820958,0019,S
0x710182096b,0019,S
0x710182097e,0015,S
0x710182098d,0014,S
0x710182099b,0009,S
0x71018209a4,0014,S
0x71018209b2,0016,S
0x71018209c2,0016,S
0x71018209d2,0025,S
0x71018209eb,0028,S
0x7101820a07,0026,S
0x7101820a21,0008,S
0x7101820a29,0005,S
0x7101820a2e,0009,S
0x7101820a37,0009,S
0x7101820a40,0025,S
0x7101820a59,0019,S
0x7101820a6c,0022,S
0x7101820a82,0022,S
0x7101820a98,0020,S
0x7101820aac,0011,S
0x7101820ab7,0006,S
0x7101820abd,0008,S
0x7101820ac5,0012,S
0x7101820ad1,0019,S
0x7101820ae4,0010,S
0x7101820aee,0014,S
0x7101820afc,0021,S
0x7101820b11,0010,S
0x7101820b1b,0014,S
0x7101820b29,0021,S
0x7101820b3e,0011,S
0x7101820b49,0015,S
0x7101820b58,0022,S
0x7101820b6e,0011,S
0x7101820b79,0021,S
0x7101820b8e,0018,S
0x7101820ba0,0020,S
0x7101820bb4,0011,S
0x7101820bbf,0021,S
0x7101820bd4,0018,S
0x7101820be6,0020,S
0x7101820bfa,0011,S
0x7101820c05,0021,S
0x7101820c1a,0018,S
0x7101820c2c,0020,S
0x7101820c40,0011,S
0x7101820c4b,0021,S
0x7101820c60,0018,S
0x7101820c72,0020,S
0x7101820c86,0011,S
0x7101820c91,0021,S
0x7101820ca6,0018,S
0x7101820cb8,0020,S
0x7101820ccc,0015,S
0x7101820cdb,0022,S
0x7101820cf1,0029,S
0x7101820d0e,0026,S
0x7101820d28,0028,S
0x7101820d44,0019,S
0x7101820d57,0019,S
0x7101820d6a,0007,S
0x7101820d71,0007,S
0x7101820d78,0010,S
0x7101820d82,0016,S
0x7101820d92,0008,S
0x7101820d9a,0008,S
0x7101820da2,0016,S
0x7101820db2,0008,S
0x7101820dba,0008,S
0x7101820dc2,0016,S
0x7101820dd2,0008,S
0x7101820dda,0008,S
0x7101820de2,0028,S
0x7101820dfe,0028,S
0x7101820e1a,0014,S
0x7101820e28,0014,S
0x7101820e36,0014,S
0x7101820e44,0014,S
0x7101820e52,0006,S
0x7101820e58,0006,S
0x7101820e5e,0006,S
0x7101820e64,0006,S
0x7101820e6a,0006,S
0x7101820e70,0006,S
0x7101820e76,0026,S
0x7101820e90,0026,S
0x7101820eaa,0026,S
0x7101820ec4,0016,S
0x7101820ed4,0022,S
0x7101820eea,0009,S
0x7101820ef3,0010,S
0x7101820efd,0010,S
0x7101820f07,0013,S
0x7101820f14,0010,S
0x7101820f1e,0016,S
0x7101820f2e,0016,S
0x7101820f3e,0013,S
0x7101820f4b,0007,S
0x7101820f52,0034,S
0x7101820f74,0028,S
0x7101820f90,0042,S
0x7101820fba,0005,S
0x7101820fbf,0005,S
0x7101820fc4,0010,S
0x7101820fce,0009,S
0x7101820fd7,0011,S
0x7101820fe2,0022,S
0x7101820ff8,0019,S
0x710182100b,0019,S
0x710182101e,0011,S
0x7101821029,0013,S
0x7101821036,0015,S
0x7101821045,0007,S
0x710182104c,0016,S
0x710182105c,0031,S
0x710182107b,0016,S
0x710182108b,0019,S
0x710182109e,0016,S
0x71018210ae,0014,S
0x71018210bc,0020,S
0x71018210d0,0020,S
0x71018210e4,0042,S
0x710182110e,0037,S
0x7101821133,0024,S
0x710182114b,0019,S
0x710182115e,0011,S
0x7101821169,0019,S
0x710182117c,0022,S
0x7101821192,0016,S
0x71018211a2,0020,S
0x71018211b6,0009,S
0x71018211bf,0008,S
0x71018211c7,0010,S
0x71018211d1,0010,S
0x71018211db,0010,S
0x71018211e5,0010,S
0x71018211ef,0021,S
0x7101821204,0009,S
0x710182120d,0009,S
0x7101821216,0023,S
0x710182122d,0023,S
0x7101821244,0025,S
0x710182125d,0022,S
0x7101821273,0023,S
0x710182128a,0023,S
0x71018212a1,0025,S
0x71018212ba,0022,S
0x71018212d0,0013,S
0x71018212dd,0021,S
0x71018212f2,0021,S
0x7101821307,0006,S
0x710182130d,0021,S
0x7101821322,0021,S
0x7101821337,0010,S
0x7101821341,0020,S
0x7101821355,0020,S
0x7101821369,0020,S
0x710182137d,0016,S
0x710182138d,0014,S
0x710182139b,0028,S
0x71018213b7,0020,S
0x71018213cb,0046,S
0x71018213f9,0025,S
0x7101821412,0010,S
0x710182141c,0022,S
0x7101821432,0022,S
0x7101821448,0005,S
0x710182144d,0009,S
0x7101821456,0006,S
0x710182145c,0023,S
0x7101821473,0020,S
0x7101821487,0032,S
0x71018214a7,0010,S
0x71018214b1,0016,S
0x71018214c1,0007,S
0x71018214c8,0022,S
0x71018214de,0010,S
0x71018214e8,0025,S
0x7101821501,0004,S
0x7101821505,0025,S
0x710182151e,0004,S
0x7101821522,0010,S
0x710182152c,0043,S
0x7101821557,0014,S
0x7101821565,0014,S
0x7101821573,0021,S
0x7101821588,0024,S
0x71018215a0,0043,S
0x71018215cb,0043,S
0x71018215f6,0057,S
0x710182162f,0048,S
0x710182165f,0023,S
0x7101821676,0026,S
0x7101821690,0016,S
0x71018216a0,0035,S
0x71018216c3,0035,S
0x71018216e6,0035,S
0x7101821709,0022,S
0x710182171f,0035,S
0x7101821742,0035,S
0x7101821765,0035,S
0x7101821788,0013,S
0x7101821795,0016,S
0x71018217a5,0007,S
0x71018217ac,0025,S
0x71018217c5,0025,S
0x71018217de,0008,S
0x71018217e6,0008,S
0x71018217ee,0019,S
0x7101821801,0016,S
0x7101821811,0015,S
0x7101821820,0015,S
0x710182182f,0009,S
0x7101821838,0015,S
0x7101821847,0011,S
0x7101821852,0016,S
0x7101821862,0013,S
0x710182186f,0005,S
0x7101821874,0008,S
0x710182187c,0013,S
0x7101821889,0012,S
0x7101821895,0006,S
0x710182189b,0024,S
0x71018218b3,0019,S
0x71018218c6,0019,S
0x71018218d9,0036,S
0x71018218fd,0033,S
0x710182191e,0008,S
0x7101821926,0011,S
0x7101821931,0010,S
0x710182193b,0008,S
0x7101821943,0010,S
0x710182194d,0016,S
0x710182195d,0014,S
0x710182196b,0006,S
0x7101821971,0006,S
0x7101821977,0006,S
0x710182197d,0009,S
0x7101821986,0011,S
0x7101821991,0005,S
0x7101821996,0003,S
0x7101821999,0010,S
0x71018219a3,0005,S
0x71018219a8,0013,S
0x71018219b5,0009,S
0x71018219be,0019,S
0x71018219d1,0022,S
0x71018219e7,0007,S
0x71018219ee,0012,S
0x71018219fa,0013,S
0x7101821a07,0022,S
0x7101821a1d,0011,S
0x7101821a28,0011,S
0x7101821a33,0010,S
0x7101821a3d,0006,S
0x7101821a43,0006,S
0x7101821a49,0031,S
0x7101821a68,0011,S
0x7101821a73,0007,S
0x7101821a7a,0008,S
0x7101821a82,0033,S
0x7101821aa3,0017,S
0x7101821ab4,0012,S
0x7101821ac0,0010,S
0x7101821aca,0011,S
0x7101821ad5,0009,S
0x7101821ade,0004,S
0x7101821ae2,0028,S
0x7101821afe,0009,S
0x7101821b07,0030,S
0x7101821b25,0018,S
0x7101821b37,0015,S
0x7101821b46,0013,S
0x7101821b53,0016,S
0x7101821b63,0037,S
0x7101821b88,0025,S
0x7101821ba1,0029,S
0x7101821bbe,0007,S
0x7101821bc5,0007,S
0x7101821bcc,0007,S
0x7101821bd3,0007,S
0x7101821bda,0013,S
0x7101821be7,0037,S
0x7101821c0c,0014,S
0x7101821c1a,0010,S
0x7101821c24,0028,S
0x7101821c40,0019,S
0x7101821c53,0009,S
0x7101821c5c,0034,S
0x7101821c7e,0016,S
0x7101821c8e,0019,S
0x7101821ca1,0006,S
0x7101821ca7,0015,S
0x7101821cb6,0010,S
0x7101821cc0,0010,S
0x7101821cca,0008,S
0x7101821cd2,0014,S
0x7101821ce0,0009,S
0x7101821ce9,0012,S
0x7101821cf5,0017,S
0x7101821d06,0012,S
0x7101821d12,0015,S
0x7101821d21,0013,S
0x7101821d2e,0009,S
0x7101821d37,0014,S
0x7101821d45,0013,S
0x7101821d52,0005,S
0x7101821d57,0015,S
0x7101821d66,0048,S
0x7101821d96,0014,S
0x7101821da4,0011,S
0x7101821daf,0010,S
0x7101821db9,0011,S
0x7101821dc4,0010,S
0x7101821dce,0007,S
0x7101821dd5,0012,S
0x7101821de1,0012,S
0x7101821ded,0010,S
0x7101821df7,0010,S
0x7101821e01,0018,S
0x7101821e13,0018,S
0x7101821e25,0013,S
0x7101821e32,0013,S
0x7101821e3f,0016,S
0x7101821e4f,0016,S
0x7101821e5f,0046,S
0x7101821e8d,0015,S
0x7101821e9c,0015,S
0x7101821eab,0021,S
0x7101821ec0,0021,S
0x7101821ed5,0043,S
0x7101821f00,0031,S
0x7101821f1f,0014,S
0x7101821f2d,0010,S
0x7101821f37,0009,S
0x7101821f40,0009,S
0x7101821f49,0009,S
0x7101821f52,0040,S
0x7101821f7a,0010,S
0x7101821f84,0013,S
0x7101821f91,0015,S
0x7101821fa0,0011,S
0x7101821fab,0022,S
0x7101821fc1,0020,S
0x7101821fd5,0016,S
0x7101821fe5,0012,S
0x7101821ff1,0010,S
0x7101821ffb,0019,S
0x710182200e,0008,S
0x7101822016,0016,S
0x7101822026,0027,S
0x7101822041,0009,S
0x710182204a,0039,S
0x7101822071,0014,S
0x710182207f,0026,S
0x7101822099,0019,S
0x71018220ac,0024,S
0x71018220c4,0025,S
0x71018220dd,0030,S
0x71018220fb,0015,S
0x710182210a,0034,S
0x710182212c,0018,S
0x710182213e,0024,S
0x7101822156,0022,S
0x710182216c,0022,S
0x7101822182,0039,S
0x71018221a9,0012,S
0x71018221b5,0016,S
0x71018221c5,0033,S
0x71018221e6,0020,S
0x71018221fa,0030,S
0x7101822218,0007,S
0x710182221f,0048,S
0x710182224f,0012,S
0x710182225b,0020,S
0x710182226f,0019,S
0x7101822282,0019,S
0x7101822295,0012,S
0x71018222a1,0012,S
0x71018222ad,0023,S
0x71018222c4,0025,S
0x71018222dd,0019,S
0x71018222f0,0025,S
0x7101822309,0014,S
0x7101822317,0019,S
0x710182232a,0016,S
0x710182233a,0022,S
0x7101822350,0036,S
0x7101822374,0018,S
0x7101822386,0019,S
0x7101822399,0005,S
0x710182239e,0012,S
0x71018223aa,0018,S
0x71018223bc,0014,S
0x71018223ca,0014,S
0x71018223d8,0007,S
0x71018223df,0008,S
0x71018223e7,0008,S
0x71018223ef,0034,S
0x7101822411,0007,S
0x7101822418,0020,S
0x710182242c,0009,S
0x7101822435,0006,S
0x710182243b,0027,S
0x7101822456,0014,S
0x7101822464,0034,S
0x7101822486,0025,S
0x710182249f,0043,S
0x71018224ca,0031,S
0x71018224e9,0037,S
0x710182250e,0011,S
0x7101822519,0025,S
0x7101822532,0025,S
0x710182254b,0025,S
0x7101822564,0027,S
0x710182257f,0018,S
0x7101822591,0018,S
0x71018225a3,0011,S
0x71018225ae,0012,S
0x71018225ba,0012,S
0x71018225c6,0007,S
0x71018225cd,0019,S
0x71018225e0,0040,S
0x7101822608,0010,S
0x7101822612,0031,S
0x7101822631,0025,S
0x710182264a,0016,S
0x710182265a,0020,S
0x710182266e,0032,S
0x710182268e,0013,S
0x710182269b,0006,S
0x71018226a1,0037,S
0x71018226c6,0052,S
0x71018226fa,0015,S
0x7101822709,0010,S
0x7101822713,0028,S
0x710182272f,0028,S
0x710182274b,0019,S
0x710182275e,0028,S
0x710182277a,0016,S
0x710182278a,0016,S
0x710182279a,0026,S
0x71018227b4,0022,S
0x71018227ca,0019,S
0x71018227dd,0031,S
0x71018227fc,0019,S
0x710182280f,0061,S
0x710182284c,0009,S
0x7101822855,0016,S
0x7101822865,0018,S
0x7101822877,0018,S
0x7101822889,0031,S
0x71018228a8,0018,S
0x71018228ba,0009,S
0x71018228c3,0009,S
0x71018228cc,0034,S
0x71018228ee,0043,S
0x7101822919,0031,S
0x7101822938,0007,S
0x710182293f,0019,S
0x7101822952,0019,S
0x7101822965,0016,S
0x7101822975,0017,S
0x7101822986,0010,S
0x7101822990,0008,S
0x7101822998,0028,S
0x71018229b4,0015,S
0x71018229c3,0011,S
0x71018229ce,0006,S
0x71018229d4,0009,S
0x71018229dd,0007,S
0x71018229e4,0007,S
0x71018229eb,0007,S
0x71018229f2,0009,S
0x71018229fb,0007,S
0x7101822a02,0007,S
0x7101822a09,0021,S
0x7101822a1e,0017,S
0x7101822a2f,0017,S
0x7101822a40,0014,S
0x7101822a4e,0012,S
0x7101822a5a,0019,S
0x7101822a6d,0058,S
0x7101822aa7,0046,S
0x7101822ad5,0014,S
0x7101822ae3,0013,S
0x7101822af0,0006,S
0x7101822af6,0006,S
0x7101822afc,0006,S
0x7101822b02,0006,S
0x7101822b08,0006,S
0x7101822b0e,0006,S
0x7101822b14,0006,S
0x7101822b1a,0006,S
0x7101822b20,0006,S
0x7101822b26,0006,S
0x7101822b2c,0006,S
0x7101822b32,0006,S
0x7101822b38,0006,S
0x7101822b3e,0006,S
0x7101822b44,0006,S
0x7101822b4a,0006,S
0x7101822b50,0006,S
0x7101822b56,0006,S
0x7101822b5c,0006,S
0x7101822b62,0006,S
0x7101822b68,0006,S
0x7101822b6e,0006,S
0x7101822b74,0006,S
0x7101822b7a,0006,S
0x7101822b80,0006,S
0x7101822b86,0006,S
0x7101822b8c,0006,S
0x7101822b92,0006,S
0x7101822b98,0006,S
0x7101822b9e,0006,S
0x7101822ba4,0006,S
0x7101822baa,0006,S
0x7101822bb0,0006,S
0x7101822bb6,0006,S
0x7101822bbc,0006,S
0x7101822bc2,0006,S
0x7101822bc8,0006,S
0x7101822bce,0006,S
0x7101822bd4,0006,S
0x7101822bda,0006,S
0x7101822be0,0006,S
0x7101822be6,0006,S
0x7101822bec,0006,S
0x7101822bf2,0006,S
0x7101822bf8,0006,S
0x7101822bfe,0006,S
0x7101822c04,0006,S
0x7101822c0a,0006,S
0x7101822c10,0006,S
0x7101822c16,0006,S
0x7101822c1c,0006,S
0x7101822c22,0006,S
0x7101822c28,0006,S
0x7101822c2e,0006,S
0x7101822c34,0006,S
0x7101822c3a,0006,S
0x7101822c40,0006,S
0x7101822c46,0006,S
0x7101822c4c,0006,S
0x7101822c52,0006,S
0x7101822c58,0006,S
0x7101822c5e,0006,S
0x7101822c64,0006,S
0x7101822c6a,0006,S
0x7101822c70,0017,S
0x7101822c81,0007,S
0x7101822c88,0034,S
0x7101822caa,0040,S
0x7101822cd2,0028,S
0x7101822cee,0011,S
0x7101822cf9,0011,S
0x7101822d04,0011,S
0x7101822d0f,0010,S
0x7101822d19,0019,S
0x7101822d2c,0007,S
0x7101822d33,0006,S
0x7101822d39,0006,S
0x7101822d3f,0006,S
0x7101822d45,0013,S
0x7101822d52,0007,S
0x7101822d59,0025,S
0x7101822d72,0017,S
0x7101822d83,0015,S
0x7101822d92,0022,S
0x7101822da8,0010,S
0x7101822db2,0006,S
0x7101822db8,0024,S
0x7101822dd0,0022,S
0x7101822de6,0027,S
0x7101822e01,0025,S
0x7101822e1a,0026,S
0x7101822e34,0024,S
0x7101822e4c,0002,S
0x7101822e4e,0009,S
0x7101822e57,0007,S
0x7101822e5e,0022,S
0x7101822e74,0049,S
0x7101822ea5,0037,S
0x7101822eca,0014,S
0x7101822ed8,0049,S
0x7101822f09,0037,S
0x7101822f2e,0022,S
0x7101822f44,0031,S
0x7101822f63,0031,S
0x7101822f82,0052,S
0x7101822fb6,0025,S
0x7101822fcf,0018,S
0x7101822fe1,0013,S
0x7101822fee,0009,S
0x7101822ff7,0021,S
0x710182300c,0018,S
0x710182301e,0021,S
0x7101823033,0018,S
0x7101823045,0014,S
0x7101823053,0014,S
0x7101823061,0017,S
0x7101823072,0013,S
0x710182307f,0017,S
0x7101823090,0013,S
0x710182309d,0017,S
0x71018230ae,0012,S
0x71018230ba,0013,S
0x71018230c7,0008,S
0x71018230cf,0017,S
0x71018230e0,0012,S
0x71018230ec,0015,S
0x71018230fb,0011,S
0x7101823106,0009,S
0x710182310f,0013,S
0x710182311c,0009,S
0x7101823125,0015,S
0x7101823134,0013,S
0x7101823141,0017,S
0x7101823152,0012,S
0x710182315e,0019,S
0x7101823171,0008,S
0x7101823179,0008,S
0x7101823181,0014,S
0x710182318f,0010,S
0x7101823199,0027,S
0x71018231b4,0014,S
0x71018231c2,0009,S
0x71018231cb,0012,S
0x71018231d7,0028,S
0x71018231f3,0014,S
0x7101823201,0015,S
0x7101823210,0015,S
0x710182321f,0019,S
0x7101823232,0015,S
0x7101823241,0016,S
0x7101823251,0016,S
0x7101823261,0020,S
0x7101823275,0010,S
0x710182327f,0011,S
0x710182328a,0011,S
0x7101823295,0014,S
0x71018232a3,0014,S
0x71018232b1,0014,S
0x71018232bf,0014,S
0x71018232cd,0013,S
0x71018232da,0018,S
0x71018232ec,0018,S
0x71018232fe,0019,S
0x7101823311,0018,S
0x7101823323,0014,S
0x7101823331,0024,S
0x7101823349,0019,S
0x710182335c,0013,S
0x7101823369,0012,S
0x7101823375,0008,S
0x710182337d,0012,S
0x7101823389,0008,S
0x7101823391,0015,S
0x71018233a0,0011,S
0x71018233ab,0017,S
0x71018233bc,0012,S
0x71018233c8,0016,S
0x71018233d8,0011,S
0x71018233e3,0014,S
0x71018233f1,0009,S
0x71018233fa,0020,S
0x710182340e,0015,S
0x710182341d,0027,S
0x7101823438,0022,S
0x710182344e,0009,S
0x7101823457,0014,S
0x7101823465,0013,S
0x7101823472,0007,S
0x7101823479,0008,S
0x7101823481,0011,S
0x710182348c,0025,S
0x71018234a5,0005,S
0x71018234aa,0013,S
0x71018234b7,0031,S
0x71018234d6,0012,S
0x71018234e2,0021,S
0x71018234f7,0021,S
0x710182350c,0016,S
0x710182351c,0014,S
0x710182352a,0025,S
0x7101823543,0018,S
0x7101823555,0014,S
0x7101823563,0010,S
0x710182356d,0045,S
0x710182359a,0036,S
0x71018235be,0013,S
0x71018235cb,0021,S
0x71018235e0,0013,S
0x71018235ed,0012,S
0x71018235f9,0014,S
0x7101823607,0014,S
0x7101823615,0010,S
0x710182361f,0010,S
0x7101823629,0014,S
0x7101823637,0009,S
0x7101823640,0014,S
0x710182364e,0007,S
0x7101823655,0015,S
0x7101823664,0008,S
0x710182366c,0012,S
0x7101823678,0019,S
0x710182368b,0010,S
0x7101823695,0025,S
0x71018236ae,0010,S
0x71018236b8,0005,S
0x71018236bd,0009,S
0x71018236c6,0012,S
0x71018236d2,0018,S
0x71018236e4,0012,S
0x71018236f0,0013,S
0x71018236fd,0005,S
0x7101823702,0009,S
0x710182370b,0036,S
0x710182372f,0022,S
0x7101823745,0021,S
0x710182375a,0017,S
0x710182376b,0022,S
0x7101823781,0018,S
0x7101823793,0018,S
0x71018237a5,0011,S
0x71018237b0,0009,S
0x71018237b9,0009,S
0x71018237c2,0016,S
0x71018237d2,0016,S
0x71018237e2,0016,S
0x71018237f2,0016,S
0x7101823802,0016,S
0x7101823812,0016,S
0x7101823822,0016,S
0x7101823832,0013,S
0x710182383f,0011,S
0x710182384a,0013,S
0x7101823857,0019,S
0x710182386a,0014,S
0x7101823878,0031,S
0x7101823897,0019,S
0x71018238aa,0022,S
0x71018238c0,0013,S
0x71018238cd,0034,S
0x71018238ef,0030,S
0x710182390d,0028,S
0x7101823929,0028,S
0x7101823945,0005,S
0x710182394a,0016,S
0x710182395a,0038,S
0x7101823980,0022,S
0x7101823996,0038,S
0x71018239bc,0022,S
0x71018239d2,0011,S
0x71018239dd,0016,S
0x71018239ed,0013,S
0x71018239fa,0012,S
0x7101823a06,0010,S
0x7101823a10,0011,S
0x7101823a1b,0011,S
0x7101823a26,0011,S
0x7101823a31,0011,S
0x7101823a3c,0011,S
0x7101823a47,0017,S
0x7101823a58,0017,S
0x7101823a69,0013,S
0x7101823a76,0021,S
0x7101823a8b,0013,S
0x7101823a98,0005,S
0x7101823a9d,0015,S
0x7101823aac,0027,S
0x7101823ac7,0013,S
0x7101823ad4,0007,S
0x7101823adb,0019,S
0x7101823aee,0007,S
0x7101823af5,0007,S
0x7101823afc,0004,S
0x7101823b00,0016,S
0x7101823b10,0017,S
0x7101823b21,0009,S
0x7101823b2a,0012,S
0x7101823b36,0019,S
0x7101823b49,0012,S
0x7101823b55,0016,S
0x7101823b65,0019,S
0x7101823b78,0033,S
0x7101823b99,0013,S
0x7101823ba6,0017,S
0x7101823bb7,0020,S
0x7101823bcb,0033,S
0x7101823bec,0018,S
0x7101823bfe,0015,S
0x7101823c0d,0026,S
0x7101823c27,0036,S
0x7101823c4b,0027,S
0x7101823c66,0037,S
0x7101823c8b,0019,S
0x7101823c9e,0010,S
0x7101823ca8,0031,S
0x7101823cc7,0011,S
0x7101823cd2,0008,S
0x7101823cda,0014,S
0x7101823ce8,0012,S
0x7101823cf4,0022,S
0x7101823d0a,0022,S
0x7101823d20,0019,S
0x7101823d33,0006,S
0x7101823d39,0034,S
0x7101823d5b,0022,S
0x7101823d71,0019,S
0x7101823d84,0037,S
0x7101823da9,0024,S
0x7101823dc1,0046,S
0x7101823def,0037,S
0x7101823e14,0055,S
0x7101823e4b,0031,S
0x7101823e6a,0012,S
0x7101823e76,0011,S
0x7101823e81,0009,S
0x7101823e8a,0006,S
0x7101823e90,0010,S
0x7101823e9a,0026,S
0x7101823eb4,0021,S
0x7101823ec9,0017,S
0x7101823eda,0008,S
0x7101823ee2,0015,S
0x7101823ef1,0010,S
0x7101823efb,0010,S
0x7101823f05,0005,S
0x7101823f0a,0008,S
0x7101823f12,0019,S
0x7101823f25,0040,S
0x7101823f4d,0007,S
0x7101823f54,0022,S
0x7101823f6a,0017,S
0x7101823f7b,0028,S
0x7101823f97,0020,S
0x7101823fab,0018,S
0x7101823fbd,0019,S
0x7101823fd0,0013,S
0x7101823fdd,0033,S
0x7101823ffe,0025,S
0x7101824017,0014,S
0x7101824025,0009,S
0x710182402e,0034,S
0x7101824050,0020,S
0x7101824064,0027,S
0x710182407f,0022,S
0x7101824095,0039,S
0x71018240bc,0017,S
0x71018240cd,0026,S
0x71018240e7,0016,S
0x71018240f7,0034,S
0x7101824119,0014,S
0x7101824127,0020,S
0x710182413b,0026,S
0x7101824155,0014,S
0x7101824163,0012,S
0x710182416f,0019,S
0x7101824182,0006,S
0x7101824188,0043,S
0x71018241b3,0011,S
0x71018241be,0021,S
0x71018241d3,0016,S
0x71018241e3,0028,S
0x71018241ff,0013,S
0x710182420c,0017,S
0x710182421d,0009,S
0x7101824226,0009,S
0x710182422f,0018,S
0x7101824241,0016,S
0x7101824251,0023,S
0x7101824268,0027,S
0x7101824283,0012,S
0x710182428f,0018,S
0x71018242a1,0017,S
0x71018242b2,0020,S
0x71018242c6,0015,S
0x71018242d5,0025,S
0x71018242ee,0017,S
0x71018242ff,0026,S
0x7101824319,0023,S
0x7101824330,0030,S
0x710182434e,0022,S
0x7101824364,0012,S
0x7101824370,0018,S
0x7101824382,0029,S
0x710182439f,0020,S
0x71018243b3,0029,S
0x71018243d0,0025,S
0x71018243e9,0024,S
0x7101824401,0028,S
0x710182441d,0016,S
0x710182442d,0021,S
0x7101824442,0016,S
0x7101824452,0019,S
0x7101824465,0025,S
0x710182447e,0018,S
0x7101824490,0023,S
0x71018244a7,0022,S
0x71018244bd,0018,S
0x71018244cf,0018,S
0x71018244e1,0014,S
0x71018244ef,0010,S
0x71018244f9,0010,S
0x7101824503,0020,S
0x7101824517,0016,S
0x7101824527,0016,S
0x7101824537,0025,S
0x7101824550,0009,S
0x7101824559,0019,S
0x710182456c,0016,S
0x710182457c,0022,S
0x7101824592,0008,S
0x710182459a,0016,S
0x71018245aa,0009,S
0x71018245b3,0058,S
0x71018245ed,0025,S
0x7101824606,0025,S
0x710182461f,0016,S
0x710182462f,0020,S
0x7101824643,0028,S
0x710182465f,0024,S
0x7101824677,0015,S
0x7101824686,0031,S
0x71018246a5,0028,S
0x71018246c1,0030,S
0x71018246df,0049,S
0x7101824710,0028,S
0x710182472c,0043,S
0x7101824757,0015,S
0x7101824766,0024,S
0x710182477e,0009,S
0x7101824787,0018,S
0x7101824799,0014,S
0x71018247a7,0012,S
0x71018247b3,0014,S
0x71018247c1,0012,S
0x71018247cd,0007,S
0x71018247d4,0007,S
0x71018247db,0011,S
0x71018247e6,0010,S
0x71018247f0,0006,S
0x71018247f6,0009,S
0x71018247ff,0032,S
0x710182481f,0011,S
0x710182482a,0037,S
0x710182484f,0014,S
0x710182485d,0026,S
0x7101824877,0021,S
0x710182488c,0009,S
0x7101824895,0014,S
0x71018248a3,0016,S
0x71018248b3,0024,S
0x71018248cb,0010,S
0x71018248d5,0019,S
0x71018248e8,0023,S
0x71018248ff,0008,S
0x7101824907,0030,S
0x7101824925,0006,S
0x710182492b,0013,S
0x7101824938,0014,S
0x7101824946,0010,S
0x7101824950,0010,S
0x710182495a,0004,S
0x710182495e,0006,S
0x7101824964,0014,S
0x7101824972,0016,S
0x7101824982,0019,S
0x7101824995,0021,S
0x71018249aa,0014,S
0x71018249b8,0031,S
0x71018249d7,0019,S
0x71018249ea,0019,S
0x71018249fd,0020,S
0x7101824a11,0015,S
0x7101824a20,0010,S
0x7101824a2a,0016,S
0x7101824a3a,0016,S
0x7101824a4a,0018,S
0x7101824a5c,0012,S
0x7101824a68,0014,S
0x7101824a76,0013,S
0x7101824a83,0012,S
0x7101824a8f,0008,S
0x7101824a97,0016,S
0x7101824aa7,0025,S
0x7101824ac0,0020,S
0x7101824ad4,0004,S
0x7101824ad8,0004,S
0x7101824adc,0004,S
0x7101824ae0,0013,S
0x7101824aed,0011,S
0x7101824af8,0030,S
0x7101824b16,0012,S
0x7101824b22,0005,S
0x7101824b27,0031,S
0x7101824b46,0048,S
0x7101824b76,0021,S
0x7101824b8b,0015,S
0x7101824b9a,0031,S
0x7101824bb9,0020,S
0x7101824bcd,0014,S
0x7101824bdb,0018,S
0x7101824bed,0016,S
0x7101824bfd,0007,S
0x7101824c04,0027,S
0x7101824c1f,0015,S
0x7101824c2e,0070,S
0x7101824c74,0019,S
0x7101824c87,0025,S
0x7101824ca0,0021,S
0x7101824cb5,0014,S
0x7101824cc3,0029,S
0x7101824ce0,0016,S
0x7101824cf0,0028,S
0x7101824d0c,0030,S
0x7101824d2a,0014,S
0x7101824d38,0020,S
0x7101824d4c,0010,S
0x7101824d56,0010,S
0x7101824d60,0010,S
0x7101824d6a,0011,S
0x7101824d75,0010,S
0x7101824d7f,0011,S
0x7101824d8a,0010,S
0x7101824d94,0018,S
0x7101824da6,0009,S
0x7101824daf,0018,S
0x7101824dc1,0010,S
0x7101824dcb,0013,S
0x7101824dd8,0009,S
0x7101824de1,0031,S
0x7101824e00,0025,S
0x7101824e19,0014,S
0x7101824e27,0014,S
0x7101824e35,0023,S
0x7101824e4c,0006,S
0x7101824e52,0025,S
0x7101824e6b,0024,S
0x7101824e83,0037,S
0x7101824ea8,0019,S
0x7101824ebb,0019,S
0x7101824ece,0015,S
0x7101824edd,0010,S
0x7101824ee7,0015,S
0x7101824ef6,0008,S
0x7101824efe,0022,S
0x7101824f14,0008,S
0x7101824f1c,0008,S
0x7101824f24,0016,S
0x7101824f34,0022,S
0x7101824f4a,0009,S
0x7101824f53,0024,S
0x7101824f6b,0022,S
0x7101824f81,0020,S
0x7101824f95,0018,S
0x7101824fa7,0012,S
0x7101824fb3,0010,S
0x7101824fbd,0009,S
0x7101824fc6,0006,S
0x7101824fcc,0005,S
0x7101824fd1,0009,S
0x7101824fda,0014,S
0x7101824fe8,0009,S
0x7101824ff1,0014,S
0x7101824fff,0016,S
0x710182500f,0016,S
0x710182501f,0021,S
0x7101825034,0012,S
0x7101825040,0013,S
0x710182504d,0022,S
0x7101825063,0020,S
0x7101825077,0013,S
0x7101825084,0007,S
0x710182508b,0012,S
0x7101825097,0005,S
0x710182509c,0007,S
0x71018250a3,0016,S
0x71018250b3,0021,S
0x71018250c8,0016,S
0x71018250d8,0013,S
0x71018250e5,0012,S
0x71018250f1,0017,S
0x7101825102,0013,S
0x710182510f,0010,S
0x7101825119,0015,S
0x7101825128,0014,S
0x7101825136,0013,S
0x7101825143,0010,S
0x710182514d,0005,S
0x7101825152,0009,S
0x710182515b,0011,S
0x7101825166,0024,S
0x710182517e,0010,S
0x7101825188,0013,S
0x7101825195,0009,S
0x710182519e,0012,S
0x71018251aa,0015,S
0x71018251b9,0015,S
0x71018251c8,0016,S
0x71018251d8,0011,S
0x71018251e3,0005,S
0x71018251e8,0040,S
0x7101825210,0040,S
0x7101825238,0037,S
0x710182525d,0007,S
0x7101825264,0009,S
0x710182526d,0014,S
0x710182527b,0014,S
0x7101825289,0013,S
0x7101825296,0014,S
0x71018252a4,0014,S
0x71018252b2,0012,S
0x71018252be,0025,S
0x71018252d7,0015,S
0x71018252e6,0012,S
0x71018252f2,0019,S
0x7101825305,0006,S
0x710182530b,0011,S
0x7101825316,0005,S
0x710182531b,0007,S
0x7101825322,0008,S
0x710182532a,0012,S
0x7101825336,0007,S
0x710182533d,0007,S
0x7101825344,0019,S
0x7101825357,0014,S
0x7101825365,0011,S
0x7101825370,0015,S
0x710182537f,0009,S
0x7101825388,0031,S
0x71018253a7,0013,S
0x71018253b4,0025,S
0x71018253cd,0015,S
0x71018253dc,0011,S
0x71018253e7,0012,S
0x71018253f3,0014,S
0x7101825401,0013,S
0x710182540e,0028,S
0x710182542a,0027,S
0x7101825445,0006,S
0x710182544b,0022,S
0x7101825461,0021,S
0x7101825476,0013,S
0x7101825483,0022,S
0x7101825499,0007,S
0x71018254a0,0009,S
0x71018254a9,0009,S
0x71018254b2,0017,S
0x71018254c3,0009,S
0x71018254cc,0010,S
0x71018254d6,0009,S
0x71018254df,0009,S
0x71018254e8,0028,S
0x7101825504,0009,S
0x710182550d,0020,S
0x7101825521,0013,S
0x710182552e,0021,S
0x7101825543,0027,S
0x710182555e,0013,S
0x710182556b,0016,S
0x710182557b,0016,S
0x710182558b,0007,S
0x7101825592,0007,S
0x7101825599,0011,S
0x71018255a4,0010,S
0x71018255ae,0005,S
0x71018255b3,0010,S
0x71018255bd,0009,S
0x71018255c6,0006,S
0x71018255cc,0012,S
0x71018255d8,0009,S
0x71018255e1,0007,S
0x71018255e8,0017,S
0x71018255f9,0016,S
0x7101825609,0021,S
0x710182561e,0013,S
0x710182562b,0015,S
0x710182563a,0011,S
0x7101825645,0009,S
0x710182564e,0019,S
0x7101825661,0015,S
0x7101825670,0019,S
0x7101825683,0019,S
0x7101825696,0015,S
0x71018256a5,0014,S
0x71018256b3,0021,S
0x71018256c8,0034,S
0x71018256ea,0018,S
0x71018256fc,0014,S
0x710182570a,0022,S
0x7101825720,0020,S
0x7101825734,0010,S
0x710182573e,0010,S
0x7101825748,0011,S
0x7101825753,0010,S
0x710182575d,0011,S
0x7101825768,0009,S
0x7101825771,0015,S
0x7101825780,0008,S
0x7101825788,0037,S
0x71018257ad,0022,S
0x71018257c3,0014,S
0x71018257d1,0009,S
0x71018257da,0019,S
0x71018257ed,0005,S
0x71018257f2,0011,S
0x71018257fd,0020,S
0x7101825811,0013,S
0x710182581e,0019,S
0x7101825831,0019,S
0x7101825844,0011,S
0x710182584f,0016,S
0x710182585f,0028,S
0x710182587b,0013,S
0x7101825888,0013,S
0x7101825895,0013,S
0x71018258a2,0008,S
0x71018258aa,0019,S
0x71018258bd,0037,S
0x71018258e2,0023,S
0x71018258f9,0012,S
0x7101825905,0014,S
0x7101825913,0011,S
0x710182591e,0031,S
0x710182593d,0034,S
0x710182595f,0034,S
0x7101825981,0009,S
0x710182598a,0013,S
0x7101825997,0037,S
0x71018259bc,0010,S
0x71018259c6,0037,S
0x71018259eb,0009,S
0x71018259f4,0019,S
0x7101825a07,0007,S
0x7101825a0e,0018,S
0x7101825a20,0017,S
0x7101825a31,0007,S
0x7101825a38,0006,S
0x7101825a3e,0006,S
0x7101825a44,0007,S
0x7101825a4b,0013,S
0x7101825a58,0028,S
0x7101825a74,0010,S
0x7101825a7e,0009,S
0x7101825a87,0016,S
0x7101825a97,0011,S
0x7101825aa2,0016,S
0x7101825ab2,0040,S
0x7101825ada,0022,S
0x7101825af0,0037,S
0x7101825b15,0019,S
0x7101825b28,0023,S
0x7101825b3f,0009,S
0x7101825b48,0011,S
0x7101825b53,0007,S
0x7101825b5a,0011,S
0x7101825b65,0014,S
0x7101825b73,0013,S
0x7101825b80,0019,S
0x7101825b93,0013,S
0x7101825ba0,0012,S
0x7101825bac,0007,S
0x7101825bb3,0010,S
0x7101825bbd,0008,S
0x7101825bc5,0007,S
0x7101825bcc,0007,S
0x7101825bd3,0007,S
0x7101825bda,0007,S
0x7101825be1,0021,S
0x7101825bf6,0010,S
0x7101825c00,0022,S
0x7101825c16,0022,S
0x7101825c2c,0022,S
0x7101825c42,0038,S
0x7101825c68,0010,S
0x7101825c72,0012,S
0x7101825c7e,0021,S
0x7101825c93,0016,S
0x7101825ca3,0006,S
0x7101825ca9,0010,S
0x7101825cb3,0013,S
0x7101825cc0,0009,S
0x7101825cc9,0028,S
0x7101825ce5,0016,S
0x7101825cf5,0011,S
0x7101825d00,0009,S
0x7101825d09,0009,S
0x7101825d12,0012,S
0x7101825d1e,0017,S
0x7101825d2f,0008,S
0x7101825d37,0009,S
0x7101825d40,0014,S
0x7101825d4e,0008,S
0x7101825d56,0013,S
0x7101825d63,0008,S
0x7101825d6b,0010,S
0x7101825d75,0009,S
0x7101825d7e,0013,S
0x7101825d8b,0013,S
0x7101825d98,0013,S
0x7101825da5,0011,S
0x7101825db0,0014,S
0x7101825dbe,0010,S
0x7101825dc8,0013,S
0x7101825dd5,0015,S
0x7101825de4,0016,S
0x7101825df4,0011,S
0x7101825dff,0013,S
0x7101825e0c,0022,S
0x7101825e22,0022,S
0x7101825e38,0005,S
0x7101825e3d,0007,S
0x7101825e44,0014,S
0x7101825e52,0013,S
0x7101825e5f,0013,S
0x7101825e6c,0018,S
0x7101825e7e,0007,S
0x7101825e85,0046,S
0x7101825eb3,0019,S
0x7101825ec6,0019,S
0x7101825ed9,0019,S
0x7101825eec,0012,S
0x7101825ef8,0013,S
0x7101825f05,0019,S
0x7101825f18,0014,S
0x7101825f26,0015,S
0x7101825f35,0015,S
0x7101825f44,0030,S
0x7101825f62,0016,S
0x7101825f72,0009,S
0x7101825f7b,0043,S
0x7101825fa6,0012,S
0x7101825fb2,0017,S
0x7101825fc3,0011,S
0x7101825fce,0013,S
0x7101825fdb,0013,S
0x7101825fe8,0013,S
0x7101825ff5,0028,S
0x7101826011,0010,S
0x710182601b,0011,S
0x7101826026,0022,S
0x710182603c,0009,S
0x7101826045,0005,S
0x710182604a,0019,S
0x710182605d,0025,S
0x7101826076,0008,S
0x710182607e,0022,S
0x7101826094,0013,S
0x71018260a1,0007,S
0x71018260a8,0019,S
0x71018260bb,0008,S
0x71018260c3,0022,S
0x71018260d9,0004,S
0x71018260dd,0007,S
0x71018260e4,0014,S
0x71018260f2,0013,S
0x71018260ff,0022,S
0x7101826115,0034,S
0x7101826137,0031,S
0x7101826156,0019,S
0x7101826169,0016,S
0x7101826179,0012,S
0x7101826185,0015,S
0x7101826194,0010,S
0x710182619e,0006,S
0x71018261a4,0022,S
0x71018261ba,0008,S
0x71018261c2,0011,S
0x71018261cd,0010,S
0x71018261d7,0007,S
0x71018261de,0008,S
0x71018261e6,0016,S
0x71018261f6,0011,S
0x7101826201,0025,S
0x710182621a,0016,S
0x710182622a,0012,S
0x7101826236,0009,S
0x710182623f,0013,S
0x710182624c,0016,S
0x710182625c,0010,S
0x7101826266,0018,S
0x7101826278,0006,S
0x710182627e,0019,S
0x7101826291,0009,S
0x710182629a,0011,S
0x71018262a5,0024,S
0x71018262bd,0017,S
0x71018262ce,0009,S
0x71018262d7,0005,S
0x71018262dc,0007,S
0x71018262e3,0013,S
0x71018262f0,0022,S
0x7101826306,0008,S
0x710182630e,0025,S
0x7101826327,0016,S
0x7101826337,0011,S
0x7101826342,0013,S
0x710182634f,0009,S
0x7101826358,0009,S
0x7101826361,0018,S
0x7101826373,0021,S
0x7101826388,0026,S
0x71018263a2,0012,S
0x71018263ae,0018,S
0x71018263c0,0013,S
0x71018263cd,0012,S
0x71018263d9,0042,S
0x7101826403,0042,S
0x710182642d,0021,S
0x7101826442,0026,S
0x710182645c,0029,S
0x7101826479,0015,S
0x7101826488,0017,S
0x7101826499,0013,S
0x71018264a6,0020,S
0x71018264ba,0034,S
0x71018264dc,0014,S
0x71018264ea,0013,S
0x71018264f7,0014,S
0x7101826505,0042,S
0x710182652f,0015,S
0x710182653e,0007,S
0x7101826545,0021,S
0x710182655a,0022,S
0x7101826570,0019,S
0x7101826583,0011,S
0x710182658e,0010,S
0x7101826598,0019,S
0x71018265ab,0011,S
0x71018265b6,0005,S
0x71018265bb,0005,S
0x71018265c0,0009,S
0x71018265c9,0015,S
0x71018265d8,0010,S
0x71018265e2,0009,S
0x71018265eb,0013,S
0x71018265f8,0008,S
0x7101826600,0014,S
0x710182660e,0009,S
0x7101826617,0014,S
0x7101826625,0009,S
0x710182662e,0012,S
0x710182663a,0008,S
0x7101826642,0010,S
0x710182664c,0009,S
0x7101826655,0013,S
0x7101826662,0024,S
0x710182667a,0014,S
0x7101826688,0014,S
0x7101826696,0018,S
0x71018266a8,0016,S
0x71018266b8,0010,S
0x71018266c2,0019,S
0x71018266d5,0027,S
0x71018266f0,0025,S
0x7101826709,0015,S
0x7101826718,0025,S
0x7101826731,0021,S
0x7101826746,0024,S
0x710182675e,0019,S
0x7101826771,0015,S
0x7101826780,0014,S
0x710182678e,0013,S
0x710182679b,0010,S
0x71018267a5,0013,S
0x71018267b2,0010,S
0x71018267bc,0022,S
0x71018267d2,0019,S
0x71018267e5,0011,S
0x71018267f0,0015,S
0x71018267ff,0014,S
0x710182680d,0011,S
0x7101826818,0008,S
0x7101826820,0005,S
0x7101826825,0014,S
0x7101826833,0014,S
0x7101826841,0011,S
0x710182684c,0023,S
0x7101826863,0022,S
0x7101826879,0033,S
0x710182689a,0033,S
0x71018268bb,0009,S
0x71018268c4,0022,S
0x71018268da,0008,S
0x71018268e2,0014,S
0x71018268f0,0014,S
0x71018268fe,0028,S
0x710182691a,0010,S
0x7101826924,0016,S
0x7101826934,0012,S
0x7101826940,0015,S
0x710182694f,0012,S
0x710182695b,0016,S
0x710182696b,0024,S
0x7101826983,0023,S
0x710182699a,0030,S
0x71018269b8,0037,S
0x71018269dd,0040,S
0x7101826a05,0016,S
0x7101826a15,0011,S
0x7101826a20,0012,S
0x7101826a2c,0008,S
0x7101826a34,0007,S
0x7101826a3b,0007,S
0x7101826a42,0007,S
0x7101826a49,0008,S
0x7101826a51,0013,S
0x7101826a5e,0016,S
0x7101826a6e,0007,S
0x7101826a75,0007,S
0x7101826a7c,0007,S
0x7101826a83,0007,S
0x7101826a8a,0007,S
0x7101826a91,0007,S
0x7101826a98,0007,S
0x7101826a9f,0007,S
0x7101826aa6,0008,S
0x7101826aae,0008,S
0x7101826ab6,0008,S
0x7101826abe,0008,S
0x7101826ac6,0010,S
0x7101826ad0,0049,S
0x7101826b01,0009,S
0x7101826b0a,0022,S
0x7101826b20,0012,S
0x7101826b2c,0013,S
0x7101826b39,0013,S
0x7101826b46,0013,S
0x7101826b53,0019,S
0x7101826b66,0019,S
0x7101826b79,0011,S
0x7101826b84,0010,S
0x7101826b8e,0019,S
0x7101826ba1,0009,S
0x7101826baa,0013,S
0x7101826bb7,0024,S
0x7101826bcf,0020,S
0x7101826be3,0006,S
0x7101826be9,0018,S
0x7101826bfb,0022,S
0x7101826c11,0011,S
0x7101826c1c,0018,S
0x7101826c2e,0018,S
0x7101826c40,0016,S
0x7101826c50,0017,S
0x7101826c61,0014,S
0x7101826c6f,0020,S
0x7101826c83,0033,S
0x7101826ca4,0010,S
0x7101826cae,0012,S
0x7101826cba,0018,S
0x7101826ccc,0017,S
0x7101826cdd,0007,S
0x7101826ce4,0031,S
0x7101826d03,0010,S
0x7101826d0d,0008,S
0x7101826d15,0007,S
0x7101826d1c,0022,S
0x7101826d32,0031,S
0x7101826d51,0012,S
0x7101826d5d,0018,S
0x7101826d6f,0008,S
0x7101826d77,0008,S
0x7101826d7f,0008,S
0x7101826d87,0009,S
0x7101826d90,0008,S
0x7101826d98,0010,S
0x7101826da2,0037,S
0x7101826dc7,0014,S
0x7101826dd5,0013,S
0x7101826de2,0010,S
0x7101826dec,0009,S
0x7101826df5,0014,S
0x7101826e03,0020,S
0x7101826e17,0010,S
0x7101826e21,0016,S
0x7101826e31,0013,S
0x7101826e3e,0020,S
0x7101826e52,0019,S
0x7101826e65,0028,S
0x7101826e81,0034,S
0x7101826ea3,0010,S
0x7101826ead,0017,S
0x7101826ebe,0023,S
0x7101826ed5,0022,S
0x7101826eeb,0009,S
0x7101826ef4,0007,S
0x7101826efb,0012,S
0x7101826f07,0017,S
0x7101826f18,0012,S
0x7101826f24,0017,S
0x7101826f35,0014,S
0x7101826f43,0037,S
0x7101826f68,0031,S
0x7101826f87,0022,S
0x7101826f9d,0022,S
0x7101826fb3,0013,S
0x7101826fc0,0004,S
0x7101826fc4,0019,S
0x7101826fd7,0009,S
0x7101826fe0,0008,S
0x7101826fe8,0009,S
0x7101826ff1,0018,S
0x7101827003,0005,S
0x7101827008,0016,S
0x7101827018,0021,S
0x710182702d,0006,S
0x7101827033,0010,S
0x710182703d,0019,S
0x7101827050,0019,S
0x7101827063,0007,S
0x710182706a,0009,S
0x7101827073,0012,S
0x710182707f,0008,S
0x7101827087,0015,S
0x7101827096,0009,S
0x710182709f,0008,S
0x71018270a7,0009,S
0x71018270b0,0011,S
0x71018270bb,0009,S
0x71018270c4,0006,S
0x71018270ca,0013,S
0x71018270d7,0013,S
0x71018270e4,0018,S
0x71018270f6,0008,S
0x71018270fe,0009,S
0x7101827107,0015,S
0x7101827116,0016,S
0x7101827126,0019,S
0x7101827139,0021,S
0x710182714e,0021,S
0x7101827163,0020,S
0x7101827177,0007,S
0x710182717e,0013,S
0x710182718b,0011,S
0x7101827196,0016,S
0x71018271a6,0015,S
0x71018271b5,0017,S
0x71018271c6,0028,S
0x71018271e2,0016,S
0x71018271f2,0015,S
0x7101827201,0020,S
0x7101827215,0015,S
0x7101827224,0008,S
0x710182722c,0013,S
0x7101827239,0009,S
0x7101827242,0009,S
0x710182724b,0014,S
0x7101827259,0005,S
0x710182725e,0016,S
0x710182726e,0006,S
0x7101827274,0010,S
0x710182727e,0006,S
0x7101827284,0006,S
0x710182728a,0006,S
0x7101827290,0006,S
0x7101827296,0006,S
0x710182729c,0025,S
0x71018272b5,0034,S
0x71018272d7,0010,S
0x71018272e1,0025,S
0x71018272fa,0007,S
0x7101827301,0025,S
0x710182731a,0019,S
0x710182732d,0006,S
0x7101827333,0049,S
0x7101827364,0046,S
0x7101827392,0006,S
0x7101827398,0024,S
0x71018273b0,0009,S
0x71018273b9,0009,S
0x71018273c2,0022,S
0x71018273d8,0025,S
0x71018273f1,0019,S
0x7101827404,0022,S
0x710182741a,0007,S
0x7101827421,0007,S
0x7101827428,0007,S
0x710182742f,0007,S
0x7101827436,0005,S
0x710182743b,0006,S
0x7101827441,0012,S
0x710182744d,0012,S
0x7101827459,0009,S
0x7101827462,0017,S
0x7101827473,0004,S
0x7101827477,0013,S
0x7101827484,0008,S
0x710182748c,0017,S
0x710182749d,0011,S
0x71018274a8,0012,S
0x71018274b4,0037,S
0x71018274d9,0006,S
0x71018274df,0012,S
0x71018274eb,0007,S
0x71018274f2,0012,S
0x71018274fe,0007,S
0x7101827505,0010,S
0x710182750f,0010,S
0x7101827519,0019,S
0x710182752c,0022,S
0x7101827542,0011,S
0x710182754d,0016,S
0x710182755d,0009,S
0x7101827566,0013,S
0x7101827573,0019,S
0x7101827586,0010,S
0x7101827590,0014,S
0x710182759e,0015,S
0x71018275ad,0012,S
0x71018275b9,0007,S
0x71018275c0,0025,S
0x71018275d9,0013,S
0x71018275e6,0009,S
0x71018275ef,0008,S
0x71018275f7,0009,S
0x7101827600,0020,S
0x7101827614,0006,S
0x710182761a,0009,S
0x7101827623,0008,S
0x710182762b,0009,S
0x7101827634,0013,S
0x7101827641,0007,S
0x7101827648,0028,S
0x7101827664,0015,S
0x7101827673,0019,S
0x7101827686,0016,S
0x7101827696,0006,S
0x710182769c,0010,S
0x71018276a6,0013,S
0x71018276b3,0018,S
0x71018276c5,0008,S
0x71018276cd,0025,S
0x71018276e6,0012,S
0x71018276f2,0013,S
0x71018276ff,0019,S
0x7101827712,0016,S
0x7101827722,0009,S
0x710182772b,0009,S
0x7101827734,0012,S
0x7101827740,0009,S
0x7101827749,0011,S
0x7101827754,0021,S
0x7101827769,0008,S
0x7101827771,0022,S
0x7101827787,0018,S
0x7101827799,0022,S
0x71018277af,0022,S
0x71018277c5,0010,S
0x71018277cf,0011,S
0x71018277da,0018,S
0x71018277ec,0018,S
0x71018277fe,0008,S
0x7101827806,0011,S
0x7101827811,0021,S
0x7101827826,0012,S
0x7101827832,0012,S
0x710182783e,0016,S
0x710182784e,0028,S
0x710182786a,0006,S
0x7101827870,0006,S
0x7101827876,0031,S
0x7101827895,0009,S
0x710182789e,0012,S
0x71018278aa,0010,S
0x71018278b4,0025,S
0x71018278cd,0015,S
0x71018278dc,0007,S
0x71018278e3,0025,S
0x71018278fc,0011,S
0x7101827907,0007,S
0x710182790e,0012,S
0x710182791a,0010,S
0x7101827924,0016,S
0x7101827934,0010,S
0x710182793e,0010,S
0x7101827948,0012,S
0x7101827954,0003,S
0x7101827957,0003,S
0x710182795a,0003,S
0x710182795d,0003,S
0x7101827960,0012,S
0x710182796c,0013,S
0x7101827979,0008,S
0x7101827981,0009,S
0x710182798a,0016,S
0x710182799a,0010,S
0x71018279a4,0010,S
0x71018279ae,0015,S
0x71018279bd,0009,S
0x71018279c6,0012,S
0x71018279d2,0009,S
0x71018279db,0011,S
0x71018279e6,0010,S
0x71018279f0,0010,S
0x71018279fa,0008,S
0x7101827a02,0013,S
0x7101827a0f,0009,S
0x7101827a18,0005,S
0x7101827a1d,0004,S
0x7101827a21,0011,S
0x7101827a2c,0012,S
0x7101827a38,0015,S
0x7101827a47,0011,S
0x7101827a52,0011,S
0x7101827a5d,0021,S
0x7101827a72,0005,S
0x7101827a77,0004,S
0x7101827a7b,0009,S
0x7101827a84,0012,S
0x7101827a90,0010,S
0x7101827a9a,0009,S
0x7101827aa3,0013,S
0x7101827ab0,0008,S
0x7101827ab8,0013,S
0x7101827ac5,0009,S
0x7101827ace,0010,S
0x7101827ad8,0022,S
0x7101827aee,0022,S
0x7101827b04,0022,S
0x7101827b1a,0011,S
0x7101827b25,0007,S
0x7101827b2c,0015,S
0x7101827b3b,0016,S
0x7101827b4b,0019,S
0x7101827b5e,0007,S
0x7101827b65,0016,S
0x7101827b75,0013,S
0x7101827b82,0010,S
0x7101827b8c,0013,S
0x7101827b99,0013,S
0x7101827ba6,0011,S
0x7101827bb1,0019,S
0x7101827bc4,0018,S
0x7101827bd6,0004,S
0x7101827bda,0014,S
0x7101827be8,0006,S
0x7101827bee,0006,S
0x7101827bf4,0009,S
0x7101827bfd,0010,S
0x7101827c07,0015,S
0x7101827c16,0016,S
0x7101827c26,0028,S
0x7101827c42,0006,S
0x7101827c48,0006,S
0x7101827c4e,0006,S
0x7101827c54,0006,S
0x7101827c5a,0006,S
0x7101827c60,0006,S
0x7101827c66,0006,S
0x7101827c6c,0006,S
0x7101827c72,0011,S
0x7101827c7d,0018,S
0x7101827c8f,0018,S
0x7101827ca1,0018,S
0x7101827cb3,0012,S
0x7101827cbf,0012,S
0x7101827ccb,0012,S
0x7101827cd7,0011,S
0x7101827ce2,0013,S
0x7101827cef,0008,S
0x7101827cf7,0017,S
0x7101827d08,0011,S
0x7101827d13,0002,S
0x7101827d15,0002,S
0x7101827d17,0014,S
0x7101827d25,0025,S
0x7101827d3e,0016,S
0x7101827d4e,0007,S
0x7101827d55,0008,S
0x7101827d5d,0016,S
0x7101827d6d,0010,S
0x7101827d77,0013,S
0x7101827d84,0028,S
0x7101827da0,0007,S
0x7101827da7,0012,S
0x7101827db3,0018,S
0x7101827dc5,0009,S
0x7101827dce,0019,S
0x7101827de1,0013,S
0x7101827dee,0022,S
0x7101827e04,0014,S
0x7101827e12,0019,S
0x7101827e25,0022,S
0x7101827e3b,0026,S
0x7101827e55,0007,S
0x7101827e5c,0007,S
0x7101827e63,0009,S
0x7101827e6c,0009,S
0x7101827e75,0006,S
0x7101827e7b,0010,S
0x7101827e85,0010,S
0x7101827e8f,0010,S
0x7101827e99,0010,S
0x7101827ea3,0005,S
0x7101827ea8,0010,S
0x7101827eb2,0013,S
0x7101827ebf,0010,S
0x7101827ec9,0012,S
0x7101827ed5,0010,S
0x7101827edf,0019,S
0x7101827ef2,0011,S
0x7101827efd,0012,S
0x7101827f09,0016,S
0x7101827f19,0009,S
0x7101827f22,0016,S
0x7101827f32,0012,S
0x7101827f3e,0023,S
0x7101827f55,0012,S
0x7101827f61,0012,S
0x7101827f6d,0011,S
0x7101827f78,0011,S
0x7101827f83,0009,S
0x7101827f8c,0009,S
0x7101827f95,0005,S
0x7101827f9a,0017,S
0x7101827fab,0016,S
0x7101827fbb,0019,S
0x7101827fce,0008,S
0x7101827fd6,0006,S
0x7101827fdc,0016,S
0x7101827fec,0014,S
0x7101827ffa,0020,S
0x710182800e,0013,S
0x710182801b,0013,S
0x7101828028,0015,S
0x7101828037,0025,S
0x7101828050,0028,S
0x710182806c,0009,S
0x7101828075,0012,S
0x7101828081,0019,S
0x7101828094,0015,S
0x71018280a3,0011,S
0x71018280ae,0013,S
0x71018280bb,0009,S
0x71018280c4,0009,S
0x71018280cd,0011,S
0x71018280d8,0016,S
0x71018280e8,0013,S
0x71018280f5,0014,S
0x7101828103,0006,S
0x7101828109,0006,S
0x710182810f,0006,S
0x7101828115,0006,S
0x710182811b,0015,S
0x710182812a,0012,S
0x7101828136,0024,S
0x710182814e,0016,S
0x710182815e,0011,S
0x7101828169,0014,S
0x7101828177,0044,S
0x71018281a3,0017,S
0x71018281b4,0004,S
0x71018281b8,0009,S
0x71018281c1,0010,S
0x71018281cb,0031,S
0x71018281ea,0009,S
0x71018281f3,0019,S
0x7101828206,0005,S
0x710182820b,0009,S
0x7101828214,0013,S
0x7101828221,0008,S
0x7101828229,0015,S
0x7101828238,0010,S
0x7101828242,0006,S
0x7101828248,0007,S
0x710182824f,0006,S
0x7101828255,0007,S
0x710182825c,0022,S
0x7101828272,0046,S
0x71018282a0,0019,S
0x71018282b3,0037,S
0x71018282d8,0017,S
0x71018282e9,0004,S
0x71018282ed,0016,S
0x71018282fd,0016,S
0x710182830d,0013,S
0x710182831a,0023,S
0x7101828331,0019,S
0x7101828344,0016,S
0x7101828354,0015,S
0x7101828363,0012,S
0x710182836f,0012,S
0x710182837b,0016,S
0x710182838b,0013,S
0x7101828398,0021,S
0x71018283ad,0015,S
0x71018283bc,0016,S
0x71018283cc,0007,S
0x71018283d3,0010,S
0x71018283dd,0022,S
0x71018283f3,0011,S
0x71018283fe,0005,S
0x7101828403,0022,S
0x7101828419,0011,S
0x7101828424,0008,S
0x710182842c,0009,S
0x7101828435,0016,S
0x7101828445,0013,S
0x7101828452,0008,S
0x710182845a,0018,S
0x710182846c,0007,S
0x7101828473,0025,S
0x710182848c,0013,S
0x7101828499,0021,S
0x71018284ae,0010,S
0x71018284b8,0009,S
0x71018284c1,0010,S
0x71018284cb,0012,S
0x71018284d7,0009,S
0x71018284e0,0013,S
0x71018284ed,0005,S
0x71018284f2,0024,S
0x710182850a,0042,S
0x7101828534,0011,S
0x710182853f,0019,S
0x7101828552,0017,S
0x7101828563,0012,S
0x710182856f,0013,S
0x710182857c,0014,S
0x710182858a,0005,S
0x710182858f,0014,S
0x710182859d,0017,S
0x71018285ae,0015,S
0x71018285bd,0011,S
0x71018285c8,0010,S
0x71018285d2,0013,S
0x71018285df,0012,S
0x71018285eb,0019,S
0x71018285fe,0017,S
0x710182860f,0014,S
0x710182861d,0017,S
0x710182862e,0015,S
0x710182863d,0016,S
0x710182864d,0010,S
0x7101828657,0013,S
0x7101828664,0012,S
0x7101828670,0010,S
0x710182867a,0013,S
0x7101828687,0021,S
0x710182869c,0019,S
0x71018286af,0016,S
0x71018286bf,0018,S
0x71018286d1,0011,S
0x71018286dc,0025,S
0x71018286f5,0009,S
0x71018286fe,0013,S
0x710182870b,0009,S
0x7101828714,0010,S
0x710182871e,0017,S
0x710182872f,0013,S
0x710182873c,0013,S
0x7101828749,0011,S
0x7101828754,0011,S
0x710182875f,0016,S
0x710182876f,0014,S
0x710182877d,0016,S
0x710182878d,0014,S
0x710182879b,0010,S
0x71018287a5,0019,S
0x71018287b8,0006,S
0x71018287be,0015,S
0x71018287cd,0008,S
0x71018287d5,0019,S
0x71018287e8,0008,S
0x71018287f0,0008,S
0x71018287f8,0008,S
0x7101828800,0018,S
0x7101828812,0013,S
0x710182881f,0011,S
0x710182882a,0017,S
0x710182883b,0014,S
0x7101828849,0012,S
0x7101828855,0018,S
0x7101828867,0008,S
0x710182886f,0013,S
0x710182887c,0007,S
0x7101828883,0011,S
0x710182888e,0013,S
0x710182889b,0004,S
0x710182889f,0010,S
0x71018288a9,0013,S
0x71018288b6,0011,S
0x71018288c1,0011,S
0x71018288cc,0010,S
0x71018288d6,0012,S
0x71018288e2,0027,S
0x71018288fd,0024,S
0x7101828915,0046,S
0x7101828943,0025,S
0x710182895c,0010,S
0x7101828966,0010,S
0x7101828970,0020,S
0x7101828984,0013,S
0x7101828991,0019,S
0x71018289a4,0019,S
0x71018289b7,0017,S
0x71018289c8,0013,S
0x71018289d5,0013,S
0x71018289e2,0011,S
0x71018289ed,0006,S
0x71018289f3,0009,S
0x71018289fc,0010,S
0x7101828a06,0014,S
0x7101828a14,0013,S
0x7101828a21,0008,S
0x7101828a29,0017,S
0x7101828a3a,0016,S
0x7101828a4a,0014,S
0x7101828a58,0009,S
0x7101828a61,0009,S
0x7101828a6a,0013,S
0x7101828a77,0016,S
0x7101828a87,0019,S
0x7101828a9a,0007,S
0x7101828aa1,0007,S
0x7101828aa8,0027,S
0x7101828ac3,0023,S
0x7101828ada,0016,S
0x7101828aea,0013,S
0x7101828af7,0016,S
0x7101828b07,0015,S
0x7101828b16,0015,S
0x7101828b25,0012,S
0x7101828b31,0037,S
0x7101828b56,0008,S
0x7101828b5e,0016,S
0x7101828b6e,0014,S
0x7101828b7c,0013,S
0x7101828b89,0019,S
0x7101828b9c,0022,S
0x7101828bb2,0030,S
0x7101828bd0,0019,S
0x7101828be3,0014,S
0x7101828bf1,0008,S
0x7101828bf9,0008,S
0x7101828c01,0008,S
0x7101828c09,0008,S
0x7101828c11,0008,S
0x7101828c19,0008,S
0x7101828c21,0008,S
0x7101828c29,0008,S
0x7101828c31,0008,S
0x7101828c39,0008,S
0x7101828c41,0008,S
0x7101828c49,0008,S
0x7101828c51,0025,S
0x7101828c6a,0013,S
0x7101828c77,0017,S
0x7101828c88,0013,S
0x7101828c95,0012,S
0x7101828ca1,0016,S
0x7101828cb1,0019,S
0x7101828cc4,0031,S
0x7101828ce3,0006,S
0x7101828ce9,0023,S
0x7101828d00,0011,S
0x7101828d0b,0014,S
0x7101828d19,0040,S
0x7101828d41,0049,S
0x7101828d72,0009,S
0x7101828d7b,0012,S
0x7101828d87,0022,S
0x7101828d9d,0016,S
0x7101828dad,0013,S
0x7101828dba,0031,S
0x7101828dd9,0016,S
0x7101828de9,0016,S
0x7101828df9,0019,S
0x7101828e0c,0007,S
0x7101828e13,0018,S
0x7101828e25,0017,S
0x7101828e36,0016,S
0x7101828e46,0015,S
0x7101828e55,0007,S
0x7101828e5c,0007,S
0x7101828e63,0014,S
0x7101828e71,0023,S
0x7101828e88,0023,S
0x7101828e9f,0018,S
0x7101828eb1,0015,S
0x7101828ec0,0008,S
0x7101828ec8,0009,S
0x7101828ed1,0005,S
0x7101828ed6,0012,S
0x7101828ee2,0006,S
0x7101828ee8,0009,S
0x7101828ef1,0007,S
0x7101828ef8,0015,S
0x7101828f07,0019,S
0x7101828f1a,0023,S
0x7101828f31,0014,S
0x7101828f3f,0010,S
0x7101828f49,0031,S
0x7101828f68,0011,S
0x7101828f73,0026,S
0x7101828f8d,0017,S
0x7101828f9e,0014,S
0x7101828fac,0014,S
0x7101828fba,0014,S
0x7101828fc8,0014,S
0x7101828fd6,0013,S
0x7101828fe3,0016,S
0x7101828ff3,0012,S
0x7101828fff,0011,S
0x710182900a,0009,S
0x7101829013,0025,S
0x710182902c,0011,S
0x7101829037,0011,S
0x7101829042,0017,S
0x7101829053,0013,S
0x7101829060,0006,S
0x7101829066,0006,S
0x710182906c,0012,S
0x7101829078,0012,S
0x7101829084,0011,S
0x710182908f,0006,S
0x7101829095,0011,S
0x71018290a0,0006,S
0x71018290a6,0011,S
0x71018290b1,0011,S
0x71018290bc,0012,S
0x71018290c8,0012,S
0x71018290d4,0014,S
0x71018290e2,0014,S
0x71018290f0,0013,S
0x71018290fd,0009,S
0x7101829106,0009,S
0x710182910f,0028,S
0x710182912b,0009,S
0x7101829134,0009,S
0x710182913d,0016,S
0x710182914d,0018,S
0x710182915f,0018,S
0x7101829171,0018,S
0x7101829183,0010,S
0x710182918d,0012,S
0x7101829199,0019,S
0x71018291ac,0013,S
0x71018291b9,0020,S
0x71018291cd,0013,S
0x71018291da,0010,S
0x71018291e4,0014,S
0x71018291f2,0016,S
0x7101829202,0018,S
0x7101829214,0018,S
0x7101829226,0013,S
0x7101829233,0013,S
0x7101829240,0016,S
0x7101829250,0016,S
0x7101829260,0015,S
0x710182926f,0010,S
0x7101829279,0011,S
0x7101829284,0016,S
0x7101829294,0010,S
0x710182929e,0022,S
0x71018292b4,0009,S
0x71018292bd,0013,S
0x71018292ca,0013,S
0x71018292d7,0010,S
0x71018292e1,0010,S
0x71018292eb,0015,S
0x71018292fa,0015,S
0x7101829309,0014,S
0x7101829317,0012,S
0x7101829323,0006,S
0x7101829329,0012,S
0x7101829335,0014,S
0x7101829343,0028,S
0x710182935f,0009,S
0x7101829368,0009,S
0x7101829371,0015,S
0x7101829380,0019,S
0x7101829393,0013,S
0x71018293a0,0005,S
0x71018293a5,0025,S
0x71018293be,0006,S
0x71018293c4,0013,S
0x71018293d1,0022,S
0x71018293e7,0022,S
0x71018293fd,0052,S
0x7101829431,0019,S
0x7101829444,0028,S
0x7101829460,0040,S
0x7101829488,0038,S
0x71018294ae,0011,S
0x71018294b9,0010,S
0x71018294c3,0017,S
0x71018294d4,0016,S
0x71018294e4,0010,S
0x71018294ee,0013,S
0x71018294fb,0017,S
0x710182950c,0016,S
0x710182951c,0010,S
0x7101829526,0021,S
0x710182953b,0023,S
0x7101829552,0013,S
0x710182955f,0008,S
0x7101829567,0022,S
0x710182957d,0017,S
0x710182958e,0006,S
0x7101829594,0006,S
0x710182959a,0006,S
0x71018295a0,0006,S
0x71018295a6,0011,S
0x71018295b1,0010,S
0x71018295bb,0018,S
0x71018295cd,0013,S
0x71018295da,0011,S
0x71018295e5,0011,S
0x71018295f0,0012,S
0x71018295fc,0021,S
0x7101829611,0016,S
0x7101829621,0010,S
0x710182962b,0012,S
0x7101829637,0013,S
0x7101829644,0009,S
0x710182964d,0046,S
0x710182967b,0006,S
0x7101829681,0006,S
0x7101829687,0012,S
0x7101829693,0012,S
0x710182969f,0011,S
0x71018296aa,0015,S
0x71018296b9,0010,S
0x71018296c3,0010,S
0x71018296cd,0010,S
0x71018296d7,0010,S
0x71018296e1,0013,S
0x71018296ee,0016,S
0x71018296fe,0028,S
0x710182971a,0031,S
0x7101829739,0022,S
0x710182974f,0017,S
0x7101829760,0013,S
0x710182976d,0012,S
0x7101829779,0022,S
0x710182978f,0007,S
0x7101829796,0016,S
0x71018297a6,0015,S
0x71018297b5,0040,S
0x71018297dd,0008,S
0x71018297e5,0020,S
0x71018297f9,0008,S
0x7101829801,0006,S
0x7101829807,0010,S
0x7101829811,0042,S
0x710182983b,0011,S
0x7101829846,0013,S
0x7101829853,0042,S
0x710182987d,0021,S
0x7101829892,0013,S
0x710182989f,0012,S
0x71018298ab,0022,S
0x71018298c1,0016,S
0x71018298d1,0021,S
0x71018298e6,0015,S
0x71018298f5,0012,S
0x7101829901,0016,S
0x7101829911,0011,S
0x710182991c,0016,S
0x710182992c,0022,S
0x7101829942,0043,S
0x710182996d,0037,S
0x7101829992,0031,S
0x71018299b1,0012,S
0x71018299bd,0007,S
0x71018299c4,0022,S
0x71018299da,0028,S
0x71018299f6,0011,S
0x7101829a01,0027,S
0x7101829a1c,0010,S
0x7101829a26,0011,S
0x7101829a31,0037,S
0x7101829a56,0043,S
0x7101829a81,0007,S
0x7101829a88,0008,S
0x7101829a90,0011,S
0x7101829a9b,0012,S
0x7101829aa7,0010,S
0x7101829ab1,0007,S
0x7101829ab8,0007,S
0x7101829abf,0014,S
0x7101829acd,0017,S
0x7101829ade,0022,S
0x7101829af4,0014,S
0x7101829b02,0009,S
0x7101829b0b,0009,S
0x7101829b14,0013,S
0x7101829b21,0007,S
0x7101829b28,0019,S
0x7101829b3b,0006,S
0x7101829b41,0009,S
0x7101829b4a,0010,S
0x7101829b54,0012,S
0x7101829b60,0011,S
0x7101829b6b,0019,S
0x7101829b7e,0016,S
0x7101829b8e,0016,S
0x7101829b9e,0031,S
0x7101829bbd,0025,S
0x7101829bd6,0025,S
0x7101829bef,0012,S
0x7101829bfb,0017,S
0x7101829c0c,0014,S
0x7101829c1a,0018,S
0x7101829c2c,0019,S
0x7101829c3f,0014,S
0x7101829c4d,0021,S
0x7101829c62,0016,S
0x7101829c72,0026,S
0x7101829c8c,0015,S
0x7101829c9b,0025,S
0x7101829cb4,0019,S
0x7101829cc7,0021,S
0x7101829cdc,0046,S
0x7101829d0a,0015,S
0x7101829d19,0016,S
0x7101829d29,0009,S
0x7101829d32,0020,S
0x7101829d46,0012,S
0x7101829d52,0012,S
0x7101829d5e,0012,S
0x7101829d6a,0028,S
0x7101829d86,0014,S
0x7101829d94,0009,S
0x7101829d9d,0011,S
0x7101829da8,0005,S
0x7101829dad,0017,S
0x7101829dbe,0014,S
0x7101829dcc,0010,S
0x7101829dd6,0014,S
0x7101829de4,0018,S
0x7101829df6,0011,S
0x7101829e01,0016,S
0x7101829e11,0022,S
0x7101829e27,0027,S
0x7101829e42,0027,S
0x7101829e5d,0009,S
0x7101829e66,0037,S
0x7101829e8b,0008,S
0x7101829e93,0018,S
0x7101829ea5,0037,S
0x7101829eca,0044,S
0x7101829ef6,0043,S
0x7101829f21,0035,S
0x7101829f44,0033,S
0x7101829f65,0034,S
0x7101829f87,0029,S
0x7101829fa4,0011,S
0x7101829faf,0025,S
0x7101829fc8,0045,S
0x7101829ff5,0016,S
0x710182a005,0009,S
0x710182a00e,0034,S
0x710182a030,0014,S
0x710182a03e,0020,S
0x710182a052,0012,S
0x710182a05e,0020,S
0x710182a072,0012,S
0x710182a07e,0020,S
0x710182a092,0033,S
0x710182a0b3,0015,S
0x710182a0c2,0019,S
0x710182a0d5,0005,S
0x710182a0da,0006,S
0x710182a0e0,0005,S
0x710182a0e5,0015,S
0x710182a0f4,0012,S
0x710182a100,0155,S
0x710182a19b,0022,S
0x710182a1b1,0015,S
0x710182a1c0,0022,S
0x710182a1d6,0037,S
0x710182a1fb,0033,S
0x710182a21c,0008,S
0x710182a224,0005,S
0x710182a229,0009,S
0x710182a232,0015,S
0x710182a241,0008,S
0x710182a249,0015,S
0x710182a258,0010,S
0x710182a262,0018,S
0x710182a274,0014,S
0x710182a282,0023,S
0x710182a299,0015,S
0x710182a2a8,0036,S
0x710182a2cc,0031,S
0x710182a2eb,0011,S
0x710182a2f6,0030,S
0x710182a314,0007,S
0x710182a31b,0004,S
0x710182a31f,0012,S
0x710182a32b,0012,S
0x710182a337,0024,S
0x710182a34f,0020,S
0x710182a363,0021,S
0x710182a378,0013,S
0x710182a385,0028,S
0x710182a3a1,0022,S
0x710182a3b7,0012,S
0x710182a3c3,0012,S
0x710182a3cf,0026,S
0x710182a3e9,0022,S
0x710182a3ff,0018,S
0x710182a411,0024,S
0x710182a429,0015,S
0x710182a438,0016,S
0x710182a448,0021,S
0x710182a45d,0015,S
0x710182a46c,0020,S
0x710182a480,0020,S
0x710182a494,0025,S
0x710182a4ad,0023,S
0x710182a4c4,0017,S
0x710182a4d5,0016,S
0x710182a4e5,0010,S
0x710182a4ef,0007,S
0x710182a4f6,0005,S
0x710182a4fb,0005,S
0x710182a500,0004,S
0x710182a504,0005,S
0x710182a509,0004,S
0x710182a50d,0020,S
0x710182a521,0007,S
0x710182a528,0013,S
0x710182a535,0011,S
0x710182a540,0023,S
0x710182a557,0023,S
0x710182a56e,0010,S
0x710182a578,0009,S
0x710182a581,0014,S
0x710182a58f,0011,S
0x710182a59a,0012,S
0x710182a5a6,0025,S
0x710182a5bf,0009,S
0x710182a5c8,0014,S
0x710182a5d6,0013,S
0x710182a5e3,0037,S
0x710182a608,0025,S
0x710182a621,0030,S
0x710182a63f,0014,S
0x710182a64d,0008,S
0x710182a655,0012,S
0x710182a661,0015,S
0x710182a670,0008,S
0x710182a678,0022,S
0x710182a68e,0014,S
0x710182a69c,0009,S
0x710182a6a5,0018,S
0x710182a6b7,0018,S
0x710182a6c9,0009,S
0x710182a6d2,0008,S
0x710182a6da,0006,S
0x710182a6e0,0021,S
0x710182a6f5,0018,S
0x710182a707,0046,S
0x710182a735,0009,S
0x710182a73e,0025,S
0x710182a757,0011,S
0x710182a762,0022,S
0x710182a778,0016,S
0x710182a788,0016,S
0x710182a798,0024,S
0x710182a7b0,0013,S
0x710182a7bd,0008,S
0x710182a7c5,0004,S
0x710182a7c9,0025,S
0x710182a7e2,0021,S
0x710182a7f7,0021,S
0x710182a80c,0012,S
0x710182a818,0019,S
0x710182a82b,0008,S
0x710182a833,0008,S
0x710182a83b,0019,S
0x710182a84e,0009,S
0x710182a857,0018,S
0x710182a869,0019,S
0x710182a87c,0010,S
0x710182a886,0018,S
0x710182a898,0010,S
0x710182a8a2,0014,S
0x710182a8b0,0009,S
0x710182a8b9,0009,S
0x710182a8c2,0010,S
0x710182a8cc,0007,S
0x710182a8d3,0007,S
0x710182a8da,0004,S
0x710182a8de,0004,S
0x710182a8e2,0006,S
0x710182a8e8,0004,S
0x710182a8ec,0007,S
0x710182a8f3,0013,S
0x710182a900,0013,S
0x710182a90d,0018,S
0x710182a91f,0010,S
0x710182a929,0008,S
0x710182a931,0012,S
0x710182a93d,0015,S
0x710182a94c,0013,S
0x710182a959,0013,S
0x710182a966,0025,S
0x710182a97f,0028,S
0x710182a99b,0010,S
0x710182a9a5,0007,S
0x710182a9ac,0008,S
0x710182a9b4,0016,S
0x710182a9c4,0013,S
0x710182a9d1,0013,S
0x710182a9de,0027,S
0x710182a9f9,0016,S
0x710182aa09,0009,S
0x710182aa12,0031,S
0x710182aa31,0009,S
0x710182aa3a,0031,S
0x710182aa59,0014,S
0x710182aa67,0017,S
0x710182aa78,0017,S
0x710182aa89,0016,S
0x710182aa99,0010,S
0x710182aaa3,0013,S
0x710182aab0,0011,S
0x710182aabb,0014,S
0x710182aac9,0009,S
0x710182aad2,0027,S
0x710182aaed,0023,S
0x710182ab04,0011,S
0x710182ab0f,0013,S
0x710182ab1c,0010,S
0x710182ab26,0015,S
0x710182ab35,0037,S
0x710182ab5a,0031,S
0x710182ab79,0019,S
0x710182ab8c,0007,S
0x710182ab93,0013,S
0x710182aba0,0010,S
0x710182abaa,0013,S
0x710182abb7,0013,S
0x710182abc4,0009,S
0x710182abcd,0019,S
0x710182abe0,0016,S
0x710182abf0,0029,S
0x710182ac0d,0025,S
0x710182ac26,0012,S
0x710182ac32,0016,S
0x710182ac42,0012,S
0x710182ac4e,0019,S
0x710182ac61,0010,S
0x710182ac6b,0036,S
0x710182ac8f,0024,S
0x710182aca7,0016,S
0x710182acb7,0040,S
0x710182acdf,0013,S
0x710182acec,0010,S
0x710182acf6,0013,S
0x710182ad03,0043,S
0x710182ad2e,0010,S
0x710182ad38,0011,S
0x710182ad43,0012,S
0x710182ad4f,0016,S
0x710182ad5f,0017,S
0x710182ad70,0016,S
0x710182ad80,0011,S
0x710182ad8b,0011,S
0x710182ad96,0010,S
0x710182ada0,0008,S
0x710182ada8,0013,S
0x710182adb5,0013,S
0x710182adc2,0014,S
0x710182add0,0014,S
0x710182adde,0013,S
0x710182adeb,0013,S
0x710182adf8,0016,S
0x710182ae08,0016,S
0x710182ae18,0018,S
0x710182ae2a,0018,S
0x710182ae3c,0016,S
0x710182ae4c,0016,S
0x710182ae5c,0019,S
0x710182ae6f,0010,S
0x710182ae79,0016,S
0x710182ae89,0014,S
0x710182ae97,0013,S
0x710182aea4,0010,S
0x710182aeae,0021,S
0x710182aec3,0007,S
0x710182aeca,0007,S
0x710182aed1,0014,S
0x710182aedf,0020,S
0x710182aef3,0015,S
0x710182af02,0007,S
0x710182af09,0009,S
0x710182af12,0011,S
0x710182af1d,0017,S
0x710182af2e,0010,S
0x710182af38,0024,S
0x710182af50,0024,S
0x710182af68,0013,S
0x710182af75,0015,S
0x710182af84,0015,S
0x710182af93,0013,S
0x710182afa0,0013,S
0x710182afad,0019,S
0x710182afc0,0021,S
0x710182afd5,0011,S
0x710182afe0,0024,S
0x710182aff8,0016,S
0x710182b008,0023,S
0x710182b01f,0011,S
0x710182b02a,0010,S
0x710182b034,0014,S
0x710182b042,0016,S
0x710182b052,0015,S
0x710182b061,0009,S
0x710182b06a,0024,S
0x710182b082,0008,S
0x710182b08a,0013,S
0x710182b097,0014,S
0x710182b0a5,0012,S
0x710182b0b1,0027,S
0x710182b0cc,0007,S
0x710182b0d3,0007,S
0x710182b0da,0019,S
0x710182b0ed,0016,S
0x710182b0fd,0017,S
0x710182b10e,0011,S
0x710182b119,0013,S
0x710182b126,0014,S
0x710182b134,0026,S
0x710182b14e,0014,S
0x710182b15c,0017,S
0x710182b16d,0013,S
0x710182b17a,0017,S
0x710182b18b,0012,S
0x710182b197,0018,S
0x710182b1a9,0014,S
0x710182b1b7,0011,S
0x710182b1c2,0019,S
0x710182b1d5,0016,S
0x710182b1e5,0009,S
0x710182b1ee,0016,S
0x710182b1fe,0011,S
0x710182b209,0028,S
0x710182b225,0010,S
0x710182b22f,0016,S
0x710182b23f,0025,S
0x710182b258,0005,S
0x710182b25d,0031,S
0x710182b27c,0015,S
0x710182b28b,0016,S
0x710182b29b,0005,S
0x710182b2a0,0007,S
0x710182b2a7,0009,S
0x710182b2b0,0010,S
0x710182b2ba,0013,S
0x710182b2c7,0018,S
0x710182b2d9,0013,S
0x710182b2e6,0015,S
0x710182b2f5,0023,S
0x710182b30c,0016,S
0x710182b31c,0009,S
0x710182b325,0010,S
0x710182b32f,0025,S
0x710182b348,0020,S
0x710182b35c,0021,S
0x710182b371,0006,S
0x710182b377,0013,S
0x710182b384,0012,S
0x710182b390,0043,S
0x710182b3bb,0031,S
0x710182b3da,0013,S
0x710182b3e7,0021,S
0x710182b3fc,0015,S
0x710182b40b,0047,S
0x710182b43a,0014,S
0x710182b448,0011,S
0x710182b453,0011,S
0x710182b45e,0027,S
0x710182b479,0024,S
0x710182b491,0029,S
0x710182b4ae,0010,S
0x710182b4b8,0014,S
0x710182b4c6,0025,S
0x710182b4df,0015,S
0x710182b4ee,0034,S
0x710182b510,0034,S
0x710182b532,0011,S
0x710182b53d,0006,S
0x710182b543,0009,S
0x710182b54c,0011,S
0x710182b557,0007,S
0x710182b55e,0006,S
0x710182b564,0028,S
0x710182b580,0022,S
0x710182b596,0007,S
0x710182b59d,0009,S
0x710182b5a6,0010,S
0x710182b5b0,0042,S
0x710182b5da,0007,S
0x710182b5e1,0013,S
0x710182b5ee,0011,S
0x710182b5f9,0011,S
0x710182b604,0009,S
0x710182b60d,0033,S
0x710182b62e,0012,S
0x710182b63a,0007,S
0x710182b641,0012,S
0x710182b64d,0005,S
0x710182b652,0006,S
0x710182b658,0016,S
0x710182b668,0025,S
0x710182b681,0031,S
0x710182b6a0,0005,S
0x710182b6a5,0017,S
0x710182b6b6,0019,S
0x710182b6c9,0007,S
0x710182b6d0,0034,S
0x710182b6f2,0020,S
0x710182b706,0012,S
0x710182b712,0011,S
0x710182b71d,0006,S
0x710182b723,0005,S
0x710182b728,0018,S
0x710182b73a,0015,S
0x710182b749,0008,S
0x710182b751,0011,S
0x710182b75c,0017,S
0x710182b76d,0028,S
0x710182b789,0015,S
0x710182b798,0020,S
0x710182b7ac,0020,S
0x710182b7c0,0024,S
0x710182b7d8,0022,S
0x710182b7ee,0014,S
0x710182b7fc,0011,S
0x710182b807,0013,S
0x710182b814,0014,S
0x710182b822,0010,S
0x710182b82c,0012,S
0x710182b838,0013,S
0x710182b845,0006,S
0x710182b84b,0037,S
0x710182b870,0017,S
0x710182b881,0015,S
0x710182b890,0006,S
0x710182b896,0012,S
0x710182b8a2,0019,S
0x710182b8b5,0012,S
0x710182b8c1,0008,S
0x710182b8c9,0010,S
0x710182b8d3,0004,S
0x710182b8d7,0010,S
0x710182b8e1,0017,S
0x710182b8f2,0015,S
0x710182b901,0011,S
0x710182b90c,0005,S
0x710182b911,0013,S
0x710182b91e,0005,S
0x710182b923,0019,S
0x710182b936,0022,S
0x710182b94c,0013,S
0x710182b959,0009,S
0x710182b962,0010,S
0x710182b96c,0009,S
0x710182b975,0009,S
0x710182b97e,0006,S
0x710182b984,0007,S
0x710182b98b,0016,S
0x710182b99b,0007,S
0x710182b9a2,0009,S
0x710182b9ab,0010,S
0x710182b9b5,0010,S
0x710182b9bf,0010,S
0x710182b9c9,0019,S
0x710182b9dc,0022,S
0x710182b9f2,0011,S
0x710182b9fd,0013,S
0x710182ba0a,0011,S
0x710182ba15,0021,S
0x710182ba2a,0018,S
0x710182ba3c,0009,S
0x710182ba45,0010,S
0x710182ba4f,0008,S
0x710182ba57,0017,S
0x710182ba68,0004,S
0x710182ba6c,0019,S
0x710182ba7f,0028,S
0x710182ba9b,0008,S
0x710182baa3,0012,S
0x710182baaf,0012,S
0x710182babb,0010,S
0x710182bac5,0033,S
0x710182bae6,0028,S
0x710182bb02,0036,S
0x710182bb26,0024,S
0x710182bb3e,0039,S
0x710182bb65,0029,S
0x710182bb82,0019,S
0x710182bb95,0009,S
0x710182bb9e,0011,S
0x710182bba9,0011,S
0x710182bbb4,0013,S
0x710182bbc1,0015,S
0x710182bbd0,0009,S
0x710182bbd9,0008,S
0x710182bbe1,0009,S
0x710182bbea,0006,S
0x710182bbf0,0019,S
0x710182bc03,0014,S
0x710182bc11,0005,S
0x710182bc16,0028,S
0x710182bc32,0033,S
0x710182bc53,0012,S
0x710182bc5f,0045,S
0x710182bc8c,0016,S
0x710182bc9c,0039,S
0x710182bcc3,0004,S
0x710182bcc7,0008,S
0x710182bccf,0007,S
0x710182bcd6,0008,S
0x710182bcde,0002,S
0x710182bce0,0006,S
0x710182bce6,0003,S
0x710182bce9,0018,S
0x710182bcfb,0015,S
0x710182bd0a,0017,S
0x710182bd1b,0007,S
0x710182bd22,0010,S
0x710182bd2c,0011,S
0x710182bd37,0009,S
0x710182bd40,0009,S
0x710182bd49,0007,S
0x710182bd50,0007,S
0x710182bd57,0007,S
0x710182bd5e,0007,S
0x710182bd65,0014,S
0x710182bd73,0017,S
0x710182bd84,0009,S
0x710182bd8d,0010,S
0x710182bd97,0012,S
0x710182bda3,0022,S
0x710182bdb9,0009,S
0x710182bdc2,0009,S
0x710182bdcb,0004,S
0x710182bdcf,0006,S
0x710182bdd5,0037,S
0x710182bdfa,0009,S
0x710182be03,0043,S
0x710182be2e,0011,S
0x710182be39,0037,S
0x710182be5e,0009,S
0x710182be67,0040,S
0x710182be8f,0022,S
0x710182bea5,0023,S
0x710182bebc,0012,S
0x710182bec8,0008,S
0x710182bed0,0009,S
0x710182bed9,0008,S
0x710182bee1,0009,S
0x710182beea,0007,S
0x710182bef1,0008,S
0x710182bef9,0032,S
0x710182bf19,0009,S
0x710182bf22,0027,S
0x710182bf3d,0016,S
0x710182bf4d,0013,S
0x710182bf5a,0013,S
0x710182bf67,0010,S
0x710182bf71,0009,S
0x710182bf7a,0008,S
0x710182bf82,0019,S
0x710182bf95,0010,S
0x710182bf9f,0003,S
0x710182bfa2,0011,S
0x710182bfad,0010,S
0x710182bfb7,0012,S
0x710182bfc3,0010,S
0x710182bfcd,0012,S
0x710182bfd9,0003,S
0x710182bfdc,0046,S
0x710182c00a,0015,S
0x710182c019,0025,S
0x710182c032,0012,S
0x710182c03e,0008,S
0x710182c046,0010,S
0x710182c050,0013,S
0x710182c05d,0013,S
0x710182c06a,0017,S
0x710182c07b,0018,S
0x710182c08d,0008,S
0x710182c095,0010,S
0x710182c09f,0004,S
0x710182c0a3,0018,S
0x710182c0b5,0006,S
0x710182c0bb,0033,S
0x710182c0dc,0010,S
0x710182c0e6,0024,S
0x710182c0fe,0010,S
0x710182c108,0021,S
0x710182c11d,0009,S
0x710182c126,0033,S
0x710182c147,0008,S
0x710182c14f,0033,S
0x710182c170,0009,S
0x710182c179,0027,S
0x710182c194,0011,S
0x710182c19f,0005,S
0x710182c1a4,0018,S
0x710182c1b6,0007,S
0x710182c1bd,0033,S
0x710182c1de,0012,S
0x710182c1ea,0007,S
0x710182c1f1,0010,S
0x710182c1fb,0009,S
0x710182c204,0022,S
0x710182c21a,0008,S
0x710182c222,0022,S
0x710182c238,0005,S
0x710182c23d,0013,S
0x710182c24a,0018,S
0x710182c25c,0008,S
0x710182c264,0007,S
0x710182c26b,0007,S
0x710182c272,0002,S
0x710182c274,0002,S
0x710182c276,0006,S
0x710182c27c,0012,S
0x710182c288,0016,S
0x710182c298,0015,S
0x710182c2a7,0005,S
0x710182c2ac,0009,S
0x710182c2b5,0012,S
0x710182c2c1,0012,S
0x710182c2cd,0008,S
0x710182c2d5,0005,S
0x710182c2da,0030,S
0x710182c2f8,0019,S
0x710182c30b,0011,S
0x710182c316,0005,S
0x710182c31b,0005,S
0x710182c320,0024,S
0x710182c338,0008,S
0x710182c340,0009,S
0x710182c349,0010,S
0x710182c353,0013,S
0x710182c360,0017,S
0x710182c371,0010,S
0x710182c37b,0010,S
0x710182c385,0011,S
0x710182c390,0014,S
0x710182c39e,0013,S
0x710182c3ab,0011,S
0x710182c3b6,0014,S
0x710182c3c4,0013,S
0x710182c3d1,0011,S
0x710182c3dc,0014,S
0x710182c3ea,0013,S
0x710182c3f7,0011,S
0x710182c402,0014,S
0x710182c410,0013,S
0x710182c41d,0011,S
0x710182c428,0014,S
0x710182c436,0013,S
0x710182c443,0013,S
0x710182c450,0014,S
0x710182c45e,0016,S
0x710182c46e,0008,S
0x710182c476,0032,S
0x710182c496,0032,S
0x710182c4b6,0032,S
0x710182c4d6,0011,S
0x710182c4e1,0013,S
0x710182c4ee,0013,S
0x710182c4fb,0017,S
0x710182c50c,0008,S
0x710182c514,0020,S
0x710182c528,0011,S
0x710182c533,0014,S
0x710182c541,0016,S
0x710182c551,0017,S
0x710182c562,0011,S
0x710182c56d,0026,S
0x710182c587,0011,S
0x710182c592,0022,S
0x710182c5a8,0019,S
0x710182c5bb,0006,S
0x710182c5c1,0012,S
0x710182c5cd,0012,S
0x710182c5d9,0009,S
0x710182c5e2,0005,S
0x710182c5e7,0005,S
0x710182c5ec,0013,S
0x710182c5f9,0009,S
0x710182c602,0006,S
0x710182c608,0005,S
0x710182c60d,0011,S
0x710182c618,0011,S
0x710182c623,0011,S
0x710182c62e,0011,S
0x710182c639,0011,S
0x710182c644,0011,S
0x710182c64f,0011,S
0x710182c65a,0011,S
0x710182c665,0025,S
0x710182c67e,0024,S
0x710182c696,0008,S
0x710182c69e,0045,S
0x710182c6cb,0014,S
0x710182c6d9,0030,S
0x710182c6f7,0012,S
0x710182c703,0007,S
0x710182c70a,0030,S
0x710182c728,0015,S
0x710182c737,0006,S
0x710182c73d,0007,S
0x710182c744,0007,S
0x710182c74b,0007,S
0x710182c752,0009,S
0x710182c75b,0031,S
0x710182c77a,0007,S
0x710182c781,0009,S
0x710182c78a,0018,S
0x710182c79c,0016,S
0x710182c7ac,0007,S
0x710182c7b3,0021,S
0x710182c7c8,0014,S
0x710182c7d6,0014,S
0x710182c7e4,0017,S
0x710182c7f5,0014,S
0x710182c803,0017,S
0x710182c814,0004,S
0x710182c818,0007,S
0x710182c81f,0007,S
0x710182c826,0012,S
0x710182c832,0009,S
0x710182c83b,0003,S
0x710182c83e,0007,S
0x710182c845,0009,S
0x710182c84e,0009,S
0x710182c857,0014,S
0x710182c865,0010,S
0x710182c86f,0008,S
0x710182c877,0011,S
0x710182c882,0008,S
0x710182c88a,0014,S
0x710182c898,0019,S
0x710182c8ab,0010,S
0x710182c8b5,0015,S
0x710182c8c4,0038,S
0x710182c8ea,0028,S
0x710182c906,0013,S
0x710182c913,0037,S
0x710182c938,0016,S
0x710182c948,0025,S
0x710182c961,0006,S
0x710182c967,0020,S
0x710182c97b,0010,S
0x710182c985,0014,S
0x710182c993,0013,S
0x710182c9a0,0016,S
0x710182c9b0,0020,S
0x710182c9c4,0023,S
0x710182c9db,0008,S
0x710182c9e3,0009,S
0x710182c9ec,0018,S
0x710182c9fe,0017,S
0x710182ca0f,0018,S
0x710182ca21,0019,S
0x710182ca34,0025,S
0x710182ca4d,0025,S
0x710182ca66,0018,S
0x710182ca78,0025,S
0x710182ca91,0031,S
0x710182cab0,0026,S
0x710182caca,0028,S
0x710182cae6,0026,S
0x710182cb00,0027,S
0x710182cb1b,0026,S
0x710182cb35,0025,S
0x710182cb4e,0026,S
0x710182cb68,0026,S
0x710182cb82,0025,S
0x710182cb9b,0026,S
0x710182cbb5,0027,S
0x710182cbd0,0007,S
0x710182cbd7,0007,S
0x710182cbde,0008,S
0x710182cbe6,0012,S
0x710182cbf2,0046,S
0x710182cc20,0030,S
0x710182cc3e,0010,S
0x710182cc48,0016,S
0x710182cc58,0015,S
0x710182cc67,0010,S
0x710182cc71,0005,S
0x710182cc76,0008,S
0x710182cc7e,0010,S
0x710182cc88,0008,S
0x710182cc90,0027,S
0x710182ccab,0013,S
0x710182ccb8,0016,S
0x710182ccc8,0036,S
0x710182ccec,0013,S
0x710182ccf9,0014,S
0x710182cd07,0018,S
0x710182cd19,0022,S
0x710182cd2f,0014,S
0x710182cd3d,0013,S
0x710182cd4a,0008,S
0x710182cd52,0028,S
0x710182cd6e,0019,S
0x710182cd81,0009,S
0x710182cd8a,0011,S
0x710182cd95,0008,S
0x710182cd9d,0033,S
0x710182cdbe,0039,S
0x710182cde5,0014,S
0x710182cdf3,0007,S
0x710182cdfa,0007,S
0x710182ce01,0011,S
0x710182ce0c,0010,S
0x710182ce16,0039,S
0x710182ce3d,0024,S
0x710182ce55,0019,S
0x710182ce68,0008,S
0x710182ce70,0008,S
0x710182ce78,0004,S
0x710182ce7c,0009,S
0x710182ce85,0007,S
0x710182ce8c,0012,S
0x710182ce98,0011,S
0x710182cea3,0011,S
0x710182ceae,0007,S
0x710182ceb5,0008,S
0x710182cebd,0008,S
0x710182cec5,0005,S
0x710182ceca,0014,S
0x710182ced8,0014,S
0x710182cee6,0012,S
0x710182cef2,0008,S
0x710182cefa,0007,S
0x710182cf01,0007,S
0x710182cf08,0015,S
0x710182cf17,0022,S
0x710182cf2d,0010,S
0x710182cf37,0046,S
0x710182cf65,0008,S
0x710182cf6d,0008,S
0x710182cf75,0008,S
0x710182cf7d,0008,S
0x710182cf85,0008,S
0x710182cf8d,0013,S
0x710182cf9a,0009,S
0x710182cfa3,0034,S
0x710182cfc5,0010,S
0x710182cfcf,0028,S
0x710182cfeb,0037,S
0x710182d010,0013,S
0x710182d01d,0046,S
0x710182d04b,0019,S
0x710182d05e,0037,S
0x710182d083,0017,S
0x710182d094,0043,S
0x710182d0bf,0013,S
0x710182d0cc,0055,S
0x710182d103,0013,S
0x710182d110,0034,S
0x710182d132,0011,S
0x710182d13d,0011,S
0x710182d148,0007,S
0x710182d14f,0006,S
0x710182d155,0010,S
0x710182d15f,0008,S
0x710182d167,0005,S
0x710182d16c,0012,S
0x710182d178,0012,S
0x710182d184,0009,S
0x710182d18d,0027,S
0x710182d1a8,0012,S
0x710182d1b4,0011,S
0x710182d1bf,0016,S
0x710182d1cf,0010,S
0x710182d1d9,0006,S
0x710182d1df,0009,S
0x710182d1e8,0026,S
0x710182d202,0015,S
0x710182d211,0026,S
0x710182d22b,0015,S
0x710182d23a,0027,S
0x710182d255,0016,S
0x710182d265,0024,S
0x710182d27d,0013,S
0x710182d28a,0013,S
0x710182d297,0007,S
0x710182d29e,0009,S
0x710182d2a7,0008,S
0x710182d2af,0044,S
0x710182d2db,0006,S
0x710182d2e1,0012,S
0x710182d2ed,0014,S
0x710182d2fb,0011,S
0x710182d306,0009,S
0x710182d30f,0012,S
0x710182d31b,0011,S
0x710182d326,0009,S
0x710182d32f,0012,S
0x710182d33b,0010,S
0x710182d345,0008,S
0x710182d34d,0011,S
0x710182d358,0037,S
0x710182d37d,0013,S
0x710182d38a,0034,S
0x710182d3ac,0037,S
0x710182d3d1,0040,S
0x710182d3f9,0009,S
0x710182d402,0036,S
0x710182d426,0012,S
0x710182d432,0039,S
0x710182d459,0051,S
0x710182d48c,0042,S
0x710182d4b6,0013,S
0x710182d4c3,0048,S
0x710182d4f3,0048,S
0x710182d523,0039,S
0x710182d54a,0014,S
0x710182d558,0020,S
0x710182d56c,0019,S
0x710182d57f,0009,S
0x710182d588,0005,S
0x710182d58d,0004,S
0x710182d591,0008,S
0x710182d599,0031,S
0x710182d5b8,0014,S
0x710182d5c6,0012,S
0x710182d5d2,0017,S
0x710182d5e3,0016,S
0x710182d5f3,0012,S
0x710182d5ff,0013,S
0x710182d60c,0014,S
0x710182d61a,0025,S
0x710182d633,0013,S
0x710182d640,0007,S
0x710182d647,0005,S
0x710182d64c,0007,S
0x710182d653,0009,S
0x710182d65c,0007,S
0x710182d663,0009,S
0x710182d66c,0009,S
0x710182d675,0008,S
0x710182d67d,0008,S
0x710182d685,0008,S
0x710182d68d,0008,S
0x710182d695,0008,S
0x710182d69d,0008,S
0x710182d6a5,0008,S
0x710182d6ad,0008,S
0x710182d6b5,0009,S
0x710182d6be,0010,S
0x710182d6c8,0006,S
0x710182d6ce,0002,S
0x710182d6d0,0068,S
0x710182d714,0023,S
0x710182d72b,0005,S
0x710182d730,0004,S
0x710182d734,0004,S
0x710182d738,0004,S
0x710182d73c,0004,S
0x710182d740,0004,S
0x710182d744,0004,S
0x710182d748,0004,S
0x710182d74c,0004,S
0x710182d750,0004,S
0x710182d754,0004,S
0x710182d758,0004,S
0x710182d75c,0004,S
0x710182d760,0004,S
0x710182d764,0004,S
0x710182d768,0004,S
0x710182d76c,0004,S
0x710182d770,0004,S
0x710182d774,0004,S
0x710182d778,0004,S
0x710182d77c,0004,S
0x710182d780,0004,S
0x710182d784,0004,S
0x710182d788,0004,S
0x710182d78c,0004,S
0x710182d790,0004,S
0x710182d794,0004,S
0x710182d798,0004,S
0x710182d79c,0004,S
0x710182d7a0,0004,S
0x710182d7a4,0004,S
0x710182d7a8,0004,S
0x710182d7ac,0004,S
0x710182d7b0,0004,S
0x710182d7b4,0004,S
0x710182d7b8,0004,S
0x710182d7bc,0004,S
0x710182d7c0,0004,S
0x710182d7c4,0004,S
0x710182d7c8,0004,S
0x710182d7cc,0004,S
0x710182d7d0,0004,S
0x710182d7d4,0004,S
0x710182d7d8,0004,S
0x710182d7dc,0004,S
0x710182d7e0,0004,S
0x710182d7e4,0004,S
0x710182d7e8,0004,S
0x710182d7ec,0004,S
0x710182d7f0,0004,S
0x710182d7f4,0004,S
0x710182d7f8,0004,S
0x710182d7fc,0004,S
0x710182d800,0004,S
0x710182d804,0004,S
0x710182d808,0004,S
0x710182d80c,0004,S
0x710182d810,0004,S
0x710182d814,0004,S
0x710182d818,0004,S
0x710182d81c,0004,S
0x710182d820,0004,S
0x710182d824,0004,S
0x710182d828,0004,S
0x710182d82c,0004,S
0x710182d830,0004,S
0x710182d834,0004,S
0x710182d838,0004,S
0x710182d83c,0004,S
0x710182d840,0004,S
0x710182d844,0004,S
0x710182d848,0004,S
0x710182d84c,0004,S
0x710182d850,0004,S
0x710182d854,0004,S
0x710182d858,0004,S
0x710182d85c,0004,S
0x710182d860,0004,S
0x710182d864,0004,S
0x710182d868,0004,S
0x710182d86c,0004,S
0x710182d870,0004,S
0x710182d874,0004,S
0x710182d878,0004,S
0x710182d87c,0004,S
0x710182d880,0004,S
0x710182d884,0004,S
0x710182d888,0004,S
0x710182d88c,0004,S
0x710182d890,0004,S
0x710182d894,0004,S
0x710182d898,0004,S
0x710182d89c,0004,S
0x710182d8a0,0004,S
0x710182d8a4,0004,S
0x710182d8a8,0004,S
0x710182d8ac,0004,S
0x710182d8b0,0004,S
0x710182d8b4,0004,S
0x710182d8b8,0004,S
0x710182d8bc,0004,S
0x710182d8c0,0004,S
0x710182d8c4,0004,S
0x710182d8c8,0004,S
0x710182d8cc,0004,S
0x710182d8d0,0004,S
0x710182d8d4,0004,S
0x710182d8d8,0030,S
0x710182d8f6,0039,S
0x710182d91d,0021,S
0x710182d932,0028,S
0x710182d94e,0014,S
0x710182d95c,0010,S
0x710182d966,0009,S
0x710182d96f,0011,S
0x710182d97a,0009,S
0x710182d983,0018,S
0x710182d995,0040,S
0x710182d9bd,0010,S
0x710182d9c7,0016,S
0x710182d9d7,0008,S
0x710182d9df,0008,S
0x710182d9e7,0010,S
0x710182d9f1,0013,S
0x710182d9fe,0019,S
0x710182da11,0016,S
0x710182da21,0013,S
0x710182da2e,0012,S
0x710182da3a,0014,S
0x710182da48,0010,S
0x710182da52,0017,S
0x710182da63,0018,S
0x710182da75,0024,S
0x710182da8d,0025,S
0x710182daa6,0040,S
0x710182dace,0020,S
0x710182dae2,0040,S
0x710182db0a,0016,S
0x710182db1a,0044,S
0x710182db46,0007,S
0x710182db4d,0011,S
0x710182db58,0009,S
0x710182db61,0009,S
0x710182db6a,0007,S
0x710182db71,0017,S
0x710182db82,0022,S
0x710182db98,0022,S
0x710182dbae,0004,S
0x710182dbb2,0009,S
0x710182dbbb,0021,S
0x710182dbd0,0007,S
0x710182dbd7,0013,S
0x710182dbe4,0011,S
0x710182dbef,0021,S
0x710182dc04,0010,S
0x710182dc0e,0025,S
0x710182dc27,0018,S
0x710182dc39,0011,S
0x710182dc44,0015,S
0x710182dc53,0022,S
0x710182dc69,0015,S
0x710182dc78,0014,S
0x710182dc86,0019,S
0x710182dc99,0015,S
0x710182dca8,0024,S
0x710182dcc0,0016,S
0x710182dcd0,0024,S
0x710182dce8,0022,S
0x710182dcfe,0023,S
0x710182dd15,0021,S
0x710182dd2a,0014,S
0x710182dd38,0010,S
0x710182dd42,0014,S
0x710182dd50,0007,S
0x710182dd57,0009,S
0x710182dd60,0014,S
0x710182dd6e,0022,S
0x710182dd84,0010,S
0x710182dd8e,0028,S
0x710182ddaa,0009,S
0x710182ddb3,0008,S
0x710182ddbb,0017,S
0x710182ddcc,0013,S
0x710182ddd9,0018,S
0x710182ddeb,0014,S
0x710182ddf9,0014,S
0x710182de07,0017,S
0x710182de18,0007,S
0x710182de1f,0019,S
0x710182de32,0025,S
0x710182de4b,0006,S
0x710182de51,0012,S
0x710182de5d,0008,S
0x710182de65,0011,S
0x710182de70,0013,S
0x710182de7d,0026,S
0x710182de97,0026,S
0x710182deb1,0030,S
0x710182decf,0034,S
0x710182def1,0006,S
0x710182def7,0007,S
0x710182defe,0015,S
0x710182df0d,0019,S
0x710182df20,0006,S
0x710182df26,0006,S
0x710182df2c,0006,S
0x710182df32,0009,S
0x710182df3b,0011,S
0x710182df46,0022,S
0x710182df5c,0013,S
0x710182df69,0018,S
0x710182df7b,0007,S
0x710182df82,0025,S
0x710182df9b,0010,S
0x710182dfa5,0012,S
0x710182dfb1,0018,S
0x710182dfc3,0012,S
0x710182dfcf,0011,S
0x710182dfda,0013,S
0x710182dfe7,0022,S
0x710182dffd,0010,S
0x710182e007,0011,S
0x710182e012,0006,S
0x710182e018,0022,S
0x710182e02e,0023,S
0x710182e045,0029,S
0x710182e062,0024,S
0x710182e07a,0004,S
0x710182e07e,0005,S
0x710182e083,0007,S
0x710182e08a,0023,S
0x710182e0a1,0022,S
0x710182e0b7,0024,S
0x710182e0cf,0013,S
0x710182e0dc,0011,S
0x710182e0e7,0016,S
0x710182e0f7,0040,S
0x710182e11f,0023,S
0x710182e136,0016,S
0x710182e146,0018,S
0x710182e158,0025,S
0x710182e171,0019,S
0x710182e184,0018,S
0x710182e196,0019,S
0x710182e1a9,0017,S
0x710182e1ba,0009,S
0x710182e1c3,0010,S
0x710182e1cd,0007,S
0x710182e1d4,0019,S
0x710182e1e7,0010,S
0x710182e1f1,0016,S
0x710182e201,0009,S
0x710182e20a,0033,S
0x710182e22b,0022,S
0x710182e241,0011,S
0x710182e24c,0008,S
0x710182e254,0022,S
0x710182e26a,0009,S
0x710182e273,0012,S
0x710182e27f,0022,S
0x710182e295,0033,S
0x710182e2b6,0027,S
0x710182e2d1,0026,S
0x710182e2eb,0012,S
0x710182e2f7,0024,S
0x710182e30f,0018,S
0x710182e321,0045,S
0x710182e34e,0057,S
0x710182e387,0015,S
0x710182e396,0015,S
0x710182e3a5,0016,S
0x710182e3b5,0021,S
0x710182e3ca,0028,S
0x710182e3e6,0009,S
0x710182e3ef,0017,S
0x710182e400,0017,S
0x710182e411,0016,S
0x710182e421,0016,S
0x710182e431,0010,S
0x710182e43b,0013,S
0x710182e448,0009,S
0x710182e451,0013,S
0x710182e45e,0013,S
0x710182e46b,0013,S
0x710182e478,0012,S
0x710182e484,0014,S
0x710182e492,0018,S
0x710182e4a4,0004,S
0x710182e4a8,0008,S
0x710182e4b0,0012,S
0x710182e4bc,0017,S
0x710182e4cd,0011,S
0x710182e4d8,0007,S
0x710182e4df,0010,S
0x710182e4e9,0013,S
0x710182e4f6,0016,S
0x710182e506,0010,S
0x710182e510,0010,S
0x710182e51a,0031,S
0x710182e539,0011,S
0x710182e544,0009,S
0x710182e54d,0003,S
0x710182e550,0011,S
0x710182e55b,0009,S
0x710182e564,0016,S
0x710182e574,0019,S
0x710182e587,0030,S
0x710182e5a5,0024,S
0x710182e5bd,0045,S
0x710182e5ea,0012,S
0x710182e5f6,0015,S
0x710182e605,0018,S
0x710182e617,0025,S
0x710182e630,0015,S
0x710182e63f,0017,S
0x710182e650,0010,S
0x710182e65a,0017,S
0x710182e66b,0019,S
0x710182e67e,0048,S
0x710182e6ae,0019,S
0x710182e6c1,0010,S
0x710182e6cb,0013,S
0x710182e6d8,0007,S
0x710182e6df,0012,S
0x710182e6eb,0031,S
0x710182e70a,0010,S
0x710182e714,0018,S
0x710182e726,0027,S
0x710182e741,0020,S
0x710182e755,0029,S
0x710182e772,0024,S
0x710182e78a,0018,S
0x710182e79c,0018,S
0x710182e7ae,0045,S
0x710182e7db,0030,S
0x710182e7f9,0027,S
0x710182e814,0022,S
0x710182e82a,0017,S
0x710182e83b,0022,S
0x710182e851,0014,S
0x710182e85f,0011,S
0x710182e86a,0016,S
0x710182e87a,0015,S
0x710182e889,0015,S
0x710182e898,0016,S
0x710182e8a8,0009,S
0x710182e8b1,0010,S
0x710182e8bb,0017,S
0x710182e8cc,0007,S
0x710182e8d3,0020,S
0x710182e8e7,0021,S
0x710182e8fc,0011,S
0x710182e907,0011,S
0x710182e912,0018,S
0x710182e924,0015,S
0x710182e933,0011,S
0x710182e93e,0008,S
0x710182e946,0011,S
0x710182e951,0009,S
0x710182e95a,0012,S
0x710182e966,0009,S
0x710182e96f,0008,S
0x710182e977,0008,S
0x710182e97f,0029,S
0x710182e99c,0024,S
0x710182e9b4,0007,S
0x710182e9bb,0005,S
0x710182e9c0,0013,S
0x710182e9cd,0006,S
0x710182e9d3,0013,S
0x710182e9e0,0013,S
0x710182e9ed,0007,S
0x710182e9f4,0020,S
0x710182ea08,0007,S
0x710182ea0f,0002,S
0x710182ea11,0002,S
0x710182ea13,0002,S
0x710182ea15,0021,S
0x710182ea2a,0010,S
0x710182ea34,0014,S
0x710182ea42,0011,S
0x710182ea4d,0009,S
0x710182ea56,0017,S
0x710182ea67,0007,S
0x710182ea6e,0007,S
0x710182ea75,0008,S
0x710182ea7d,0009,S
0x710182ea86,0010,S
0x710182ea90,0005,S
0x710182ea95,0009,S
0x710182ea9e,0011,S
0x710182eaa9,0008,S
0x710182eab1,0016,S
0x710182eac1,0019,S
0x710182ead4,0008,S
0x710182eadc,0010,S
0x710182eae6,0017,S
0x710182eaf7,0016,S
0x710182eb07,0011,S
0x710182eb12,0014,S
0x710182eb20,0034,S
0x710182eb42,0013,S
0x710182eb4f,0012,S
0x710182eb5b,0008,S
0x710182eb63,0018,S
0x710182eb75,0019,S
0x710182eb88,0025,S
0x710182eba1,0064,S
0x710182ebe1,0055,S
0x710182ec18,0079,S
0x710182ec67,0019,S
0x710182ec7a,0012,S
0x710182ec86,0007,S
0x710182ec8d,0016,S
0x710182ec9d,0011,S
0x710182eca8,0009,S
0x710182ecb1,0007,S
0x710182ecb8,0004,S
0x710182ecbc,0015,S
0x710182eccb,0030,S
0x710182ece9,0034,S
0x710182ed0b,0016,S
0x710182ed1b,0028,S
0x710182ed37,0011,S
0x710182ed42,0014,S
0x710182ed50,0016,S
0x710182ed60,0012,S
0x710182ed6c,0021,S
0x710182ed81,0021,S
0x710182ed96,0021,S
0x710182edab,0016,S
0x710182edbb,0019,S
0x710182edce,0010,S
0x710182edd8,0016,S
0x710182ede8,0014,S
0x710182edf6,0005,S
0x710182edfb,0025,S
0x710182ee14,0019,S
0x710182ee27,0019,S
0x710182ee3a,0007,S
0x710182ee41,0007,S
0x710182ee48,0016,S
0x710182ee58,0010,S
0x710182ee62,0014,S
0x710182ee70,0009,S
0x710182ee79,0008,S
0x710182ee81,0020,S
0x710182ee95,0015,S
0x710182eea4,0016,S
0x710182eeb4,0006,S
0x710182eeba,0028,S
0x710182eed6,0009,S
0x710182eedf,0010,S
0x710182eee9,0012,S
0x710182eef5,0010,S
0x710182eeff,0012,S
0x710182ef0b,0014,S
0x710182ef19,0011,S
0x710182ef24,0007,S
0x710182ef2b,0009,S
0x710182ef34,0015,S
0x710182ef43,0010,S
0x710182ef4d,0010,S
0x710182ef57,0011,S
0x710182ef62,0008,S
0x710182ef6a,0010,S
0x710182ef74,0013,S
0x710182ef81,0010,S
0x710182ef8b,0013,S
0x710182ef98,0014,S
0x710182efa6,0013,S
0x710182efb3,0023,S
0x710182efca,0020,S
0x710182efde,0016,S
0x710182efee,0018,S
0x710182f000,0013,S
0x710182f00d,0019,S
0x710182f020,0037,S
0x710182f045,0019,S
0x710182f058,0014,S
0x710182f066,0016,S
0x710182f076,0037,S
0x710182f09b,0043,S
0x710182f0c6,0019,S
0x710182f0d9,0018,S
0x710182f0eb,0021,S
0x710182f100,0040,S
0x710182f128,0017,S
0x710182f139,0009,S
0x710182f142,0055,S
0x710182f179,0043,S
0x710182f1a4,0006,S
0x710182f1aa,0014,S
0x710182f1b8,0011,S
0x710182f1c3,0043,S
0x710182f1ee,0031,S
0x710182f20d,0015,S
0x710182f21c,0013,S
0x710182f229,0022,S
0x710182f23f,0016,S
0x710182f24f,0039,S
0x710182f276,0018,S
0x710182f288,0045,S
0x710182f2b5,0040,S
0x710182f2dd,0038,S
0x710182f303,0016,S
0x710182f313,0021,S
0x710182f328,0015,S
0x710182f337,0020,S
0x710182f34b,0026,S
0x710182f365,0017,S
0x710182f376,0021,S
0x710182f38b,0027,S
0x710182f3a6,0016,S
0x710182f3b6,0014,S
0x710182f3c4,0024,S
0x710182f3dc,0019,S
0x710182f3ef,0757,S
0x710182f6e4,0008,S
0x710182f6ec,0010,S
0x710182f6f6,0029,S
0x710182f713,0022,S
0x710182f729,0021,S
0x710182f73e,0032,S
0x710182f75e,0029,S
0x710182f77b,0035,S
0x710182f79e,0069,S
0x710182f7e3,0057,S
0x710182f81c,0037,S
0x710182f841,0015,S
0x710182f850,0025,S
0x710182f869,0040,S
0x710182f891,0017,S
0x710182f8a2,0011,S
0x710182f8ad,0014,S
0x710182f8bb,0024,S
0x710182f8d3,0015,S
0x710182f8e2,0009,S
0x710182f8eb,0012,S
0x710182f8f7,0011,S
0x710182f902,0018,S
0x710182f914,0015,S
0x710182f923,0006,S
0x710182f929,0009,S
0x710182f932,0009,S
0x710182f93b,0014,S
0x710182f949,0022,S
0x710182f95f,0022,S
0x710182f975,0016,S
0x710182f985,0027,S
0x710182f9a0,0090,S
0x710182f9fa,0018,S
0x710182fa0c,0018,S
0x710182fa1e,0018,S
0x710182fa30,0018,S
0x710182fa42,0018,S
0x710182fa54,0018,S
0x710182fa66,0018,S
0x710182fa78,0018,S
0x710182fa8a,0018,S
0x710182fa9c,0018,S
0x710182faae,0012,S
0x710182faba,0013,S
0x710182fac7,0008,S
0x710182facf,0017,S
0x710182fae0,0007,S
0x710182fae7,0012,S
0x710182faf3,0008,S
0x710182fafb,0005,S
0x710182fb00,0009,S
0x710182fb09,0015,S
0x710182fb18,0016,S
0x710182fb28,0018,S
0x710182fb3a,0015,S
0x710182fb49,0017,S
0x710182fb5a,0017,S
0x710182fb6b,0017,S
0x710182fb7c,0015,S
0x710182fb8b,0011,S
0x710182fb96,0025,S
0x710182fbaf,0016,S
0x710182fbbf,0025,S
0x710182fbd8,0011,S
0x710182fbe3,0022,S
0x710182fbf9,0010,S
0x710182fc03,0012,S
0x710182fc0f,0013,S
0x710182fc1c,0023,S
0x710182fc33,0027,S
0x710182fc4e,0023,S
0x710182fc65,0020,S
0x710182fc79,0010,S
0x710182fc83,0010,S
0x710182fc8d,0025,S
0x710182fca6,0010,S
0x710182fcb0,0011,S
0x710182fcbb,0019,S
0x710182fcce,0039,S
0x710182fcf5,0045,S
0x710182fd22,0007,S
0x710182fd29,0028,S
0x710182fd45,0037,S
0x710182fd6a,0022,S
0x710182fd80,0008,S
0x710182fd88,0024,S
0x710182fda0,0010,S
0x710182fdaa,0012,S
0x710182fdb6,0010,S
0x710182fdc0,0009,S
0x710182fdc9,0017,S
0x710182fdda,0017,S
0x710182fdeb,0017,S
0x710182fdfc,0017,S
0x710182fe0d,0009,S
0x710182fe16,0010,S
0x710182fe20,0014,S
0x710182fe2e,0012,S
0x710182fe3a,0012,S
0x710182fe46,0008,S
0x710182fe4e,0012,S
0x710182fe5a,0010,S
0x710182fe64,0021,S
0x710182fe79,0020,S
0x710182fe8d,0037,S
0x710182feb2,0007,S
0x710182feb9,0017,S
0x710182feca,0016,S
0x710182feda,0017,S
0x710182feeb,0012,S
0x710182fef7,0011,S
0x710182ff02,0009,S
0x710182ff0b,0008,S
0x710182ff13,0022,S
0x710182ff29,0018,S
0x710182ff3b,0015,S
0x710182ff4a,0015,S
0x710182ff59,0010,S
0x710182ff63,0014,S
0x710182ff71,0007,S
0x710182ff78,0013,S
0x710182ff85,0011,S
0x710182ff90,0004,S
0x710182ff94,0005,S
0x710182ff99,0011,S
0x710182ffa4,0019,S
0x710182ffb7,0017,S
0x710182ffc8,0007,S
0x710182ffcf,0016,S
0x710182ffdf,0005,S
0x710182ffe4,0011,S
0x710182ffef,0011,S
0x710182fffa,0011,S
0x7101830005,0005,S
0x710183000a,0010,S
0x7101830014,0010,S
0x710183001e,0022,S
0x7101830034,0022,S
0x710183004a,0022,S
0x7101830060,0018,S
0x7101830072,0010,S
0x710183007c,0013,S
0x7101830089,0027,S
0x71018300a4,0008,S
0x71018300ac,0004,S
0x71018300b0,0006,S
0x71018300b6,0013,S
0x71018300c3,0013,S
0x71018300d0,0012,S
0x71018300dc,0013,S
0x71018300e9,0019,S
0x71018300fc,0007,S
0x7101830103,0010,S
0x710183010d,0016,S
0x710183011d,0019,S
0x7101830130,0009,S
0x7101830139,0008,S
0x7101830141,0011,S
0x710183014c,0013,S
0x7101830159,0016,S
0x7101830169,0009,S
0x7101830172,0016,S
0x7101830182,0023,S
0x7101830199,0022,S
0x71018301af,0015,S
0x71018301be,0014,S
0x71018301cc,0008,S
0x71018301d4,0031,S
0x71018301f3,0006,S
0x71018301f9,0005,S
0x71018301fe,0007,S
0x7101830205,0031,S
0x7101830224,0015,S
0x7101830233,0030,S
0x7101830251,0009,S
0x710183025a,0040,S
0x7101830282,0009,S
0x710183028b,0010,S
0x7101830295,0025,S
0x71018302ae,0017,S
0x71018302bf,0017,S
0x71018302d0,0017,S
0x71018302e1,0011,S
0x71018302ec,0006,S
0x71018302f2,0011,S
0x71018302fd,0006,S
0x7101830303,0011,S
0x710183030e,0006,S
0x7101830314,0009,S
0x710183031d,0026,S
0x7101830337,0016,S
0x7101830347,0030,S
0x7101830365,0018,S
0x7101830377,0016,S
0x7101830387,0013,S
0x7101830394,0006,S
0x710183039a,0008,S
0x71018303a2,0011,S
0x71018303ad,0011,S
0x71018303b8,0021,S
0x71018303cd,0021,S
0x71018303e2,0021,S
0x71018303f7,0021,S
0x710183040c,0021,S
0x7101830421,0021,S
0x7101830436,0013,S
0x7101830443,0023,S
0x710183045a,0028,S
0x7101830476,0014,S
0x7101830484,0009,S
0x710183048d,0020,S
0x71018304a1,0013,S
0x71018304ae,0013,S
0x71018304bb,0016,S
0x71018304cb,0011,S
0x71018304d6,0019,S
0x71018304e9,0006,S
0x71018304ef,0008,S
0x71018304f7,0008,S
0x71018304ff,0006,S
0x7101830505,0008,S
0x710183050d,0008,S
0x7101830515,0009,S
0x710183051e,0011,S
0x7101830529,0011,S
0x7101830534,0026,S
0x710183054e,0009,S
0x7101830557,0011,S
0x7101830562,0011,S
0x710183056d,0018,S
0x710183057f,0013,S
0x710183058c,0010,S
0x7101830596,0014,S
0x71018305a4,0025,S
0x71018305bd,0013,S
0x71018305ca,0016,S
0x71018305da,0016,S
0x71018305ea,0032,S
0x710183060a,0017,S
0x710183061b,0007,S
0x7101830622,0008,S
0x710183062a,0008,S
0x7101830632,0014,S
0x7101830640,0025,S
0x7101830659,0021,S
0x710183066e,0010,S
0x7101830678,0012,S
0x7101830684,0016,S
0x7101830694,0018,S
0x71018306a6,0017,S
0x71018306b7,0011,S
0x71018306c2,0022,S
0x71018306d8,0011,S
0x71018306e3,0004,S
0x71018306e7,0008,S
0x71018306ef,0042,S
0x7101830719,0014,S
0x7101830727,0016,S
0x7101830737,0013,S
0x7101830744,0007,S
0x710183074b,0007,S
0x7101830752,0006,S
0x7101830758,0014,S
0x7101830766,0014,S
0x7101830774,0016,S
0x7101830784,0015,S
0x7101830793,0007,S
0x710183079a,0008,S
0x71018307a2,0013,S
0x71018307af,0007,S
0x71018307b6,0013,S
0x71018307c3,0022,S
0x71018307d9,0037,S
0x71018307fe,0016,S
0x710183080e,0008,S
0x7101830816,0009,S
0x710183081f,0014,S
0x710183082d,0014,S
0x710183083b,0015,S
0x710183084a,0012,S
0x7101830856,0021,S
0x710183086b,0009,S
0x7101830874,0020,S
0x7101830888,0014,S
0x7101830896,0014,S
0x71018308a4,0020,S
0x71018308b8,0015,S
0x71018308c7,0015,S
0x71018308d6,0015,S
0x71018308e5,0022,S
0x71018308fb,0017,S
0x710183090c,0017,S
0x710183091d,0017,S
0x710183092e,0010,S
0x7101830938,0019,S
0x710183094b,0021,S
0x7101830960,0012,S
0x710183096c,0024,S
0x7101830984,0015,S
0x7101830993,0004,S
0x7101830997,0009,S
0x71018309a0,0008,S
0x71018309a8,0006,S
0x71018309ae,0006,S
0x71018309b4,0006,S
0x71018309ba,0007,S
0x71018309c1,0011,S
0x71018309cc,0012,S
0x71018309d8,0020,S
0x71018309ec,0013,S
0x71018309f9,0013,S
0x7101830a06,0016,S
0x7101830a16,0015,S
0x7101830a25,0010,S
0x7101830a2f,0013,S
0x7101830a3c,0012,S
0x7101830a48,0018,S
0x7101830a5a,0009,S
0x7101830a63,0010,S
0x7101830a6d,0014,S
0x7101830a7b,0016,S
0x7101830a8b,0015,S
0x7101830a9a,0013,S
0x7101830aa7,0024,S
0x7101830abf,0022,S
0x7101830ad5,0022,S
0x7101830aeb,0032,S
0x7101830b0b,0021,S
0x7101830b20,0023,S
0x7101830b37,0022,S
0x7101830b4d,0016,S
0x7101830b5d,0016,S
0x7101830b6d,0025,S
0x7101830b86,0020,S
0x7101830b9a,0005,S
0x7101830b9f,0037,S
0x7101830bc4,0034,S
0x7101830be6,0034,S
0x7101830c08,0037,S
0x7101830c2d,0011,S
0x7101830c38,0011,S
0x7101830c43,0008,S
0x7101830c4b,0006,S
0x7101830c51,0011,S
0x7101830c5c,0009,S
0x7101830c65,0014,S
0x7101830c73,0018,S
0x7101830c85,0011,S
0x7101830c90,0017,S
0x7101830ca1,0009,S
0x7101830caa,0017,S
0x7101830cbb,0011,S
0x7101830cc6,0010,S
0x7101830cd0,0010,S
0x7101830cda,0011,S
0x7101830ce5,0012,S
0x7101830cf1,0024,S
0x7101830d09,0005,S
0x7101830d0e,0042,S
0x7101830d38,0013,S
0x7101830d45,0008,S
0x7101830d4d,0008,S
0x7101830d55,0014,S
0x7101830d63,0015,S
0x7101830d72,0010,S
0x7101830d7c,0018,S
0x7101830d8e,0010,S
0x7101830d98,0014,S
0x7101830da6,0014,S
0x7101830db4,0022,S
0x7101830dca,0012,S
0x7101830dd6,0018,S
0x7101830de8,0012,S
0x7101830df4,0015,S
0x7101830e03,0011,S
0x7101830e0e,0005,S
0x7101830e13,0016,S
0x7101830e23,0016,S
0x7101830e33,0019,S
0x7101830e46,0011,S
0x7101830e51,0022,S
0x7101830e67,0019,S
0x7101830e7a,0013,S
0x7101830e87,0019,S
0x7101830e9a,0009,S
0x7101830ea3,0006,S
0x7101830ea9,0010,S
0x7101830eb3,0017,S
0x7101830ec4,0019,S
0x7101830ed7,0022,S
0x7101830eed,0043,S
0x7101830f18,0017,S
0x7101830f29,0015,S
0x7101830f38,0015,S
0x7101830f47,0017,S
0x7101830f58,0027,S
0x7101830f73,0014,S
0x7101830f81,0023,S
0x7101830f98,0010,S
0x7101830fa2,0020,S
0x7101830fb6,0013,S
0x7101830fc3,0018,S
0x7101830fd5,0025,S
0x7101830fee,0011,S
0x7101830ff9,0010,S
0x7101831003,0015,S
0x7101831012,0017,S
0x7101831023,0007,S
0x710183102a,0017,S
0x710183103b,0011,S
0x7101831046,0013,S
0x7101831053,0014,S
0x7101831061,0008,S
0x7101831069,0014,S
0x7101831077,0019,S
0x710183108a,0031,S
0x71018310a9,0013,S
0x71018310b6,0031,S
0x71018310d5,0008,S
0x71018310dd,0007,S
0x71018310e4,0019,S
0x71018310f7,0012,S
0x7101831103,0008,S
0x710183110b,0016,S
0x710183111b,0007,S
0x7101831122,0030,S
0x7101831140,0006,S
0x7101831146,0025,S
0x710183115f,0011,S
0x710183116a,0022,S
0x7101831180,0005,S
0x7101831185,0006,S
0x710183118b,0013,S
0x7101831198,0009,S
0x71018311a1,0009,S
0x71018311aa,0014,S
0x71018311b8,0016,S
0x71018311c8,0018,S
0x71018311da,0021,S
0x71018311ef,0021,S
0x7101831204,0021,S
0x7101831219,0018,S
0x710183122b,0021,S
0x7101831240,0021,S
0x7101831255,0016,S
0x7101831265,0028,S
0x7101831281,0014,S
0x710183128f,0019,S
0x71018312a2,0031,S
0x71018312c1,0018,S
0x71018312d3,0008,S
0x71018312db,0015,S
0x71018312ea,0017,S
0x71018312fb,0008,S
0x7101831303,0017,S
0x7101831314,0018,S
0x7101831326,0022,S
0x710183133c,0023,S
0x7101831353,0018,S
0x7101831365,0009,S
0x710183136e,0024,S
0x7101831386,0023,S
0x710183139d,0024,S
0x71018313b5,0022,S
0x71018313cb,0037,S
0x71018313f0,0018,S
0x7101831402,0020,S
0x7101831416,0017,S
0x7101831427,0019,S
0x710183143a,0019,S
0x710183144d,0012,S
0x7101831459,0029,S
0x7101831476,0023,S
0x710183148d,0016,S
0x710183149d,0013,S
0x71018314aa,0014,S
0x71018314b8,0017,S
0x71018314c9,0022,S
0x71018314df,0030,S
0x71018314fd,0022,S
0x7101831513,0024,S
0x710183152b,0025,S
0x7101831544,0013,S
0x7101831551,0011,S
0x710183155c,0013,S
0x7101831569,0015,S
0x7101831578,0017,S
0x7101831589,0007,S
0x7101831590,0019,S
0x71018315a3,0010,S
0x71018315ad,0009,S
0x71018315b6,0020,S
0x71018315ca,0019,S
0x71018315dd,0011,S
0x71018315e8,0010,S
0x71018315f2,0013,S
0x71018315ff,0013,S
0x710183160c,0019,S
0x710183161f,0019,S
0x7101831632,0025,S
0x710183164b,0013,S
0x7101831658,0022,S
0x710183166e,0005,S
0x7101831673,0020,S
0x7101831687,0017,S
0x7101831698,0012,S
0x71018316a4,0022,S
0x71018316ba,0025,S
0x71018316d3,0024,S
0x71018316eb,0006,S
0x71018316f1,0015,S
0x7101831700,0009,S
0x7101831709,0007,S
0x7101831710,0012,S
0x710183171c,0028,S
0x7101831738,0037,S
0x710183175d,0017,S
0x710183176e,0019,S
0x7101831781,0021,S
0x7101831796,0012,S
0x71018317a2,0028,S
0x71018317be,0030,S
0x71018317dc,0013,S
0x71018317e9,0015,S
0x71018317f8,0016,S
0x7101831808,0027,S
0x7101831823,0009,S
0x710183182c,0012,S
0x7101831838,0013,S
0x7101831845,0025,S
0x710183185e,0028,S
0x710183187a,0025,S
0x7101831893,0026,S
0x71018318ad,0019,S
0x71018318c0,0016,S
0x71018318d0,0009,S
0x71018318d9,0009,S
0x71018318e2,0022,S
0x71018318f8,0018,S
0x710183190a,0017,S
0x710183191b,0008,S
0x7101831923,0009,S
0x710183192c,0017,S
0x710183193d,0014,S
0x710183194b,0013,S
0x7101831958,0013,S
0x7101831965,0016,S
0x7101831975,0014,S
0x7101831983,0014,S
0x7101831991,0013,S
0x710183199e,0037,S
0x71018319c3,0011,S
0x71018319ce,0031,S
0x71018319ed,0015,S
0x71018319fc,0016,S
0x7101831a0c,0018,S
0x7101831a1e,0019,S
0x7101831a31,0034,S
0x7101831a53,0042,S
0x7101831a7d,0009,S
0x7101831a86,0010,S
0x7101831a90,0028,S
0x7101831aac,0017,S
0x7101831abd,0013,S
0x7101831aca,0010,S
0x7101831ad4,0013,S
0x7101831ae1,0022,S
0x7101831af7,0022,S
0x7101831b0d,0031,S
0x7101831b2c,0011,S
0x7101831b37,0010,S
0x7101831b41,0025,S
0x7101831b5a,0014,S
0x7101831b68,0012,S
0x7101831b74,0014,S
0x7101831b82,0032,S
0x7101831ba2,0012,S
0x7101831bae,0019,S
0x7101831bc1,0022,S
0x7101831bd7,0020,S
0x7101831beb,0024,S
0x7101831c03,0016,S
0x7101831c13,0017,S
0x7101831c24,0015,S
0x7101831c33,0026,S
0x7101831c4d,0027,S
0x7101831c68,0014,S
0x7101831c76,0029,S
0x7101831c93,0058,S
0x7101831ccd,0009,S
0x7101831cd6,0013,S
0x7101831ce3,0025,S
0x7101831cfc,0015,S
0x7101831d0b,0015,S
0x7101831d1a,0011,S
0x7101831d25,0007,S
0x7101831d2c,0010,S
0x7101831d36,0012,S
0x7101831d42,0009,S
0x7101831d4b,0008,S
0x7101831d53,0016,S
0x7101831d63,0008,S
0x7101831d6b,0011,S
0x7101831d76,0015,S
0x7101831d85,0011,S
0x7101831d90,0016,S
0x7101831da0,0013,S
0x7101831dad,0012,S
0x7101831db9,0015,S
0x7101831dc8,0015,S
0x7101831dd7,0027,S
0x7101831df2,0018,S
0x7101831e04,0010,S
0x7101831e0e,0010,S
0x7101831e18,0005,S
0x7101831e1d,0010,S
0x7101831e27,0012,S
0x7101831e33,0007,S
0x7101831e3a,0017,S
0x7101831e4b,0012,S
0x7101831e57,0015,S
0x7101831e66,0016,S
0x7101831e76,0009,S
0x7101831e7f,0006,S
0x7101831e85,0013,S
0x7101831e92,0028,S
0x7101831eae,0012,S
0x7101831eba,0021,S
0x7101831ecf,0006,S
0x7101831ed5,0028,S
0x7101831ef1,0037,S
0x7101831f16,0020,S
0x7101831f2a,0016,S
0x7101831f3a,0022,S
0x7101831f50,0016,S
0x7101831f60,0013,S
0x7101831f6d,0030,S
0x7101831f8b,0015,S
0x7101831f9a,0013,S
0x7101831fa7,0010,S
0x7101831fb1,0020,S
0x7101831fc5,0015,S
0x7101831fd4,0008,S
0x7101831fdc,0014,S
0x7101831fea,0010,S
0x7101831ff4,0031,S
0x7101832013,0012,S
0x710183201f,0006,S
0x7101832025,0010,S
0x710183202f,0011,S
0x710183203a,0014,S
0x7101832048,0019,S
0x710183205b,0031,S
0x710183207a,0015,S
0x7101832089,0010,S
0x7101832093,0032,S
0x71018320b3,0008,S
0x71018320bb,0022,S
0x71018320d1,0031,S
0x71018320f0,0013,S
0x71018320fd,0012,S
0x7101832109,0022,S
0x710183211f,0010,S
0x7101832129,0022,S
0x710183213f,0015,S
0x710183214e,0014,S
0x710183215c,0014,S
0x710183216a,0010,S
0x7101832174,0013,S
0x7101832181,0019,S
0x7101832194,0011,S
0x710183219f,0022,S
0x71018321b5,0016,S
0x71018321c5,0013,S
0x71018321d2,0010,S
0x71018321dc,0026,S
0x71018321f6,0025,S
0x710183220f,0040,S
0x7101832237,0025,S
0x7101832250,0016,S
0x7101832260,0018,S
0x7101832272,0011,S
0x710183227d,0011,S
0x7101832288,0014,S
0x7101832296,0031,S
0x71018322b5,0020,S
0x71018322c9,0009,S
0x71018322d2,0013,S
0x71018322df,0019,S
0x71018322f2,0015,S
0x7101832301,0024,S
0x7101832319,0020,S
0x710183232d,0007,S
0x7101832334,0013,S
0x7101832341,0012,S
0x710183234d,0005,S
0x7101832352,0019,S
0x7101832365,0017,S
0x7101832376,0019,S
0x7101832389,0027,S
0x71018323a4,0021,S
0x71018323b9,0020,S
0x71018323cd,0028,S
0x71018323e9,0022,S
0x71018323ff,0026,S
0x7101832419,0004,S
0x710183241d,0016,S
0x710183242d,0017,S
0x710183243e,0043,S
0x7101832469,0007,S
0x7101832470,0013,S
0x710183247d,0013,S
0x710183248a,0009,S
0x7101832493,0015,S
0x71018324a2,0020,S
0x71018324b6,0015,S
0x71018324c5,0010,S
0x71018324cf,0017,S
0x71018324e0,0015,S
0x71018324ef,0018,S
0x7101832501,0010,S
0x710183250b,0009,S
0x7101832514,0027,S
0x710183252f,0027,S
0x710183254a,0008,S
0x7101832552,0009,S
0x710183255b,0007,S
0x7101832562,0007,S
0x7101832569,0007,S
0x7101832570,0015,S
0x710183257f,0014,S
0x710183258d,0006,S
0x7101832593,0013,S
0x71018325a0,0020,S
0x71018325b4,0019,S
0x71018325c7,0008,S
0x71018325cf,0007,S
0x71018325d6,0019,S
0x71018325e9,0015,S
0x71018325f8,0016,S
0x7101832608,0040,S
0x7101832630,0006,S
0x7101832636,0009,S
0x710183263f,0013,S
0x710183264c,0008,S
0x7101832654,0010,S
0x710183265e,0007,S
0x7101832665,0010,S
0x710183266f,0006,S
0x7101832675,0007,S
0x710183267c,0010,S
0x7101832686,0014,S
0x7101832694,0007,S
0x710183269b,0015,S
0x71018326aa,0007,S
0x71018326b1,0015,S
0x71018326c0,0016,S
0x71018326d0,0021,S
0x71018326e5,0015,S
0x71018326f4,0043,S
0x710183271f,0019,S
0x7101832732,0017,S
0x7101832743,0005,S
0x7101832748,0007,S
0x710183274f,0015,S
0x710183275e,0015,S
0x710183276d,0013,S
0x710183277a,0015,S
0x7101832789,0016,S
0x7101832799,0017,S
0x71018327aa,0010,S
0x71018327b4,0009,S
0x71018327bd,0013,S
0x71018327ca,0013,S
0x71018327d7,0016,S
0x71018327e7,0010,S
0x71018327f1,0015,S
0x7101832800,0007,S
0x7101832807,0016,S
0x7101832817,0018,S
0x7101832829,0014,S
0x7101832837,0011,S
0x7101832842,0015,S
0x7101832851,0021,S
0x7101832866,0018,S
0x7101832878,0005,S
0x710183287d,0011,S
0x7101832888,0004,S
0x710183288c,0015,S
0x710183289b,0007,S
0x71018328a2,0008,S
0x71018328aa,0016,S
0x71018328ba,0008,S
0x71018328c2,0010,S
0x71018328cc,0031,S
0x71018328eb,0012,S
0x71018328f7,0011,S
0x7101832902,0019,S
0x7101832915,0017,S
0x7101832926,0006,S
0x710183292c,0007,S
0x7101832933,0021,S
0x7101832948,0013,S
0x7101832955,0013,S
0x7101832962,0018,S
0x7101832974,0019,S
0x7101832987,0008,S
0x710183298f,0015,S
0x710183299e,0014,S
0x71018329ac,0030,S
0x71018329ca,0008,S
0x71018329d2,0010,S
0x71018329dc,0010,S
0x71018329e6,0011,S
0x71018329f1,0012,S
0x71018329fd,0016,S
0x7101832a0d,0009,S
0x7101832a16,0010,S
0x7101832a20,0021,S
0x7101832a35,0013,S
0x7101832a42,0016,S
0x7101832a52,0016,S
0x7101832a62,0011,S
0x7101832a6d,0012,S
0x7101832a79,0012,S
0x7101832a85,0027,S
0x7101832aa0,0022,S
0x7101832ab6,0011,S
0x7101832ac1,0010,S
0x7101832acb,0015,S
0x7101832ada,0014,S
0x7101832ae8,0010,S
0x7101832af2,0009,S
0x7101832afb,0012,S
0x7101832b07,0013,S
0x7101832b14,0008,S
0x7101832b1c,0019,S
0x7101832b2f,0013,S
0x7101832b3c,0010,S
0x7101832b46,0019,S
0x7101832b59,0019,S
0x7101832b6c,0008,S
0x7101832b74,0009,S
0x7101832b7d,0008,S
0x7101832b85,0019,S
0x7101832b98,0008,S
0x7101832ba0,0008,S
0x7101832ba8,0008,S
0x7101832bb0,0014,S
0x7101832bbe,0024,S
0x7101832bd6,0013,S
0x7101832be3,0015,S
0x7101832bf2,0013,S
0x7101832bff,0019,S
0x7101832c12,0017,S
0x7101832c23,0016,S
0x7101832c33,0007,S
0x7101832c3a,0008,S
0x7101832c42,0015,S
0x7101832c51,0019,S
0x7101832c64,0020,S
0x7101832c78,0013,S
0x7101832c85,0031,S
0x7101832ca4,0013,S
0x7101832cb1,0016,S
0x7101832cc1,0025,S
0x7101832cda,0025,S
0x7101832cf3,0022,S
0x7101832d09,0037,S
0x7101832d2e,0022,S
0x7101832d44,0030,S
0x7101832d62,0019,S
0x7101832d75,0010,S
0x7101832d7f,0007,S
0x7101832d86,0007,S
0x7101832d8d,0007,S
0x7101832d94,0007,S
0x7101832d9b,0007,S
0x7101832da2,0007,S
0x7101832da9,0007,S
0x7101832db0,0007,S
0x7101832db7,0007,S
0x7101832dbe,0007,S
0x7101832dc5,0008,S
0x7101832dcd,0008,S
0x7101832dd5,0008,S
0x7101832ddd,0008,S
0x7101832de5,0008,S
0x7101832ded,0013,S
0x7101832dfa,0011,S
0x7101832e05,0011,S
0x7101832e10,0028,S
0x7101832e2c,0028,S
0x7101832e48,0014,S
0x7101832e56,0019,S
0x7101832e69,0011,S
0x7101832e74,0007,S
0x7101832e7b,0018,S
0x7101832e8d,0018,S
0x7101832e9f,0010,S
0x7101832ea9,0013,S
0x7101832eb6,0034,S
0x7101832ed8,0007,S
0x7101832edf,0007,S
0x7101832ee6,0012,S
0x7101832ef2,0016,S
0x7101832f02,0013,S
0x7101832f0f,0013,S
0x7101832f1c,0037,S
0x7101832f41,0016,S
0x7101832f51,0012,S
0x7101832f5d,0028,S
0x7101832f79,0012,S
0x7101832f85,0010,S
0x7101832f8f,0033,S
0x7101832fb0,0011,S
0x7101832fbb,0007,S
0x7101832fc2,0013,S
0x7101832fcf,0014,S
0x7101832fdd,0012,S
0x7101832fe9,0013,S
0x7101832ff6,0030,S
0x7101833014,0011,S
0x710183301f,0019,S
0x7101833032,0022,S
0x7101833048,0013,S
0x7101833055,0014,S
0x7101833063,0009,S
0x710183306c,0022,S
0x7101833082,0015,S
0x7101833091,0010,S
0x710183309b,0013,S
0x71018330a8,0019,S
0x71018330bb,0013,S
0x71018330c8,0021,S
0x71018330dd,0024,S
0x71018330f5,0018,S
0x7101833107,0013,S
0x7101833114,0016,S
0x7101833124,0013,S
0x7101833131,0028,S
0x710183314d,0021,S
0x7101833162,0014,S
0x7101833170,0021,S
0x7101833185,0035,S
0x71018331a8,0034,S
0x71018331ca,0021,S
0x71018331df,0019,S
0x71018331f2,0008,S
0x71018331fa,0010,S
0x7101833204,0007,S
0x710183320b,0019,S
0x710183321e,0030,S
0x710183323c,0011,S
0x7101833247,0012,S
0x7101833253,0015,S
0x7101833262,0014,S
0x7101833270,0019,S
0x7101833283,0010,S
0x710183328d,0012,S
0x7101833299,0019,S
0x71018332ac,0022,S
0x71018332c2,0015,S
0x71018332d1,0013,S
0x71018332de,0018,S
0x71018332f0,0015,S
0x71018332ff,0010,S
0x7101833309,0013,S
0x7101833316,0010,S
0x7101833320,0018,S
0x7101833332,0018,S
0x7101833344,0019,S
0x7101833357,0015,S
0x7101833366,0013,S
0x7101833373,0012,S
0x710183337f,0024,S
0x7101833397,0010,S
0x71018333a1,0011,S
0x71018333ac,0038,S
0x71018333d2,0012,S
0x71018333de,0018,S
0x71018333f0,0030,S
0x710183340e,0016,S
0x710183341e,0023,S
0x7101833435,0015,S
0x7101833444,0016,S
0x7101833454,0014,S
0x7101833462,0009,S
0x710183346b,0014,S
0x7101833479,0030,S
0x7101833497,0009,S
0x71018334a0,0009,S
0x71018334a9,0010,S
0x71018334b3,0012,S
0x71018334bf,0010,S
0x71018334c9,0010,S
0x71018334d3,0015,S
0x71018334e2,0011,S
0x71018334ed,0029,S
0x710183350a,0033,S
0x710183352b,0007,S
0x7101833532,0007,S
0x7101833539,0007,S
0x7101833540,0016,S
0x7101833550,0007,S
0x7101833557,0007,S
0x710183355e,0007,S
0x7101833565,0007,S
0x710183356c,0007,S
0x7101833573,0007,S
0x710183357a,0007,S
0x7101833581,0007,S
0x7101833588,0007,S
0x710183358f,0007,S
0x7101833596,0007,S
0x710183359d,0007,S
0x71018335a4,0011,S
0x71018335af,0011,S
0x71018335ba,0011,S
0x71018335c5,0015,S
0x71018335d4,0015,S
0x71018335e3,0015,S
0x71018335f2,0015,S
0x7101833601,0015,S
0x7101833610,0015,S
0x710183361f,0012,S
0x710183362b,0012,S
0x7101833637,0012,S
0x7101833643,0012,S
0x710183364f,0012,S
0x710183365b,0012,S
0x7101833667,0013,S
0x7101833674,0013,S
0x7101833681,0013,S
0x710183368e,0013,S
0x710183369b,0013,S
0x71018336a8,0013,S
0x71018336b5,0012,S
0x71018336c1,0012,S
0x71018336cd,0012,S
0x71018336d9,0012,S
0x71018336e5,0012,S
0x71018336f1,0017,S
0x7101833702,0017,S
0x7101833713,0017,S
0x7101833724,0017,S
0x7101833735,0027,S
0x7101833750,0040,S
0x7101833778,0012,S
0x7101833784,0012,S
0x7101833790,0021,S
0x71018337a5,0011,S
0x71018337b0,0011,S
0x71018337bb,0014,S
0x71018337c9,0013,S
0x71018337d6,0012,S
0x71018337e2,0012,S
0x71018337ee,0012,S
0x71018337fa,0017,S
0x710183380b,0018,S
0x710183381d,0023,S
0x7101833834,0007,S
0x710183383b,0025,S
0x7101833854,0034,S
0x7101833876,0016,S
0x7101833886,0010,S
0x7101833890,0011,S
0x710183389b,0007,S
0x71018338a2,0009,S
0x71018338ab,0020,S
0x71018338bf,0014,S
0x71018338cd,0010,S
0x71018338d7,0009,S
0x71018338e0,0013,S
0x71018338ed,0012,S
0x71018338f9,0015,S
0x7101833908,0013,S
0x7101833915,0018,S
0x7101833927,0018,S
0x7101833939,0026,S
0x7101833953,0026,S
0x710183396d,0010,S
0x7101833977,0011,S
0x7101833982,0010,S
0x710183398c,0010,S
0x7101833996,0010,S
0x71018339a0,0022,S
0x71018339b6,0005,S
0x71018339bb,0015,S
0x71018339ca,0019,S
0x71018339dd,0013,S
0x71018339ea,0019,S
0x71018339fd,0022,S
0x7101833a13,0025,S
0x7101833a2c,0013,S
0x7101833a39,0010,S
0x7101833a43,0010,S
0x7101833a4d,0034,S
0x7101833a6f,0028,S
0x7101833a8b,0050,S
0x7101833abd,0052,S
0x7101833af1,0025,S
0x7101833b0a,0037,S
0x7101833b2f,0011,S
0x7101833b3a,0026,S
0x7101833b54,0013,S
0x7101833b61,0064,S
0x7101833ba1,0007,S
0x7101833ba8,0026,S
0x7101833bc2,0044,S
0x7101833bee,0034,S
0x7101833c10,0028,S
0x7101833c2c,0011,S
0x7101833c37,0002,S
0x7101833c39,0013,S
0x7101833c46,0008,S
0x7101833c4e,0015,S
0x7101833c5d,0014,S
0x7101833c6b,0013,S
0x7101833c78,0017,S
0x7101833c89,0014,S
0x7101833c97,0008,S
0x7101833c9f,0009,S
0x7101833ca8,0012,S
0x7101833cb4,0004,S
0x7101833cb8,0043,S
0x7101833ce3,0017,S
0x7101833cf4,0015,S
0x7101833d03,0024,S
0x7101833d1b,0012,S
0x7101833d27,0012,S
0x7101833d33,0006,S
0x7101833d39,0043,S
0x7101833d64,0010,S
0x7101833d6e,0011,S
0x7101833d79,0011,S
0x7101833d84,0012,S
0x7101833d90,0012,S
0x7101833d9c,0010,S
0x7101833da6,0016,S
0x7101833db6,0019,S
0x7101833dc9,0008,S
0x7101833dd1,0022,S
0x7101833de7,0012,S
0x7101833df3,0018,S
0x7101833e05,0058,S
0x7101833e3f,0007,S
0x7101833e46,0023,S
0x7101833e5d,0027,S
0x7101833e78,0029,S
0x7101833e95,0049,S
0x7101833ec6,0029,S
0x7101833ee3,0008,S
0x7101833eeb,0010,S
0x7101833ef5,0010,S
0x7101833eff,0031,S
0x7101833f1e,0033,S
0x7101833f3f,0018,S
0x7101833f51,0022,S
0x7101833f67,0012,S
0x7101833f73,0019,S
0x7101833f86,0012,S
0x7101833f92,0023,S
0x7101833fa9,0028,S
0x7101833fc5,0008,S
0x7101833fcd,0026,S
0x7101833fe7,0018,S
0x7101833ff9,0028,S
0x7101834015,0031,S
0x7101834034,0026,S
0x710183404e,0025,S
0x7101834067,0034,S
0x7101834089,0017,S
0x710183409a,0007,S
0x71018340a1,0010,S
0x71018340ab,0025,S
0x71018340c4,0026,S
0x71018340de,0025,S
0x71018340f7,0026,S
0x7101834111,0025,S
0x710183412a,0023,S
0x7101834141,0032,S
0x7101834161,0020,S
0x7101834175,0061,S
0x71018341b2,0049,S
0x71018341e3,0009,S
0x71018341ec,0025,S
0x7101834205,0020,S
0x7101834219,0010,S
0x7101834223,0009,S
0x710183422c,0045,S
0x7101834259,0007,S
0x7101834260,0015,S
0x710183426f,0009,S
0x7101834278,0025,S
0x7101834291,0049,S
0x71018342c2,0027,S
0x71018342dd,0029,S
0x71018342fa,0010,S
0x7101834304,0009,S
0x710183430d,0017,S
0x710183431e,0016,S
0x710183432e,0019,S
0x7101834341,0012,S
0x710183434d,0013,S
0x710183435a,0013,S
0x7101834367,0013,S
0x7101834374,0013,S
0x7101834381,0016,S
0x7101834391,0016,S
0x71018343a1,0016,S
0x71018343b1,0016,S
0x71018343c1,0016,S
0x71018343d1,0016,S
0x71018343e1,0016,S
0x71018343f1,0016,S
0x7101834401,0016,S
0x7101834411,0012,S
0x710183441d,0012,S
0x7101834429,0012,S
0x7101834435,0012,S
0x7101834441,0012,S
0x710183444d,0018,S
0x710183445f,0018,S
0x7101834471,0018,S
0x7101834483,0018,S
0x7101834495,0014,S
0x71018344a3,0014,S
0x71018344b1,0014,S
0x71018344bf,0014,S
0x71018344cd,0007,S
0x71018344d4,0007,S
0x71018344db,0007,S
0x71018344e2,0014,S
0x71018344f0,0014,S
0x71018344fe,0014,S
0x710183450c,0014,S
0x710183451a,0014,S
0x7101834528,0011,S
0x7101834533,0011,S
0x710183453e,0011,S
0x7101834549,0011,S
0x7101834554,0011,S
0x710183455f,0011,S
0x710183456a,0011,S
0x7101834575,0011,S
0x7101834580,0011,S
0x710183458b,0015,S
0x710183459a,0023,S
0x71018345b1,0023,S
0x71018345c8,0023,S
0x71018345df,0023,S
0x71018345f6,0023,S
0x710183460d,0023,S
0x7101834624,0023,S
0x710183463b,0023,S
0x7101834652,0023,S
0x7101834669,0025,S
0x7101834682,0025,S
0x710183469b,0016,S
0x71018346ab,0016,S
0x71018346bb,0021,S
0x71018346d0,0016,S
0x71018346e0,0014,S
0x71018346ee,0017,S
0x71018346ff,0017,S
0x7101834710,0046,S
0x710183473e,0022,S
0x7101834754,0026,S
0x710183476e,0040,S
0x7101834796,0024,S
0x71018347ae,0029,S
0x71018347cb,0024,S
0x71018347e3,0026,S
0x71018347fd,0031,S
0x710183481c,0013,S
0x7101834829,0007,S
0x7101834830,0031,S
0x710183484f,0021,S
0x7101834864,0002,S
0x7101834866,0002,S
0x7101834868,0002,S
0x710183486a,0025,S
0x7101834883,0021,S
0x7101834898,0016,S
0x71018348a8,0016,S
0x71018348b8,0010,S
0x71018348c2,0055,S
0x71018348f9,0025,S
0x7101834912,0013,S
0x710183491f,0005,S
0x7101834924,0040,S
0x710183494c,0028,S
0x7101834968,0013,S
0x7101834975,0013,S
0x7101834982,0019,S
0x7101834995,0025,S
0x71018349ae,0025,S
0x71018349c7,0007,S
0x71018349ce,0064,S
0x7101834a0e,0034,S
0x7101834a30,0012,S
0x7101834a3c,0015,S
0x7101834a4b,0023,S
0x7101834a62,0013,S
0x7101834a6f,0020,S
0x7101834a83,0013,S
0x7101834a90,0007,S
0x7101834a97,0019,S
0x7101834aaa,0017,S
0x7101834abb,0007,S
0x7101834ac2,0014,S
0x7101834ad0,0017,S
0x7101834ae1,0022,S
0x7101834af7,0019,S
0x7101834b0a,0012,S
0x7101834b16,0018,S
0x7101834b28,0012,S
0x7101834b34,0010,S
0x7101834b3e,0015,S
0x7101834b4d,0016,S
0x7101834b5d,0011,S
0x7101834b68,0005,S
0x7101834b6d,0022,S
0x7101834b83,0017,S
0x7101834b94,0013,S
0x7101834ba1,0011,S
0x7101834bac,0022,S
0x7101834bc2,0013,S
0x7101834bcf,0014,S
0x7101834bdd,0023,S
0x7101834bf4,0014,S
0x7101834c02,0015,S
0x7101834c11,0019,S
0x7101834c24,0009,S
0x7101834c2d,0011,S
0x7101834c38,0008,S
0x7101834c40,0013,S
0x7101834c4d,0008,S
0x7101834c55,0007,S
0x7101834c5c,0012,S
0x7101834c68,0010,S
0x7101834c72,0011,S
0x7101834c7d,0011,S
0x7101834c88,0010,S
0x7101834c92,0009,S
0x7101834c9b,0012,S
0x7101834ca7,0011,S
0x7101834cb2,0028,S
0x7101834cce,0022,S
0x7101834ce4,0008,S
0x7101834cec,0018,S
0x7101834cfe,0012,S
0x7101834d0a,0010,S
0x7101834d14,0007,S
0x7101834d1b,0013,S
0x7101834d28,0024,S
0x7101834d40,0010,S
0x7101834d4a,0009,S
0x7101834d53,0038,S
0x7101834d79,0061,S
0x7101834db6,0021,S
0x7101834dcb,0021,S
0x7101834de0,0017,S
0x7101834df1,0015,S
0x7101834e00,0023,S
0x7101834e17,0015,S
0x7101834e26,0020,S
0x7101834e3a,0019,S
0x7101834e4d,0019,S
0x7101834e60,0010,S
0x7101834e6a,0026,S
0x7101834e84,0016,S
0x7101834e94,0018,S
0x7101834ea6,0024,S
0x7101834ebe,0010,S
0x7101834ec8,0036,S
0x7101834eec,0014,S
0x7101834efa,0013,S
0x7101834f07,0012,S
0x7101834f13,0013,S
0x7101834f20,0034,S
0x7101834f42,0008,S
0x7101834f4a,0031,S
0x7101834f69,0026,S
0x7101834f83,0006,S
0x7101834f89,0015,S
0x7101834f98,0015,S
0x7101834fa7,0007,S
0x7101834fae,0015,S
0x7101834fbd,0010,S
0x7101834fc7,0010,S
0x7101834fd1,0012,S
0x7101834fdd,0015,S
0x7101834fec,0019,S
0x7101834fff,0021,S
0x7101835014,0020,S
0x7101835028,0034,S
0x710183504a,0009,S
0x7101835053,0007,S
0x710183505a,0014,S
0x7101835068,0012,S
0x7101835074,0009,S
0x710183507d,0012,S
0x7101835089,0010,S
0x7101835093,0011,S
0x710183509e,0006,S
0x71018350a4,0009,S
0x71018350ad,0013,S
0x71018350ba,0011,S
0x71018350c5,0010,S
0x71018350cf,0013,S
0x71018350dc,0015,S
0x71018350eb,0013,S
0x71018350f8,0021,S
0x710183510d,0011,S
0x7101835118,0019,S
0x710183512b,0010,S
0x7101835135,0019,S
0x7101835148,0013,S
0x7101835155,0026,S
0x710183516f,0009,S
0x7101835178,0068,S
0x71018351bc,0009,S
0x71018351c5,0071,S
0x710183520c,0017,S
0x710183521d,0014,S
0x710183522b,0044,S
0x7101835257,0021,S
0x710183526c,0012,S
0x7101835278,0026,S
0x7101835292,0016,S
0x71018352a2,0006,S
0x71018352a8,0039,S
0x71018352cf,0014,S
0x71018352dd,0013,S
0x71018352ea,0014,S
0x71018352f8,0012,S
0x7101835304,0006,S
0x710183530a,0028,S
0x7101835326,0010,S
0x7101835330,0009,S
0x7101835339,0010,S
0x7101835343,0180,S
0x71018353f7,0011,S
0x7101835402,0011,S
0x710183540d,0010,S
0x7101835417,0009,S
0x7101835420,0016,S
0x7101835430,0028,S
0x710183544c,0023,S
0x7101835463,0054,S
0x7101835499,0021,S
0x71018354ae,0007,S
0x71018354b5,0007,S
0x71018354bc,0008,S
0x71018354c4,0008,S
0x71018354cc,0015,S
0x71018354db,0012,S
0x71018354e7,0014,S
0x71018354f5,0013,S
0x7101835502,0014,S
0x7101835510,0023,S
0x7101835527,0023,S
0x710183553e,0023,S
0x7101835555,0023,S
0x710183556c,0012,S
0x7101835578,0018,S
0x710183558a,0016,S
0x710183559a,0012,S
0x71018355a6,0012,S
0x71018355b2,0012,S
0x71018355be,0012,S
0x71018355ca,0007,S
0x71018355d1,0007,S
0x71018355d8,0007,S
0x71018355df,0007,S
0x71018355e6,0028,S
0x7101835602,0011,S
0x710183560d,0010,S
0x7101835617,0010,S
0x7101835621,0014,S
0x710183562f,0020,S
0x7101835643,0023,S
0x710183565a,0020,S
0x710183566e,0014,S
0x710183567c,0018,S
0x710183568e,0013,S
0x710183569b,0026,S
0x71018356b5,0015,S
0x71018356c4,0011,S
0x71018356cf,0016,S
0x71018356df,0016,S
0x71018356ef,0008,S
0x71018356f7,0012,S
0x7101835703,0030,S
0x7101835721,0017,S
0x7101835732,0020,S
0x7101835746,0018,S
0x7101835758,0011,S
0x7101835763,0031,S
0x7101835782,0031,S
0x71018357a1,0052,S
0x71018357d5,0024,S
0x71018357ed,0034,S
0x710183580f,0034,S
0x7101835831,0014,S
0x710183583f,0049,S
0x7101835870,0012,S
0x710183587c,0012,S
0x7101835888,0013,S
0x7101835895,0013,S
0x71018358a2,0011,S
0x71018358ad,0009,S
0x71018358b6,0010,S
0x71018358c0,0023,S
0x71018358d7,0006,S
0x71018358dd,0016,S
0x71018358ed,0004,S
0x71018358f1,0009,S
0x71018358fa,0022,S
0x7101835910,0049,S
0x7101835941,0009,S
0x710183594a,0018,S
0x710183595c,0013,S
0x7101835969,0012,S
0x7101835975,0010,S
0x710183597f,0008,S
0x7101835987,0013,S
0x7101835994,0012,S
0x71018359a0,0012,S
0x71018359ac,0012,S
0x71018359b8,0012,S
0x71018359c4,0016,S
0x71018359d4,0017,S
0x71018359e5,0022,S
0x71018359fb,0016,S
0x7101835a0b,0019,S
0x7101835a1e,0017,S
0x7101835a2f,0018,S
0x7101835a41,0016,S
0x7101835a51,0026,S
0x7101835a6b,0027,S
0x7101835a86,0028,S
0x7101835aa2,0016,S
0x7101835ab2,0013,S
0x7101835abf,0012,S
0x7101835acb,0011,S
0x7101835ad6,0016,S
0x7101835ae6,0011,S
0x7101835af1,0012,S
0x7101835afd,0013,S
0x7101835b0a,0006,S
0x7101835b10,0009,S
0x7101835b19,0014,S
0x7101835b27,0015,S
0x7101835b36,0010,S
0x7101835b40,0011,S
0x7101835b4b,0010,S
0x7101835b55,0010,S
0x7101835b5f,0011,S
0x7101835b6a,0014,S
0x7101835b78,0007,S
0x7101835b7f,0007,S
0x7101835b86,0016,S
0x7101835b96,0021,S
0x7101835bab,0024,S
0x7101835bc3,0022,S
0x7101835bd9,0030,S
0x7101835bf7,0011,S
0x7101835c02,0011,S
0x7101835c0d,0018,S
0x7101835c1f,0017,S
0x7101835c30,0012,S
0x7101835c3c,0034,S
0x7101835c5e,0037,S
0x7101835c83,0015,S
0x7101835c92,0009,S
0x7101835c9b,0009,S
0x7101835ca4,0019,S
0x7101835cb7,0025,S
0x7101835cd0,0014,S
0x7101835cde,0004,S
0x7101835ce2,0014,S
0x7101835cf0,0019,S
0x7101835d03,0015,S
0x7101835d12,0012,S
0x7101835d1e,0014,S
0x7101835d2c,0019,S
0x7101835d3f,0025,S
0x7101835d58,0016,S
0x7101835d68,0016,S
0x7101835d78,0016,S
0x7101835d88,0016,S
0x7101835d98,0028,S
0x7101835db4,0020,S
0x7101835dc8,0013,S
0x7101835dd5,0016,S
0x7101835de5,0025,S
0x7101835dfe,0013,S
0x7101835e0b,0048,S
0x7101835e3b,0013,S
0x7101835e48,0014,S
0x7101835e56,0005,S
0x7101835e5b,0023,S
0x7101835e72,0014,S
0x7101835e80,0014,S
0x7101835e8e,0007,S
0x7101835e95,0007,S
0x7101835e9c,0044,S
0x7101835ec8,0015,S
0x7101835ed7,0009,S
0x7101835ee0,0011,S
0x7101835eeb,0010,S
0x7101835ef5,0011,S
0x7101835f00,0008,S
0x7101835f08,0023,S
0x7101835f1f,0015,S
0x7101835f2e,0015,S
0x7101835f3d,0015,S
0x7101835f4c,0010,S
0x7101835f56,0018,S
0x7101835f68,0008,S
0x7101835f70,0019,S
0x7101835f83,0018,S
0x7101835f95,0018,S
0x7101835fa7,0018,S
0x7101835fb9,0020,S
0x7101835fcd,0019,S
0x7101835fe0,0019,S
0x7101835ff3,0019,S
0x7101836006,0010,S
0x7101836010,0019,S
0x7101836023,0010,S
0x710183602d,0021,S
0x7101836042,0010,S
0x710183604c,0037,S
0x7101836071,0020,S
0x7101836085,0024,S
0x710183609d,0025,S
0x71018360b6,0009,S
0x71018360bf,0014,S
0x71018360cd,0024,S
0x71018360e5,0012,S
0x71018360f1,0022,S
0x7101836107,0013,S
0x7101836114,0019,S
0x7101836127,0017,S
0x7101836138,0031,S
0x7101836157,0025,S
0x7101836170,0013,S
0x710183617d,0013,S
0x710183618a,0011,S
0x7101836195,0013,S
0x71018361a2,0016,S
0x71018361b2,0010,S
0x71018361bc,0016,S
0x71018361cc,0008,S
0x71018361d4,0009,S
0x71018361dd,0009,S
0x71018361e6,0012,S
0x71018361f2,0020,S
0x7101836206,0018,S
0x7101836218,0014,S
0x7101836226,0012,S
0x7101836232,0011,S
0x710183623d,0012,S
0x7101836249,0010,S
0x7101836253,0016,S
0x7101836263,0041,S
0x710183628c,0041,S
0x71018362b5,0025,S
0x71018362ce,0013,S
0x71018362db,0026,S
0x71018362f5,0007,S
0x71018362fc,0013,S
0x7101836309,0018,S
0x710183631b,0016,S
0x710183632b,0027,S
0x7101836346,0014,S
0x7101836354,0015,S
0x7101836363,0023,S
0x710183637a,0030,S
0x7101836398,0020,S
0x71018363ac,0020,S
0x71018363c0,0020,S
0x71018363d4,0020,S
0x71018363e8,0021,S
0x71018363fd,0019,S
0x7101836410,0021,S
0x7101836425,0024,S
0x710183643d,0013,S
0x710183644a,0013,S
0x7101836457,0013,S
0x7101836464,0013,S
0x7101836471,0013,S
0x710183647e,0013,S
0x710183648b,0014,S
0x7101836499,0014,S
0x71018364a7,0014,S
0x71018364b5,0014,S
0x71018364c3,0007,S
0x71018364ca,0011,S
0x71018364d5,0010,S
0x71018364df,0005,S
0x71018364e4,0020,S
0x71018364f8,0008,S
0x7101836500,0010,S
0x710183650a,0013,S
0x7101836517,0012,S
0x7101836523,0025,S
0x710183653c,0017,S
0x710183654d,0019,S
0x7101836560,0021,S
0x7101836575,0019,S
0x7101836588,0026,S
0x71018365a2,0019,S
0x71018365b5,0031,S
0x71018365d4,0027,S
0x71018365ef,0019,S
0x7101836602,0017,S
0x7101836613,0007,S
0x710183661a,0010,S
0x7101836624,0013,S
0x7101836631,0004,S
0x7101836635,0009,S
0x710183663e,0017,S
0x710183664f,0034,S
0x7101836671,0037,S
0x7101836696,0015,S
0x71018366a5,0017,S
0x71018366b6,0019,S
0x71018366c9,0007,S
0x71018366d0,0019,S
0x71018366e3,0009,S
0x71018366ec,0022,S
0x7101836702,0012,S
0x710183670e,0021,S
0x7101836723,0009,S
0x710183672c,0010,S
0x7101836736,0028,S
0x7101836752,0010,S
0x710183675c,0022,S
0x7101836772,0005,S
0x7101836777,0009,S
0x7101836780,0021,S
0x7101836795,0011,S
0x71018367a0,0019,S
0x71018367b3,0017,S
0x71018367c4,0016,S
0x71018367d4,0018,S
0x71018367e6,0017,S
0x71018367f7,0015,S
0x7101836806,0016,S
0x7101836816,0015,S
0x7101836825,0013,S
0x7101836832,0010,S
0x710183683c,0016,S
0x710183684c,0010,S
0x7101836856,0012,S
0x7101836862,0007,S
0x7101836869,0019,S
0x710183687c,0008,S
0x7101836884,0015,S
0x7101836893,0014,S
0x71018368a1,0011,S
0x71018368ac,0013,S
0x71018368b9,0010,S
0x71018368c3,0015,S
0x71018368d2,0015,S
0x71018368e1,0007,S
0x71018368e8,0007,S
0x71018368ef,0014,S
0x71018368fd,0014,S
0x710183690b,0017,S
0x710183691c,0014,S
0x710183692a,0017,S
0x710183693b,0009,S
0x7101836944,0014,S
0x7101836952,0043,S
0x710183697d,0010,S
0x7101836987,0010,S
0x7101836991,0008,S
0x7101836999,0012,S
0x71018369a5,0011,S
0x71018369b0,0008,S
0x71018369b8,0011,S
0x71018369c3,0013,S
0x71018369d0,0024,S
0x71018369e8,0024,S
0x7101836a00,0010,S
0x7101836a0a,0008,S
0x7101836a12,0010,S
0x7101836a1c,0007,S
0x7101836a23,0009,S
0x7101836a2c,0021,S
0x7101836a41,0013,S
0x7101836a4e,0014,S
0x7101836a5c,0007,S
0x7101836a63,0006,S
0x7101836a69,0007,S
0x7101836a70,0009,S
0x7101836a79,0012,S
0x7101836a85,0012,S
0x7101836a91,0012,S
0x7101836a9d,0012,S
0x7101836aa9,0013,S
0x7101836ab6,0013,S
0x7101836ac3,0014,S
0x7101836ad1,0009,S
0x7101836ada,0012,S
0x7101836ae6,0011,S
0x7101836af1,0019,S
0x7101836b04,0008,S
0x7101836b0c,0014,S
0x7101836b1a,0011,S
0x7101836b25,0016,S
0x7101836b35,0018,S
0x7101836b47,0014,S
0x7101836b55,0019,S
0x7101836b68,0032,S
0x7101836b88,0022,S
0x7101836b9e,0024,S
0x7101836bb6,0013,S
0x7101836bc3,0031,S
0x7101836be2,0017,S
0x7101836bf3,0006,S
0x7101836bf9,0005,S
0x7101836bfe,0016,S
0x7101836c0e,0037,S
0x7101836c33,0025,S
0x7101836c4c,0033,S
0x7101836c6d,0010,S
0x7101836c77,0011,S
0x7101836c82,0022,S
0x7101836c98,0015,S
0x7101836ca7,0008,S
0x7101836caf,0020,S
0x7101836cc3,0040,S
0x7101836ceb,0013,S
0x7101836cf8,0034,S
0x7101836d1a,0010,S
0x7101836d24,0025,S
0x7101836d3d,0011,S
0x7101836d48,0025,S
0x7101836d61,0015,S
0x7101836d70,0005,S
0x7101836d75,0016,S
0x7101836d85,0009,S
0x7101836d8e,0018,S
0x7101836da0,0009,S
0x7101836da9,0012,S
0x7101836db5,0022,S
0x7101836dcb,0017,S
0x7101836ddc,0017,S
0x7101836ded,0015,S
0x7101836dfc,0017,S
0x7101836e0d,0037,S
0x7101836e32,0037,S
0x7101836e57,0034,S
0x7101836e79,0019,S
0x7101836e8c,0015,S
0x7101836e9b,0025,S
0x7101836eb4,0037,S
0x7101836ed9,0025,S
0x7101836ef2,0011,S
0x7101836efd,0021,S
0x7101836f12,0004,S
0x7101836f16,0012,S
0x7101836f22,0037,S
0x7101836f47,0025,S
0x7101836f60,0012,S
0x7101836f6c,0007,S
0x7101836f73,0012,S
0x7101836f7f,0008,S
0x7101836f87,0007,S
0x7101836f8e,0006,S
0x7101836f94,0006,S
0x7101836f9a,0008,S
0x7101836fa2,0006,S
0x7101836fa8,0029,S
0x7101836fc5,0019,S
0x7101836fd8,0025,S
0x7101836ff1,0014,S
0x7101836fff,0011,S
0x710183700a,0020,S
0x710183701e,0015,S
0x710183702d,0009,S
0x7101837036,0005,S
0x710183703b,0013,S
0x7101837048,0009,S
0x7101837051,0014,S
0x710183705f,0013,S
0x710183706c,0013,S
0x7101837079,0013,S
0x7101837086,0013,S
0x7101837093,0013,S
0x71018370a0,0013,S
0x71018370ad,0019,S
0x71018370c0,0014,S
0x71018370ce,0007,S
0x71018370d5,0013,S
0x71018370e2,0010,S
0x71018370ec,0025,S
0x7101837105,0012,S
0x7101837111,0022,S
0x7101837127,0040,S
0x710183714f,0021,S
0x7101837164,0014,S
0x7101837172,0014,S
0x7101837180,0005,S
0x7101837185,0008,S
0x710183718d,0013,S
0x710183719a,0015,S
0x71018371a9,0010,S
0x71018371b3,0013,S
0x71018371c0,0010,S
0x71018371ca,0011,S
0x71018371d5,0017,S
0x71018371e6,0022,S
0x71018371fc,0005,S
0x7101837201,0015,S
0x7101837210,0042,S
0x710183723a,0007,S
0x7101837241,0012,S
0x710183724d,0012,S
0x7101837259,0012,S
0x7101837265,0012,S
0x7101837271,0012,S
0x710183727d,0019,S
0x7101837290,0013,S
0x710183729d,0017,S
0x71018372ae,0016,S
0x71018372be,0016,S
0x71018372ce,0017,S
0x71018372df,0017,S
0x71018372f0,0016,S
0x7101837300,0009,S
0x7101837309,0006,S
0x710183730f,0016,S
0x710183731f,0027,S
0x710183733a,0013,S
0x7101837347,0019,S
0x710183735a,0028,S
0x7101837376,0025,S
0x710183738f,0016,S
0x710183739f,0009,S
0x71018373a8,0004,S
0x71018373ac,0022,S
0x71018373c2,0015,S
0x71018373d1,0023,S
0x71018373e8,0028,S
0x7101837404,0031,S
0x7101837423,0031,S
0x7101837442,0016,S
0x7101837452,0009,S
0x710183745b,0034,S
0x710183747d,0022,S
0x7101837493,0010,S
0x710183749d,0016,S
0x71018374ad,0016,S
0x71018374bd,0009,S
0x71018374c6,0010,S
0x71018374d0,0028,S
0x71018374ec,0019,S
0x71018374ff,0034,S
0x7101837521,0015,S
0x7101837530,0011,S
0x710183753b,0034,S
0x710183755d,0035,S
0x7101837580,0012,S
0x710183758c,0016,S
0x710183759c,0015,S
0x71018375ab,0010,S
0x71018375b5,0019,S
0x71018375c8,0013,S
0x71018375d5,0015,S
0x71018375e4,0028,S
0x7101837600,0040,S
0x7101837628,0012,S
0x7101837634,0006,S
0x710183763a,0019,S
0x710183764d,0031,S
0x710183766c,0013,S
0x7101837679,0019,S
0x710183768c,0008,S
0x7101837694,0013,S
0x71018376a1,0014,S
0x71018376af,0020,S
0x71018376c3,0011,S
0x71018376ce,0014,S
0x71018376dc,0014,S
0x71018376ea,0023,S
0x7101837701,0016,S
0x7101837711,0012,S
0x710183771d,0010,S
0x7101837727,0011,S
0x7101837732,0016,S
0x7101837742,0014,S
0x7101837750,0028,S
0x710183776c,0022,S
0x7101837782,0012,S
0x710183778e,0012,S
0x710183779a,0037,S
0x71018377bf,0022,S
0x71018377d5,0037,S
0x71018377fa,0016,S
0x710183780a,0034,S
0x710183782c,0033,S
0x710183784d,0006,S
0x7101837853,0008,S
0x710183785b,0025,S
0x7101837874,0031,S
0x7101837893,0014,S
0x71018378a1,0032,S
0x71018378c1,0019,S
0x71018378d4,0052,S
0x7101837908,0010,S
0x7101837912,0014,S
0x7101837920,0014,S
0x710183792e,0046,S
0x710183795c,0015,S
0x710183796b,0031,S
0x710183798a,0008,S
0x7101837992,0037,S
0x71018379b7,0016,S
0x71018379c7,0028,S
0x71018379e3,0025,S
0x71018379fc,0023,S
0x7101837a13,0028,S
0x7101837a2f,0016,S
0x7101837a3f,0022,S
0x7101837a55,0018,S
0x7101837a67,0037,S
0x7101837a8c,0019,S
0x7101837a9f,0014,S
0x7101837aad,0021,S
0x7101837ac2,0017,S
0x7101837ad3,0014,S
0x7101837ae1,0043,S
0x7101837b0c,0020,S
0x7101837b20,0019,S
0x7101837b33,0017,S
0x7101837b44,0012,S
0x7101837b50,0029,S
0x7101837b6d,0035,S
0x7101837b90,0036,S
0x7101837bb4,0024,S
0x7101837bcc,0030,S
0x7101837bea,0013,S
0x7101837bf7,0019,S
0x7101837c0a,0025,S
0x7101837c23,0030,S
0x7101837c41,0030,S
0x7101837c5f,0016,S
0x7101837c6f,0021,S
0x7101837c84,0021,S
0x7101837c99,0018,S
0x7101837cab,0024,S
0x7101837cc3,0006,S
0x7101837cc9,0028,S
0x7101837ce5,0011,S
0x7101837cf0,0009,S
0x7101837cf9,0017,S
0x7101837d0a,0028,S
0x7101837d26,0017,S
0x7101837d37,0013,S
0x7101837d44,0011,S
0x7101837d4f,0016,S
0x7101837d5f,0019,S
0x7101837d72,0012,S
0x7101837d7e,0022,S
0x7101837d94,0007,S
0x7101837d9b,0022,S
0x7101837db1,0016,S
0x7101837dc1,0005,S
0x7101837dc6,0014,S
0x7101837dd4,0011,S
0x7101837ddf,0011,S
0x7101837dea,0027,S
0x7101837e05,0018,S
0x7101837e17,0052,S
0x7101837e4b,0009,S
0x7101837e54,0007,S
0x7101837e5b,0012,S
0x7101837e67,0010,S
0x7101837e71,0012,S
0x7101837e7d,0035,S
0x7101837ea0,0022,S
0x7101837eb6,0012,S
0x7101837ec2,0035,S
0x7101837ee5,0012,S
0x7101837ef1,0035,S
0x7101837f14,0012,S
0x7101837f20,0026,S
0x7101837f3a,0021,S
0x7101837f4f,0008,S
0x7101837f57,0039,S
0x7101837f7e,0015,S
0x7101837f8d,0012,S
0x7101837f99,0008,S
0x7101837fa1,0008,S
0x7101837fa9,0028,S
0x7101837fc5,0025,S
0x7101837fde,0037,S
0x7101838003,0010,S
0x710183800d,0009,S
0x7101838016,0010,S
0x7101838020,0019,S
0x7101838033,0010,S
0x710183803d,0031,S
0x710183805c,0025,S
0x7101838075,0023,S
0x710183808c,0011,S
0x7101838097,0007,S
0x710183809e,0016,S
0x71018380ae,0020,S
0x71018380c2,0016,S
0x71018380d2,0024,S
0x71018380ea,0014,S
0x71018380f8,0029,S
0x7101838115,0020,S
0x7101838129,0017,S
0x710183813a,0004,S
0x710183813e,0003,S
0x7101838141,0013,S
0x710183814e,0022,S
0x7101838164,0023,S
0x710183817b,0015,S
0x710183818a,0011,S
0x7101838195,0021,S
0x71018381aa,0009,S
0x71018381b3,0013,S
0x71018381c0,0016,S
0x71018381d0,0018,S
0x71018381e2,0024,S
0x71018381fa,0024,S
0x7101838212,0031,S
0x7101838231,0036,S
0x7101838255,0016,S
0x7101838265,0017,S
0x7101838276,0007,S
0x710183827d,0024,S
0x7101838295,0036,S
0x71018382b9,0025,S
0x71018382d2,0014,S
0x71018382e0,0013,S
0x71018382ed,0019,S
0x7101838300,0007,S
0x7101838307,0042,S
0x7101838331,0014,S
0x710183833f,0007,S
0x7101838346,0020,S
0x710183835a,0027,S
0x7101838375,0028,S
0x7101838391,0020,S
0x71018383a5,0020,S
0x71018383b9,0014,S
0x71018383c7,0013,S
0x71018383d4,0007,S
0x71018383db,0014,S
0x71018383e9,0021,S
0x71018383fe,0012,S
0x710183840a,0016,S
0x710183841a,0015,S
0x7101838429,0005,S
0x710183842e,0006,S
0x7101838434,0006,S
0x710183843a,0025,S
0x7101838453,0018,S
0x7101838465,0020,S
0x7101838479,0004,S
0x710183847d,0020,S
0x7101838491,0007,S
0x7101838498,0013,S
0x71018384a5,0013,S
0x71018384b2,0007,S
0x71018384b9,0020,S
0x71018384cd,0016,S
0x71018384dd,0005,S
0x71018384e2,0007,S
0x71018384e9,0021,S
0x71018384fe,0023,S
0x7101838515,0022,S
0x710183852b,0015,S
0x710183853a,0014,S
0x7101838548,0013,S
0x7101838555,0021,S
0x710183856a,0026,S
0x7101838584,0013,S
0x7101838591,0014,S
0x710183859f,0012,S
0x71018385ab,0018,S
0x71018385bd,0016,S
0x71018385cd,0016,S
0x71018385dd,0028,S
0x71018385f9,0022,S
0x710183860f,0009,S
0x7101838618,0025,S
0x7101838631,0013,S
0x710183863e,0025,S
0x7101838657,0012,S
0x7101838663,0016,S
0x7101838673,0020,S
0x7101838687,0011,S
0x7101838692,0050,S
0x71018386c4,0015,S
0x71018386d3,0025,S
0x71018386ec,0019,S
0x71018386ff,0031,S
0x710183871e,0020,S
0x7101838732,0011,S
0x710183873d,0013,S
0x710183874a,0015,S
0x7101838759,0017,S
0x710183876a,0020,S
0x710183877e,0016,S
0x710183878e,0010,S
0x7101838798,0031,S
0x71018387b7,0009,S
0x71018387c0,0009,S
0x71018387c9,0008,S
0x71018387d1,0008,S
0x71018387d9,0016,S
0x71018387e9,0009,S
0x71018387f2,0012,S
0x71018387fe,0013,S
0x710183880b,0010,S
0x7101838815,0007,S
0x710183881c,0009,S
0x7101838825,0010,S
0x710183882f,0013,S
0x710183883c,0025,S
0x7101838855,0011,S
0x7101838860,0022,S
0x7101838876,0039,S
0x710183889d,0037,S
0x71018388c2,0017,S
0x71018388d3,0019,S
0x71018388e6,0007,S
0x71018388ed,0007,S
0x71018388f4,0007,S
0x71018388fb,0007,S
0x7101838902,0013,S
0x710183890f,0027,S
0x710183892a,0019,S
0x710183893d,0013,S
0x710183894a,0015,S
0x7101838959,0013,S
0x7101838966,0013,S
0x7101838973,0013,S
0x7101838980,0013,S
0x710183898d,0009,S
0x7101838996,0013,S
0x71018389a3,0015,S
0x71018389b2,0016,S
0x71018389c2,0016,S
0x71018389d2,0014,S
0x71018389e0,0033,S
0x7101838a01,0016,S
0x7101838a11,0014,S
0x7101838a1f,0076,S
0x7101838a6b,0015,S
0x7101838a7a,0010,S
0x7101838a84,0046,S
0x7101838ab2,0011,S
0x7101838abd,0028,S
0x7101838ad9,0009,S
0x7101838ae2,0042,S
0x7101838b0c,0018,S
0x7101838b1e,0017,S
0x7101838b2f,0023,S
0x7101838b46,0018,S
0x7101838b58,0015,S
0x7101838b67,0010,S
0x7101838b71,0017,S
0x7101838b82,0025,S
0x7101838b9b,0017,S
0x7101838bac,0007,S
0x7101838bb3,0013,S
0x7101838bc0,0003,S
0x7101838bc3,0010,S
0x7101838bcd,0022,S
0x7101838be3,0013,S
0x7101838bf0,0013,S
0x7101838bfd,0006,S
0x7101838c03,0006,S
0x7101838c09,0006,S
0x7101838c0f,0010,S
0x7101838c19,0016,S
0x7101838c29,0007,S
0x7101838c30,0007,S
0x7101838c37,0007,S
0x7101838c3e,0006,S
0x7101838c44,0006,S
0x7101838c4a,0037,S
0x7101838c6f,0014,S
0x7101838c7d,0049,S
0x7101838cae,0037,S
0x7101838cd3,0016,S
0x7101838ce3,0022,S
0x7101838cf9,0027,S
0x7101838d14,0033,S
0x7101838d35,0015,S
0x7101838d44,0015,S
0x7101838d53,0029,S
0x7101838d70,0035,S
0x7101838d93,0019,S
0x7101838da6,0033,S
0x7101838dc7,0039,S
0x7101838dee,0015,S
0x7101838dfd,0015,S
0x7101838e0c,0029,S
0x7101838e29,0035,S
0x7101838e4c,0022,S
0x7101838e62,0036,S
0x7101838e86,0042,S
0x7101838eb0,0040,S
0x7101838ed8,0046,S
0x7101838f06,0011,S
0x7101838f11,0011,S
0x7101838f1c,0012,S
0x7101838f28,0012,S
0x7101838f34,0012,S
0x7101838f40,0019,S
0x7101838f53,0022,S
0x7101838f69,0023,S
0x7101838f80,0041,S
0x7101838fa9,0058,S
0x7101838fe3,0037,S
0x7101839008,0043,S
0x7101839033,0038,S
0x7101839059,0052,S
0x710183908d,0064,S
0x71018390cd,0017,S
0x71018390de,0022,S
0x71018390f4,0023,S
0x710183910b,0013,S
0x7101839118,0021,S
0x710183912d,0029,S
0x710183914a,0045,S
0x7101839177,0017,S
0x7101839188,0009,S
0x7101839191,0026,S
0x71018391ab,0010,S
0x71018391b5,0010,S
0x71018391bf,0020,S
0x71018391d3,0022,S
0x71018391e9,0015,S
0x71018391f8,0048,S
0x7101839228,0028,S
0x7101839244,0016,S
0x7101839254,0012,S
0x7101839260,0022,S
0x7101839276,0020,S
0x710183928a,0014,S
0x7101839298,0017,S
0x71018392a9,0010,S
0x71018392b3,0016,S
0x71018392c3,0009,S
0x71018392cc,0016,S
0x71018392dc,0011,S
0x71018392e7,0016,S
0x71018392f7,0010,S
0x7101839301,0010,S
0x710183930b,0010,S
0x7101839315,0013,S
0x7101839322,0010,S
0x710183932c,0010,S
0x7101839336,0016,S
0x7101839346,0016,S
0x7101839356,0016,S
0x7101839366,0010,S
0x7101839370,0004,S
0x7101839374,0016,S
0x7101839384,0016,S
0x7101839394,0016,S
0x71018393a4,0007,S
0x71018393ab,0020,S
0x71018393bf,0020,S
0x71018393d3,0007,S
0x71018393da,0016,S
0x71018393ea,0016,S
0x71018393fa,0016,S
0x710183940a,0016,S
0x710183941a,0016,S
0x710183942a,0019,S
0x710183943d,0019,S
0x7101839450,0016,S
0x7101839460,0016,S
0x7101839470,0016,S
0x7101839480,0019,S
0x7101839493,0019,S
0x71018394a6,0019,S
0x71018394b9,0016,S
0x71018394c9,0016,S
0x71018394d9,0016,S
0x71018394e9,0016,S
0x71018394f9,0016,S
0x7101839509,0016,S
0x7101839519,0016,S
0x7101839529,0016,S
0x7101839539,0016,S
0x7101839549,0016,S
0x7101839559,0016,S
0x7101839569,0007,S
0x7101839570,0015,S
0x710183957f,0015,S
0x710183958e,0015,S
0x710183959d,0011,S
0x71018395a8,0018,S
0x71018395ba,0011,S
0x71018395c5,0018,S
0x71018395d7,0011,S
0x71018395e2,0018,S
0x71018395f4,0020,S
0x7101839608,0004,S
0x710183960c,0017,S
0x710183961d,0010,S
0x7101839627,0024,S
0x710183963f,0016,S
0x710183964f,0019,S
0x7101839662,0026,S
0x710183967c,0010,S
0x7101839686,0024,S
0x710183969e,0019,S
0x71018396b1,0027,S
0x71018396cc,0022,S
0x71018396e2,0010,S
0x71018396ec,0025,S
0x7101839705,0007,S
0x710183970c,0024,S
0x7101839724,0027,S
0x710183973f,0025,S
0x7101839758,0014,S
0x7101839766,0029,S
0x7101839783,0024,S
0x710183979b,0052,S
0x71018397cf,0052,S
0x7101839803,0022,S
0x7101839819,0010,S
0x7101839823,0013,S
0x7101839830,0022,S
0x7101839846,0023,S
0x710183985d,0019,S
0x7101839870,0011,S
0x710183987b,0008,S
0x7101839883,0009,S
0x710183988c,0022,S
0x71018398a2,0015,S
0x71018398b1,0008,S
0x71018398b9,0039,S
0x71018398e0,0322,S
0x7101839a22,0005,S
0x7101839a27,0009,S
0x7101839a30,0058,S
0x7101839a6a,0014,S
0x7101839a78,0019,S
0x7101839a8b,0007,S
0x7101839a92,0018,S
0x7101839aa4,0018,S
0x7101839ab6,0013,S
0x7101839ac3,0018,S
0x7101839ad5,0016,S
0x7101839ae5,0016,S
0x7101839af5,0016,S
0x7101839b05,0013,S
0x7101839b12,0017,S
0x7101839b23,0009,S
0x7101839b2c,0018,S
0x7101839b3e,0016,S
0x7101839b4e,0013,S
0x7101839b5b,0012,S
0x7101839b67,0016,S
0x7101839b77,0031,S
0x7101839b96,0007,S
0x7101839b9d,0013,S
0x7101839baa,0011,S
0x7101839bb5,0016,S
0x7101839bc5,0011,S
0x7101839bd0,0022,S
0x7101839be6,0014,S
0x7101839bf4,0022,S
0x7101839c0a,0014,S
0x7101839c18,0010,S
0x7101839c22,0019,S
0x7101839c35,0030,S
0x7101839c53,0012,S
0x7101839c5f,0031,S
0x7101839c7e,0020,S
0x7101839c92,0021,S
0x7101839ca7,0027,S
0x7101839cc2,0028,S
0x7101839cde,0025,S
0x7101839cf7,0013,S
0x7101839d04,0016,S
0x7101839d14,0010,S
0x7101839d1e,0022,S
0x7101839d34,0013,S
0x7101839d41,0013,S
0x7101839d4e,0014,S
0x7101839d5c,0026,S
0x7101839d76,0012,S
0x7101839d82,0029,S
0x7101839d9f,0017,S
0x7101839db0,0035,S
0x7101839dd3,0029,S
0x7101839df0,0017,S
0x7101839e01,0035,S
0x7101839e24,0029,S
0x7101839e41,0017,S
0x7101839e52,0035,S
0x7101839e75,0068,S
0x7101839eb9,0014,S
0x7101839ec7,0007,S
0x7101839ece,0027,S
0x7101839ee9,0034,S
0x7101839f0b,0022,S
0x7101839f21,0006,S
0x7101839f27,0015,S
0x7101839f36,0017,S
0x7101839f47,0010,S
0x7101839f51,0045,S
0x7101839f7e,0030,S
0x7101839f9c,0012,S
0x7101839fa8,0031,S
0x7101839fc7,0019,S
0x7101839fda,0013,S
0x7101839fe7,0019,S
0x7101839ffa,0007,S
0x710183a001,0016,S
0x710183a011,0020,S
0x710183a025,0007,S
0x710183a02c,0025,S
0x710183a045,0013,S
0x710183a052,0019,S
0x710183a065,0020,S
0x710183a079,0018,S
0x710183a08b,0012,S
0x710183a097,0013,S
0x710183a0a4,0013,S
0x710183a0b1,0013,S
0x710183a0be,0013,S
0x710183a0cb,0009,S
0x710183a0d4,0024,S
0x710183a0ec,0046,S
0x710183a11a,0034,S
0x710183a13c,0020,S
0x710183a150,0016,S
0x710183a160,0021,S
0x710183a175,0014,S
0x710183a183,0011,S
0x710183a18e,0011,S
0x710183a199,0009,S
0x710183a1a2,0020,S
0x710183a1b6,0013,S
0x710183a1c3,0009,S
0x710183a1cc,0009,S
0x710183a1d5,0009,S
0x710183a1de,0009,S
0x710183a1e7,0013,S
0x710183a1f4,0009,S
0x710183a1fd,0008,S
0x710183a205,0013,S
0x710183a212,0017,S
0x710183a223,0034,S
0x710183a245,0023,S
0x710183a25c,0017,S
0x710183a26d,0009,S
0x710183a276,0013,S
0x710183a283,0012,S
0x710183a28f,0011,S
0x710183a29a,0006,S
0x710183a2a0,0020,S
0x710183a2b4,0017,S
0x710183a2c5,0024,S
0x710183a2dd,0040,S
0x710183a305,0010,S
0x710183a30f,0009,S
0x710183a318,0005,S
0x710183a31d,0008,S
0x710183a325,0017,S
0x710183a336,0011,S
0x710183a341,0014,S
0x710183a34f,0019,S
0x710183a362,0016,S
0x710183a372,0019,S
0x710183a385,0017,S
0x710183a396,0014,S
0x710183a3a4,0016,S
0x710183a3b4,0012,S
0x710183a3c0,0031,S
0x710183a3df,0013,S
0x710183a3ec,0013,S
0x710183a3f9,0014,S
0x710183a407,0013,S
0x710183a414,0012,S
0x710183a420,0016,S
0x710183a430,0011,S
0x710183a43b,0006,S
0x710183a441,0010,S
0x710183a44b,0013,S
0x710183a458,0017,S
0x710183a469,0010,S
0x710183a473,0010,S
0x710183a47d,0011,S
0x710183a488,0030,S
0x710183a4a6,0034,S
0x710183a4c8,0018,S
0x710183a4da,0015,S
0x710183a4e9,0019,S
0x710183a4fc,0025,S
0x710183a515,0023,S
0x710183a52c,0037,S
0x710183a551,0008,S
0x710183a559,0012,S
0x710183a565,0015,S
0x710183a574,0015,S
0x710183a583,0013,S
0x710183a590,0015,S
0x710183a59f,0003,S
0x710183a5a2,0013,S
0x710183a5af,0006,S
0x710183a5b5,0014,S
0x710183a5c3,0018,S
0x710183a5d5,0012,S
0x710183a5e1,0004,S
0x710183a5e5,0002,S
0x710183a5e7,0023,S
0x710183a5fe,0012,S
0x710183a60a,0009,S
0x710183a613,0016,S
0x710183a623,0041,S
0x710183a64c,0034,S
0x710183a66e,0005,S
0x710183a673,0022,S
0x710183a689,0024,S
0x710183a6a1,0021,S
0x710183a6b6,0017,S
0x710183a6c7,0012,S
0x710183a6d3,0015,S
0x710183a6e2,0015,S
0x710183a6f1,0017,S
0x710183a702,0005,S
0x710183a707,0027,S
0x710183a722,0026,S
0x710183a73c,0017,S
0x710183a74d,0018,S
0x710183a75f,0023,S
0x710183a776,0012,S
0x710183a782,0017,S
0x710183a793,0024,S
0x710183a7ab,0048,S
0x710183a7db,0012,S
0x710183a7e7,0013,S
0x710183a7f4,0009,S
0x710183a7fd,0014,S
0x710183a80b,0029,S
0x710183a828,0014,S
0x710183a836,0028,S
0x710183a852,0020,S
0x710183a866,0025,S
0x710183a87f,0030,S
0x710183a89d,0031,S
0x710183a8bc,0026,S
0x710183a8d6,0017,S
0x710183a8e7,0030,S
0x710183a905,0018,S
0x710183a917,0036,S
0x710183a93b,0038,S
0x710183a961,0026,S
0x710183a97b,0026,S
0x710183a995,0026,S
0x710183a9af,0029,S
0x710183a9cc,0029,S
0x710183a9e9,0015,S
0x710183a9f8,0015,S
0x710183aa07,0018,S
0x710183aa19,0018,S
0x710183aa2b,0015,S
0x710183aa3a,0022,S
0x710183aa50,0045,S
0x710183aa7d,0022,S
0x710183aa93,0046,S
0x710183aac1,0031,S
0x710183aae0,0025,S
0x710183aaf9,0048,S
0x710183ab29,0037,S
0x710183ab4e,0037,S
0x710183ab73,0016,S
0x710183ab83,0031,S
0x710183aba2,0033,S
0x710183abc3,0020,S
0x710183abd7,0051,S
0x710183ac0a,0017,S
0x710183ac1b,0005,S
0x710183ac20,0012,S
0x710183ac2c,0007,S
0x710183ac33,0004,S
0x710183ac37,0016,S
0x710183ac47,0007,S
0x710183ac4e,0051,S
0x710183ac81,0021,S
0x710183ac96,0033,S
0x710183acb7,0021,S
0x710183accc,0027,S
0x710183ace7,0031,S
0x710183ad06,0033,S
0x710183ad27,0032,S
0x710183ad47,0023,S
0x710183ad5e,0028,S
0x710183ad7a,0028,S
0x710183ad96,0015,S
0x710183ada5,0026,S
0x710183adbf,0016,S
0x710183adcf,0013,S
0x710183addc,0019,S
0x710183adef,0023,S
0x710183ae06,0014,S
0x710183ae14,0019,S
0x710183ae27,0016,S
0x710183ae37,0016,S
0x710183ae47,0015,S
0x710183ae56,0021,S
0x710183ae6b,0033,S
0x710183ae8c,0021,S
0x710183aea1,0021,S
0x710183aeb6,0026,S
0x710183aed0,0014,S
0x710183aede,0014,S
0x710183aeec,0014,S
0x710183aefa,0012,S
0x710183af06,0011,S
0x710183af11,0010,S
0x710183af1b,0012,S
0x710183af27,0017,S
0x710183af38,0012,S
0x710183af44,0016,S
0x710183af54,0014,S
0x710183af62,0013,S
0x710183af6f,0014,S
0x710183af7d,0016,S
0x710183af8d,0060,S
0x710183afc9,0017,S
0x710183afda,0013,S
0x710183afe7,0054,S
0x710183b01d,0012,S
0x710183b029,0051,S
0x710183b05c,0020,S
0x710183b070,0051,S
0x710183b0a3,0007,S
0x710183b0aa,0005,S
0x710183b0af,0012,S
0x710183b0bb,0011,S
0x710183b0c6,0016,S
0x710183b0d6,0027,S
0x710183b0f1,0017,S
0x710183b102,0013,S
0x710183b10f,0014,S
0x710183b11d,0014,S
0x710183b12b,0031,S
0x710183b14a,0025,S
0x710183b163,0044,S
0x710183b18f,0010,S
0x710183b199,0037,S
0x710183b1be,0054,S
0x710183b1f4,0036,S
0x710183b218,0036,S
0x710183b23c,0015,S
0x710183b24b,0009,S
0x710183b254,0025,S
0x710183b26d,0036,S
0x710183b291,0030,S
0x710183b2af,0016,S
0x710183b2bf,0036,S
0x710183b2e3,0017,S
0x710183b2f4,0039,S
0x710183b31b,0020,S
0x710183b32f,0025,S
0x710183b348,0008,S
0x710183b350,0016,S
0x710183b360,0013,S
0x710183b36d,0013,S
0x710183b37a,0013,S
0x710183b387,0006,S
0x710183b38d,0028,S
0x710183b3a9,0039,S
0x710183b3d0,0042,S
0x710183b3fa,0047,S
0x710183b429,0039,S
0x710183b450,0045,S
0x710183b47d,0007,S
0x710183b484,0012,S
0x710183b490,0011,S
0x710183b49b,0015,S
0x710183b4aa,0016,S
0x710183b4ba,0018,S
0x710183b4cc,0015,S
0x710183b4db,0015,S
0x710183b4ea,0015,S
0x710183b4f9,0022,S
0x710183b50f,0016,S
0x710183b51f,0016,S
0x710183b52f,0020,S
0x710183b543,0020,S
0x710183b557,0018,S
0x710183b569,0018,S
0x710183b57b,0022,S
0x710183b591,0022,S
0x710183b5a7,0023,S
0x710183b5be,0023,S
0x710183b5d5,0023,S
0x710183b5ec,0023,S
0x710183b603,0023,S
0x710183b61a,0017,S
0x710183b62b,0012,S
0x710183b637,0013,S
0x710183b644,0013,S
0x710183b651,0015,S
0x710183b660,0015,S
0x710183b66f,0017,S
0x710183b680,0017,S
0x710183b691,0018,S
0x710183b6a3,0018,S
0x710183b6b5,0011,S
0x710183b6c0,0020,S
0x710183b6d4,0020,S
0x710183b6e8,0020,S
0x710183b6fc,0018,S
0x710183b70e,0024,S
0x710183b726,0017,S
0x710183b737,0018,S
0x710183b749,0018,S
0x710183b75b,0019,S
0x710183b76e,0019,S
0x710183b781,0022,S
0x710183b797,0020,S
0x710183b7ab,0017,S
0x710183b7bc,0017,S
0x710183b7cd,0017,S
0x710183b7de,0016,S
0x710183b7ee,0016,S
0x710183b7fe,0016,S
0x710183b80e,0014,S
0x710183b81c,0014,S
0x710183b82a,0018,S
0x710183b83c,0018,S
0x710183b84e,0019,S
0x710183b861,0023,S
0x710183b878,0019,S
0x710183b88b,0019,S
0x710183b89e,0013,S
0x710183b8ab,0013,S
0x710183b8b8,0013,S
0x710183b8c5,0027,S
0x710183b8e0,0008,S
0x710183b8e8,0021,S
0x710183b8fd,0005,S
0x710183b902,0016,S
0x710183b912,0009,S
0x710183b91b,0033,S
0x710183b93c,0010,S
0x710183b946,0015,S
0x710183b955,0016,S
0x710183b965,0013,S
0x710183b972,0010,S
0x710183b97c,0010,S
0x710183b986,0008,S
0x710183b98e,0021,S
0x710183b9a3,0018,S
0x710183b9b5,0013,S
0x710183b9c2,0020,S
0x710183b9d6,0029,S
0x710183b9f3,0028,S
0x710183ba0f,0033,S
0x710183ba30,0026,S
0x710183ba4a,0029,S
0x710183ba67,0014,S
0x710183ba75,0009,S
0x710183ba7e,0014,S
0x710183ba8c,0014,S
0x710183ba9a,0028,S
0x710183bab6,0015,S
0x710183bac5,0010,S
0x710183bacf,0010,S
0x710183bad9,0016,S
0x710183bae9,0014,S
0x710183baf7,0012,S
0x710183bb03,0019,S
0x710183bb16,0015,S
0x710183bb25,0023,S
0x710183bb3c,0019,S
0x710183bb4f,0017,S
0x710183bb60,0014,S
0x710183bb6e,0020,S
0x710183bb82,0022,S
0x710183bb98,0015,S
0x710183bba7,0012,S
0x710183bbb3,0013,S
0x710183bbc0,0011,S
0x710183bbcb,0007,S
0x710183bbd2,0025,S
0x710183bbeb,0042,S
0x710183bc15,0010,S
0x710183bc1f,0009,S
0x710183bc28,0013,S
0x710183bc35,0023,S
0x710183bc4c,0019,S
0x710183bc5f,0022,S
0x710183bc75,0018,S
0x710183bc87,0012,S
0x710183bc93,0011,S
0x710183bc9e,0007,S
0x710183bca5,0010,S
0x710183bcaf,0009,S
0x710183bcb8,0009,S
0x710183bcc1,0020,S
0x710183bcd5,0019,S
0x710183bce8,0021,S
0x710183bcfd,0025,S
0x710183bd16,0009,S
0x710183bd1f,0007,S
0x710183bd26,0014,S
0x710183bd34,0013,S
0x710183bd41,0055,S
0x710183bd78,0010,S
0x710183bd82,0009,S
0x710183bd8b,0008,S
0x710183bd93,0020,S
0x710183bda7,0014,S
0x710183bdb5,0023,S
0x710183bdcc,0012,S
0x710183bdd8,0005,S
0x710183bddd,0013,S
0x710183bdea,0005,S
0x710183bdef,0013,S
0x710183bdfc,0008,S
0x710183be04,0019,S
0x710183be17,0006,S
0x710183be1d,0008,S
0x710183be25,0016,S
0x710183be35,0009,S
0x710183be3e,0009,S
0x710183be47,0009,S
0x710183be50,0011,S
0x710183be5b,0046,S
0x710183be89,0012,S
0x710183be95,0019,S
0x710183bea8,0019,S
0x710183bebb,0055,S
0x710183bef2,0049,S
0x710183bf23,0055,S
0x710183bf5a,0045,S
0x710183bf87,0060,S
0x710183bfc3,0061,S
0x710183c000,0010,S
0x710183c00a,0005,S
0x710183c00f,0027,S
0x710183c02a,0052,S
0x710183c05e,0040,S
0x710183c086,0018,S
0x710183c098,0025,S
0x710183c0b1,0025,S
0x710183c0ca,0025,S
0x710183c0e3,0033,S
0x710183c104,0016,S
0x710183c114,0016,S
0x710183c124,0008,S
0x710183c12c,0018,S
0x710183c13e,0007,S
0x710183c145,0023,S
0x710183c15c,0013,S
0x710183c169,0014,S
0x710183c177,0010,S
0x710183c181,0031,S
0x710183c1a0,0019,S
0x710183c1b3,0018,S
0x710183c1c5,0031,S
0x710183c1e4,0023,S
0x710183c1fb,0007,S
0x710183c202,0012,S
0x710183c20e,0052,S
0x710183c242,0016,S
0x710183c252,0005,S
0x710183c257,0024,S
0x710183c26f,0007,S
0x710183c276,0008,S
0x710183c27e,0013,S
0x710183c28b,0020,S
0x710183c29f,0007,S
0x710183c2a6,0007,S
0x710183c2ad,0014,S
0x710183c2bb,0013,S
0x710183c2c8,0012,S
0x710183c2d4,0010,S
0x710183c2de,0013,S
0x710183c2eb,0010,S
0x710183c2f5,0012,S
0x710183c301,0010,S
0x710183c30b,0011,S
0x710183c316,0007,S
0x710183c31d,0016,S
0x710183c32d,0009,S
0x710183c336,0016,S
0x710183c346,0019,S
0x710183c359,0005,S
0x710183c35e,0006,S
0x710183c364,0011,S
0x710183c36f,0015,S
0x710183c37e,0015,S
0x710183c38d,0012,S
0x710183c399,0010,S
0x710183c3a3,0014,S
0x710183c3b1,0014,S
0x710183c3bf,0018,S
0x710183c3d1,0024,S
0x710183c3e9,0022,S
0x710183c3ff,0009,S
0x710183c408,0028,S
0x710183c424,0030,S
0x710183c442,0013,S
0x710183c44f,0011,S
0x710183c45a,0009,S
0x710183c463,0010,S
0x710183c46d,0007,S
0x710183c474,0015,S
0x710183c483,0015,S
0x710183c492,0015,S
0x710183c4a1,0016,S
0x710183c4b1,0019,S
0x710183c4c4,0019,S
0x710183c4d7,0032,S
0x710183c4f7,0019,S
0x710183c50a,0022,S
0x710183c520,0025,S
0x710183c539,0027,S
0x710183c554,0027,S
0x710183c56f,0039,S
0x710183c596,0039,S
0x710183c5bd,0033,S
0x710183c5de,0033,S
0x710183c5ff,0042,S
0x710183c629,0042,S
0x710183c653,0039,S
0x710183c67a,0027,S
0x710183c695,0027,S
0x710183c6b0,0027,S
0x710183c6cb,0027,S
0x710183c6e6,0027,S
0x710183c701,0027,S
0x710183c71c,0021,S
0x710183c731,0043,S
0x710183c75c,0018,S
0x710183c76e,0021,S
0x710183c783,0025,S
0x710183c79c,0033,S
0x710183c7bd,0036,S
0x710183c7e1,0040,S
0x710183c809,0042,S
0x710183c833,0036,S
0x710183c857,0009,S
0x710183c860,0018,S
0x710183c872,0022,S
0x710183c888,0022,S
0x710183c89e,0007,S
0x710183c8a5,0007,S
0x710183c8ac,0014,S
0x710183c8ba,0012,S
0x710183c8c6,0013,S
0x710183c8d3,0015,S
0x710183c8e2,0010,S
0x710183c8ec,0013,S
0x710183c8f9,0019,S
0x710183c90c,0019,S
0x710183c91f,0023,S
0x710183c936,0025,S
0x710183c94f,0025,S
0x710183c968,0009,S
0x710183c971,0009,S
0x710183c97a,0025,S
0x710183c993,0009,S
0x710183c99c,0008,S
0x710183c9a4,0009,S
0x710183c9ad,0019,S
0x710183c9c0,0014,S
0x710183c9ce,0013,S
0x710183c9db,0008,S
0x710183c9e3,0008,S
0x710183c9eb,0008,S
0x710183c9f3,0019,S
0x710183ca06,0007,S
0x710183ca0d,0015,S
0x710183ca1c,0012,S
0x710183ca28,0026,S
0x710183ca42,0020,S
0x710183ca56,0024,S
0x710183ca6e,0029,S
0x710183ca8b,0023,S
0x710183caa2,0023,S
0x710183cab9,0028,S
0x710183cad5,0022,S
0x710183caeb,0028,S
0x710183cb07,0027,S
0x710183cb22,0027,S
0x710183cb3d,0026,S
0x710183cb57,0023,S
0x710183cb6e,0010,S
0x710183cb78,0025,S
0x710183cb91,0018,S
0x710183cba3,0025,S
0x710183cbbc,0027,S
0x710183cbd7,0025,S
0x710183cbf0,0007,S
0x710183cbf7,0017,S
0x710183cc08,0009,S
0x710183cc11,0011,S
0x710183cc1c,0009,S
0x710183cc25,0009,S
0x710183cc2e,0005,S
0x710183cc33,0004,S
0x710183cc37,0008,S
0x710183cc3f,0021,S
0x710183cc54,0006,S
0x710183cc5a,0009,S
0x710183cc63,0022,S
0x710183cc79,0030,S
0x710183cc97,0007,S
0x710183cc9e,0033,S
0x710183ccbf,0008,S
0x710183ccc7,0006,S
0x710183cccd,0006,S
0x710183ccd3,0019,S
0x710183cce6,0012,S
0x710183ccf2,0010,S
0x710183ccfc,0017,S
0x710183cd0d,0014,S
0x710183cd1b,0010,S
0x710183cd25,0013,S
0x710183cd32,0022,S
0x710183cd48,0014,S
0x710183cd56,0025,S
0x710183cd6f,0018,S
0x710183cd81,0028,S
0x710183cd9d,0024,S
0x710183cdb5,0019,S
0x710183cdc8,0013,S
0x710183cdd5,0013,S
0x710183cde2,0018,S
0x710183cdf4,0016,S
0x710183ce04,0015,S
0x710183ce13,0012,S
0x710183ce1f,0012,S
0x710183ce2b,0013,S
0x710183ce38,0028,S
0x710183ce54,0010,S
0x710183ce5e,0005,S
0x710183ce63,0009,S
0x710183ce6c,0014,S
0x710183ce7a,0007,S
0x710183ce81,0010,S
0x710183ce8b,0015,S
0x710183ce9a,0009,S
0x710183cea3,0010,S
0x710183cead,0011,S
0x710183ceb8,0006,S
0x710183cebe,0014,S
0x710183cecc,0015,S
0x710183cedb,0017,S
0x710183ceec,0015,S
0x710183cefb,0010,S
0x710183cf05,0017,S
0x710183cf16,0018,S
0x710183cf28,0066,S
0x710183cf6a,0016,S
0x710183cf7a,0015,S
0x710183cf89,0015,S
0x710183cf98,0020,S
0x710183cfac,0016,S
0x710183cfbc,0018,S
0x710183cfce,0011,S
0x710183cfd9,0011,S
0x710183cfe4,0006,S
0x710183cfea,0011,S
0x710183cff5,0017,S
0x710183d006,0016,S
0x710183d016,0011,S
0x710183d021,0018,S
0x710183d033,0019,S
0x710183d046,0015,S
0x710183d055,0017,S
0x710183d066,0008,S
0x710183d06e,0022,S
0x710183d084,0010,S
0x710183d08e,0016,S
0x710183d09e,0016,S
0x710183d0ae,0009,S
0x710183d0b7,0017,S
0x710183d0c8,0015,S
0x710183d0d7,0010,S
0x710183d0e1,0013,S
0x710183d0ee,0013,S
0x710183d0fb,0014,S
0x710183d109,0014,S
0x710183d117,0014,S
0x710183d125,0013,S
0x710183d132,0013,S
0x710183d13f,0031,S
0x710183d15e,0031,S
0x710183d17d,0040,S
0x710183d1a5,0015,S
0x710183d1b4,0018,S
0x710183d1c6,0011,S
0x710183d1d1,0019,S
0x710183d1e4,0009,S
0x710183d1ed,0010,S
0x710183d1f7,0011,S
0x710183d202,0010,S
0x710183d20c,0014,S
0x710183d21a,0015,S
0x710183d229,0005,S
0x710183d22e,0006,S
0x710183d234,0008,S
0x710183d23c,0012,S
0x710183d248,0019,S
0x710183d25b,0019,S
0x710183d26e,0022,S
0x710183d284,0022,S
0x710183d29a,0014,S
0x710183d2a8,0015,S
0x710183d2b7,0008,S
0x710183d2bf,0009,S
0x710183d2c8,0010,S
0x710183d2d2,0010,S
0x710183d2dc,0016,S
0x710183d2ec,0008,S
0x710183d2f4,0008,S
0x710183d2fc,0013,S
0x710183d309,0011,S
0x710183d314,0012,S
0x710183d320,0012,S
0x710183d32c,0012,S
0x710183d338,0006,S
0x710183d33e,0006,S
0x710183d344,0010,S
0x710183d34e,0022,S
0x710183d364,0028,S
0x710183d380,0008,S
0x710183d388,0011,S
0x710183d393,0009,S
0x710183d39c,0012,S
0x710183d3a8,0011,S
0x710183d3b3,0009,S
0x710183d3bc,0013,S
0x710183d3c9,0017,S
0x710183d3da,0015,S
0x710183d3e9,0010,S
0x710183d3f3,0009,S
0x710183d3fc,0011,S
0x710183d407,0009,S
0x710183d410,0009,S
0x710183d419,0019,S
0x710183d42c,0021,S
0x710183d441,0028,S
0x710183d45d,0034,S
0x710183d47f,0040,S
0x710183d4a7,0019,S
0x710183d4ba,0013,S
0x710183d4c7,0013,S
0x710183d4d4,0010,S
0x710183d4de,0025,S
0x710183d4f7,0037,S
0x710183d51c,0040,S
0x710183d544,0005,S
0x710183d549,0037,S
0x710183d56e,0015,S
0x710183d57d,0015,S
0x710183d58c,0018,S
0x710183d59e,0014,S
0x710183d5ac,0007,S
0x710183d5b3,0029,S
0x710183d5d0,0008,S
0x710183d5d8,0013,S
0x710183d5e5,0014,S
0x710183d5f3,0028,S
0x710183d60f,0016,S
0x710183d61f,0016,S
0x710183d62f,0017,S
0x710183d640,0023,S
0x710183d657,0022,S
0x710183d66d,0020,S
0x710183d681,0024,S
0x710183d699,0017,S
0x710183d6aa,0010,S
0x710183d6b4,0022,S
0x710183d6ca,0037,S
0x710183d6ef,0028,S
0x710183d70b,0019,S
0x710183d71e,0010,S
0x710183d728,0013,S
0x710183d735,0010,S
0x710183d73f,0015,S
0x710183d74e,0014,S
0x710183d75c,0020,S
0x710183d770,0021,S
0x710183d785,0021,S
0x710183d79a,0022,S
0x710183d7b0,0020,S
0x710183d7c4,0021,S
0x710183d7d9,0013,S
0x710183d7e6,0014,S
0x710183d7f4,0010,S
0x710183d7fe,0016,S
0x710183d80e,0015,S
0x710183d81d,0006,S
0x710183d823,0011,S
0x710183d82e,0043,S
0x710183d859,0015,S
0x710183d868,0019,S
0x710183d87b,0016,S
0x710183d88b,0012,S
0x710183d897,0019,S
0x710183d8aa,0019,S
0x710183d8bd,0006,S
0x710183d8c3,0018,S
0x710183d8d5,0018,S
0x710183d8e7,0018,S
0x710183d8f9,0018,S
0x710183d90b,0018,S
0x710183d91d,0018,S
0x710183d92f,0018,S
0x710183d941,0018,S
0x710183d953,0010,S
0x710183d95d,0029,S
0x710183d97a,0021,S
0x710183d98f,0019,S
0x710183d9a2,0018,S
0x710183d9b4,0030,S
0x710183d9d2,0027,S
0x710183d9ed,0021,S
0x710183da02,0020,S
0x710183da16,0019,S
0x710183da29,0020,S
0x710183da3d,0022,S
0x710183da53,0023,S
0x710183da6a,0013,S
0x710183da77,0010,S
0x710183da81,0010,S
0x710183da8b,0012,S
0x710183da97,0009,S
0x710183daa0,0012,S
0x710183daac,0011,S
0x710183dab7,0011,S
0x710183dac2,0014,S
0x710183dad0,0009,S
0x710183dad9,0011,S
0x710183dae4,0015,S
0x710183daf3,0010,S
0x710183dafd,0010,S
0x710183db07,0013,S
0x710183db14,0010,S
0x710183db1e,0021,S
0x710183db33,0021,S
0x710183db48,0016,S
0x710183db58,0020,S
0x710183db6c,0020,S
0x710183db80,0015,S
0x710183db8f,0019,S
0x710183dba2,0016,S
0x710183dbb2,0011,S
0x710183dbbd,0015,S
0x710183dbcc,0015,S
0x710183dbdb,0010,S
0x710183dbe5,0014,S
0x710183dbf3,0021,S
0x710183dc08,0016,S
0x710183dc18,0020,S
0x710183dc2c,0015,S
0x710183dc3b,0021,S
0x710183dc50,0016,S
0x710183dc60,0020,S
0x710183dc74,0020,S
0x710183dc88,0015,S
0x710183dc97,0019,S
0x710183dcaa,0021,S
0x710183dcbf,0016,S
0x710183dccf,0020,S
0x710183dce3,0020,S
0x710183dcf7,0015,S
0x710183dd06,0019,S
0x710183dd19,0020,S
0x710183dd2d,0015,S
0x710183dd3c,0019,S
0x710183dd4f,0019,S
0x710183dd62,0014,S
0x710183dd70,0018,S
0x710183dd82,0011,S
0x710183dd8d,0010,S
0x710183dd97,0027,S
0x710183ddb2,0014,S
0x710183ddc0,0010,S
0x710183ddca,0008,S
0x710183ddd2,0012,S
0x710183ddde,0010,S
0x710183dde8,0019,S
0x710183ddfb,0061,S
0x710183de38,0021,S
0x710183de4d,0013,S
0x710183de5a,0011,S
0x710183de65,0018,S
0x710183de77,0019,S
0x710183de8a,0011,S
0x710183de95,0011,S
0x710183dea0,0011,S
0x710183deab,0008,S
0x710183deb3,0012,S
0x710183debf,0014,S
0x710183decd,0014,S
0x710183dedb,0017,S
0x710183deec,0018,S
0x710183defe,0031,S
0x710183df1d,0022,S
0x710183df33,0016,S
0x710183df43,0010,S
0x710183df4d,0012,S
0x710183df59,0010,S
0x710183df63,0009,S
0x710183df6c,0009,S
0x710183df75,0011,S
0x710183df80,0013,S
0x710183df8d,0005,S
0x710183df92,0011,S
0x710183df9d,0007,S
0x710183dfa4,0035,S
0x710183dfc7,0027,S
0x710183dfe2,0018,S
0x710183dff4,0019,S
0x710183e007,0008,S
0x710183e00f,0013,S
0x710183e01c,0009,S
0x710183e025,0010,S
0x710183e02f,0010,S
0x710183e039,0008,S
0x710183e041,0009,S
0x710183e04a,0009,S
0x710183e053,0009,S
0x710183e05c,0010,S
0x710183e066,0014,S
0x710183e074,0019,S
0x710183e087,0006,S
0x710183e08d,0006,S
0x710183e093,0006,S
0x710183e099,0006,S
0x710183e09f,0027,S
0x710183e0ba,0022,S
0x710183e0d0,0011,S
0x710183e0db,0016,S
0x710183e0eb,0037,S
0x710183e110,0045,S
0x710183e13d,0013,S
0x710183e14a,0010,S
0x710183e154,0007,S
0x710183e15b,0019,S
0x710183e16e,0014,S
0x710183e17c,0012,S
0x710183e188,0009,S
0x710183e191,0013,S
0x710183e19e,0013,S
0x710183e1ab,0014,S
0x710183e1b9,0008,S
0x710183e1c1,0009,S
0x710183e1ca,0008,S
0x710183e1d2,0009,S
0x710183e1db,0010,S
0x710183e1e5,0011,S
0x710183e1f0,0010,S
0x710183e1fa,0013,S
0x710183e207,0012,S
0x710183e213,0016,S
0x710183e223,0029,S
0x710183e240,0011,S
0x710183e24b,0025,S
0x710183e264,0025,S
0x710183e27d,0022,S
0x710183e293,0017,S
0x710183e2a4,0023,S
0x710183e2bb,0021,S
0x710183e2d0,0010,S
0x710183e2da,0011,S
0x710183e2e5,0006,S
0x710183e2eb,0014,S
0x710183e2f9,0015,S
0x710183e308,0013,S
0x710183e315,0014,S
0x710183e323,0013,S
0x710183e330,0014,S
0x710183e33e,0012,S
0x710183e34a,0013,S
0x710183e357,0014,S
0x710183e365,0012,S
0x710183e371,0006,S
0x710183e377,0010,S
0x710183e381,0015,S
0x710183e390,0006,S
0x710183e396,0015,S
0x710183e3a5,0016,S
0x710183e3b5,0016,S
0x710183e3c5,0024,S
0x710183e3dd,0010,S
0x710183e3e7,0012,S
0x710183e3f3,0010,S
0x710183e3fd,0005,S
0x710183e402,0024,S
0x710183e41a,0024,S
0x710183e432,0009,S
0x710183e43b,0019,S
0x710183e44e,0011,S
0x710183e459,0020,S
0x710183e46d,0018,S
0x710183e47f,0018,S
0x710183e491,0018,S
0x710183e4a3,0012,S
0x710183e4af,0017,S
0x710183e4c0,0020,S
0x710183e4d4,0016,S
0x710183e4e4,0019,S
0x710183e4f7,0022,S
0x710183e50d,0011,S
0x710183e518,0015,S
0x710183e527,0007,S
0x710183e52e,0017,S
0x710183e53f,0016,S
0x710183e54f,0013,S
0x710183e55c,0021,S
0x710183e571,0034,S
0x710183e593,0009,S
0x710183e59c,0016,S
0x710183e5ac,0011,S
0x710183e5b7,0013,S
0x710183e5c4,0013,S
0x710183e5d1,0019,S
0x710183e5e4,0019,S
0x710183e5f7,0017,S
0x710183e608,0007,S
0x710183e60f,0008,S
0x710183e617,0023,S
0x710183e62e,0006,S
0x710183e634,0009,S
0x710183e63d,0017,S
0x710183e64e,0008,S
0x710183e656,0016,S
0x710183e666,0014,S
0x710183e674,0014,S
0x710183e682,0011,S
0x710183e68d,0021,S
0x710183e6a2,0016,S
0x710183e6b2,0007,S
0x710183e6b9,0011,S
0x710183e6c4,0010,S
0x710183e6ce,0012,S
0x710183e6da,0016,S
0x710183e6ea,0014,S
0x710183e6f8,0006,S
0x710183e6fe,0008,S
0x710183e706,0016,S
0x710183e716,0006,S
0x710183e71c,0016,S
0x710183e72c,0018,S
0x710183e73e,0016,S
0x710183e74e,0022,S
0x710183e764,0018,S
0x710183e776,0010,S
0x710183e780,0037,S
0x710183e7a5,0037,S
0x710183e7ca,0037,S
0x710183e7ef,0027,S
0x710183e80a,0033,S
0x710183e82b,0033,S
0x710183e84c,0037,S
0x710183e871,0037,S
0x710183e896,0037,S
0x710183e8bb,0027,S
0x710183e8d6,0033,S
0x710183e8f7,0033,S
0x710183e918,0037,S
0x710183e93d,0037,S
0x710183e962,0037,S
0x710183e987,0027,S
0x710183e9a2,0033,S
0x710183e9c3,0033,S
0x710183e9e4,0046,S
0x710183ea12,0046,S
0x710183ea40,0046,S
0x710183ea6e,0036,S
0x710183ea92,0042,S
0x710183eabc,0042,S
0x710183eae6,0170,S
0x710183eb90,0019,S
0x710183eba3,0024,S
0x710183ebbb,0024,S
0x710183ebd3,0035,S
0x710183ebf6,0024,S
0x710183ec0e,0010,S
0x710183ec18,0010,S
0x710183ec22,0012,S
0x710183ec2e,0013,S
0x710183ec3b,0025,S
0x710183ec54,0021,S
0x710183ec69,0010,S
0x710183ec73,0023,S
0x710183ec8a,0012,S
0x710183ec96,0013,S
0x710183eca3,0015,S
0x710183ecb2,0014,S
0x710183ecc0,0006,S
0x710183ecc6,0006,S
0x710183eccc,0006,S
0x710183ecd2,0013,S
0x710183ecdf,0013,S
0x710183ecec,0013,S
0x710183ecf9,0023,S
0x710183ed10,0009,S
0x710183ed19,0012,S
0x710183ed25,0019,S
0x710183ed38,0010,S
0x710183ed42,0010,S
0x710183ed4c,0010,S
0x710183ed56,0019,S
0x710183ed69,0010,S
0x710183ed73,0010,S
0x710183ed7d,0010,S
0x710183ed87,0010,S
0x710183ed91,0036,S
0x710183edb5,0021,S
0x710183edca,0018,S
0x710183eddc,0010,S
0x710183ede6,0005,S
0x710183edeb,0019,S
0x710183edfe,0004,S
0x710183ee02,0010,S
0x710183ee0c,0007,S
0x710183ee13,0018,S
0x710183ee25,0010,S
0x710183ee2f,0009,S
0x710183ee38,0020,S
0x710183ee4c,0022,S
0x710183ee62,0007,S
0x710183ee69,0020,S
0x710183ee7d,0005,S
0x710183ee82,0023,S
0x710183ee99,0008,S
0x710183eea1,0021,S
0x710183eeb6,0006,S
0x710183eebc,0025,S
0x710183eed5,0024,S
0x710183eeed,0027,S
0x710183ef08,0027,S
0x710183ef23,0027,S
0x710183ef3e,0017,S
0x710183ef4f,0023,S
0x710183ef66,0023,S
0x710183ef7d,0033,S
0x710183ef9e,0009,S
0x710183efa7,0009,S
0x710183efb0,0011,S
0x710183efbb,0012,S
0x710183efc7,0020,S
0x710183efdb,0062,S
0x710183f019,0015,S
0x710183f028,0015,S
0x710183f037,0016,S
0x710183f047,0018,S
0x710183f059,0019,S
0x710183f06c,0010,S
0x710183f076,0023,S
0x710183f08d,0021,S
0x710183f0a2,0020,S
0x710183f0b6,0018,S
0x710183f0c8,0013,S
0x710183f0d5,0028,S
0x710183f0f1,0014,S
0x710183f0ff,0013,S
0x710183f10c,0014,S
0x710183f11a,0017,S
0x710183f12b,0012,S
0x710183f137,0013,S
0x710183f144,0023,S
0x710183f15b,0009,S
0x710183f164,0007,S
0x710183f16b,0016,S
0x710183f17b,0037,S
0x710183f1a0,0025,S
0x710183f1b9,0016,S
0x710183f1c9,0013,S
0x710183f1d6,0021,S
0x710183f1eb,0018,S
0x710183f1fd,0011,S
0x710183f208,0007,S
0x710183f20f,0011,S
0x710183f21a,0009,S
0x710183f223,0006,S
0x710183f229,0037,S
0x710183f24e,0013,S
0x710183f25b,0006,S
0x710183f261,0040,S
0x710183f289,0018,S
0x710183f29b,0031,S
0x710183f2ba,0010,S
0x710183f2c4,0014,S
0x710183f2d2,0009,S
0x710183f2db,0005,S
0x710183f2e0,0028,S
0x710183f2fc,0025,S
0x710183f315,0006,S
0x710183f31b,0009,S
0x710183f324,0004,S
0x710183f328,0007,S
0x710183f32f,0007,S
0x710183f336,0008,S
0x710183f33e,0008,S
0x710183f346,0008,S
0x710183f34e,0010,S
0x710183f358,0009,S
0x710183f361,0007,S
0x710183f368,0016,S
0x710183f378,0022,S
0x710183f38e,0013,S
0x710183f39b,0016,S
0x710183f3ab,0012,S
0x710183f3b7,0014,S
0x710183f3c5,0016,S
0x710183f3d5,0013,S
0x710183f3e2,0015,S
0x710183f3f1,0009,S
0x710183f3fa,0033,S
0x710183f41b,0013,S
0x710183f428,0013,S
0x710183f435,0022,S
0x710183f44b,0020,S
0x710183f45f,0017,S
0x710183f470,0016,S
0x710183f480,0013,S
0x710183f48d,0007,S
0x710183f494,0010,S
0x710183f49e,0011,S
0x710183f4a9,0017,S
0x710183f4ba,0015,S
0x710183f4c9,0019,S
0x710183f4dc,0018,S
0x710183f4ee,0017,S
0x710183f4ff,0016,S
0x710183f50f,0009,S
0x710183f518,0014,S
0x710183f526,0010,S
0x710183f530,0010,S
0x710183f53a,0018,S
0x710183f54c,0022,S
0x710183f562,0015,S
0x710183f571,0018,S
0x710183f583,0016,S
0x710183f593,0025,S
0x710183f5ac,0009,S
0x710183f5b5,0011,S
0x710183f5c0,0005,S
0x710183f5c5,0014,S
0x710183f5d3,0049,S
0x710183f604,0037,S
0x710183f629,0009,S
0x710183f632,0013,S
0x710183f63f,0008,S
0x710183f647,0014,S
0x710183f655,0007,S
0x710183f65c,0013,S
0x710183f669,0010,S
0x710183f673,0017,S
0x710183f684,0025,S
0x710183f69d,0024,S
0x710183f6b5,0008,S
0x710183f6bd,0008,S
0x710183f6c5,0020,S
0x710183f6d9,0023,S
0x710183f6f0,0024,S
0x710183f708,0019,S
0x710183f71b,0023,S
0x710183f732,0010,S
0x710183f73c,0011,S
0x710183f747,0011,S
0x710183f752,0021,S
0x710183f767,0021,S
0x710183f77c,0009,S
0x710183f785,0011,S
0x710183f790,0046,S
0x710183f7be,0016,S
0x710183f7ce,0019,S
0x710183f7e1,0019,S
0x710183f7f4,0016,S
0x710183f804,0008,S
0x710183f80c,0015,S
0x710183f81b,0009,S
0x710183f824,0012,S
0x710183f830,0018,S
0x710183f842,0019,S
0x710183f855,0013,S
0x710183f862,0026,S
0x710183f87c,0022,S
0x710183f892,0028,S
0x710183f8ae,0035,S
0x710183f8d1,0008,S
0x710183f8d9,0016,S
0x710183f8e9,0015,S
0x710183f8f8,0017,S
0x710183f909,0023,S
0x710183f920,0011,S
0x710183f92b,0013,S
0x710183f938,0014,S
0x710183f946,0007,S
0x710183f94d,0021,S
0x710183f962,0021,S
0x710183f977,0014,S
0x710183f985,0014,S
0x710183f993,0013,S
0x710183f9a0,0017,S
0x710183f9b1,0015,S
0x710183f9c0,0007,S
0x710183f9c7,0020,S
0x710183f9db,0015,S
0x710183f9ea,0039,S
0x710183fa11,0010,S
0x710183fa1b,0028,S
0x710183fa37,0013,S
0x710183fa44,0012,S
0x710183fa50,0009,S
0x710183fa59,0010,S
0x710183fa63,0009,S
0x710183fa6c,0020,S
0x710183fa80,0011,S
0x710183fa8b,0010,S
0x710183fa95,0009,S
0x710183fa9e,0005,S
0x710183faa3,0040,S
0x710183facb,0020,S
0x710183fadf,0024,S
0x710183faf7,0025,S
0x710183fb10,0029,S
0x710183fb2d,0023,S
0x710183fb44,0021,S
0x710183fb59,0012,S
0x710183fb65,0022,S
0x710183fb7b,0048,S
0x710183fbab,0022,S
0x710183fbc1,0069,S
0x710183fc06,0033,S
0x710183fc27,0039,S
0x710183fc4e,0007,S
0x710183fc55,0013,S
0x710183fc62,0012,S
0x710183fc6e,0005,S
0x710183fc73,0012,S
0x710183fc7f,0012,S
0x710183fc8b,0023,S
0x710183fca2,0009,S
0x710183fcab,0023,S
0x710183fcc2,0023,S
0x710183fcd9,0019,S
0x710183fcec,0014,S
0x710183fcfa,0017,S
0x710183fd0b,0020,S
0x710183fd1f,0018,S
0x710183fd31,0033,S
0x710183fd52,0018,S
0x710183fd64,0015,S
0x710183fd73,0019,S
0x710183fd86,0014,S
0x710183fd94,0024,S
0x710183fdac,0040,S
0x710183fdd4,0017,S
0x710183fde5,0013,S
0x710183fdf2,0028,S
0x710183fe0e,0029,S
0x710183fe2b,0076,S
0x710183fe77,0064,S
0x710183feb7,0018,S
0x710183fec9,0017,S
0x710183feda,0021,S
0x710183feef,0018,S
0x710183ff01,0010,S
0x710183ff0b,0010,S
0x710183ff15,0027,S
0x710183ff30,0031,S
0x710183ff4f,0012,S
0x710183ff5b,0040,S
0x710183ff83,0029,S
0x710183ffa0,0018,S
0x710183ffb2,0009,S
0x710183ffbb,0009,S
0x710183ffc4,0013,S
0x710183ffd1,0009,S
0x710183ffda,0015,S
0x710183ffe9,0007,S
0x710183fff0,0043,S
0x710184001b,0049,S
0x710184004c,0019,S
0x710184005f,0022,S
0x7101840075,0009,S
0x710184007e,0024,S
0x7101840096,0027,S
0x71018400b1,0025,S
0x71018400ca,0033,S
0x71018400eb,0010,S
0x71018400f5,0010,S
0x71018400ff,0010,S
0x7101840109,0006,S
0x710184010f,0010,S
0x7101840119,0010,S
0x7101840123,0013,S
0x7101840130,0013,S
0x710184013d,0013,S
0x710184014a,0006,S
0x7101840150,0013,S
0x710184015d,0017,S
0x710184016e,0020,S
0x7101840182,0016,S
0x7101840192,0015,S
0x71018401a1,0009,S
0x71018401aa,0008,S
0x71018401b2,0011,S
0x71018401bd,0010,S
0x71018401c7,0004,S
0x71018401cb,0013,S
0x71018401d8,0013,S
0x71018401e5,0013,S
0x71018401f2,0014,S
0x7101840200,0012,S
0x710184020c,0015,S
0x710184021b,0010,S
0x7101840225,0008,S
0x710184022d,0008,S
0x7101840235,0016,S
0x7101840245,0017,S
0x7101840256,0020,S
0x710184026a,0013,S
0x7101840277,0013,S
0x7101840284,0013,S
0x7101840291,0008,S
0x7101840299,0008,S
0x71018402a1,0009,S
0x71018402aa,0009,S
0x71018402b3,0009,S
0x71018402bc,0009,S
0x71018402c5,0012,S
0x71018402d1,0012,S
0x71018402dd,0012,S
0x71018402e9,0016,S
0x71018402f9,0011,S
0x7101840304,0014,S
0x7101840312,0018,S
0x7101840324,0012,S
0x7101840330,0013,S
0x710184033d,0013,S
0x710184034a,0017,S
0x710184035b,0020,S
0x710184036f,0017,S
0x7101840380,0020,S
0x7101840394,0010,S
0x710184039e,0007,S
0x71018403a5,0008,S
0x71018403ad,0012,S
0x71018403b9,0015,S
0x71018403c8,0022,S
0x71018403de,0019,S
0x71018403f1,0018,S
0x7101840403,0017,S
0x7101840414,0005,S
0x7101840419,0020,S
0x710184042d,0010,S
0x7101840437,0016,S
0x7101840447,0027,S
0x7101840462,0042,S
0x710184048c,0027,S
0x71018404a7,0004,S
0x71018404ab,0010,S
0x71018404b5,0026,S
0x71018404cf,0019,S
0x71018404e2,0010,S
0x71018404ec,0026,S
0x7101840506,0019,S
0x7101840519,0009,S
0x7101840522,0025,S
0x710184053b,0016,S
0x710184054b,0008,S
0x7101840553,0024,S
0x710184056b,0016,S
0x710184057b,0012,S
0x7101840587,0028,S
0x71018405a3,0016,S
0x71018405b3,0008,S
0x71018405bb,0024,S
0x71018405d3,0007,S
0x71018405da,0012,S
0x71018405e6,0028,S
0x7101840602,0022,S
0x7101840618,0011,S
0x7101840623,0027,S
0x710184063e,0013,S
0x710184064b,0010,S
0x7101840655,0026,S
0x710184066f,0013,S
0x710184067c,0009,S
0x7101840685,0025,S
0x710184069e,0016,S
0x71018406ae,0008,S
0x71018406b6,0024,S
0x71018406ce,0013,S
0x71018406db,0012,S
0x71018406e7,0028,S
0x7101840703,0013,S
0x7101840710,0010,S
0x710184071a,0026,S
0x7101840734,0022,S
0x710184074a,0010,S
0x7101840754,0021,S
0x7101840769,0019,S
0x710184077c,0006,S
0x7101840782,0025,S
0x710184079b,0016,S
0x71018407ab,0005,S
0x71018407b0,0024,S
0x71018407c8,0016,S
0x71018407d8,0010,S
0x71018407e2,0026,S
0x71018407fc,0019,S
0x710184080f,0009,S
0x7101840818,0026,S
0x7101840832,0019,S
0x7101840845,0013,S
0x7101840852,0029,S
0x710184086f,0013,S
0x710184087c,0012,S
0x7101840888,0028,S
0x71018408a4,0016,S
0x71018408b4,0009,S
0x71018408bd,0025,S
0x71018408d6,0019,S
0x71018408e9,0022,S
0x71018408ff,0013,S
0x710184090c,0029,S
0x7101840929,0016,S
0x7101840939,0009,S
0x7101840942,0025,S
0x710184095b,0013,S
0x7101840968,0009,S
0x7101840971,0025,S
0x710184098a,0019,S
0x710184099d,0020,S
0x71018409b1,0016,S
0x71018409c1,0009,S
0x71018409ca,0025,S
0x71018409e3,0022,S
0x71018409f9,0012,S
0x7101840a05,0028,S
0x7101840a21,0013,S
0x7101840a2e,0009,S
0x7101840a37,0025,S
0x7101840a50,0013,S
0x7101840a5d,0008,S
0x7101840a65,0024,S
0x7101840a7d,0016,S
0x7101840a8d,0026,S
0x7101840aa7,0022,S
0x7101840abd,0006,S
0x7101840ac3,0022,S
0x7101840ad9,0009,S
0x7101840ae2,0011,S
0x7101840aed,0027,S
0x7101840b08,0013,S
0x7101840b15,0013,S
0x7101840b22,0024,S
0x7101840b3a,0016,S
0x7101840b4a,0012,S
0x7101840b56,0023,S
0x7101840b6d,0019,S
0x7101840b80,0012,S
0x7101840b8c,0023,S
0x7101840ba3,0025,S
0x7101840bbc,0010,S
0x7101840bc6,0039,S
0x7101840bed,0027,S
0x7101840c08,0033,S
0x7101840c29,0036,S
0x7101840c4d,0045,S
0x7101840c7a,0033,S
0x7101840c9b,0039,S
0x7101840cc2,0014,S
0x7101840cd0,0011,S
0x7101840cdb,0011,S
0x7101840ce6,0011,S
0x7101840cf1,0011,S
0x7101840cfc,0015,S
0x7101840d0b,0021,S
0x7101840d20,0020,S
0x7101840d34,0015,S
0x7101840d43,0021,S
0x7101840d58,0037,S
0x7101840d7d,0026,S
0x7101840d97,0024,S
0x7101840daf,0023,S
0x7101840dc6,0017,S
0x7101840dd7,0027,S
0x7101840df2,0031,S
0x7101840e11,0012,S
0x7101840e1d,0026,S
0x7101840e37,0018,S
0x7101840e49,0018,S
0x7101840e5b,0008,S
0x7101840e63,0016,S
0x7101840e73,0014,S
0x7101840e81,0015,S
0x7101840e90,0015,S
0x7101840e9f,0012,S
0x7101840eab,0009,S
0x7101840eb4,0009,S
0x7101840ebd,0015,S
0x7101840ecc,0017,S
0x7101840edd,0014,S
0x7101840eeb,0011,S
0x7101840ef6,0011,S
0x7101840f01,0010,S
0x7101840f0b,0006,S
0x7101840f11,0034,S
0x7101840f33,0037,S
0x7101840f58,0027,S
0x7101840f73,0027,S
0x7101840f8e,0013,S
0x7101840f9b,0026,S
0x7101840fb5,0019,S
0x7101840fc8,0018,S
0x7101840fda,0020,S
0x7101840fee,0028,S
0x710184100a,0019,S
0x710184101d,0069,S
0x7101841062,0006,S
0x7101841068,0006,S
0x710184106e,0008,S
0x7101841076,0008,S
0x710184107e,0020,S
0x7101841092,0009,S
0x710184109b,0010,S
0x71018410a5,0015,S
0x71018410b4,0019,S
0x71018410c7,0039,S
0x71018410ee,0013,S
0x71018410fb,0004,S
0x71018410ff,0009,S
0x7101841108,0037,S
0x710184112d,0031,S
0x710184114c,0022,S
0x7101841162,0015,S
0x7101841171,0014,S
0x710184117f,0004,S
0x7101841183,0016,S
0x7101841193,0015,S
0x71018411a2,0021,S
0x71018411b7,0017,S
0x71018411c8,0019,S
0x71018411db,0012,S
0x71018411e7,0016,S
0x71018411f7,0012,S
0x7101841203,0015,S
0x7101841212,0014,S
0x7101841220,0014,S
0x710184122e,0013,S
0x710184123b,0006,S
0x7101841241,0028,S
0x710184125d,0015,S
0x710184126c,0006,S
0x7101841272,0016,S
0x7101841282,0013,S
0x710184128f,0015,S
0x710184129e,0025,S
0x71018412b7,0009,S
0x71018412c0,0016,S
0x71018412d0,0011,S
0x71018412db,0022,S
0x71018412f1,0013,S
0x71018412fe,0013,S
0x710184130b,0010,S
0x7101841315,0011,S
0x7101841320,0017,S
0x7101841331,0011,S
0x710184133c,0016,S
0x710184134c,0031,S
0x710184136b,0007,S
0x7101841372,0015,S
0x7101841381,0010,S
0x710184138b,0014,S
0x7101841399,0019,S
0x71018413ac,0023,S
0x71018413c3,0013,S
0x71018413d0,0018,S
0x71018413e2,0016,S
0x71018413f2,0021,S
0x7101841407,0017,S
0x7101841418,0011,S
0x7101841423,0024,S
0x710184143b,0006,S
0x7101841441,0016,S
0x7101841451,0019,S
0x7101841464,0007,S
0x710184146b,0012,S
0x7101841477,0022,S
0x710184148d,0025,S
0x71018414a6,0029,S
0x71018414c3,0013,S
0x71018414d0,0012,S
0x71018414dc,0012,S
0x71018414e8,0022,S
0x71018414fe,0009,S
0x7101841507,0006,S
0x710184150d,0014,S
0x710184151b,0017,S
0x710184152c,0012,S
0x7101841538,0015,S
0x7101841547,0012,S
0x7101841553,0015,S
0x7101841562,0032,S
0x7101841582,0011,S
0x710184158d,0007,S
0x7101841594,0016,S
0x71018415a4,0010,S
0x71018415ae,0010,S
0x71018415b8,0010,S
0x71018415c2,0030,S
0x71018415e0,0033,S
0x7101841601,0015,S
0x7101841610,0019,S
0x7101841623,0025,S
0x710184163c,0018,S
0x710184164e,0012,S
0x710184165a,0012,S
0x7101841666,0015,S
0x7101841675,0013,S
0x7101841682,0031,S
0x71018416a1,0037,S
0x71018416c6,0034,S
0x71018416e8,0037,S
0x710184170d,0025,S
0x7101841726,0025,S
0x710184173f,0016,S
0x710184174f,0028,S
0x710184176b,0010,S
0x7101841775,0010,S
0x710184177f,0014,S
0x710184178d,0012,S
0x7101841799,0012,S
0x71018417a5,0011,S
0x71018417b0,0012,S
0x71018417bc,0016,S
0x71018417cc,0009,S
0x71018417d5,0012,S
0x71018417e1,0006,S
0x71018417e7,0010,S
0x71018417f1,0011,S
0x71018417fc,0024,S
0x7101841814,0026,S
0x710184182e,0017,S
0x710184183f,0013,S
0x710184184c,0024,S
0x7101841864,0041,S
0x710184188d,0013,S
0x710184189a,0013,S
0x71018418a7,0013,S
0x71018418b4,0025,S
0x71018418cd,0014,S
0x71018418db,0012,S
0x71018418e7,0013,S
0x71018418f4,0013,S
0x7101841901,0014,S
0x710184190f,0009,S
0x7101841918,0010,S
0x7101841922,0015,S
0x7101841931,0016,S
0x7101841941,0016,S
0x7101841951,0017,S
0x7101841962,0009,S
0x710184196b,0013,S
0x7101841978,0010,S
0x7101841982,0007,S
0x7101841989,0019,S
0x710184199c,0016,S
0x71018419ac,0018,S
0x71018419be,0021,S
0x71018419d3,0010,S
0x71018419dd,0024,S
0x71018419f5,0029,S
0x7101841a12,0012,S
0x7101841a1e,0018,S
0x7101841a30,0020,S
0x7101841a44,0015,S
0x7101841a53,0011,S
0x7101841a5e,0022,S
0x7101841a74,0019,S
0x7101841a87,0016,S
0x7101841a97,0015,S
0x7101841aa6,0014,S
0x7101841ab4,0018,S
0x7101841ac6,0012,S
0x7101841ad2,0012,S
0x7101841ade,0012,S
0x7101841aea,0012,S
0x7101841af6,0012,S
0x7101841b02,0022,S
0x7101841b18,0016,S
0x7101841b28,0013,S
0x7101841b35,0025,S
0x7101841b4e,0013,S
0x7101841b5b,0016,S
0x7101841b6b,0007,S
0x7101841b72,0052,S
0x7101841ba6,0024,S
0x7101841bbe,0017,S
0x7101841bcf,0019,S
0x7101841be2,0028,S
0x7101841bfe,0013,S
0x7101841c0b,0014,S
0x7101841c19,0023,S
0x7101841c30,0014,S
0x7101841c3e,0022,S
0x7101841c54,0017,S
0x7101841c65,0015,S
0x7101841c74,0024,S
0x7101841c8c,0031,S
0x7101841cab,0031,S
0x7101841cca,0031,S
0x7101841ce9,0017,S
0x7101841cfa,0018,S
0x7101841d0c,0047,S
0x7101841d3b,0014,S
0x7101841d49,0009,S
0x7101841d52,0017,S
0x7101841d63,0032,S
0x7101841d83,0019,S
0x7101841d96,0013,S
0x7101841da3,0011,S
0x7101841dae,0030,S
0x7101841dcc,0033,S
0x7101841ded,0022,S
0x7101841e03,0021,S
0x7101841e18,0024,S
0x7101841e30,0013,S
0x7101841e3d,0033,S
0x7101841e5e,0022,S
0x7101841e74,0024,S
0x7101841e8c,0013,S
0x7101841e99,0013,S
0x7101841ea6,0013,S
0x7101841eb3,0013,S
0x7101841ec0,0016,S
0x7101841ed0,0028,S
0x7101841eec,0011,S
0x7101841ef7,0016,S
0x7101841f07,0013,S
0x7101841f14,0019,S
0x7101841f27,0019,S
0x7101841f3a,0013,S
0x7101841f47,0019,S
0x7101841f5a,0025,S
0x7101841f73,0013,S
0x7101841f80,0019,S
0x7101841f93,0022,S
0x7101841fa9,0021,S
0x7101841fbe,0021,S
0x7101841fd3,0027,S
0x7101841fee,0027,S
0x7101842009,0027,S
0x7101842024,0033,S
0x7101842045,0027,S
0x7101842060,0024,S
0x7101842078,0035,S
0x710184209b,0035,S
0x71018420be,0041,S
0x71018420e7,0041,S
0x7101842110,0038,S
0x7101842136,0038,S
0x710184215c,0016,S
0x710184216c,0020,S
0x7101842180,0016,S
0x7101842190,0019,S
0x71018421a3,0017,S
0x71018421b4,0020,S
0x71018421c8,0012,S
0x71018421d4,0020,S
0x71018421e8,0012,S
0x71018421f4,0034,S
0x7101842216,0007,S
0x710184221d,0006,S
0x7101842223,0006,S
0x7101842229,0007,S
0x7101842230,0023,S
0x7101842247,0022,S
0x710184225d,0024,S
0x7101842275,0027,S
0x7101842290,0022,S
0x71018422a6,0013,S
0x71018422b3,0028,S
0x71018422cf,0037,S
0x71018422f4,0043,S
0x710184231f,0020,S
0x7101842333,0009,S
0x710184233c,0011,S
0x7101842347,0015,S
0x7101842356,0011,S
0x7101842361,0007,S
0x7101842368,0005,S
0x710184236d,0019,S
0x7101842380,0008,S
0x7101842388,0012,S
0x7101842394,0010,S
0x710184239e,0014,S
0x71018423ac,0020,S
0x71018423c0,0013,S
0x71018423cd,0016,S
0x71018423dd,0025,S
0x71018423f6,0009,S
0x71018423ff,0013,S
0x710184240c,0013,S
0x7101842419,0016,S
0x7101842429,0016,S
0x7101842439,0034,S
0x710184245b,0018,S
0x710184246d,0016,S
0x710184247d,0022,S
0x7101842493,0022,S
0x71018424a9,0031,S
0x71018424c8,0010,S
0x71018424d2,0010,S
0x71018424dc,0016,S
0x71018424ec,0007,S
0x71018424f3,0028,S
0x710184250f,0022,S
0x7101842525,0007,S
0x710184252c,0013,S
0x7101842539,0013,S
0x7101842546,0016,S
0x7101842556,0010,S
0x7101842560,0019,S
0x7101842573,0008,S
0x710184257b,0012,S
0x7101842587,0037,S
0x71018425ac,0022,S
0x71018425c2,0025,S
0x71018425db,0022,S
0x71018425f1,0010,S
0x71018425fb,0009,S
0x7101842604,0015,S
0x7101842613,0025,S
0x710184262c,0028,S
0x7101842648,0025,S
0x7101842661,0015,S
0x7101842670,0019,S
0x7101842683,0019,S
0x7101842696,0005,S
0x710184269b,0008,S
0x71018426a3,0028,S
0x71018426bf,0025,S
0x71018426d8,0012,S
0x71018426e4,0007,S
0x71018426eb,0016,S
0x71018426fb,0019,S
0x710184270e,0023,S
0x7101842725,0028,S
0x7101842741,0014,S
0x710184274f,0018,S
0x7101842761,0019,S
0x7101842774,0022,S
0x710184278a,0016,S
0x710184279a,0019,S
0x71018427ad,0025,S
0x71018427c6,0022,S
0x71018427dc,0017,S
0x71018427ed,0006,S
0x71018427f3,0007,S
0x71018427fa,0007,S
0x7101842801,0007,S
0x7101842808,0007,S
0x710184280f,0007,S
0x7101842816,0009,S
0x710184281f,0015,S
0x710184282e,0013,S
0x710184283b,0016,S
0x710184284b,0024,S
0x7101842863,0023,S
0x710184287a,0013,S
0x7101842887,0010,S
0x7101842891,0024,S
0x71018428a9,0019,S
0x71018428bc,0013,S
0x71018428c9,0016,S
0x71018428d9,0008,S
0x71018428e1,0011,S
0x71018428ec,0013,S
0x71018428f9,0016,S
0x7101842909,0012,S
0x7101842915,0022,S
0x710184292b,0010,S
0x7101842935,0010,S
0x710184293f,0011,S
0x710184294a,0008,S
0x7101842952,0015,S
0x7101842961,0010,S
0x710184296b,0018,S
0x710184297d,0018,S
0x710184298f,0018,S
0x71018429a1,0014,S
0x71018429af,0018,S
0x71018429c1,0014,S
0x71018429cf,0022,S
0x71018429e5,0026,S
0x71018429ff,0018,S
0x7101842a11,0020,S
0x7101842a25,0023,S
0x7101842a3c,0027,S
0x7101842a57,0029,S
0x7101842a74,0020,S
0x7101842a88,0023,S
0x7101842a9f,0026,S
0x7101842ab9,0005,S
0x7101842abe,0016,S
0x7101842ace,0021,S
0x7101842ae3,0021,S
0x7101842af8,0025,S
0x7101842b11,0020,S
0x7101842b25,0020,S
0x7101842b39,0017,S
0x7101842b4a,0024,S
0x7101842b62,0023,S
0x7101842b79,0029,S
0x7101842b96,0022,S
0x7101842bac,0020,S
0x7101842bc0,0020,S
0x7101842bd4,0020,S
0x7101842be8,0023,S
0x7101842bff,0014,S
0x7101842c0d,0015,S
0x7101842c1c,0016,S
0x7101842c2c,0018,S
0x7101842c3e,0019,S
0x7101842c51,0027,S
0x7101842c6c,0024,S
0x7101842c84,0017,S
0x7101842c95,0017,S
0x7101842ca6,0015,S
0x7101842cb5,0019,S
0x7101842cc8,0017,S
0x7101842cd9,0022,S
0x7101842cef,0019,S
0x7101842d02,0020,S
0x7101842d16,0022,S
0x7101842d2c,0019,S
0x7101842d3f,0019,S
0x7101842d52,0019,S
0x7101842d65,0021,S
0x7101842d7a,0021,S
0x7101842d8f,0012,S
0x7101842d9b,0015,S
0x7101842daa,0015,S
0x7101842db9,0017,S
0x7101842dca,0021,S
0x7101842ddf,0017,S
0x7101842df0,0015,S
0x7101842dff,0018,S
0x7101842e11,0020,S
0x7101842e25,0021,S
0x7101842e3a,0018,S
0x7101842e4c,0018,S
0x7101842e5e,0020,S
0x7101842e72,0017,S
0x7101842e83,0021,S
0x7101842e98,0014,S
0x7101842ea6,0017,S
0x7101842eb7,0019,S
0x7101842eca,0019,S
0x7101842edd,0016,S
0x7101842eed,0016,S
0x7101842efd,0016,S
0x7101842f0d,0020,S
0x7101842f21,0015,S
0x7101842f30,0021,S
0x7101842f45,0021,S
0x7101842f5a,0022,S
0x7101842f70,0026,S
0x7101842f8a,0025,S
0x7101842fa3,0020,S
0x7101842fb7,0017,S
0x7101842fc8,0014,S
0x7101842fd6,0014,S
0x7101842fe4,0018,S
0x7101842ff6,0018,S
0x7101843008,0019,S
0x710184301b,0023,S
0x7101843032,0019,S
0x7101843045,0019,S
0x7101843058,0018,S
0x710184306a,0020,S
0x710184307e,0013,S
0x710184308b,0013,S
0x7101843098,0018,S
0x71018430aa,0018,S
0x71018430bc,0021,S
0x71018430d1,0021,S
0x71018430e6,0014,S
0x71018430f4,0014,S
0x7101843102,0018,S
0x7101843114,0018,S
0x7101843126,0018,S
0x7101843138,0021,S
0x710184314d,0022,S
0x7101843163,0023,S
0x710184317a,0028,S
0x7101843196,0016,S
0x71018431a6,0015,S
0x71018431b5,0017,S
0x71018431c6,0016,S
0x71018431d6,0015,S
0x71018431e5,0021,S
0x71018431fa,0014,S
0x7101843208,0019,S
0x710184321b,0023,S
0x7101843232,0026,S
0x710184324c,0021,S
0x7101843261,0023,S
0x7101843278,0023,S
0x710184328f,0024,S
0x71018432a7,0023,S
0x71018432be,0018,S
0x71018432d0,0025,S
0x71018432e9,0018,S
0x71018432fb,0019,S
0x710184330e,0024,S
0x7101843326,0017,S
0x7101843337,0021,S
0x710184334c,0021,S
0x7101843361,0015,S
0x7101843370,0017,S
0x7101843381,0018,S
0x7101843393,0018,S
0x71018433a5,0018,S
0x71018433b7,0018,S
0x71018433c9,0021,S
0x71018433de,0019,S
0x71018433f1,0016,S
0x7101843401,0016,S
0x7101843411,0019,S
0x7101843424,0019,S
0x7101843437,0020,S
0x710184344b,0020,S
0x710184345f,0023,S
0x7101843476,0016,S
0x7101843486,0018,S
0x7101843498,0016,S
0x71018434a8,0025,S
0x71018434c1,0025,S
0x71018434da,0028,S
0x71018434f6,0026,S
0x7101843510,0023,S
0x7101843527,0023,S
0x710184353e,0021,S
0x7101843553,0026,S
0x710184356d,0021,S
0x7101843582,0027,S
0x710184359d,0028,S
0x71018435b9,0018,S
0x71018435cb,0018,S
0x71018435dd,0020,S
0x71018435f1,0026,S
0x710184360b,0021,S
0x7101843620,0022,S
0x7101843636,0022,S
0x710184364c,0025,S
0x7101843665,0024,S
0x710184367d,0021,S
0x7101843692,0029,S
0x71018436af,0025,S
0x71018436c8,0026,S
0x71018436e2,0028,S
0x71018436fe,0025,S
0x7101843717,0026,S
0x7101843731,0025,S
0x710184374a,0025,S
0x7101843763,0029,S
0x7101843780,0025,S
0x7101843799,0012,S
0x71018437a5,0016,S
0x71018437b5,0013,S
0x71018437c2,0013,S
0x71018437cf,0012,S
0x71018437db,0017,S
0x71018437ec,0017,S
0x71018437fd,0017,S
0x710184380e,0015,S
0x710184381d,0014,S
0x710184382b,0014,S
0x7101843839,0019,S
0x710184384c,0019,S
0x710184385f,0018,S
0x7101843871,0023,S
0x7101843888,0019,S
0x710184389b,0023,S
0x71018438b2,0019,S
0x71018438c5,0015,S
0x71018438d4,0017,S
0x71018438e5,0019,S
0x71018438f8,0021,S
0x710184390d,0017,S
0x710184391e,0019,S
0x7101843931,0021,S
0x7101843946,0023,S
0x710184395d,0022,S
0x7101843973,0024,S
0x710184398b,0023,S
0x71018439a2,0021,S
0x71018439b7,0026,S
0x71018439d1,0023,S
0x71018439e8,0021,S
0x71018439fd,0024,S
0x7101843a15,0021,S
0x7101843a2a,0025,S
0x7101843a43,0025,S
0x7101843a5c,0023,S
0x7101843a73,0029,S
0x7101843a90,0027,S
0x7101843aab,0022,S
0x7101843ac1,0028,S
0x7101843add,0020,S
0x7101843af1,0020,S
0x7101843b05,0023,S
0x7101843b1c,0016,S
0x7101843b2c,0015,S
0x7101843b3b,0016,S
0x7101843b4b,0015,S
0x7101843b5a,0022,S
0x7101843b70,0027,S
0x7101843b8b,0024,S
0x7101843ba3,0021,S
0x7101843bb8,0024,S
0x7101843bd0,0027,S
0x7101843beb,0027,S
0x7101843c06,0032,S
0x7101843c26,0028,S
0x7101843c42,0031,S
0x7101843c61,0020,S
0x7101843c75,0018,S
0x7101843c87,0017,S
0x7101843c98,0019,S
0x7101843cab,0017,S
0x7101843cbc,0015,S
0x7101843ccb,0019,S
0x7101843cde,0024,S
0x7101843cf6,0023,S
0x7101843d0d,0022,S
0x7101843d23,0016,S
0x7101843d33,0014,S
0x7101843d41,0013,S
0x7101843d4e,0014,S
0x7101843d5c,0014,S
0x7101843d6a,0018,S
0x7101843d7c,0014,S
0x7101843d8a,0014,S
0x7101843d98,0018,S
0x7101843daa,0016,S
0x7101843dba,0016,S
0x7101843dca,0016,S
0x7101843dda,0018,S
0x7101843dec,0014,S
0x7101843dfa,0017,S
0x7101843e0b,0024,S
0x7101843e23,0024,S
0x7101843e3b,0011,S
0x7101843e46,0012,S
0x7101843e52,0013,S
0x7101843e5f,0017,S
0x7101843e70,0022,S
0x7101843e86,0017,S
0x7101843e97,0017,S
0x7101843ea8,0019,S
0x7101843ebb,0015,S
0x7101843eca,0014,S
0x7101843ed8,0016,S
0x7101843ee8,0015,S
0x7101843ef7,0014,S
0x7101843f05,0029,S
0x7101843f22,0022,S
0x7101843f38,0017,S
0x7101843f49,0017,S
0x7101843f5a,0016,S
0x7101843f6a,0023,S
0x7101843f81,0022,S
0x7101843f97,0020,S
0x7101843fab,0020,S
0x7101843fbf,0019,S
0x7101843fd2,0025,S
0x7101843feb,0025,S
0x7101844004,0019,S
0x7101844017,0023,S
0x710184402e,0024,S
0x7101844046,0026,S
0x7101844060,0016,S
0x7101844070,0024,S
0x7101844088,0022,S
0x710184409e,0020,S
0x71018440b2,0017,S
0x71018440c3,0018,S
0x71018440d5,0020,S
0x71018440e9,0020,S
0x71018440fd,0021,S
0x7101844112,0026,S
0x710184412c,0024,S
0x7101844144,0022,S
0x710184415a,0021,S
0x710184416f,0024,S
0x7101844187,0025,S
0x71018441a0,0014,S
0x71018441ae,0019,S
0x71018441c1,0022,S
0x71018441d7,0022,S
0x71018441ed,0024,S
0x7101844205,0025,S
0x710184421e,0027,S
0x7101844239,0025,S
0x7101844252,0024,S
0x710184426a,0025,S
0x7101844283,0028,S
0x710184429f,0023,S
0x71018442b6,0018,S
0x71018442c8,0020,S
0x71018442dc,0020,S
0x71018442f0,0020,S
0x7101844304,0025,S
0x710184431d,0024,S
0x7101844335,0028,S
0x7101844351,0023,S
0x7101844368,0026,S
0x7101844382,0025,S
0x710184439b,0020,S
0x71018443af,0023,S
0x71018443c6,0023,S
0x71018443dd,0023,S
0x71018443f4,0023,S
0x710184440b,0023,S
0x7101844422,0023,S
0x7101844439,0024,S
0x7101844451,0019,S
0x7101844464,0017,S
0x7101844475,0017,S
0x7101844486,0021,S
0x710184449b,0022,S
0x71018444b1,0019,S
0x71018444c4,0023,S
0x71018444db,0024,S
0x71018444f3,0019,S
0x7101844506,0022,S
0x710184451c,0018,S
0x710184452e,0019,S
0x7101844541,0023,S
0x7101844558,0018,S
0x710184456a,0016,S
0x710184457a,0017,S
0x710184458b,0023,S
0x71018445a2,0016,S
0x71018445b2,0023,S
0x71018445c9,0020,S
0x71018445dd,0020,S
0x71018445f1,0016,S
0x7101844601,0014,S
0x710184460f,0021,S
0x7101844624,0026,S
0x710184463e,0022,S
0x7101844654,0025,S
0x710184466d,0019,S
0x7101844680,0015,S
0x710184468f,0015,S
0x710184469e,0022,S
0x71018446b4,0020,S
0x71018446c8,0019,S
0x71018446db,0027,S
0x71018446f6,0026,S
0x7101844710,0027,S
0x710184472b,0015,S
0x710184473a,0019,S
0x710184474d,0019,S
0x7101844760,0026,S
0x710184477a,0013,S
0x7101844787,0015,S
0x7101844796,0016,S
0x71018447a6,0023,S
0x71018447bd,0014,S
0x71018447cb,0019,S
0x71018447de,0017,S
0x71018447ef,0028,S
0x710184480b,0026,S
0x7101844825,0017,S
0x7101844836,0020,S
0x710184484a,0017,S
0x710184485b,0021,S
0x7101844870,0016,S
0x7101844880,0022,S
0x7101844896,0017,S
0x71018448a7,0020,S
0x71018448bb,0014,S
0x71018448c9,0017,S
0x71018448da,0014,S
0x71018448e8,0012,S
0x71018448f4,0016,S
0x7101844904,0017,S
0x7101844915,0016,S
0x7101844925,0019,S
0x7101844938,0015,S
0x7101844947,0018,S
0x7101844959,0014,S
0x7101844967,0017,S
0x7101844978,0015,S
0x7101844987,0021,S
0x710184499c,0025,S
0x71018449b5,0019,S
0x71018449c8,0020,S
0x71018449dc,0020,S
0x71018449f0,0017,S
0x7101844a01,0019,S
0x7101844a14,0022,S
0x7101844a2a,0018,S
0x7101844a3c,0017,S
0x7101844a4d,0018,S
0x7101844a5f,0022,S
0x7101844a75,0018,S
0x7101844a87,0024,S
0x7101844a9f,0020,S
0x7101844ab3,0016,S
0x7101844ac3,0018,S
0x7101844ad5,0021,S
0x7101844aea,0024,S
0x7101844b02,0028,S
0x7101844b1e,0021,S
0x7101844b33,0019,S
0x7101844b46,0019,S
0x7101844b59,0022,S
0x7101844b6f,0018,S
0x7101844b81,0018,S
0x7101844b93,0023,S
0x7101844baa,0023,S
0x7101844bc1,0028,S
0x7101844bdd,0029,S
0x7101844bfa,0022,S
0x7101844c10,0022,S
0x7101844c26,0026,S
0x7101844c40,0025,S
0x7101844c59,0027,S
0x7101844c74,0028,S
0x7101844c90,0026,S
0x7101844caa,0021,S
0x7101844cbf,0032,S
0x7101844cdf,0032,S
0x7101844cff,0030,S
0x7101844d1d,0016,S
0x7101844d2d,0017,S
0x7101844d3e,0017,S
0x7101844d4f,0017,S
0x7101844d60,0017,S
0x7101844d71,0020,S
0x7101844d85,0023,S
0x7101844d9c,0024,S
0x7101844db4,0028,S
0x7101844dd0,0025,S
0x7101844de9,0019,S
0x7101844dfc,0014,S
0x7101844e0a,0017,S
0x7101844e1b,0018,S
0x7101844e2d,0024,S
0x7101844e45,0021,S
0x7101844e5a,0025,S
0x7101844e73,0017,S
0x7101844e84,0017,S
0x7101844e95,0017,S
0x7101844ea6,0020,S
0x7101844eba,0023,S
0x7101844ed1,0024,S
0x7101844ee9,0020,S
0x7101844efd,0021,S
0x7101844f12,0026,S
0x7101844f2c,0021,S
0x7101844f41,0024,S
0x7101844f59,0021,S
0x7101844f6e,0025,S
0x7101844f87,0020,S
0x7101844f9b,0023,S
0x7101844fb2,0029,S
0x7101844fcf,0027,S
0x7101844fea,0021,S
0x7101844fff,0022,S
0x7101845015,0029,S
0x7101845032,0023,S
0x7101845049,0027,S
0x7101845064,0022,S
0x710184507a,0026,S
0x7101845094,0024,S
0x71018450ac,0026,S
0x71018450c6,0017,S
0x71018450d7,0017,S
0x71018450e8,0023,S
0x71018450ff,0020,S
0x7101845113,0018,S
0x7101845125,0022,S
0x710184513b,0025,S
0x7101845154,0026,S
0x710184516e,0027,S
0x7101845189,0027,S
0x71018451a4,0027,S
0x71018451bf,0030,S
0x71018451dd,0029,S
0x71018451fa,0026,S
0x7101845214,0018,S
0x7101845226,0020,S
0x710184523a,0020,S
0x710184524e,0021,S
0x7101845263,0023,S
0x710184527a,0022,S
0x7101845290,0017,S
0x71018452a1,0022,S
0x71018452b7,0015,S
0x71018452c6,0014,S
0x71018452d4,0016,S
0x71018452e4,0015,S
0x71018452f3,0020,S
0x7101845307,0019,S
0x710184531a,0022,S
0x7101845330,0022,S
0x7101845346,0020,S
0x710184535a,0020,S
0x710184536e,0021,S
0x7101845383,0025,S
0x710184539c,0023,S
0x71018453b3,0019,S
0x71018453c6,0022,S
0x71018453dc,0024,S
0x71018453f4,0021,S
0x7101845409,0022,S
0x710184541f,0022,S
0x7101845435,0016,S
0x7101845445,0018,S
0x7101845457,0018,S
0x7101845469,0026,S
0x7101845483,0026,S
0x710184549d,0024,S
0x71018454b5,0024,S
0x71018454cd,0023,S
0x71018454e4,0030,S
0x7101845502,0030,S
0x7101845520,0022,S
0x7101845536,0019,S
0x7101845549,0025,S
0x7101845562,0016,S
0x7101845572,0017,S
0x7101845583,0022,S
0x7101845599,0017,S
0x71018455aa,0023,S
0x71018455c1,0021,S
0x71018455d6,0021,S
0x71018455eb,0025,S
0x7101845604,0025,S
0x710184561d,0018,S
0x710184562f,0018,S
0x7101845641,0022,S
0x7101845657,0022,S
0x710184566d,0021,S
0x7101845682,0021,S
0x7101845697,0019,S
0x71018456aa,0026,S
0x71018456c4,0023,S
0x71018456db,0018,S
0x71018456ed,0019,S
0x7101845700,0026,S
0x710184571a,0019,S
0x710184572d,0019,S
0x7101845740,0026,S
0x710184575a,0019,S
0x710184576d,0019,S
0x7101845780,0017,S
0x7101845791,0018,S
0x71018457a3,0018,S
0x71018457b5,0021,S
0x71018457ca,0014,S
0x71018457d8,0013,S
0x71018457e5,0016,S
0x71018457f5,0025,S
0x710184580e,0018,S
0x7101845820,0017,S
0x7101845831,0020,S
0x7101845845,0020,S
0x7101845859,0020,S
0x710184586d,0013,S
0x710184587a,0012,S
0x7101845886,0015,S
0x7101845895,0018,S
0x71018458a7,0017,S
0x71018458b8,0014,S
0x71018458c6,0030,S
0x71018458e4,0020,S
0x71018458f8,0019,S
0x710184590b,0019,S
0x710184591e,0018,S
0x7101845930,0029,S
0x710184594d,0028,S
0x7101845969,0019,S
0x710184597c,0018,S
0x710184598e,0022,S
0x71018459a4,0021,S
0x71018459b9,0022,S
0x71018459cf,0021,S
0x71018459e4,0022,S
0x71018459fa,0021,S
0x7101845a0f,0014,S
0x7101845a1d,0019,S
0x7101845a30,0021,S
0x7101845a45,0011,S
0x7101845a50,0011,S
0x7101845a5b,0011,S
0x7101845a66,0011,S
0x7101845a71,0011,S
0x7101845a7c,0011,S
0x7101845a87,0011,S
0x7101845a92,0020,S
0x7101845aa6,0010,S
0x7101845ab0,0020,S
0x7101845ac4,0016,S
0x7101845ad4,0009,S
0x7101845add,0015,S
0x7101845aec,0014,S
0x7101845afa,0017,S
0x7101845b0b,0015,S
0x7101845b1a,0013,S
0x7101845b27,0010,S
0x7101845b31,0015,S
0x7101845b40,0011,S
0x7101845b4b,0018,S
0x7101845b5d,0017,S
0x7101845b6e,0020,S
0x7101845b82,0011,S
0x7101845b8d,0013,S
0x7101845b9a,0014,S
0x7101845ba8,0015,S
0x7101845bb7,0018,S
0x7101845bc9,0012,S
0x7101845bd5,0012,S
0x7101845be1,0019,S
0x7101845bf4,0018,S
0x7101845c06,0011,S
0x7101845c11,0022,S
0x7101845c27,0016,S
0x7101845c37,0013,S
0x7101845c44,0018,S
0x7101845c56,0018,S
0x7101845c68,0018,S
0x7101845c7a,0012,S
0x7101845c86,0017,S
0x7101845c97,0016,S
0x7101845ca7,0014,S
0x7101845cb5,0026,S
0x7101845ccf,0008,S
0x7101845cd7,0017,S
0x7101845ce8,0016,S
0x7101845cf8,0023,S
0x7101845d0f,0015,S
0x7101845d1e,0009,S
0x7101845d27,0015,S
0x7101845d36,0009,S
0x7101845d3f,0012,S
0x7101845d4b,0010,S
0x7101845d55,0009,S
0x7101845d5e,0031,S
0x7101845d7d,0041,S
0x7101845da6,0019,S
0x7101845db9,0009,S
0x7101845dc2,0016,S
0x7101845dd2,0007,S
0x7101845dd9,0012,S
0x7101845de5,0010,S
0x7101845def,0013,S
0x7101845dfc,0014,S
0x7101845e0a,0007,S
0x7101845e11,0012,S
0x7101845e1d,0010,S
0x7101845e27,0013,S
0x7101845e34,0014,S
0x7101845e42,0010,S
0x7101845e4c,0013,S
0x7101845e59,0014,S
0x7101845e67,0007,S
0x7101845e6e,0012,S
0x7101845e7a,0014,S
0x7101845e88,0008,S
0x7101845e90,0008,S
0x7101845e98,0015,S
0x7101845ea7,0013,S
0x7101845eb4,0015,S
0x7101845ec3,0018,S
0x7101845ed5,0018,S
0x7101845ee7,0016,S
0x7101845ef7,0018,S
0x7101845f09,0009,S
0x7101845f12,0010,S
0x7101845f1c,0008,S
0x7101845f24,0005,S
0x7101845f29,0018,S
0x7101845f3b,0018,S
0x7101845f4d,0007,S
0x7101845f54,0010,S
0x7101845f5e,0013,S
0x7101845f6b,0009,S
0x7101845f74,0012,S
0x7101845f80,0002,S
0x7101845f82,0002,S
0x7101845f84,0025,S
0x7101845f9d,0006,S
0x7101845fa3,0027,S
0x7101845fbe,0033,S
0x7101845fdf,0048,S
0x710184600f,0042,S
0x7101846039,0042,S
0x7101846063,0042,S
0x710184608d,0022,S
0x71018460a3,0051,S
0x71018460d6,0039,S
0x71018460fd,0045,S
0x710184612a,0057,S
0x7101846163,0057,S
0x710184619c,0045,S
0x71018461c9,0051,S
0x71018461fc,0009,S
0x7101846205,0010,S
0x710184620f,0009,S
0x7101846218,0006,S
0x710184621e,0006,S
0x7101846224,0011,S
0x710184622f,0006,S
0x7101846235,0005,S
0x710184623a,0005,S
0x710184623f,0005,S
0x7101846244,0011,S
0x710184624f,0010,S
0x7101846259,0010,S
0x7101846263,0011,S
0x710184626e,0010,S
0x7101846278,0010,S
0x7101846282,0009,S
0x710184628b,0010,S
0x7101846295,0018,S
0x71018462a7,0015,S
0x71018462b6,0008,S
0x71018462be,0016,S
0x71018462ce,0003,S
0x71018462d1,0048,S
0x7101846301,0030,S
0x710184631f,0006,S
0x7101846325,0009,S
0x710184632e,0006,S
0x7101846334,0012,S
0x7101846340,0014,S
0x710184634e,0012,S
0x710184635a,0017,S
0x710184636b,0033,S
0x710184638c,0013,S
0x7101846399,0012,S
0x71018463a5,0015,S
0x71018463b4,0011,S
0x71018463bf,0006,S
0x71018463c5,0022,S
0x71018463db,0010,S
0x71018463e5,0010,S
0x71018463ef,0011,S
0x71018463fa,0023,S
0x7101846411,0028,S
0x710184642d,0023,S
0x7101846444,0017,S
0x7101846455,0043,S
0x7101846480,0031,S
0x710184649f,0022,S
0x71018464b5,0025,S
0x71018464ce,0046,S
0x71018464fc,0009,S
0x7101846505,0009,S
0x710184650e,0028,S
0x710184652a,0019,S
0x710184653d,0010,S
0x7101846547,0015,S
0x7101846556,0014,S
0x7101846564,0015,S
0x7101846573,0005,S
0x7101846578,0006,S
0x710184657e,0006,S
0x7101846584,0006,S
0x710184658a,0014,S
0x7101846598,0014,S
0x71018465a6,0014,S
0x71018465b4,0010,S
0x71018465be,0006,S
0x71018465c4,0006,S
0x71018465ca,0011,S
0x71018465d5,0011,S
0x71018465e0,0013,S
0x71018465ed,0010,S
0x71018465f7,0007,S
0x71018465fe,0004,S
0x7101846602,0017,S
0x7101846613,0017,S
0x7101846624,0004,S
0x7101846628,0007,S
0x710184662f,0008,S
0x7101846637,0008,S
0x710184663f,0008,S
0x7101846647,0013,S
0x7101846654,0007,S
0x710184665b,0007,S
0x7101846662,0007,S
0x7101846669,0007,S
0x7101846670,0007,S
0x7101846677,0007,S
0x710184667e,0007,S
0x7101846685,0007,S
0x710184668c,0008,S
0x7101846694,0008,S
0x710184669c,0011,S
0x71018466a7,0011,S
0x71018466b2,0008,S
0x71018466ba,0008,S
0x71018466c2,0011,S
0x71018466cd,0011,S
0x71018466d8,0012,S
0x71018466e4,0012,S
0x71018466f0,0023,S
0x7101846707,0015,S
0x7101846716,0010,S
0x7101846720,0010,S
0x710184672a,0012,S
0x7101846736,0017,S
0x7101846747,0015,S
0x7101846756,0013,S
0x7101846763,0013,S
0x7101846770,0010,S
0x710184677a,0009,S
0x7101846783,0011,S
0x710184678e,0010,S
0x7101846798,0010,S
0x71018467a2,0014,S
0x71018467b0,0014,S
0x71018467be,0014,S
0x71018467cc,0014,S
0x71018467da,0010,S
0x71018467e4,0022,S
0x71018467fa,0028,S
0x7101846816,0024,S
0x710184682e,0019,S
0x7101846841,0011,S
0x710184684c,0009,S
0x7101846855,0009,S
0x710184685e,0009,S
0x7101846867,0005,S
0x710184686c,0007,S
0x7101846873,0007,S
0x710184687a,0019,S
0x710184688d,0017,S
0x710184689e,0008,S
0x71018468a6,0007,S
0x71018468ad,0022,S
0x71018468c3,0011,S
0x71018468ce,0010,S
0x71018468d8,0014,S
0x71018468e6,0012,S
0x71018468f2,0016,S
0x7101846902,0026,S
0x710184691c,0028,S
0x7101846938,0013,S
0x7101846945,0031,S
0x7101846964,0031,S
0x7101846983,0031,S
0x71018469a2,0009,S
0x71018469ab,0009,S
0x71018469b4,0010,S
0x71018469be,0017,S
0x71018469cf,0011,S
0x71018469da,0011,S
0x71018469e5,0012,S
0x71018469f1,0012,S
0x71018469fd,0019,S
0x7101846a10,0010,S
0x7101846a1a,0016,S
0x7101846a2a,0020,S
0x7101846a3e,0012,S
0x7101846a4a,0018,S
0x7101846a5c,0004,S
0x7101846a60,0004,S
0x7101846a64,0019,S
0x7101846a77,0012,S
0x7101846a83,0007,S
0x7101846a8a,0018,S
0x7101846a9c,0016,S
0x7101846aac,0013,S
0x7101846ab9,0021,S
0x7101846ace,0012,S
0x7101846ada,0011,S
0x7101846ae5,0011,S
0x7101846af0,0011,S
0x7101846afb,0011,S
0x7101846b06,0011,S
0x7101846b11,0018,S
0x7101846b23,0012,S
0x7101846b2f,0010,S
0x7101846b39,0011,S
0x7101846b44,0018,S
0x7101846b56,0015,S
0x7101846b65,0018,S
0x7101846b77,0016,S
0x7101846b87,0015,S
0x7101846b96,0010,S
0x7101846ba0,0015,S
0x7101846baf,0012,S
0x7101846bbb,0014,S
0x7101846bc9,0014,S
0x7101846bd7,0010,S
0x7101846be1,0012,S
0x7101846bed,0012,S
0x7101846bf9,0011,S
0x7101846c04,0011,S
0x7101846c0f,0011,S
0x7101846c1a,0014,S
0x7101846c28,0012,S
0x7101846c34,0013,S
0x7101846c41,0011,S
0x7101846c4c,0012,S
0x7101846c58,0012,S
0x7101846c64,0018,S
0x7101846c76,0011,S
0x7101846c81,0012,S
0x7101846c8d,0011,S
0x7101846c98,0015,S
0x7101846ca7,0013,S
0x7101846cb4,0015,S
0x7101846cc3,0013,S
0x7101846cd0,0014,S
0x7101846cde,0015,S
0x7101846ced,0010,S
0x7101846cf7,0014,S
0x7101846d05,0014,S
0x7101846d13,0015,S
0x7101846d22,0008,S
0x7101846d2a,0005,S
0x7101846d2f,0006,S
0x7101846d35,0005,S
0x7101846d3a,0008,S
0x7101846d42,0005,S
0x7101846d47,0005,S
0x7101846d4c,0007,S
0x7101846d53,0008,S
0x7101846d5b,0004,S
0x7101846d5f,0005,S
0x7101846d64,0007,S
0x7101846d6b,0005,S
0x7101846d70,0006,S
0x7101846d76,0005,S
0x7101846d7b,0016,S
0x7101846d8b,0017,S
0x7101846d9c,0013,S
0x7101846da9,0017,S
0x7101846dba,0022,S
0x7101846dd0,0009,S
0x7101846dd9,0011,S
0x7101846de4,0012,S
0x7101846df0,0011,S
0x7101846dfb,0010,S
0x7101846e05,0021,S
0x7101846e1a,0024,S
0x7101846e32,0024,S
0x7101846e4a,0008,S
0x7101846e52,0009,S
0x7101846e5b,0013,S
0x7101846e68,0009,S
0x7101846e71,0011,S
0x7101846e7c,0019,S
0x7101846e8f,0022,S
0x7101846ea5,0022,S
0x7101846ebb,0025,S
0x7101846ed4,0016,S
0x7101846ee4,0013,S
0x7101846ef1,0013,S
0x7101846efe,0013,S
0x7101846f0b,0036,S
0x7101846f2f,0008,S
0x7101846f37,0009,S
0x7101846f40,0013,S
0x7101846f4d,0011,S
0x7101846f58,0011,S
0x7101846f63,0017,S
0x7101846f74,0015,S
0x7101846f83,0024,S
0x7101846f9b,0022,S
0x7101846fb1,0022,S
0x7101846fc7,0008,S
0x7101846fcf,0011,S
0x7101846fda,0010,S
0x7101846fe4,0010,S
0x7101846fee,0007,S
0x7101846ff5,0016,S
0x7101847005,0010,S
0x710184700f,0009,S
0x7101847018,0014,S
0x7101847026,0021,S
0x710184703b,0018,S
0x710184704d,0013,S
0x710184705a,0014,S
0x7101847068,0013,S
0x7101847075,0016,S
0x7101847085,0012,S
0x7101847091,0012,S
0x710184709d,0013,S
0x71018470aa,0025,S
0x71018470c3,0019,S
0x71018470d6,0017,S
0x71018470e7,0012,S
0x71018470f3,0010,S
0x71018470fd,0010,S
0x7101847107,0010,S
0x7101847111,0012,S
0x710184711d,0015,S
0x710184712c,0016,S
0x710184713c,0012,S
0x7101847148,0019,S
0x710184715b,0013,S
0x7101847168,0013,S
0x7101847175,0014,S
0x7101847183,0017,S
0x7101847194,0010,S
0x710184719e,0018,S
0x71018471b0,0018,S
0x71018471c2,0009,S
0x71018471cb,0011,S
0x71018471d6,0018,S
0x71018471e8,0012,S
0x71018471f4,0028,S
0x7101847210,0016,S
0x7101847220,0009,S
0x7101847229,0009,S
0x7101847232,0016,S
0x7101847242,0011,S
0x710184724d,0011,S
0x7101847258,0019,S
0x710184726b,0019,S
0x710184727e,0010,S
0x7101847288,0010,S
0x7101847292,0009,S
0x710184729b,0009,S
0x71018472a4,0019,S
0x71018472b7,0018,S
0x71018472c9,0018,S
0x71018472db,0017,S
0x71018472ec,0018,S
0x71018472fe,0007,S
0x7101847305,0013,S
0x7101847312,0019,S
0x7101847325,0010,S
0x710184732f,0016,S
0x710184733f,0018,S
0x7101847351,0017,S
0x7101847362,0016,S
0x7101847372,0034,S
0x7101847394,0015,S
0x71018473a3,0028,S
0x71018473bf,0009,S
0x71018473c8,0009,S
0x71018473d1,0013,S
0x71018473de,0009,S
0x71018473e7,0009,S
0x71018473f0,0013,S
0x71018473fd,0033,S
0x710184741e,0010,S
0x7101847428,0009,S
0x7101847431,0016,S
0x7101847441,0021,S
0x7101847456,0011,S
0x7101847461,0010,S
0x710184746b,0009,S
0x7101847474,0009,S
0x710184747d,0017,S
0x710184748e,0017,S
0x710184749f,0010,S
0x71018474a9,0017,S
0x71018474ba,0010,S
0x71018474c4,0010,S
0x71018474ce,0013,S
0x71018474db,0013,S
0x71018474e8,0017,S
0x71018474f9,0018,S
0x710184750b,0017,S
0x710184751c,0014,S
0x710184752a,0009,S
0x7101847533,0009,S
0x710184753c,0011,S
0x7101847547,0013,S
0x7101847554,0018,S
0x7101847566,0034,S
0x7101847588,0017,S
0x7101847599,0012,S
0x71018475a5,0016,S
0x71018475b5,0021,S
0x71018475ca,0016,S
0x71018475da,0019,S
0x71018475ed,0016,S
0x71018475fd,0012,S
0x7101847609,0010,S
0x7101847613,0006,S
0x7101847619,0028,S
0x7101847635,0028,S
0x7101847651,0014,S
0x710184765f,0010,S
0x7101847669,0016,S
0x7101847679,0026,S
0x7101847693,0011,S
0x710184769e,0009,S
0x71018476a7,0013,S
0x71018476b4,0013,S
0x71018476c1,0013,S
0x71018476ce,0012,S
0x71018476da,0009,S
0x71018476e3,0012,S
0x71018476ef,0010,S
0x71018476f9,0015,S
0x7101847708,0010,S
0x7101847712,0012,S
0x710184771e,0007,S
0x7101847725,0015,S
0x7101847734,0015,S
0x7101847743,0024,S
0x710184775b,0016,S
0x710184776b,0008,S
0x7101847773,0015,S
0x7101847782,0016,S
0x7101847792,0023,S
0x71018477a9,0022,S
0x71018477bf,0016,S
0x71018477cf,0012,S
0x71018477db,0016,S
0x71018477eb,0015,S
0x71018477fa,0010,S
0x7101847804,0015,S
0x7101847813,0015,S
0x7101847822,0013,S
0x710184782f,0017,S
0x7101847840,0017,S
0x7101847851,0011,S
0x710184785c,0006,S
0x7101847862,0016,S
0x7101847872,0005,S
0x7101847877,0031,S
0x7101847896,0017,S
0x71018478a7,0022,S
0x71018478bd,0004,S
0x71018478c1,0006,S
0x71018478c7,0009,S
0x71018478d0,0007,S
0x71018478d7,0009,S
0x71018478e0,0021,S
0x71018478f5,0013,S
0x7101847902,0021,S
0x7101847917,0010,S
0x7101847921,0025,S
0x710184793a,0009,S
0x7101847943,0004,S
0x7101847947,0013,S
0x7101847954,0010,S
0x710184795e,0019,S
0x7101847971,0010,S
0x710184797b,0013,S
0x7101847988,0013,S
0x7101847995,0030,S
0x71018479b3,0012,S
0x71018479bf,0011,S
0x71018479ca,0010,S
0x71018479d4,0010,S
0x71018479de,0015,S
0x71018479ed,0019,S
0x7101847a00,0028,S
0x7101847a1c,0017,S
0x7101847a2d,0017,S
0x7101847a3e,0012,S
0x7101847a4a,0016,S
0x7101847a5a,0025,S
0x7101847a73,0013,S
0x7101847a80,0040,S
0x7101847aa8,0031,S
0x7101847ac7,0010,S
0x7101847ad1,0040,S
0x7101847af9,0031,S
0x7101847b18,0019,S
0x7101847b2b,0011,S
0x7101847b36,0020,S
0x7101847b4a,0007,S
0x7101847b51,0007,S
0x7101847b58,0010,S
0x7101847b62,0011,S
0x7101847b6d,0004,S
0x7101847b71,0022,S
0x7101847b87,0008,S
0x7101847b8f,0014,S
0x7101847b9d,0009,S
0x7101847ba6,0011,S
0x7101847bb1,0009,S
0x7101847bba,0009,S
0x7101847bc3,0025,S
0x7101847bdc,0015,S
0x7101847beb,0015,S
0x7101847bfa,0019,S
0x7101847c0d,0022,S
0x7101847c23,0013,S
0x7101847c30,0007,S
0x7101847c37,0022,S
0x7101847c4d,0022,S
0x7101847c63,0010,S
0x7101847c6d,0010,S
0x7101847c77,0008,S
0x7101847c7f,0009,S
0x7101847c88,0035,S
0x7101847cab,0031,S
0x7101847cca,0032,S
0x7101847cea,0021,S
0x7101847cff,0027,S
0x7101847d1a,0030,S
0x7101847d38,0031,S
0x7101847d57,0033,S
0x7101847d78,0019,S
0x7101847d8b,0024,S
0x7101847da3,0016,S
0x7101847db3,0020,S
0x7101847dc7,0036,S
0x7101847deb,0053,S
0x7101847e20,0053,S
0x7101847e55,0056,S
0x7101847e8d,0010,S
0x7101847e97,0039,S
0x7101847ebe,0053,S
0x7101847ef3,0053,S
0x7101847f28,0048,S
0x7101847f58,0010,S
0x7101847f62,0019,S
0x7101847f75,0006,S
0x7101847f7b,0037,S
0x7101847fa0,0043,S
0x7101847fcb,0040,S
0x7101847ff3,0025,S
0x710184800c,0013,S
0x7101848019,0037,S
0x710184803e,0010,S
0x7101848048,0011,S
0x7101848053,0011,S
0x710184805e,0012,S
0x710184806a,0012,S
0x7101848076,0028,S
0x7101848092,0015,S
0x71018480a1,0008,S
0x71018480a9,0010,S
0x71018480b3,0045,S
0x71018480e0,0037,S
0x7101848105,0032,S
0x7101848125,0036,S
0x7101848149,0017,S
0x710184815a,0025,S
0x7101848173,0031,S
0x7101848192,0047,S
0x71018481c1,0016,S
0x71018481d1,0025,S
0x71018481ea,0023,S
0x7101848201,0043,S
0x710184822c,0051,S
0x710184825f,0019,S
0x7101848272,0016,S
0x7101848282,0026,S
0x710184829c,0022,S
0x71018482b2,0007,S
0x71018482b9,0011,S
0x71018482c4,0019,S
0x71018482d7,0004,S
0x71018482db,0004,S
0x71018482df,0007,S
0x71018482e6,0028,S
0x7101848302,0025,S
0x710184831b,0031,S
0x710184833a,0007,S
0x7101848341,0028,S
0x710184835d,0043,S
0x7101848388,0028,S
0x71018483a4,0014,S
0x71018483b2,0014,S
0x71018483c0,0013,S
0x71018483cd,0012,S
0x71018483d9,0007,S
0x71018483e0,0009,S
0x71018483e9,0027,S
0x7101848404,0012,S
0x7101848410,0013,S
0x710184841d,0013,S
0x710184842a,0040,S
0x7101848452,0019,S
0x7101848465,0019,S
0x7101848478,0016,S
0x7101848488,0037,S
0x71018484ad,0022,S
0x71018484c3,0016,S
0x71018484d3,0019,S
0x71018484e6,0037,S
0x710184850b,0041,S
0x7101848534,0025,S
0x710184854d,0058,S
0x7101848587,0015,S
0x7101848596,0009,S
0x710184859f,0019,S
0x71018485b2,0007,S
0x71018485b9,0011,S
0x71018485c4,0011,S
0x71018485cf,0013,S
0x71018485dc,0058,S
0x7101848616,0031,S
0x7101848635,0040,S
0x710184865d,0014,S
0x710184866b,0025,S
0x7101848684,0006,S
0x710184868a,0023,S
0x71018486a1,0010,S
0x71018486ab,0013,S
0x71018486b8,0020,S
0x71018486cc,0017,S
0x71018486dd,0019,S
0x71018486f0,0011,S
0x71018486fb,0007,S
0x7101848702,0025,S
0x710184871b,0015,S
0x710184872a,0019,S
0x710184873d,0025,S
0x7101848756,0004,S
0x710184875a,0004,S
0x710184875e,0005,S
0x7101848763,0004,S
0x7101848767,0005,S
0x710184876c,0007,S
0x7101848773,0010,S
0x710184877d,0020,S
0x7101848791,0020,S
0x71018487a5,0006,S
0x71018487ab,0022,S
0x71018487c1,0019,S
0x71018487d4,0019,S
0x71018487e7,0011,S
0x71018487f2,0015,S
0x7101848801,0024,S
0x7101848819,0018,S
0x710184882b,0013,S
0x7101848838,0014,S
0x7101848846,0020,S
0x710184885a,0011,S
0x7101848865,0016,S
0x7101848875,0020,S
0x7101848889,0014,S
0x7101848897,0018,S
0x71018488a9,0013,S
0x71018488b6,0011,S
0x71018488c1,0018,S
0x71018488d3,0008,S
0x71018488db,0017,S
0x71018488ec,0012,S
0x71018488f8,0015,S
0x7101848907,0012,S
0x7101848913,0014,S
0x7101848921,0015,S
0x7101848930,0005,S
0x7101848935,0011,S
0x7101848940,0014,S
0x710184894e,0023,S
0x7101848965,0026,S
0x710184897f,0017,S
0x7101848990,0010,S
0x710184899a,0017,S
0x71018489ab,0016,S
0x71018489bb,0023,S
0x71018489d2,0023,S
0x71018489e9,0023,S
0x7101848a00,0019,S
0x7101848a13,0010,S
0x7101848a1d,0008,S
0x7101848a25,0012,S
0x7101848a31,0027,S
0x7101848a4c,0013,S
0x7101848a59,0013,S
0x7101848a66,0012,S
0x7101848a72,0015,S
0x7101848a81,0011,S
0x7101848a8c,0013,S
0x7101848a99,0015,S
0x7101848aa8,0011,S
0x7101848ab3,0013,S
0x7101848ac0,0016,S
0x7101848ad0,0014,S
0x7101848ade,0028,S
0x7101848afa,0009,S
0x7101848b03,0011,S
0x7101848b0e,0015,S
0x7101848b1d,0010,S
0x7101848b27,0017,S
0x7101848b38,0021,S
0x7101848b4d,0015,S
0x7101848b5c,0007,S
0x7101848b63,0014,S
0x7101848b71,0020,S
0x7101848b85,0012,S
0x7101848b91,0019,S
0x7101848ba4,0014,S
0x7101848bb2,0009,S
0x7101848bbb,0009,S
0x7101848bc4,0015,S
0x7101848bd3,0012,S
0x7101848bdf,0020,S
0x7101848bf3,0023,S
0x7101848c0a,0019,S
0x7101848c1d,0014,S
0x7101848c2b,0015,S
0x7101848c3a,0020,S
0x7101848c4e,0027,S
0x7101848c69,0020,S
0x7101848c7d,0017,S
0x7101848c8e,0014,S
0x7101848c9c,0024,S
0x7101848cb4,0013,S
0x7101848cc1,0009,S
0x7101848cca,0009,S
0x7101848cd3,0009,S
0x7101848cdc,0020,S
0x7101848cf0,0018,S
0x7101848d02,0010,S
0x7101848d0c,0015,S
0x7101848d1b,0015,S
0x7101848d2a,0020,S
0x7101848d3e,0022,S
0x7101848d54,0027,S
0x7101848d6f,0018,S
0x7101848d81,0019,S
0x7101848d94,0023,S
0x7101848dab,0018,S
0x7101848dbd,0023,S
0x7101848dd4,0028,S
0x7101848df0,0030,S
0x7101848e0e,0017,S
0x7101848e1f,0018,S
0x7101848e31,0011,S
0x7101848e3c,0012,S
0x7101848e48,0011,S
0x7101848e53,0014,S
0x7101848e61,0027,S
0x7101848e7c,0027,S
0x7101848e97,0021,S
0x7101848eac,0024,S
0x7101848ec4,0028,S
0x7101848ee0,0034,S
0x7101848f02,0026,S
0x7101848f1c,0010,S
0x7101848f26,0013,S
0x7101848f33,0009,S
0x7101848f3c,0023,S
0x7101848f53,0013,S
0x7101848f60,0010,S
0x7101848f6a,0014,S
0x7101848f78,0026,S
0x7101848f92,0028,S
0x7101848fae,0015,S
0x7101848fbd,0020,S
0x7101848fd1,0017,S
0x7101848fe2,0009,S
0x7101848feb,0013,S
0x7101848ff8,0008,S
0x7101849000,0020,S
0x7101849014,0008,S
0x710184901c,0020,S
0x7101849030,0019,S
0x7101849043,0012,S
0x710184904f,0016,S
0x710184905f,0019,S
0x7101849072,0029,S
0x710184908f,0008,S
0x7101849097,0010,S
0x71018490a1,0011,S
0x71018490ac,0009,S
0x71018490b5,0006,S
0x71018490bb,0018,S
0x71018490cd,0005,S
0x71018490d2,0010,S
0x71018490dc,0017,S
0x71018490ed,0015,S
0x71018490fc,0010,S
0x7101849106,0012,S
0x7101849112,0009,S
0x710184911b,0011,S
0x7101849126,0020,S
0x710184913a,0016,S
0x710184914a,0014,S
0x7101849158,0014,S
0x7101849166,0008,S
0x710184916e,0020,S
0x7101849182,0014,S
0x7101849190,0018,S
0x71018491a2,0017,S
0x71018491b3,0022,S
0x71018491c9,0015,S
0x71018491d8,0007,S
0x71018491df,0023,S
0x71018491f6,0022,S
0x710184920c,0030,S
0x710184922a,0018,S
0x710184923c,0026,S
0x7101849256,0019,S
0x7101849269,0017,S
0x710184927a,0021,S
0x710184928f,0014,S
0x710184929d,0027,S
0x71018492b8,0009,S
0x71018492c1,0014,S
0x71018492cf,0021,S
0x71018492e4,0020,S
0x71018492f8,0023,S
0x710184930f,0023,S
0x7101849326,0015,S
0x7101849335,0011,S
0x7101849340,0011,S
0x710184934b,0016,S
0x710184935b,0006,S
0x7101849361,0024,S
0x7101849379,0015,S
0x7101849388,0019,S
0x710184939b,0022,S
0x71018493b1,0015,S
0x71018493c0,0016,S
0x71018493d0,0024,S
0x71018493e8,0015,S
0x71018493f7,0020,S
0x710184940b,0015,S
0x710184941a,0006,S
0x7101849420,0004,S
0x7101849424,0019,S
0x7101849437,0019,S
0x710184944a,0025,S
0x7101849463,0021,S
0x7101849478,0030,S
0x7101849496,0013,S
0x71018494a3,0021,S
0x71018494b8,0015,S
0x71018494c7,0015,S
0x71018494d6,0014,S
0x71018494e4,0016,S
0x71018494f4,0015,S
0x7101849503,0014,S
0x7101849511,0024,S
0x7101849529,0021,S
0x710184953e,0017,S
0x710184954f,0018,S
0x7101849561,0017,S
0x7101849572,0022,S
0x7101849588,0017,S
0x7101849599,0022,S
0x71018495af,0008,S
0x71018495b7,0009,S
0x71018495c0,0012,S
0x71018495cc,0016,S
0x71018495dc,0012,S
0x71018495e8,0019,S
0x71018495fb,0011,S
0x7101849606,0011,S
0x7101849611,0015,S
0x7101849620,0013,S
0x710184962d,0027,S
0x7101849648,0021,S
0x710184965d,0016,S
0x710184966d,0020,S
0x7101849681,0021,S
0x7101849696,0013,S
0x71018496a3,0015,S
0x71018496b2,0016,S
0x71018496c2,0015,S
0x71018496d1,0018,S
0x71018496e3,0009,S
0x71018496ec,0017,S
0x71018496fd,0019,S
0x7101849710,0028,S
0x710184972c,0013,S
0x7101849739,0010,S
0x7101849743,0018,S
0x7101849755,0011,S
0x7101849760,0017,S
0x7101849771,0018,S
0x7101849783,0022,S
0x7101849799,0017,S
0x71018497aa,0022,S
0x71018497c0,0014,S
0x71018497ce,0016,S
0x71018497de,0016,S
0x71018497ee,0026,S
0x7101849808,0014,S
0x7101849816,0018,S
0x7101849828,0019,S
0x710184983b,0024,S
0x7101849853,0010,S
0x710184985d,0019,S
0x7101849870,0030,S
0x710184988e,0016,S
0x710184989e,0012,S
0x71018498aa,0011,S
0x71018498b5,0017,S
0x71018498c6,0017,S
0x71018498d7,0020,S
0x71018498eb,0021,S
0x7101849900,0009,S
0x7101849909,0020,S
0x710184991d,0020,S
0x7101849931,0020,S
0x7101849945,0007,S
0x710184994c,0015,S
0x710184995b,0034,S
0x710184997d,0010,S
0x7101849987,0022,S
0x710184999d,0028,S
0x71018499b9,0014,S
0x71018499c7,0014,S
0x71018499d5,0018,S
0x71018499e7,0015,S
0x71018499f6,0018,S
0x7101849a08,0018,S
0x7101849a1a,0017,S
0x7101849a2b,0018,S
0x7101849a3d,0017,S
0x7101849a4e,0017,S
0x7101849a5f,0022,S
0x7101849a75,0015,S
0x7101849a84,0022,S
0x7101849a9a,0021,S
0x7101849aaf,0015,S
0x7101849abe,0015,S
0x7101849acd,0019,S
0x7101849ae0,0024,S
0x7101849af8,0014,S
0x7101849b06,0014,S
0x7101849b14,0015,S
0x7101849b23,0021,S
0x7101849b38,0020,S
0x7101849b4c,0015,S
0x7101849b5b,0021,S
0x7101849b70,0023,S
0x7101849b87,0009,S
0x7101849b90,0017,S
0x7101849ba1,0012,S
0x7101849bad,0019,S
0x7101849bc0,0012,S
0x7101849bcc,0030,S
0x7101849bea,0010,S
0x7101849bf4,0024,S
0x7101849c0c,0012,S
0x7101849c18,0015,S
0x7101849c27,0014,S
0x7101849c35,0010,S
0x7101849c3f,0014,S
0x7101849c4d,0007,S
0x7101849c54,0011,S
0x7101849c5f,0019,S
0x7101849c72,0031,S
0x7101849c91,0029,S
0x7101849cae,0024,S
0x7101849cc6,0010,S
0x7101849cd0,0013,S
0x7101849cdd,0019,S
0x7101849cf0,0015,S
0x7101849cff,0014,S
0x7101849d0d,0022,S
0x7101849d23,0014,S
0x7101849d31,0014,S
0x7101849d3f,0018,S
0x7101849d51,0014,S
0x7101849d5f,0017,S
0x7101849d70,0013,S
0x7101849d7d,0016,S
0x7101849d8d,0013,S
0x7101849d9a,0013,S
0x7101849da7,0016,S
0x7101849db7,0025,S
0x7101849dd0,0018,S
0x7101849de2,0012,S
0x7101849dee,0014,S
0x7101849dfc,0017,S
0x7101849e0d,0013,S
0x7101849e1a,0017,S
0x7101849e2b,0019,S
0x7101849e3e,0013,S
0x7101849e4b,0020,S
0x7101849e5f,0018,S
0x7101849e71,0015,S
0x7101849e80,0015,S
0x7101849e8f,0014,S
0x7101849e9d,0020,S
0x7101849eb1,0013,S
0x7101849ebe,0014,S
0x7101849ecc,0021,S
0x7101849ee1,0020,S
0x7101849ef5,0019,S
0x7101849f08,0022,S
0x7101849f1e,0017,S
0x7101849f2f,0014,S
0x7101849f3d,0015,S
0x7101849f4c,0022,S
0x7101849f62,0014,S
0x7101849f70,0019,S
0x7101849f83,0016,S
0x7101849f93,0013,S
0x7101849fa0,0022,S
0x7101849fb6,0014,S
0x7101849fc4,0023,S
0x7101849fdb,0012,S
0x7101849fe7,0031,S
0x710184a006,0011,S
0x710184a011,0013,S
0x710184a01e,0015,S
0x710184a02d,0021,S
0x710184a042,0015,S
0x710184a051,0016,S
0x710184a061,0010,S
0x710184a06b,0016,S
0x710184a07b,0020,S
0x710184a08f,0026,S
0x710184a0a9,0016,S
0x710184a0b9,0012,S
0x710184a0c5,0015,S
0x710184a0d4,0014,S
0x710184a0e2,0015,S
0x710184a0f1,0016,S
0x710184a101,0016,S
0x710184a111,0029,S
0x710184a12e,0012,S
0x710184a13a,0021,S
0x710184a14f,0022,S
0x710184a165,0019,S
0x710184a178,0013,S
0x710184a185,0024,S
0x710184a19d,0028,S
0x710184a1b9,0041,S
0x710184a1e2,0019,S
0x710184a1f5,0032,S
0x710184a215,0017,S
0x710184a226,0030,S
0x710184a244,0032,S
0x710184a264,0015,S
0x710184a273,0013,S
0x710184a280,0027,S
0x710184a29b,0025,S
0x710184a2b4,0014,S
0x710184a2c2,0021,S
0x710184a2d7,0026,S
0x710184a2f1,0009,S
0x710184a2fa,0019,S
0x710184a30d,0022,S
0x710184a323,0021,S
0x710184a338,0013,S
0x710184a345,0022,S
0x710184a35b,0011,S
0x710184a366,0014,S
0x710184a374,0012,S
0x710184a380,0013,S
0x710184a38d,0011,S
0x710184a398,0025,S
0x710184a3b1,0026,S
0x710184a3cb,0046,S
0x710184a3f9,0022,S
0x710184a40f,0016,S
0x710184a41f,0019,S
0x710184a432,0022,S
0x710184a448,0017,S
0x710184a459,0022,S
0x710184a46f,0019,S
0x710184a482,0013,S
0x710184a48f,0017,S
0x710184a4a0,0013,S
0x710184a4ad,0004,S
0x710184a4b1,0019,S
0x710184a4c4,0028,S
0x710184a4e0,0022,S
0x710184a4f6,0011,S
0x710184a501,0014,S
0x710184a50f,0021,S
0x710184a524,0023,S
0x710184a53b,0010,S
0x710184a545,0018,S
0x710184a557,0016,S
0x710184a567,0020,S
0x710184a57b,0008,S
0x710184a583,0018,S
0x710184a595,0010,S
0x710184a59f,0012,S
0x710184a5ab,0031,S
0x710184a5ca,0021,S
0x710184a5df,0020,S
0x710184a5f3,0025,S
0x710184a60c,0021,S
0x710184a621,0029,S
0x710184a63e,0012,S
0x710184a64a,0023,S
0x710184a661,0022,S
0x710184a677,0024,S
0x710184a68f,0013,S
0x710184a69c,0022,S
0x710184a6b2,0026,S
0x710184a6cc,0017,S
0x710184a6dd,0011,S
0x710184a6e8,0025,S
0x710184a701,0010,S
0x710184a70b,0018,S
0x710184a71d,0016,S
0x710184a72d,0010,S
0x710184a737,0020,S
0x710184a74b,0018,S
0x710184a75d,0023,S
0x710184a774,0020,S
0x710184a788,0024,S
0x710184a7a0,0012,S
0x710184a7ac,0016,S
0x710184a7bc,0017,S
0x710184a7cd,0012,S
0x710184a7d9,0018,S
0x710184a7eb,0011,S
0x710184a7f6,0011,S
0x710184a801,0008,S
0x710184a809,0017,S
0x710184a81a,0015,S
0x710184a829,0015,S
0x710184a838,0024,S
0x710184a850,0010,S
0x710184a85a,0019,S
0x710184a86d,0011,S
0x710184a878,0011,S
0x710184a883,0026,S
0x710184a89d,0005,S
0x710184a8a2,0017,S
0x710184a8b3,0026,S
0x710184a8cd,0021,S
0x710184a8e2,0021,S
0x710184a8f7,0016,S
0x710184a907,0016,S
0x710184a917,0021,S
0x710184a92c,0017,S
0x710184a93d,0010,S
0x710184a947,0010,S
0x710184a951,0015,S
0x710184a960,0012,S
0x710184a96c,0026,S
0x710184a986,0016,S
0x710184a996,0019,S
0x710184a9a9,0014,S
0x710184a9b7,0012,S
0x710184a9c3,0013,S
0x710184a9d0,0011,S
0x710184a9db,0008,S
0x710184a9e3,0013,S
0x710184a9f0,0011,S
0x710184a9fb,0014,S
0x710184aa09,0015,S
0x710184aa18,0013,S
0x710184aa25,0012,S
0x710184aa31,0020,S
0x710184aa45,0020,S
0x710184aa59,0013,S
0x710184aa66,0026,S
0x710184aa80,0013,S
0x710184aa8d,0011,S
0x710184aa98,0016,S
0x710184aaa8,0011,S
0x710184aab3,0019,S
0x710184aac6,0018,S
0x710184aad8,0007,S
0x710184aadf,0007,S
0x710184aae6,0003,S
0x710184aae9,0007,S
0x710184aaf0,0013,S
0x710184aafd,0003,S
0x710184ab00,0003,S
0x710184ab03,0016,S
0x710184ab13,0004,S
0x710184ab17,0005,S
0x710184ab1c,0025,S
0x710184ab35,0016,S
0x710184ab45,0013,S
0x710184ab52,0028,S
0x710184ab6e,0007,S
0x710184ab75,0027,S
0x710184ab90,0018,S
0x710184aba2,0021,S
0x710184abb7,0015,S
0x710184abc6,0027,S
0x710184abe1,0050,S
0x710184ac13,0026,S
0x710184ac2d,0051,S
0x710184ac60,0021,S
0x710184ac75,0010,S
0x710184ac7f,0036,S
0x710184aca3,0037,S
0x710184acc8,0012,S
0x710184acd4,0036,S
0x710184acf8,0024,S
0x710184ad10,0051,S
0x710184ad43,0039,S
0x710184ad6a,0049,S
0x710184ad9b,0033,S
0x710184adbc,0043,S
0x710184ade7,0045,S
0x710184ae14,0022,S
0x710184ae2a,0048,S
0x710184ae5a,0028,S
0x710184ae76,0022,S
0x710184ae8c,0016,S
0x710184ae9c,0011,S
0x710184aea7,0015,S
0x710184aeb6,0015,S
0x710184aec5,0019,S
0x710184aed8,0008,S
0x710184aee0,0012,S
0x710184aeec,0009,S
0x710184aef5,0011,S
0x710184af00,0015,S
0x710184af0f,0028,S
0x710184af2b,0015,S
0x710184af3a,0016,S
0x710184af4a,0011,S
0x710184af55,0024,S
0x710184af6d,0010,S
0x710184af77,0027,S
0x710184af92,0010,S
0x710184af9c,0030,S
0x710184afba,0019,S
0x710184afcd,0012,S
0x710184afd9,0024,S
0x710184aff1,0022,S
0x710184b007,0006,S
0x710184b00d,0015,S
0x710184b01c,0015,S
0x710184b02b,0015,S
0x710184b03a,0015,S
0x710184b049,0020,S
0x710184b05d,0016,S
0x710184b06d,0014,S
0x710184b07b,0021,S
0x710184b090,0020,S
0x710184b0a4,0018,S
0x710184b0b6,0023,S
0x710184b0cd,0016,S
0x710184b0dd,0019,S
0x710184b0f0,0016,S
0x710184b100,0011,S
0x710184b10b,0010,S
0x710184b115,0019,S
0x710184b128,0014,S
0x710184b136,0014,S
0x710184b144,0007,S
0x710184b14b,0019,S
0x710184b15e,0040,S
0x710184b186,0015,S
0x710184b195,0016,S
0x710184b1a5,0015,S
0x710184b1b4,0030,S
0x710184b1d2,0034,S
0x710184b1f4,0022,S
0x710184b20a,0014,S
0x710184b218,0022,S
0x710184b22e,0010,S
0x710184b238,0014,S
0x710184b246,0031,S
0x710184b265,0018,S
0x710184b277,0024,S
0x710184b28f,0018,S
0x710184b2a1,0033,S
0x710184b2c2,0016,S
0x710184b2d2,0022,S
0x710184b2e8,0034,S
0x710184b30a,0010,S
0x710184b314,0012,S
0x710184b320,0012,S
0x710184b32c,0012,S
0x710184b338,0008,S
0x710184b340,0007,S
0x710184b347,0009,S
0x710184b350,0009,S
0x710184b359,0008,S
0x710184b361,0010,S
0x710184b36b,0025,S
0x710184b384,0018,S
0x710184b396,0019,S
0x710184b3a9,0018,S
0x710184b3bb,0043,S
0x710184b3e6,0019,S
0x710184b3f9,0022,S
0x710184b40f,0028,S
0x710184b42b,0031,S
0x710184b44a,0028,S
0x710184b466,0020,S
0x710184b47a,0018,S
0x710184b48c,0027,S
0x710184b4a7,0045,S
0x710184b4d4,0009,S
0x710184b4dd,0025,S
0x710184b4f6,0015,S
0x710184b505,0020,S
0x710184b519,0019,S
0x710184b52c,0025,S
0x710184b545,0016,S
0x710184b555,0021,S
0x710184b56a,0013,S
0x710184b577,0017,S
0x710184b588,0016,S
0x710184b598,0020,S
0x710184b5ac,0026,S
0x710184b5c6,0013,S
0x710184b5d3,0016,S
0x710184b5e3,0019,S
0x710184b5f6,0024,S
0x710184b60e,0011,S
0x710184b619,0027,S
0x710184b634,0017,S
0x710184b645,0046,S
0x710184b673,0022,S
0x710184b689,0013,S
0x710184b696,0016,S
0x710184b6a6,0016,S
0x710184b6b6,0022,S
0x710184b6cc,0005,S
0x710184b6d1,0028,S
0x710184b6ed,0037,S
0x710184b712,0043,S
0x710184b73d,0040,S
0x710184b765,0027,S
0x710184b780,0010,S
0x710184b78a,0028,S
0x710184b7a6,0018,S
0x710184b7b8,0013,S
0x710184b7c5,0025,S
0x710184b7de,0016,S
0x710184b7ee,0007,S
0x710184b7f5,0010,S
0x710184b7ff,0043,S
0x710184b82a,0028,S
0x710184b846,0013,S
0x710184b853,0017,S
0x710184b864,0018,S
0x710184b876,0018,S
0x710184b888,0016,S
0x710184b898,0031,S
0x710184b8b7,0019,S
0x710184b8ca,0045,S
0x710184b8f7,0054,S
0x710184b92d,0054,S
0x710184b963,0060,S
0x710184b99f,0007,S
0x710184b9a6,0016,S
0x710184b9b6,0022,S
0x710184b9cc,0043,S
0x710184b9f7,0022,S
0x710184ba0d,0028,S
0x710184ba29,0012,S
0x710184ba35,0012,S
0x710184ba41,0016,S
0x710184ba51,0015,S
0x710184ba60,0034,S
0x710184ba82,0030,S
0x710184baa0,0009,S
0x710184baa9,0012,S
0x710184bab5,0010,S
0x710184babf,0009,S
0x710184bac8,0021,S
0x710184badd,0018,S
0x710184baef,0021,S
0x710184bb04,0018,S
0x710184bb16,0023,S
0x710184bb2d,0043,S
0x710184bb58,0046,S
0x710184bb86,0037,S
0x710184bbab,0019,S
0x710184bbbe,0016,S
0x710184bbce,0040,S
0x710184bbf6,0022,S
0x710184bc0c,0022,S
0x710184bc22,0037,S
0x710184bc47,0037,S
0x710184bc6c,0035,S
0x710184bc8f,0026,S
0x710184bca9,0029,S
0x710184bcc6,0018,S
0x710184bcd8,0007,S
0x710184bcdf,0016,S
0x710184bcef,0031,S
0x710184bd0e,0019,S
0x710184bd21,0043,S
0x710184bd4c,0037,S
0x710184bd71,0025,S
0x710184bd8a,0026,S
0x710184bda4,0011,S
0x710184bdaf,0012,S
0x710184bdbb,0014,S
0x710184bdc9,0012,S
0x710184bdd5,0046,S
0x710184be03,0039,S
0x710184be2a,0025,S
0x710184be43,0011,S
0x710184be4e,0014,S
0x710184be5c,0034,S
0x710184be7e,0022,S
0x710184be94,0016,S
0x710184bea4,0024,S
0x710184bebc,0043,S
0x710184bee7,0031,S
0x710184bf06,0013,S
0x710184bf13,0022,S
0x710184bf29,0030,S
0x710184bf47,0028,S
0x710184bf63,0038,S
0x710184bf89,0034,S
0x710184bfab,0044,S
0x710184bfd7,0034,S
0x710184bff9,0019,S
0x710184c00c,0025,S
0x710184c025,0010,S
0x710184c02f,0020,S
0x710184c043,0021,S
0x710184c058,0023,S
0x710184c06f,0015,S
0x710184c07e,0013,S
0x710184c08b,0031,S
0x710184c0aa,0034,S
0x710184c0cc,0037,S
0x710184c0f1,0049,S
0x710184c122,0037,S
0x710184c147,0028,S
0x710184c163,0031,S
0x710184c182,0015,S
0x710184c191,0022,S
0x710184c1a7,0014,S
0x710184c1b5,0039,S
0x710184c1dc,0009,S
0x710184c1e5,0024,S
0x710184c1fd,0045,S
0x710184c22a,0012,S
0x710184c236,0027,S
0x710184c251,0045,S
0x710184c27e,0011,S
0x710184c289,0026,S
0x710184c2a3,0036,S
0x710184c2c7,0010,S
0x710184c2d1,0028,S
0x710184c2ed,0028,S
0x710184c309,0019,S
0x710184c31c,0030,S
0x710184c33a,0030,S
0x710184c358,0054,S
0x710184c38e,0013,S
0x710184c39b,0012,S
0x710184c3a7,0040,S
0x710184c3cf,0011,S
0x710184c3da,0037,S
0x710184c3ff,0011,S
0x710184c40a,0025,S
0x710184c423,0010,S
0x710184c42d,0008,S
0x710184c435,0016,S
0x710184c445,0013,S
0x710184c452,0003,S
0x710184c455,0021,S
0x710184c46a,0037,S
0x710184c48f,0034,S
0x710184c4b1,0012,S
0x710184c4bd,0012,S
0x710184c4c9,0018,S
0x710184c4db,0014,S
0x710184c4e9,0013,S
0x710184c4f6,0012,S
0x710184c502,0034,S
0x710184c524,0013,S
0x710184c531,0008,S
0x710184c539,0028,S
0x710184c555,0031,S
0x710184c574,0010,S
0x710184c57e,0028,S
0x710184c59a,0025,S
0x710184c5b3,0014,S
0x710184c5c1,0010,S
0x710184c5cb,0012,S
0x710184c5d7,0016,S
0x710184c5e7,0007,S
0x710184c5ee,0009,S
0x710184c5f7,0015,S
0x710184c606,0010,S
0x710184c610,0012,S
0x710184c61c,0010,S
0x710184c626,0011,S
0x710184c631,0010,S
0x710184c63b,0009,S
0x710184c644,0010,S
0x710184c64e,0010,S
0x710184c658,0011,S
0x710184c663,0011,S
0x710184c66e,0009,S
0x710184c677,0007,S
0x710184c67e,0012,S
0x710184c68a,0012,S
0x710184c696,0043,S
0x710184c6c1,0025,S
0x710184c6da,0010,S
0x710184c6e4,0012,S
0x710184c6f0,0013,S
0x710184c6fd,0013,S
0x710184c70a,0025,S
0x710184c723,0025,S
0x710184c73c,0021,S
0x710184c751,0022,S
0x710184c767,0021,S
0x710184c77c,0025,S
0x710184c795,0020,S
0x710184c7a9,0025,S
0x710184c7c2,0013,S
0x710184c7cf,0028,S
0x710184c7eb,0010,S
0x710184c7f5,0007,S
0x710184c7fc,0031,S
0x710184c81b,0022,S
0x710184c831,0017,S
0x710184c842,0018,S
0x710184c854,0021,S
0x710184c869,0034,S
0x710184c88b,0015,S
0x710184c89a,0042,S
0x710184c8c4,0017,S
0x710184c8d5,0042,S
0x710184c8ff,0039,S
0x710184c926,0016,S
0x710184c936,0042,S
0x710184c960,0012,S
0x710184c96c,0022,S
0x710184c982,0034,S
0x710184c9a4,0037,S
0x710184c9c9,0028,S
0x710184c9e5,0017,S
0x710184c9f6,0020,S
0x710184ca0a,0014,S
0x710184ca18,0029,S
0x710184ca35,0028,S
0x710184ca51,0023,S
0x710184ca68,0025,S
0x710184ca81,0028,S
0x710184ca9d,0021,S
0x710184cab2,0031,S
0x710184cad1,0014,S
0x710184cadf,0039,S
0x710184cb06,0016,S
0x710184cb16,0039,S
0x710184cb3d,0036,S
0x710184cb61,0015,S
0x710184cb70,0039,S
0x710184cb97,0011,S
0x710184cba2,0019,S
0x710184cbb5,0019,S
0x710184cbc8,0013,S
0x710184cbd5,0034,S
0x710184cbf7,0018,S
0x710184cc09,0020,S
0x710184cc1d,0017,S
0x710184cc2e,0009,S
0x710184cc37,0016,S
0x710184cc47,0025,S
0x710184cc60,0021,S
0x710184cc75,0019,S
0x710184cc88,0025,S
0x710184cca1,0039,S
0x710184ccc8,0012,S
0x710184ccd4,0057,S
0x710184cd0d,0043,S
0x710184cd38,0031,S
0x710184cd57,0023,S
0x710184cd6e,0014,S
0x710184cd7c,0027,S
0x710184cd97,0007,S
0x710184cd9e,0014,S
0x710184cdac,0027,S
0x710184cdc7,0019,S
0x710184cdda,0026,S
0x710184cdf4,0032,S
0x710184ce14,0019,S
0x710184ce27,0023,S
0x710184ce3e,0019,S
0x710184ce51,0011,S
0x710184ce5c,0007,S
0x710184ce63,0009,S
0x710184ce6c,0005,S
0x710184ce71,0007,S
0x710184ce78,0009,S
0x710184ce81,0005,S
0x710184ce86,0007,S
0x710184ce8d,0027,S
0x710184cea8,0024,S
0x710184cec0,0013,S
0x710184cecd,0010,S
0x710184ced7,0030,S
0x710184cef5,0011,S
0x710184cf00,0047,S
0x710184cf2f,0007,S
0x710184cf36,0016,S
0x710184cf46,0014,S
0x710184cf54,0024,S
0x710184cf6c,0022,S
0x710184cf82,0005,S
0x710184cf87,0007,S
0x710184cf8e,0062,S
0x710184cfcc,0010,S
0x710184cfd6,0030,S
0x710184cff4,0013,S
0x710184d001,0049,S
0x710184d032,0014,S
0x710184d040,0034,S
0x710184d062,0018,S
0x710184d074,0031,S
0x710184d093,0033,S
0x710184d0b4,0011,S
0x710184d0bf,0027,S
0x710184d0da,0016,S
0x710184d0ea,0027,S
0x710184d105,0015,S
0x710184d114,0022,S
0x710184d12a,0025,S
0x710184d143,0008,S
0x710184d14b,0022,S
0x710184d161,0016,S
0x710184d171,0021,S
0x710184d186,0020,S
0x710184d19a,0027,S
0x710184d1b5,0025,S
0x710184d1ce,0022,S
0x710184d1e4,0021,S
0x710184d1f9,0033,S
0x710184d21a,0018,S
0x710184d22c,0022,S
0x710184d242,0021,S
0x710184d257,0035,S
0x710184d27a,0033,S
0x710184d29b,0020,S
0x710184d2af,0024,S
0x710184d2c7,0023,S
0x710184d2de,0012,S
0x710184d2ea,0013,S
0x710184d2f7,0025,S
0x710184d310,0019,S
0x710184d323,0010,S
0x710184d32d,0009,S
0x710184d336,0014,S
0x710184d344,0017,S
0x710184d355,0011,S
0x710184d360,0021,S
0x710184d375,0016,S
0x710184d385,0007,S
0x710184d38c,0018,S
0x710184d39e,0014,S
0x710184d3ac,0018,S
0x710184d3be,0011,S
0x710184d3c9,0010,S
0x710184d3d3,0019,S
0x710184d3e6,0013,S
0x710184d3f3,0025,S
0x710184d40c,0031,S
0x710184d42b,0029,S
0x710184d448,0026,S
0x710184d462,0024,S
0x710184d47a,0017,S
0x710184d48b,0024,S
0x710184d4a3,0023,S
0x710184d4ba,0011,S
0x710184d4c5,0020,S
0x710184d4d9,0027,S
0x710184d4f4,0023,S
0x710184d50b,0026,S
0x710184d525,0024,S
0x710184d53d,0028,S
0x710184d559,0019,S
0x710184d56c,0018,S
0x710184d57e,0017,S
0x710184d58f,0018,S
0x710184d5a1,0018,S
0x710184d5b3,0020,S
0x710184d5c7,0020,S
0x710184d5db,0005,S
0x710184d5e0,0005,S
0x710184d5e5,0005,S
0x710184d5ea,0005,S
0x710184d5ef,0005,S
0x710184d5f4,0005,S
0x710184d5f9,0005,S
0x710184d5fe,0005,S
0x710184d603,0005,S
0x710184d608,0005,S
0x710184d60d,0005,S
0x710184d612,0005,S
0x710184d617,0016,S
0x710184d627,0018,S
0x710184d639,0010,S
0x710184d643,0010,S
0x710184d64d,0012,S
0x710184d659,0034,S
0x710184d67b,0010,S
0x710184d685,0010,S
0x710184d68f,0019,S
0x710184d6a2,0033,S
0x710184d6c3,0036,S
0x710184d6e7,0030,S
0x710184d705,0010,S
0x710184d70f,0006,S
0x710184d715,0011,S
0x710184d720,0028,S
0x710184d73c,0025,S
0x710184d755,0022,S
0x710184d76b,0022,S
0x710184d781,0022,S
0x710184d797,0031,S
0x710184d7b6,0031,S
0x710184d7d5,0045,S
0x710184d802,0012,S
0x710184d80e,0012,S
0x710184d81a,0016,S
0x710184d82a,0018,S
0x710184d83c,0028,S
0x710184d858,0032,S
0x710184d878,0008,S
0x710184d880,0012,S
0x710184d88c,0011,S
0x710184d897,0018,S
0x710184d8a9,0012,S
0x710184d8b5,0022,S
0x710184d8cb,0022,S
0x710184d8e1,0042,S
0x710184d90b,0025,S
0x710184d924,0025,S
0x710184d93d,0051,S
0x710184d970,0030,S
0x710184d98e,0017,S
0x710184d99f,0015,S
0x710184d9ae,0034,S
0x710184d9d0,0022,S
0x710184d9e6,0010,S
0x710184d9f0,0016,S
0x710184da00,0016,S
0x710184da10,0019,S
0x710184da23,0031,S
0x710184da42,0016,S
0x710184da52,0005,S
0x710184da57,0008,S
0x710184da5f,0009,S
0x710184da68,0031,S
0x710184da87,0007,S
0x710184da8e,0050,S
0x710184dac0,0018,S
0x710184dad2,0056,S
0x710184db0a,0057,S
0x710184db43,0013,S
0x710184db50,0036,S
0x710184db74,0018,S
0x710184db86,0017,S
0x710184db97,0014,S
0x710184dba5,0014,S
0x710184dbb3,0030,S
0x710184dbd1,0021,S
0x710184dbe6,0024,S
0x710184dbfe,0007,S
0x710184dc05,0011,S
0x710184dc10,0010,S
0x710184dc1a,0021,S
0x710184dc2f,0019,S
0x710184dc42,0016,S
0x710184dc52,0025,S
0x710184dc6b,0048,S
0x710184dc9b,0048,S
0x710184dccb,0024,S
0x710184dce3,0018,S
0x710184dcf5,0018,S
0x710184dd07,0039,S
0x710184dd2e,0015,S
0x710184dd3d,0018,S
0x710184dd4f,0021,S
0x710184dd64,0021,S
0x710184dd79,0039,S
0x710184dda0,0021,S
0x710184ddb5,0015,S
0x710184ddc4,0007,S
0x710184ddcb,0015,S
0x710184ddda,0018,S
0x710184ddec,0022,S
0x710184de02,0024,S
0x710184de1a,0016,S
0x710184de2a,0015,S
0x710184de39,0019,S
0x710184de4c,0019,S
0x710184de5f,0017,S
0x710184de70,0016,S
0x710184de80,0009,S
0x710184de89,0013,S
0x710184de96,0016,S
0x710184dea6,0022,S
0x710184debc,0034,S
0x710184dede,0011,S
0x710184dee9,0016,S
0x710184def9,0012,S
0x710184df05,0022,S
0x710184df1b,0028,S
0x710184df37,0024,S
0x710184df4f,0021,S
0x710184df64,0026,S
0x710184df7e,0020,S
0x710184df92,0017,S
0x710184dfa3,0023,S
0x710184dfba,0023,S
0x710184dfd1,0024,S
0x710184dfe9,0016,S
0x710184dff9,0013,S
0x710184e006,0020,S
0x710184e01a,0028,S
0x710184e036,0038,S
0x710184e05c,0015,S
0x710184e06b,0027,S
0x710184e086,0023,S
0x710184e09d,0022,S
0x710184e0b3,0016,S
0x710184e0c3,0017,S
0x710184e0d4,0012,S
0x710184e0e0,0019,S
0x710184e0f3,0017,S
0x710184e104,0008,S
0x710184e10c,0019,S
0x710184e11f,0012,S
0x710184e12b,0024,S
0x710184e143,0028,S
0x710184e15f,0021,S
0x710184e174,0009,S
0x710184e17d,0022,S
0x710184e193,0014,S
0x710184e1a1,0017,S
0x710184e1b2,0016,S
0x710184e1c2,0021,S
0x710184e1d7,0010,S
0x710184e1e1,0022,S
0x710184e1f7,0016,S
0x710184e207,0011,S
0x710184e212,0020,S
0x710184e226,0019,S
0x710184e239,0017,S
0x710184e24a,0011,S
0x710184e255,0023,S
0x710184e26c,0018,S
0x710184e27e,0018,S
0x710184e290,0015,S
0x710184e29f,0025,S
0x710184e2b8,0010,S
0x710184e2c2,0020,S
0x710184e2d6,0019,S
0x710184e2e9,0017,S
0x710184e2fa,0014,S
0x710184e308,0026,S
0x710184e322,0025,S
0x710184e33b,0020,S
0x710184e34f,0019,S
0x710184e362,0025,S
0x710184e37b,0021,S
0x710184e390,0019,S
0x710184e3a3,0015,S
0x710184e3b2,0025,S
0x710184e3cb,0028,S
0x710184e3e7,0012,S
0x710184e3f3,0016,S
0x710184e403,0035,S
0x710184e426,0027,S
0x710184e441,0016,S
0x710184e451,0024,S
0x710184e469,0017,S
0x710184e47a,0009,S
0x710184e483,0010,S
0x710184e48d,0006,S
0x710184e493,0022,S
0x710184e4a9,0012,S
0x710184e4b5,0016,S
0x710184e4c5,0020,S
0x710184e4d9,0013,S
0x710184e4e6,0017,S
0x710184e4f7,0023,S
0x710184e50e,0010,S
0x710184e518,0011,S
0x710184e523,0013,S
0x710184e530,0021,S
0x710184e545,0021,S
0x710184e55a,0013,S
0x710184e567,0021,S
0x710184e57c,0016,S
0x710184e58c,0032,S
0x710184e5ac,0044,S
0x710184e5d8,0035,S
0x710184e5fb,0044,S
0x710184e627,0041,S
0x710184e650,0041,S
0x710184e679,0007,S
0x710184e680,0019,S
0x710184e693,0024,S
0x710184e6ab,0022,S
0x710184e6c1,0224,S
0x710184e7a1,0033,S
0x710184e7c2,0024,S
0x710184e7da,0021,S
0x710184e7ef,0033,S
0x710184e810,0024,S
0x710184e828,0021,S
0x710184e83d,0024,S
0x710184e855,0037,S
0x710184e87a,0014,S
0x710184e888,0038,S
0x710184e8ae,0016,S
0x710184e8be,0030,S
0x710184e8dc,0041,S
0x710184e905,0034,S
0x710184e927,0034,S
0x710184e949,0012,S
0x710184e955,0031,S
0x710184e974,0017,S
0x710184e985,0025,S
0x710184e99e,0018,S
0x710184e9b0,0031,S
0x710184e9cf,0016,S
0x710184e9df,0028,S
0x710184e9fb,0048,S
0x710184ea2b,0016,S
0x710184ea3b,0054,S
0x710184ea71,0023,S
0x710184ea88,0039,S
0x710184eaaf,0004,S
0x710184eab3,0014,S
0x710184eac1,0007,S
0x710184eac8,0028,S
0x710184eae4,0013,S
0x710184eaf1,0036,S
0x710184eb15,0019,S
0x710184eb28,0014,S
0x710184eb36,0037,S
0x710184eb5b,0019,S
0x710184eb6e,0028,S
0x710184eb8a,0013,S
0x710184eb97,0037,S
0x710184ebbc,0010,S
0x710184ebc6,0010,S
0x710184ebd0,0011,S
0x710184ebdb,0012,S
0x710184ebe7,0015,S
0x710184ebf6,0017,S
0x710184ec07,0018,S
0x710184ec19,0012,S
0x710184ec25,0017,S
0x710184ec36,0019,S
0x710184ec49,0016,S
0x710184ec59,0011,S
0x710184ec64,0010,S
0x710184ec6e,0006,S
0x710184ec74,0009,S
0x710184ec7d,0034,S
0x710184ec9f,0013,S
0x710184ecac,0019,S
0x710184ecbf,0013,S
0x710184eccc,0055,S
0x710184ed03,0018,S
0x710184ed15,0017,S
0x710184ed26,0022,S
0x710184ed3c,0019,S
0x710184ed4f,0019,S
0x710184ed62,0013,S
0x710184ed6f,0010,S
0x710184ed79,0016,S
0x710184ed89,0014,S
0x710184ed97,0009,S
0x710184eda0,0010,S
0x710184edaa,0010,S
0x710184edb4,0005,S
0x710184edb9,0015,S
0x710184edc8,0013,S
0x710184edd5,0009,S
0x710184edde,0010,S
0x710184ede8,0011,S
0x710184edf3,0012,S
0x710184edff,0008,S
0x710184ee07,0014,S
0x710184ee15,0043,S
0x710184ee40,0037,S
0x710184ee65,0025,S
0x710184ee7e,0031,S
0x710184ee9d,0007,S
0x710184eea4,0007,S
0x710184eeab,0007,S
0x710184eeb2,0007,S
0x710184eeb9,0006,S
0x710184eebf,0002,S
0x710184eec1,0007,S
0x710184eec8,0010,S
0x710184eed2,0005,S
0x710184eed7,0040,S
0x710184eeff,0027,S
0x710184ef1a,0016,S
0x710184ef2a,0006,S
0x710184ef30,0009,S
0x710184ef39,0006,S
0x710184ef3f,0031,S
0x710184ef5e,0031,S
0x710184ef7d,0031,S
0x710184ef9c,0013,S
0x710184efa9,0031,S
0x710184efc8,0015,S
0x710184efd7,0031,S
0x710184eff6,0013,S
0x710184f003,0031,S
0x710184f022,0031,S
0x710184f041,0031,S
0x710184f060,0013,S
0x710184f06d,0031,S
0x710184f08c,0012,S
0x710184f098,0031,S
0x710184f0b7,0013,S
0x710184f0c4,0031,S
0x710184f0e3,0013,S
0x710184f0f0,0031,S
0x710184f10f,0031,S
0x710184f12e,0012,S
0x710184f13a,0031,S
0x710184f159,0013,S
0x710184f166,0031,S
0x710184f185,0031,S
0x710184f1a4,0017,S
0x710184f1b5,0031,S
0x710184f1d4,0017,S
0x710184f1e5,0007,S
0x710184f1ec,0010,S
0x710184f1f6,0023,S
0x710184f20d,0045,S
0x710184f23a,0007,S
0x710184f241,0007,S
0x710184f248,0028,S
0x710184f264,0020,S
0x710184f278,0009,S
0x710184f281,0025,S
0x710184f29a,0028,S
0x710184f2b6,0019,S
0x710184f2c9,0016,S
0x710184f2d9,0025,S
0x710184f2f2,0027,S
0x710184f30d,0027,S
0x710184f328,0021,S
0x710184f33d,0014,S
0x710184f34b,0004,S
0x710184f34f,0009,S
0x710184f358,0026,S
0x710184f372,0011,S
0x710184f37d,0012,S
0x710184f389,0019,S
0x710184f39c,0012,S
0x710184f3a8,0021,S
0x710184f3bd,0008,S
0x710184f3c5,0015,S
0x710184f3d4,0012,S
0x710184f3e0,0006,S
0x710184f3e6,0021,S
0x710184f3fb,0020,S
0x710184f40f,0014,S
0x710184f41d,0009,S
0x710184f426,0017,S
0x710184f437,0024,S
0x710184f44f,0011,S
0x710184f45a,0007,S
0x710184f461,0011,S
0x710184f46c,0021,S
0x710184f481,0027,S
0x710184f49c,0012,S
0x710184f4a8,0036,S
0x710184f4cc,0009,S
0x710184f4d5,0039,S
0x710184f4fc,0027,S
0x710184f517,0014,S
0x710184f525,0039,S
0x710184f54c,0012,S
0x710184f558,0042,S
0x710184f582,0012,S
0x710184f58e,0048,S
0x710184f5be,0023,S
0x710184f5d5,0023,S
0x710184f5ec,0034,S
0x710184f60e,0028,S
0x710184f62a,0026,S
0x710184f644,0016,S
0x710184f654,0036,S
0x710184f678,0030,S
0x710184f696,0024,S
0x710184f6ae,0027,S
0x710184f6c9,0033,S
0x710184f6ea,0024,S
0x710184f702,0036,S
0x710184f726,0039,S
0x710184f74d,0026,S
0x710184f767,0027,S
0x710184f782,0007,S
0x710184f789,0004,S
0x710184f78d,0004,S
0x710184f791,0025,S
0x710184f7aa,0022,S
0x710184f7c0,0042,S
0x710184f7ea,0039,S
0x710184f811,0007,S
0x710184f818,0015,S
0x710184f827,0031,S
0x710184f846,0017,S
0x710184f857,0039,S
0x710184f87e,0036,S
0x710184f8a2,0012,S
0x710184f8ae,0036,S
0x710184f8d2,0031,S
0x710184f8f1,0019,S
0x710184f904,0024,S
0x710184f91c,0017,S
0x710184f92d,0011,S
0x710184f938,0020,S
0x710184f94c,0027,S
0x710184f967,0017,S
0x710184f978,0024,S
0x710184f990,0027,S
0x710184f9ab,0023,S
0x710184f9c2,0026,S
0x710184f9dc,0022,S
0x710184f9f2,0009,S
0x710184f9fb,0005,S
0x710184fa00,0020,S
0x710184fa14,0006,S
0x710184fa1a,0008,S
0x710184fa22,0010,S
0x710184fa2c,0027,S
0x710184fa47,0010,S
0x710184fa51,0005,S
0x710184fa56,0021,S
0x710184fa6b,0027,S
0x710184fa86,0024,S
0x710184fa9e,0011,S
0x710184faa9,0013,S
0x710184fab6,0029,S
0x710184fad3,0029,S
0x710184faf0,0016,S
0x710184fb00,0028,S
0x710184fb1c,0031,S
0x710184fb3b,0026,S
0x710184fb55,0030,S
0x710184fb73,0019,S
0x710184fb86,0009,S
0x710184fb8f,0027,S
0x710184fbaa,0023,S
0x710184fbc1,0030,S
0x710184fbdf,0012,S
0x710184fbeb,0013,S
0x710184fbf8,0013,S
0x710184fc05,0017,S
0x710184fc16,0019,S
0x710184fc29,0020,S
0x710184fc3d,0023,S
0x710184fc54,0015,S
0x710184fc63,0015,S
0x710184fc72,0022,S
0x710184fc88,0022,S
0x710184fc9e,0019,S
0x710184fcb1,0019,S
0x710184fcc4,0020,S
0x710184fcd8,0023,S
0x710184fcef,0029,S
0x710184fd0c,0019,S
0x710184fd1f,0025,S
0x710184fd38,0025,S
0x710184fd51,0014,S
0x710184fd5f,0017,S
0x710184fd70,0025,S
0x710184fd89,0013,S
0x710184fd96,0017,S
0x710184fda7,0014,S
0x710184fdb5,0014,S
0x710184fdc3,0013,S
0x710184fdd0,0020,S
0x710184fde4,0019,S
0x710184fdf7,0019,S
0x710184fe0a,0020,S
0x710184fe1e,0018,S
0x710184fe30,0020,S
0x710184fe44,0023,S
0x710184fe5b,0019,S
0x710184fe6e,0020,S
0x710184fe82,0019,S
0x710184fe95,0021,S
0x710184feaa,0021,S
0x710184febf,0018,S
0x710184fed1,0019,S
0x710184fee4,0018,S
0x710184fef6,0020,S
0x710184ff0a,0020,S
0x710184ff1e,0021,S
0x710184ff33,0021,S
0x710184ff48,0016,S
0x710184ff58,0017,S
0x710184ff69,0014,S
0x710184ff77,0015,S
0x710184ff86,0017,S
0x710184ff97,0015,S
0x710184ffa6,0013,S
0x710184ffb3,0013,S
0x710184ffc0,0016,S
0x710184ffd0,0010,S
0x710184ffda,0023,S
0x710184fff1,0021,S
0x7101850006,0017,S
0x7101850017,0013,S
0x7101850024,0024,S
0x710185003c,0017,S
0x710185004d,0019,S
0x7101850060,0016,S
0x7101850070,0023,S
0x7101850087,0020,S
0x710185009b,0015,S
0x71018500aa,0028,S
0x71018500c6,0022,S
0x71018500dc,0022,S
0x71018500f2,0018,S
0x7101850104,0027,S
0x710185011f,0030,S
0x710185013d,0012,S
0x7101850149,0015,S
0x7101850158,0019,S
0x710185016b,0015,S
0x710185017a,0016,S
0x710185018a,0021,S
0x710185019f,0015,S
0x71018501ae,0019,S
0x71018501c1,0016,S
0x71018501d1,0012,S
0x71018501dd,0012,S
0x71018501e9,0018,S
0x71018501fb,0010,S
0x7101850205,0018,S
0x7101850217,0021,S
0x710185022c,0014,S
0x710185023a,0010,S
0x7101850244,0009,S
0x710185024d,0007,S
0x7101850254,0011,S
0x710185025f,0019,S
0x7101850272,0011,S
0x710185027d,0011,S
0x7101850288,0011,S
0x7101850293,0011,S
0x710185029e,0013,S
0x71018502ab,0016,S
0x71018502bb,0020,S
0x71018502cf,0017,S
0x71018502e0,0015,S
0x71018502ef,0016,S
0x71018502ff,0012,S
0x710185030b,0015,S
0x710185031a,0017,S
0x710185032b,0013,S
0x7101850338,0008,S
0x7101850340,0021,S
0x7101850355,0018,S
0x7101850367,0019,S
0x710185037a,0029,S
0x7101850397,0018,S
0x71018503a9,0021,S
0x71018503be,0027,S
0x71018503d9,0023,S
0x71018503f0,0021,S
0x7101850405,0020,S
0x7101850419,0018,S
0x710185042b,0012,S
0x7101850437,0012,S
0x7101850443,0012,S
0x710185044f,0011,S
0x710185045a,0024,S
0x7101850472,0011,S
0x710185047d,0017,S
0x710185048e,0017,S
0x710185049f,0015,S
0x71018504ae,0021,S
0x71018504c3,0025,S
0x71018504dc,0020,S
0x71018504f0,0024,S
0x7101850508,0040,S
0x7101850530,0026,S
0x710185054a,0016,S
0x710185055a,0011,S
0x7101850565,0008,S
0x710185056d,0007,S
0x7101850574,0008,S
0x710185057c,0008,S
0x7101850584,0015,S
0x7101850593,0012,S
0x710185059f,0026,S
0x71018505b9,0020,S
0x71018505cd,0035,S
0x71018505f0,0013,S
0x71018505fd,0027,S
0x7101850618,0021,S
0x710185062d,0016,S
0x710185063d,0011,S
0x7101850648,0014,S
0x7101850656,0008,S
0x710185065e,0015,S
0x710185066d,0011,S
0x7101850678,0011,S
0x7101850683,0023,S
0x710185069a,0007,S
0x71018506a1,0008,S
0x71018506a9,0016,S
0x71018506b9,0006,S
0x71018506bf,0021,S
0x71018506d4,0010,S
0x71018506de,0017,S
0x71018506ef,0019,S
0x7101850702,0009,S
0x710185070b,0020,S
0x710185071f,0009,S
0x7101850728,0015,S
0x7101850737,0012,S
0x7101850743,0016,S
0x7101850753,0014,S
0x7101850761,0016,S
0x7101850771,0016,S
0x7101850781,0010,S
0x710185078b,0008,S
0x7101850793,0012,S
0x710185079f,0012,S
0x71018507ab,0012,S
0x71018507b7,0012,S
0x71018507c3,0007,S
0x71018507ca,0023,S
0x71018507e1,0006,S
0x71018507e7,0017,S
0x71018507f8,0007,S
0x71018507ff,0023,S
0x7101850816,0006,S
0x710185081c,0011,S
0x7101850827,0011,S
0x7101850832,0011,S
0x710185083d,0012,S
0x7101850849,0007,S
0x7101850850,0013,S
0x710185085d,0022,S
0x7101850873,0029,S
0x7101850890,0030,S
0x71018508ae,0043,S
0x71018508d9,0014,S
0x71018508e7,0013,S
0x71018508f4,0008,S
0x71018508fc,0013,S
0x7101850909,0009,S
0x7101850912,0011,S
0x710185091d,0015,S
0x710185092c,0025,S
0x7101850945,0018,S
0x7101850957,0014,S
0x7101850965,0024,S
0x710185097d,0018,S
0x710185098f,0021,S
0x71018509a4,0007,S
0x71018509ab,0009,S
0x71018509b4,0016,S
0x71018509c4,0013,S
0x71018509d1,0009,S
0x71018509da,0014,S
0x71018509e8,0010,S
0x71018509f2,0012,S
0x71018509fe,0019,S
0x7101850a11,0009,S
0x7101850a1a,0008,S
0x7101850a22,0005,S
0x7101850a27,0008,S
0x7101850a2f,0008,S
0x7101850a37,0006,S
0x7101850a3d,0009,S
0x7101850a46,0008,S
0x7101850a4e,0011,S
0x7101850a59,0007,S
0x7101850a60,0012,S
0x7101850a6c,0006,S
0x7101850a72,0008,S
0x7101850a7a,0017,S
0x7101850a8b,0024,S
0x7101850aa3,0021,S
0x7101850ab8,0031,S
0x7101850ad7,0013,S
0x7101850ae4,0012,S
0x7101850af0,0014,S
0x7101850afe,0019,S
0x7101850b11,0018,S
0x7101850b23,0014,S
0x7101850b31,0019,S
0x7101850b44,0017,S
0x7101850b55,0022,S
0x7101850b6b,0010,S
0x7101850b75,0005,S
0x7101850b7a,0005,S
0x7101850b7f,0025,S
0x7101850b98,0022,S
0x7101850bae,0019,S
0x7101850bc1,0020,S
0x7101850bd5,0021,S
0x7101850bea,0024,S
0x7101850c02,0017,S
0x7101850c13,0011,S
0x7101850c1e,0010,S
0x7101850c28,0015,S
0x7101850c37,0029,S
0x7101850c54,0030,S
0x7101850c72,0023,S
0x7101850c89,0017,S
0x7101850c9a,0022,S
0x7101850cb0,0019,S
0x7101850cc3,0017,S
0x7101850cd4,0019,S
0x7101850ce7,0017,S
0x7101850cf8,0016,S
0x7101850d08,0016,S
0x7101850d18,0007,S
0x7101850d1f,0008,S
0x7101850d27,0020,S
0x7101850d3b,0007,S
0x7101850d42,0017,S
0x7101850d53,0017,S
0x7101850d64,0018,S
0x7101850d76,0018,S
0x7101850d88,0023,S
0x7101850d9f,0014,S
0x7101850dad,0024,S
0x7101850dc5,0015,S
0x7101850dd4,0011,S
0x7101850ddf,0011,S
0x7101850dea,0009,S
0x7101850df3,0013,S
0x7101850e00,0008,S
0x7101850e08,0009,S
0x7101850e11,0002,S
0x7101850e13,0002,S
0x7101850e15,0013,S
0x7101850e22,0028,S
0x7101850e3e,0030,S
0x7101850e5c,0028,S
0x7101850e78,0033,S
0x7101850e99,0027,S
0x7101850eb4,0018,S
0x7101850ec6,0013,S
0x7101850ed3,0015,S
0x7101850ee2,0019,S
0x7101850ef5,0016,S
0x7101850f05,0010,S
0x7101850f0f,0006,S
0x7101850f15,0014,S
0x7101850f23,0009,S
0x7101850f2c,0043,S
0x7101850f57,0023,S
0x7101850f6e,0037,S
0x7101850f93,0013,S
0x7101850fa0,0046,S
0x7101850fce,0011,S
0x7101850fd9,0061,S
0x7101851016,0010,S
0x7101851020,0025,S
0x7101851039,0010,S
0x7101851043,0010,S
0x710185104d,0014,S
0x710185105b,0008,S
0x7101851063,0009,S
0x710185106c,0009,S
0x7101851075,0011,S
0x7101851080,0021,S
0x7101851095,0010,S
0x710185109f,0024,S
0x71018510b7,0027,S
0x71018510d2,0024,S
0x71018510ea,0013,S
0x71018510f7,0024,S
0x710185110f,0024,S
0x7101851127,0023,S
0x710185113e,0025,S
0x7101851157,0025,S
0x7101851170,0026,S
0x710185118a,0029,S
0x71018511a7,0020,S
0x71018511bb,0020,S
0x71018511cf,0012,S
0x71018511db,0011,S
0x71018511e6,0015,S
0x71018511f5,0010,S
0x71018511ff,0012,S
0x710185120b,0018,S
0x710185121d,0020,S
0x7101851231,0017,S
0x7101851242,0014,S
0x7101851250,0016,S
0x7101851260,0010,S
0x710185126a,0005,S
0x710185126f,0009,S
0x7101851278,0010,S
0x7101851282,0015,S
0x7101851291,0008,S
0x7101851299,0011,S
0x71018512a4,0013,S
0x71018512b1,0012,S
0x71018512bd,0019,S
0x71018512d0,0012,S
0x71018512dc,0005,S
0x71018512e1,0013,S
0x71018512ee,0013,S
0x71018512fb,0022,S
0x7101851311,0018,S
0x7101851323,0005,S
0x7101851328,0005,S
0x710185132d,0005,S
0x7101851332,0016,S
0x7101851342,0004,S
0x7101851346,0007,S
0x710185134d,0013,S
0x710185135a,0019,S
0x710185136d,0019,S
0x7101851380,0034,S
0x71018513a2,0022,S
0x71018513b8,0007,S
0x71018513bf,0014,S
0x71018513cd,0031,S
0x71018513ec,0016,S
0x71018513fc,0013,S
0x7101851409,0025,S
0x7101851422,0022,S
0x7101851438,0037,S
0x710185145d,0028,S
0x7101851479,0019,S
0x710185148c,0011,S
0x7101851497,0013,S
0x71018514a4,0007,S
0x71018514ab,0013,S
0x71018514b8,0013,S
0x71018514c5,0013,S
0x71018514d2,0021,S
0x71018514e7,0011,S
0x71018514f2,0018,S
0x7101851504,0028,S
0x7101851520,0011,S
0x710185152b,0019,S
0x710185153e,0018,S
0x7101851550,0007,S
0x7101851557,0007,S
0x710185155e,0010,S
0x7101851568,0007,S
0x710185156f,0011,S
0x710185157a,0012,S
0x7101851586,0009,S
0x710185158f,0013,S
0x710185159c,0012,S
0x71018515a8,0009,S
0x71018515b1,0039,S
0x71018515d8,0024,S
0x71018515f0,0027,S
0x710185160b,0021,S
0x7101851620,0022,S
0x7101851636,0036,S
0x710185165a,0036,S
0x710185167e,0042,S
0x71018516a8,0042,S
0x71018516d2,0013,S
0x71018516df,0042,S
0x7101851709,0028,S
0x7101851725,0057,S
0x710185175e,0045,S
0x710185178b,0045,S
0x71018517b8,0056,S
0x71018517f0,0036,S
0x7101851814,0065,S
0x7101851855,0053,S
0x710185188a,0053,S
0x71018518bf,0021,S
0x71018518d4,0025,S
0x71018518ed,0034,S
0x710185190f,0042,S
0x7101851939,0025,S
0x7101851952,0016,S
0x7101851962,0019,S
0x7101851975,0037,S
0x710185199a,0025,S
0x71018519b3,0043,S
0x71018519de,0052,S
0x7101851a12,0016,S
0x7101851a22,0031,S
0x7101851a41,0019,S
0x7101851a54,0019,S
0x7101851a67,0034,S
0x7101851a89,0028,S
0x7101851aa5,0034,S
0x7101851ac7,0025,S
0x7101851ae0,0034,S
0x7101851b02,0025,S
0x7101851b1b,0026,S
0x7101851b35,0004,S
0x7101851b39,0008,S
0x7101851b41,0002,S
0x7101851b43,0023,S
0x7101851b5a,0023,S
0x7101851b71,0033,S
0x7101851b92,0013,S
0x7101851b9f,0014,S
0x7101851bad,0021,S
0x7101851bc2,0036,S
0x7101851be6,0013,S
0x7101851bf3,0022,S
0x7101851c09,0033,S
0x7101851c2a,0019,S
0x7101851c3d,0010,S
0x7101851c47,0028,S
0x7101851c63,0006,S
0x7101851c69,0006,S
0x7101851c6f,0007,S
0x7101851c76,0011,S
0x7101851c81,0008,S
0x7101851c89,0011,S
0x7101851c94,0015,S
0x7101851ca3,0012,S
0x7101851caf,0012,S
0x7101851cbb,0012,S
0x7101851cc7,0027,S
0x7101851ce2,0026,S
0x7101851cfc,0026,S
0x7101851d16,0026,S
0x7101851d30,0027,S
0x7101851d4b,0028,S
0x7101851d67,0027,S
0x7101851d82,0045,S
0x7101851daf,0057,S
0x7101851de8,0051,S
0x7101851e1b,0054,S
0x7101851e51,0029,S
0x7101851e6e,0056,S
0x7101851ea6,0040,S
0x7101851ece,0006,S
0x7101851ed4,0015,S
0x7101851ee3,0012,S
0x7101851eef,0011,S
0x7101851efa,0011,S
0x7101851f05,0010,S
0x7101851f0f,0009,S
0x7101851f18,0013,S
0x7101851f25,0013,S
0x7101851f32,0007,S
0x7101851f39,0010,S
0x7101851f43,0012,S
0x7101851f4f,0010,S
0x7101851f59,0007,S
0x7101851f60,0007,S
0x7101851f67,0011,S
0x7101851f72,0010,S
0x7101851f7c,0007,S
0x7101851f83,0007,S
0x7101851f8a,0011,S
0x7101851f95,0013,S
0x7101851fa2,0007,S
0x7101851fa9,0007,S
0x7101851fb0,0012,S
0x7101851fbc,0010,S
0x7101851fc6,0007,S
0x7101851fcd,0007,S
0x7101851fd4,0013,S
0x7101851fe1,0007,S
0x7101851fe8,0007,S
0x7101851fef,0009,S
0x7101851ff8,0007,S
0x7101851fff,0007,S
0x7101852006,0011,S
0x7101852011,0010,S
0x710185201b,0010,S
0x7101852025,0007,S
0x710185202c,0011,S
0x7101852037,0010,S
0x7101852041,0007,S
0x7101852048,0004,S
0x710185204c,0013,S
0x7101852059,0013,S
0x7101852066,0007,S
0x710185206d,0007,S
0x7101852074,0011,S
0x710185207f,0010,S
0x7101852089,0007,S
0x7101852090,0004,S
0x7101852094,0010,S
0x710185209e,0007,S
0x71018520a5,0007,S
0x71018520ac,0007,S
0x71018520b3,0011,S
0x71018520be,0010,S
0x71018520c8,0007,S
0x71018520cf,0007,S
0x71018520d6,0013,S
0x71018520e3,0013,S
0x71018520f0,0007,S
0x71018520f7,0007,S
0x71018520fe,0013,S
0x710185210b,0013,S
0x7101852118,0007,S
0x710185211f,0007,S
0x7101852126,0013,S
0x7101852133,0007,S
0x710185213a,0007,S
0x7101852141,0014,S
0x710185214f,0013,S
0x710185215c,0007,S
0x7101852163,0007,S
0x710185216a,0013,S
0x7101852177,0013,S
0x7101852184,0007,S
0x710185218b,0007,S
0x7101852192,0014,S
0x71018521a0,0013,S
0x71018521ad,0007,S
0x71018521b4,0007,S
0x71018521bb,0008,S
0x71018521c3,0007,S
0x71018521ca,0007,S
0x71018521d1,0007,S
0x71018521d8,0011,S
0x71018521e3,0010,S
0x71018521ed,0007,S
0x71018521f4,0007,S
0x71018521fb,0012,S
0x7101852207,0010,S
0x7101852211,0007,S
0x7101852218,0007,S
0x710185221f,0013,S
0x710185222c,0013,S
0x7101852239,0007,S
0x7101852240,0007,S
0x7101852247,0011,S
0x7101852252,0010,S
0x710185225c,0007,S
0x7101852263,0004,S
0x7101852267,0009,S
0x7101852270,0007,S
0x7101852277,0007,S
0x710185227e,0007,S
0x7101852285,0012,S
0x7101852291,0013,S
0x710185229e,0007,S
0x71018522a5,0007,S
0x71018522ac,0014,S
0x71018522ba,0013,S
0x71018522c7,0007,S
0x71018522ce,0007,S
0x71018522d5,0013,S
0x71018522e2,0013,S
0x71018522ef,0007,S
0x71018522f6,0004,S
0x71018522fa,0011,S
0x7101852305,0010,S
0x710185230f,0007,S
0x7101852316,0007,S
0x710185231d,0014,S
0x710185232b,0013,S
0x7101852338,0007,S
0x710185233f,0007,S
0x7101852346,0014,S
0x7101852354,0013,S
0x7101852361,0007,S
0x7101852368,0007,S
0x710185236f,0009,S
0x7101852378,0007,S
0x710185237f,0004,S
0x7101852383,0007,S
0x710185238a,0009,S
0x7101852393,0007,S
0x710185239a,0004,S
0x710185239e,0007,S
0x71018523a5,0007,S
0x71018523ac,0007,S
0x71018523b3,0007,S
0x71018523ba,0013,S
0x71018523c7,0010,S
0x71018523d1,0007,S
0x71018523d8,0007,S
0x71018523df,0011,S
0x71018523ea,0010,S
0x71018523f4,0007,S
0x71018523fb,0007,S
0x7101852402,0014,S
0x7101852410,0010,S
0x710185241a,0007,S
0x7101852421,0007,S
0x7101852428,0008,S
0x7101852430,0010,S
0x710185243a,0007,S
0x7101852441,0007,S
0x7101852448,0011,S
0x7101852453,0013,S
0x7101852460,0007,S
0x7101852467,0007,S
0x710185246e,0011,S
0x7101852479,0010,S
0x7101852483,0007,S
0x710185248a,0007,S
0x7101852491,0014,S
0x710185249f,0016,S
0x71018524af,0007,S
0x71018524b6,0013,S
0x71018524c3,0013,S
0x71018524d0,0007,S
0x71018524d7,0004,S
0x71018524db,0013,S
0x71018524e8,0013,S
0x71018524f5,0007,S
0x71018524fc,0007,S
0x7101852503,0011,S
0x710185250e,0010,S
0x7101852518,0007,S
0x710185251f,0007,S
0x7101852526,0011,S
0x7101852531,0010,S
0x710185253b,0007,S
0x7101852542,0007,S
0x7101852549,0009,S
0x7101852552,0013,S
0x710185255f,0007,S
0x7101852566,0007,S
0x710185256d,0009,S
0x7101852576,0007,S
0x710185257d,0007,S
0x7101852584,0004,S
0x7101852588,0013,S
0x7101852595,0010,S
0x710185259f,0004,S
0x71018525a3,0012,S
0x71018525af,0010,S
0x71018525b9,0007,S
0x71018525c0,0004,S
0x71018525c4,0010,S
0x71018525ce,0007,S
0x71018525d5,0007,S
0x71018525dc,0015,S
0x71018525eb,0016,S
0x71018525fb,0007,S
0x7101852602,0007,S
0x7101852609,0014,S
0x7101852617,0016,S
0x7101852627,0010,S
0x7101852631,0010,S
0x710185263b,0013,S
0x7101852648,0007,S
0x710185264f,0007,S
0x7101852656,0010,S
0x7101852660,0010,S
0x710185266a,0007,S
0x7101852671,0011,S
0x710185267c,0013,S
0x7101852689,0007,S
0x7101852690,0012,S
0x710185269c,0010,S
0x71018526a6,0010,S
0x71018526b0,0007,S
0x71018526b7,0012,S
0x71018526c3,0013,S
0x71018526d0,0007,S
0x71018526d7,0007,S
0x71018526de,0013,S
0x71018526eb,0013,S
0x71018526f8,0007,S
0x71018526ff,0012,S
0x710185270b,0010,S
0x7101852715,0004,S
0x7101852719,0011,S
0x7101852724,0010,S
0x710185272e,0007,S
0x7101852735,0007,S
0x710185273c,0012,S
0x7101852748,0010,S
0x7101852752,0007,S
0x7101852759,0007,S
0x7101852760,0013,S
0x710185276d,0013,S
0x710185277a,0007,S
0x7101852781,0007,S
0x7101852788,0012,S
0x7101852794,0013,S
0x71018527a1,0007,S
0x71018527a8,0007,S
0x71018527af,0014,S
0x71018527bd,0013,S
0x71018527ca,0007,S
0x71018527d1,0007,S
0x71018527d8,0023,S
0x71018527ef,0007,S
0x71018527f6,0017,S
0x7101852807,0018,S
0x7101852819,0023,S
0x7101852830,0023,S
0x7101852847,0024,S
0x710185285f,0024,S
0x7101852877,0020,S
0x710185288b,0020,S
0x710185289f,0011,S
0x71018528aa,0009,S
0x71018528b3,0033,S
0x71018528d4,0011,S
0x71018528df,0008,S
0x71018528e7,0021,S
0x71018528fc,0010,S
0x7101852906,0004,S
0x710185290a,0012,S
0x7101852916,0016,S
0x7101852926,0005,S
0x710185292b,0011,S
0x7101852936,0014,S
0x7101852944,0007,S
0x710185294b,0007,S
0x7101852952,0011,S
0x710185295d,0009,S
0x7101852966,0015,S
0x7101852975,0018,S
0x7101852987,0013,S
0x7101852994,0006,S
0x710185299a,0013,S
0x71018529a7,0034,S
0x71018529c9,0023,S
0x71018529e0,0004,S
0x71018529e4,0013,S
0x71018529f1,0014,S
0x71018529ff,0029,S
0x7101852a1c,0009,S
0x7101852a25,0017,S
0x7101852a36,0010,S
0x7101852a40,0019,S
0x7101852a53,0011,S
0x7101852a5e,0002,S
0x7101852a60,0012,S
0x7101852a6c,0016,S
0x7101852a7c,0009,S
0x7101852a85,0016,S
0x7101852a95,0021,S
0x7101852aaa,0026,S
0x7101852ac4,0017,S
0x7101852ad5,0013,S
0x7101852ae2,0027,S
0x7101852afd,0013,S
0x7101852b0a,0024,S
0x7101852b22,0015,S
0x7101852b31,0019,S
0x7101852b44,0017,S
0x7101852b55,0021,S
0x7101852b6a,0022,S
0x7101852b80,0022,S
0x7101852b96,0025,S
0x7101852baf,0018,S
0x7101852bc1,0012,S
0x7101852bcd,0011,S
0x7101852bd8,0013,S
0x7101852be5,0016,S
0x7101852bf5,0017,S
0x7101852c06,0011,S
0x7101852c11,0019,S
0x7101852c24,0019,S
0x7101852c37,0028,S
0x7101852c53,0018,S
0x7101852c65,0017,S
0x7101852c76,0019,S
0x7101852c89,0024,S
0x7101852ca1,0022,S
0x7101852cb7,0015,S
0x7101852cc6,0014,S
0x7101852cd4,0012,S
0x7101852ce0,0016,S
0x7101852cf0,0021,S
0x7101852d05,0026,S
0x7101852d1f,0018,S
0x7101852d31,0011,S
0x7101852d3c,0011,S
0x7101852d47,0016,S
0x7101852d57,0023,S
0x7101852d6e,0010,S
0x7101852d78,0010,S
0x7101852d82,0019,S
0x7101852d95,0017,S
0x7101852da6,0014,S
0x7101852db4,0021,S
0x7101852dc9,0022,S
0x7101852ddf,0018,S
0x7101852df1,0019,S
0x7101852e04,0011,S
0x7101852e0f,0018,S
0x7101852e21,0015,S
0x7101852e30,0013,S
0x7101852e3d,0009,S
0x7101852e46,0031,S
0x7101852e65,0021,S
0x7101852e7a,0021,S
0x7101852e8f,0030,S
0x7101852ead,0035,S
0x7101852ed0,0020,S
0x7101852ee4,0017,S
0x7101852ef5,0025,S
0x7101852f0e,0022,S
0x7101852f24,0017,S
0x7101852f35,0013,S
0x7101852f42,0012,S
0x7101852f4e,0011,S
0x7101852f59,0008,S
0x7101852f61,0015,S
0x7101852f70,0006,S
0x7101852f76,0009,S
0x7101852f7f,0029,S
0x7101852f9c,0016,S
0x7101852fac,0017,S
0x7101852fbd,0013,S
0x7101852fca,0022,S
0x7101852fe0,0022,S
0x7101852ff6,0028,S
0x7101853012,0024,S
0x710185302a,0033,S
0x710185304b,0019,S
0x710185305e,0042,S
0x7101853088,0019,S
0x710185309b,0022,S
0x71018530b1,0016,S
0x71018530c1,0031,S
0x71018530e0,0024,S
0x71018530f8,0033,S
0x7101853119,0045,S
0x7101853146,0037,S
0x710185316b,0031,S
0x710185318a,0031,S
0x71018531a9,0022,S
0x71018531bf,0042,S
0x71018531e9,0031,S
0x7101853208,0025,S
0x7101853221,0022,S
0x7101853237,0022,S
0x710185324d,0019,S
0x7101853260,0025,S
0x7101853279,0016,S
0x7101853289,0021,S
0x710185329e,0019,S
0x71018532b1,0016,S
0x71018532c1,0025,S
0x71018532da,0030,S
0x71018532f8,0048,S
0x7101853328,0022,S
0x710185333e,0031,S
0x710185335d,0019,S
0x7101853370,0027,S
0x710185338b,0025,S
0x71018533a4,0043,S
0x71018533cf,0026,S
0x71018533e9,0035,S
0x710185340c,0023,S
0x7101853423,0041,S
0x710185344c,0041,S
0x7101853475,0016,S
0x7101853485,0016,S
0x7101853495,0025,S
0x71018534ae,0030,S
0x71018534cc,0013,S
0x71018534d9,0034,S
0x71018534fb,0031,S
0x710185351a,0022,S
0x7101853530,0028,S
0x710185354c,0025,S
0x7101853565,0026,S
0x710185357f,0025,S
0x7101853598,0034,S
0x71018535ba,0034,S
0x71018535dc,0034,S
0x71018535fe,0034,S
0x7101853620,0043,S
0x710185364b,0043,S
0x7101853676,0037,S
0x710185369b,0025,S
0x71018536b4,0031,S
0x71018536d3,0016,S
0x71018536e3,0028,S
0x71018536ff,0036,S
0x7101853723,0022,S
0x7101853739,0025,S
0x7101853752,0022,S
0x7101853768,0025,S
0x7101853781,0034,S
0x71018537a3,0038,S
0x71018537c9,0028,S
0x71018537e5,0040,S
0x710185380d,0034,S
0x710185382f,0022,S
0x7101853845,0022,S
0x710185385b,0028,S
0x7101853877,0054,S
0x71018538ad,0034,S
0x71018538cf,0034,S
0x71018538f1,0031,S
0x7101853910,0016,S
0x7101853920,0022,S
0x7101853936,0022,S
0x710185394c,0025,S
0x7101853965,0034,S
0x7101853987,0031,S
0x71018539a6,0025,S
0x71018539bf,0031,S
0x71018539de,0022,S
0x71018539f4,0028,S
0x7101853a10,0025,S
0x7101853a29,0019,S
0x7101853a3c,0031,S
0x7101853a5b,0034,S
0x7101853a7d,0019,S
0x7101853a90,0022,S
0x7101853aa6,0025,S
0x7101853abf,0021,S
0x7101853ad4,0016,S
0x7101853ae4,0020,S
0x7101853af8,0019,S
0x7101853b0b,0011,S
0x7101853b16,0010,S
0x7101853b20,0016,S
0x7101853b30,0008,S
0x7101853b38,0008,S
0x7101853b40,0009,S
0x7101853b49,0029,S
0x7101853b66,0015,S
0x7101853b75,0113,S
0x7101853be6,0030,S
0x7101853c04,0047,S
0x7101853c33,0032,S
0x7101853c53,0009,S
0x7101853c5c,0003,S
0x7101853c5f,0004,S
0x7101853c63,0008,S
0x7101853c6b,0015,S
0x7101853c7a,0006,S
0x7101853c80,0011,S
0x7101853c8b,0011,S
0x7101853c96,0014,S
0x7101853ca4,0016,S
0x7101853cb4,0022,S
0x7101853cca,0005,S
0x7101853ccf,0005,S
0x7101853cd4,0002,S
0x7101853cd6,0002,S
0x7101853cd8,0050,S
0x7101853d0a,0003,S
0x7101853d0d,0039,S
0x7101853d34,0002,S
0x7101853d36,0044,S
0x7101853d62,0007,S
0x7101853d69,0019,S
0x7101853d7c,0006,S
0x7101853d82,0015,S
0x7101853d91,0009,S
0x7101853d9a,0016,S
0x7101853daa,0015,S
0x7101853db9,0006,S
0x7101853dbf,0010,S
0x7101853dc9,0010,S
0x7101853dd3,0025,S
0x7101853dec,0004,S
0x7101853df0,0005,S
0x7101853df5,0030,S
0x7101853e13,0006,S
0x7101853e19,0006,S
0x7101853e1f,0006,S
0x7101853e25,0007,S
0x7101853e2c,0004,S
0x7101853e30,0085,S
0x7101853e85,0007,S
0x7101853e8c,0089,S
0x7101853ee5,0023,S
0x7101853efc,0011,S
0x7101853f07,0020,S
0x7101853f1b,0020,S
0x7101853f2f,0025,S
0x7101853f48,0016,S
0x7101853f58,0021,S
0x7101853f6d,0015,S
0x7101853f7c,0018,S
0x7101853f8e,0023,S
0x7101853fa5,0011,S
0x7101853fb0,0028,S
0x7101853fcc,0005,S
0x7101853fd1,0020,S
0x7101853fe5,0022,S
0x7101853ffb,0033,S
0x710185401c,0019,S
0x710185402f,0037,S
0x7101854054,0046,S
0x7101854082,0023,S
0x7101854099,0055,S
0x71018540d0,0023,S
0x71018540e7,0024,S
0x71018540ff,0025,S
0x7101854118,0019,S
0x710185412b,0016,S
0x710185413b,0036,S
0x710185415f,0018,S
0x7101854171,0031,S
0x7101854190,0040,S
0x71018541b8,0025,S
0x71018541d1,0023,S
0x71018541e8,0017,S
0x71018541f9,0018,S
0x710185420b,0030,S
0x7101854229,0018,S
0x710185423b,0009,S
0x7101854244,0041,S
0x710185426d,0027,S
0x7101854288,0013,S
0x7101854295,0014,S
0x71018542a3,0017,S
0x71018542b4,0030,S
0x71018542d2,0014,S
0x71018542e0,0051,S
0x7101854313,0040,S
0x710185433b,0036,S
0x710185435f,0024,S
0x7101854377,0024,S
0x710185438f,0024,S
0x71018543a7,0024,S
0x71018543bf,0075,S
0x710185440a,0012,S
0x7101854416,0014,S
0x7101854424,0010,S
0x710185442e,0008,S
0x7101854436,0028,S
0x7101854452,0014,S
0x7101854460,0021,S
0x7101854475,0021,S
0x710185448a,0023,S
0x71018544a1,0016,S
0x71018544b1,0019,S
0x71018544c4,0020,S
0x71018544d8,0019,S
0x71018544eb,0018,S
0x71018544fd,0022,S
0x7101854513,0014,S
0x7101854521,0028,S
0x710185453d,0028,S
0x7101854559,0024,S
0x7101854571,0021,S
0x7101854586,0023,S
0x710185459d,0022,S
0x71018545b3,0018,S
0x71018545c5,0022,S
0x71018545db,0022,S
0x71018545f1,0019,S
0x7101854604,0029,S
0x7101854621,0022,S
0x7101854637,0022,S
0x710185464d,0026,S
0x7101854667,0029,S
0x7101854684,0019,S
0x7101854697,0019,S
0x71018546aa,0027,S
0x71018546c5,0041,S
0x71018546ee,0030,S
0x710185470c,0032,S
0x710185472c,0039,S
0x7101854753,0026,S
0x710185476d,0032,S
0x710185478d,0028,S
0x71018547a9,0034,S
0x71018547cb,0026,S
0x71018547e5,0020,S
0x71018547f9,0022,S
0x710185480f,0025,S
0x7101854828,0020,S
0x710185483c,0020,S
0x7101854850,0032,S
0x7101854870,0032,S
0x7101854890,0030,S
0x71018548ae,0034,S
0x71018548d0,0026,S
0x71018548ea,0030,S
0x7101854908,0028,S
0x7101854924,0029,S
0x7101854941,0025,S
0x710185495a,0026,S
0x7101854974,0032,S
0x7101854994,0028,S
0x71018549b0,0023,S
0x71018549c7,0020,S
0x71018549db,0020,S
0x71018549ef,0026,S
0x7101854a09,0028,S
0x7101854a25,0020,S
0x7101854a39,0033,S
0x7101854a5a,0019,S
0x7101854a6d,0019,S
0x7101854a80,0031,S
0x7101854a9f,0016,S
0x7101854aaf,0026,S
0x7101854ac9,0029,S
0x7101854ae6,0021,S
0x7101854afb,0027,S
0x7101854b16,0038,S
0x7101854b3c,0029,S
0x7101854b59,0028,S
0x7101854b75,0024,S
0x7101854b8d,0030,S
0x7101854bab,0029,S
0x7101854bc8,0028,S
0x7101854be4,0028,S
0x7101854c00,0034,S
0x7101854c22,0028,S
0x7101854c3e,0027,S
0x7101854c59,0034,S
0x7101854c7b,0030,S
0x7101854c99,0023,S
0x7101854cb0,0034,S
0x7101854cd2,0023,S
0x7101854ce9,0035,S
0x7101854d0c,0046,S
0x7101854d3a,0027,S
0x7101854d55,0033,S
0x7101854d76,0026,S
0x7101854d90,0024,S
0x7101854da8,0024,S
0x7101854dc0,0033,S
0x7101854de1,0024,S
0x7101854df9,0037,S
0x7101854e1e,0039,S
0x7101854e45,0043,S
0x7101854e70,0048,S
0x7101854ea0,0033,S
0x7101854ec1,0035,S
0x7101854ee4,0034,S
0x7101854f06,0030,S
0x7101854f24,0029,S
0x7101854f41,0035,S
0x7101854f64,0029,S
0x7101854f81,0037,S
0x7101854fa6,0048,S
0x7101854fd6,0050,S
0x7101855008,0026,S
0x7101855022,0041,S
0x710185504b,0029,S
0x7101855068,0022,S
0x710185507e,0026,S
0x7101855098,0043,S
0x71018550c3,0028,S
0x71018550df,0033,S
0x7101855100,0026,S
0x710185511a,0039,S
0x7101855141,0022,S
0x7101855157,0022,S
0x710185516d,0023,S
0x7101855184,0029,S
0x71018551a1,0024,S
0x71018551b9,0024,S
0x71018551d1,0021,S
0x71018551e6,0027,S
0x7101855201,0028,S
0x710185521d,0028,S
0x7101855239,0020,S
0x710185524d,0024,S
0x7101855265,0018,S
0x7101855277,0015,S
0x7101855286,0027,S
0x71018552a1,0017,S
0x71018552b2,0015,S
0x71018552c1,0021,S
0x71018552d6,0027,S
0x71018552f1,0024,S
0x7101855309,0028,S
0x7101855325,0027,S
0x7101855340,0027,S
0x710185535b,0031,S
0x710185537a,0025,S
0x7101855393,0021,S
0x71018553a8,0018,S
0x71018553ba,0015,S
0x71018553c9,0012,S
0x71018553d5,0027,S
0x71018553f0,0013,S
0x71018553fd,0037,S
0x7101855422,0032,S
0x7101855442,0036,S
0x7101855466,0029,S
0x7101855483,0036,S
0x71018554a7,0029,S
0x71018554c4,0033,S
0x71018554e5,0029,S
0x7101855502,0037,S
0x7101855527,0033,S
0x7101855548,0033,S
0x7101855569,0035,S
0x710185558c,0035,S
0x71018555af,0024,S
0x71018555c7,0035,S
0x71018555ea,0036,S
0x710185560e,0041,S
0x7101855637,0035,S
0x710185565a,0040,S
0x7101855682,0029,S
0x710185569f,0024,S
0x71018556b7,0025,S
0x71018556d0,0027,S
0x71018556eb,0018,S
0x71018556fd,0022,S
0x7101855713,0025,S
0x710185572c,0026,S
0x7101855746,0017,S
0x7101855757,0024,S
0x710185576f,0019,S
0x7101855782,0027,S
0x710185579d,0028,S
0x71018557b9,0020,S
0x71018557cd,0025,S
0x71018557e6,0026,S
0x7101855800,0019,S
0x7101855813,0029,S
0x7101855830,0027,S
0x710185584b,0024,S
0x7101855863,0031,S
0x7101855882,0027,S
0x710185589d,0025,S
0x71018558b6,0021,S
0x71018558cb,0029,S
0x71018558e8,0035,S
0x710185590b,0037,S
0x7101855930,0022,S
0x7101855946,0035,S
0x7101855969,0038,S
0x710185598f,0026,S
0x71018559a9,0034,S
0x71018559cb,0032,S
0x71018559eb,0043,S
0x7101855a16,0039,S
0x7101855a3d,0032,S
0x7101855a5d,0032,S
0x7101855a7d,0034,S
0x7101855a9f,0020,S
0x7101855ab3,0028,S
0x7101855acf,0022,S
0x7101855ae5,0029,S
0x7101855b02,0018,S
0x7101855b14,0026,S
0x7101855b2e,0023,S
0x7101855b45,0028,S
0x7101855b61,0085,S
0x7101855bb6,0009,S
0x7101855bbf,0046,S
0x7101855bed,0023,S
0x7101855c04,0042,S
0x7101855c2e,0044,S
0x7101855c5a,0005,S
0x7101855c5f,0005,S
0x7101855c64,0003,S
0x7101855c67,0003,S
0x7101855c6a,0007,S
0x7101855c71,0005,S
0x7101855c76,0006,S
0x7101855c7c,0003,S
0x7101855c7f,0007,S
0x7101855c86,0008,S
0x7101855c8e,0005,S
0x7101855c93,0005,S
0x7101855c98,0005,S
0x7101855c9d,0003,S
0x7101855ca0,0009,S
0x7101855ca9,0030,S
0x7101855cc7,0020,S
0x7101855cdb,0024,S
0x7101855cf3,0027,S
0x7101855d0e,0034,S
0x7101855d30,0010,S
0x7101855d3a,0016,S
0x7101855d4a,0016,S
0x7101855d5a,0062,S
0x7101855d98,0027,S
0x7101855db3,0017,S
0x7101855dc4,0020,S
0x7101855dd8,0004,S
0x7101855ddc,0066,S
0x7101855e1e,0071,S
0x7101855e65,0010,S
0x7101855e6f,0015,S
0x7101855e7e,0012,S
0x7101855e8a,0012,S
0x7101855e96,0014,S
0x7101855ea4,0013,S
0x7101855eb1,0040,S
0x7101855ed9,0037,S
0x7101855efe,0020,S
0x7101855f12,0039,S
0x7101855f39,0066,S
0x7101855f7b,0019,S
0x7101855f8e,0004,S
0x7101855f92,0073,S
0x7101855fdb,0080,S
0x710185602b,0008,S
0x7101856033,0008,S
0x710185603b,0010,S
0x7101856045,0008,S
0x710185604d,0063,S
0x710185608c,0021,S
0x71018560a1,0068,S
0x71018560e5,0011,S
0x71018560f0,0016,S
0x7101856100,0014,S
0x710185610e,0019,S
0x7101856121,0017,S
0x7101856132,0013,S
0x710185613f,0014,S
0x710185614d,0069,S
0x7101856192,0049,S
0x71018561c3,0024,S
0x71018561db,0016,S
0x71018561eb,0015,S
0x71018561fa,0022,S
0x7101856210,0021,S
0x7101856225,0028,S
0x7101856241,0072,S
0x7101856289,0022,S
0x710185629f,0014,S
0x71018562ad,0013,S
0x71018562ba,0011,S
0x71018562c5,0017,S
0x71018562d6,0012,S
0x71018562e2,0011,S
0x71018562ed,0007,S
0x71018562f4,0075,S
0x710185633f,0024,S
0x7101856357,0019,S
0x710185636a,0018,S
0x710185637c,0012,S
0x7101856388,0004,S
0x710185638c,0005,S
0x7101856391,0006,S
0x7101856397,0004,S
0x710185639b,0048,S
0x71018563cb,0031,S
0x71018563ea,0057,S
0x7101856423,0021,S
0x7101856438,0012,S
0x7101856444,0005,S
0x7101856449,0010,S
0x7101856453,0002,S
0x7101856455,0002,S
0x7101856457,0002,S
0x7101856459,0002,S
0x710185645b,0007,S
0x7101856462,0002,S
0x7101856464,0018,S
0x7101856476,0013,S
0x7101856483,0011,S
0x710185648e,0010,S
0x7101856498,0014,S
0x71018564a6,0014,S
0x71018564b4,0019,S
0x71018564c7,0017,S
0x71018564d8,0016,S
0x71018564e8,0029,S
0x7101856505,0027,S
0x7101856520,0020,S
0x7101856534,0018,S
0x7101856546,0027,S
0x7101856561,0025,S
0x710185657a,0020,S
0x710185658e,0022,S
0x71018565a4,0017,S
0x71018565b5,0018,S
0x71018565c7,0024,S
0x71018565df,0016,S
0x71018565ef,0007,S
0x71018565f6,0008,S
0x71018565fe,0009,S
0x7101856607,0006,S
0x710185660d,0002,S
0x710185660f,0007,S
0x7101856616,0008,S
0x710185661e,0010,S
0x7101856628,0003,S
0x710185662b,0006,S
0x7101856631,0007,S
0x7101856638,0004,S
0x710185663c,0003,S
0x710185663f,0003,S
0x7101856642,0009,S
0x710185664b,0007,S
0x7101856652,0004,S
0x7101856656,0017,S
0x7101856667,0008,S
0x710185666f,0008,S
0x7101856677,0005,S
0x710185667c,0009,S
0x7101856685,0006,S
0x710185668b,0008,S
0x7101856693,0028,S
0x71018566af,0028,S
0x71018566cb,0024,S
0x71018566e3,0014,S
0x71018566f1,0024,S
0x7101856709,0030,S
0x7101856727,0021,S
0x710185673c,0005,S
0x7101856741,0084,S
0x7101856795,0015,S
0x71018567a4,0068,S
0x71018567e8,0018,S
0x71018567fa,0071,S
0x7101856841,0018,S
0x7101856853,0020,S
0x7101856867,0018,S
0x7101856879,0022,S
0x710185688f,0018,S
0x71018568a1,0020,S
0x71018568b5,0031,S
0x71018568d4,0025,S
0x71018568ed,0016,S
0x71018568fd,0026,S
0x7101856917,0038,S
0x710185693d,0037,S
0x7101856962,0025,S
0x710185697b,0015,S
0x710185698a,0018,S
0x710185699c,0021,S
0x71018569b1,0020,S
0x71018569c5,0010,S
0x71018569cf,0016,S
0x71018569df,0021,S
0x71018569f4,0015,S
0x7101856a03,0030,S
0x7101856a21,0029,S
0x7101856a3e,0029,S
0x7101856a5b,0047,S
0x7101856a8a,0006,S
0x7101856a90,0003,S
0x7101856a93,0003,S
0x7101856a96,0002,S
0x7101856a98,0007,S
0x7101856a9f,0008,S
0x7101856aa7,0019,S
0x7101856aba,0047,S
0x7101856ae9,0026,S
0x7101856b03,0027,S
0x7101856b1e,0006,S
0x7101856b24,0007,S
0x7101856b2b,0003,S
0x7101856b2e,0004,S
0x7101856b32,0006,S
0x7101856b38,0031,S
0x7101856b57,0026,S
0x7101856b71,0043,S
0x7101856b9c,0020,S
0x7101856bb0,0018,S
0x7101856bc2,0149,S
0x7101856c57,0005,S
0x7101856c5c,0010,S
0x7101856c66,0002,S
0x7101856c68,0019,S
0x7101856c7b,0020,S
0x7101856c8f,0022,S
0x7101856ca5,0037,S
0x7101856cca,0009,S
0x7101856cd3,0036,S
0x7101856cf7,0004,S
0x7101856cfb,0012,S
0x7101856d07,0010,S
0x7101856d11,0011,S
0x7101856d1c,0020,S
0x7101856d30,0012,S
0x7101856d3c,0017,S
0x7101856d4d,0013,S
0x7101856d5a,0017,S
0x7101856d6b,0017,S
0x7101856d7c,0012,S
0x7101856d88,0006,S
0x7101856d8e,0012,S
0x7101856d9a,0017,S
0x7101856dab,0013,S
0x7101856db8,0006,S
0x7101856dbe,0012,S
0x7101856dca,0009,S
0x7101856dd3,0011,S
0x7101856dde,0012,S
0x7101856dea,0020,S
0x7101856dfe,0024,S
0x7101856e16,0007,S
0x7101856e1d,0014,S
0x7101856e2b,0024,S
0x7101856e43,0006,S
0x7101856e49,0004,S
0x7101856e4d,0004,S
0x7101856e51,0010,S
0x7101856e5b,0021,S
0x7101856e70,0037,S
0x7101856e95,0039,S
0x7101856ebc,0094,S
0x7101856f1a,0013,S
0x7101856f27,0022,S
0x7101856f3d,0030,S
0x7101856f5b,0055,S
0x7101856f92,0027,S
0x7101856fad,0019,S
0x7101856fc0,0018,S
0x7101856fd2,0018,S
0x7101856fe4,0013,S
0x7101856ff1,0020,S
0x7101857005,0012,S
0x7101857011,0031,S
0x7101857030,0008,S
0x7101857038,0033,S
0x7101857059,0034,S
0x710185707b,0033,S
0x710185709c,0033,S
0x71018570bd,0017,S
0x71018570ce,0015,S
0x71018570dd,0012,S
0x71018570e9,0012,S
0x71018570f5,0011,S
0x7101857100,0020,S
0x7101857114,0012,S
0x7101857120,0007,S
0x7101857127,0010,S
0x7101857131,0009,S
0x710185713a,0009,S
0x7101857143,0009,S
0x710185714c,0015,S
0x710185715b,0011,S
0x7101857166,0012,S
0x7101857172,0006,S
0x7101857178,0009,S
0x7101857181,0003,S
0x7101857184,0025,S
0x710185719d,0010,S
0x71018571a7,0058,S
0x71018571e1,0013,S
0x71018571ee,0010,S
0x71018571f8,0007,S
0x71018571ff,0017,S
0x7101857210,0006,S
0x7101857216,0006,S
0x710185721c,0021,S
0x7101857231,0042,S
0x710185725b,0019,S
0x710185726e,0005,S
0x7101857273,0007,S
0x710185727a,0002,S
0x710185727c,0015,S
0x710185728b,0023,S
0x71018572a2,0011,S
0x71018572ad,0003,S
0x71018572b0,0015,S
0x71018572bf,0005,S
0x71018572c4,0011,S
0x71018572cf,0011,S
0x71018572da,0013,S
0x71018572e7,0009,S
0x71018572f0,0011,S
0x71018572fb,0008,S
0x7101857303,0010,S
0x710185730d,0012,S
0x7101857319,0019,S
0x710185732c,0130,S
0x71018573ae,0129,S
0x710185742f,0006,S
0x7101857435,0012,S
0x7101857441,0011,S
0x710185744c,0042,S
0x7101857476,0052,S
0x71018574aa,0017,S
0x71018574bb,0010,S
0x71018574c5,0013,S
0x71018574d2,0016,S
0x71018574e2,0008,S
0x71018574ea,0022,S
0x7101857500,0018,S
0x7101857512,0017,S
0x7101857523,0016,S
0x7101857533,0016,S
0x7101857543,0022,S
0x7101857559,0016,S
0x7101857569,0015,S
0x7101857578,0022,S
0x710185758e,0018,S
0x71018575a0,0011,S
0x71018575ab,0034,S
0x71018575cd,0010,S
0x71018575d7,0011,S
0x71018575e2,0017,S
0x71018575f3,0012,S
0x71018575ff,0009,S
0x7101857608,0015,S
0x7101857617,0016,S
0x7101857627,0016,S
0x7101857637,0027,S
0x7101857652,0036,S
0x7101857676,0013,S
0x7101857683,0027,S
0x710185769e,0026,S
0x71018576b8,0010,S
0x71018576c2,0011,S
0x71018576cd,0011,S
0x71018576d8,0014,S
0x71018576e6,0013,S
0x71018576f3,0005,S
0x71018576f8,0004,S
0x71018576fc,0064,S
0x710185773c,0014,S
0x710185774a,0009,S
0x7101857753,0006,S
0x7101857759,0007,S
0x7101857760,0006,S
0x7101857766,0029,S
0x7101857783,0004,S
0x7101857787,0012,S
0x7101857793,0014,S
0x71018577a1,0011,S
0x71018577ac,0011,S
0x71018577b7,0024,S
0x71018577cf,0022,S
0x71018577e5,0017,S
0x71018577f6,0023,S
0x710185780d,0012,S
0x7101857819,0012,S
0x7101857825,0026,S
0x710185783f,0023,S
0x7101857856,0033,S
0x7101857877,0016,S
0x7101857887,0017,S
0x7101857898,0041,S
0x71018578c1,0026,S
0x71018578db,0028,S
0x71018578f7,0018,S
0x7101857909,0034,S
0x710185792b,0007,S
0x7101857932,0047,S
0x7101857961,0040,S
0x7101857989,0019,S
0x710185799c,0005,S
0x71018579a1,0003,S
0x71018579a4,0024,S
0x71018579bc,0009,S
0x71018579c5,0011,S
0x71018579d0,0005,S
0x71018579d5,0010,S
0x71018579df,0005,S
0x71018579e4,0011,S
0x71018579ef,0006,S
0x71018579f5,0005,S
0x71018579fa,0011,S
0x7101857a05,0006,S
0x7101857a0b,0010,S
0x7101857a15,0005,S
0x7101857a1a,0016,S
0x7101857a2a,0025,S
0x7101857a43,0016,S
0x7101857a53,0033,S
0x7101857a74,0036,S
0x7101857a98,0012,S
0x7101857aa4,0052,S
0x7101857ad8,0018,S
0x7101857aea,0044,S
0x7101857b16,0032,S
0x7101857b36,0029,S
0x7101857b53,0041,S
0x7101857b7c,0006,S
0x7101857b82,0012,S
0x7101857b8e,0037,S
0x7101857bb3,0037,S
0x7101857bd8,0006,S
0x7101857bde,0004,S
0x7101857be2,0005,S
0x7101857be7,0025,S
0x7101857c00,0041,S
0x7101857c29,0041,S
0x7101857c52,0033,S
0x7101857c73,0042,S
0x7101857c9d,0043,S
0x7101857cc8,0044,S
0x7101857cf4,0078,S
0x7101857d42,0067,S
0x7101857d85,0033,S
0x7101857da6,0062,S
0x7101857de4,0005,S
0x7101857de9,0006,S
0x7101857def,0036,S
0x7101857e13,0026,S
0x7101857e2d,0017,S
0x7101857e3e,0045,S
0x7101857e6b,0162,S
0x7101857f0d,0047,S
0x7101857f3c,0009,S
0x7101857f45,0017,S
0x7101857f56,0013,S
0x7101857f63,0006,S
0x7101857f69,0005,S
0x7101857f6e,0006,S
0x7101857f74,0011,S
0x7101857f7f,0006,S
0x7101857f85,0011,S
0x7101857f90,0006,S
0x7101857f96,0006,S
0x7101857f9c,0006,S
0x7101857fa2,0017,S
0x7101857fb3,0017,S
0x7101857fc4,0051,S
0x7101857ff7,0033,S
0x7101858018,0022,S
0x710185802e,0007,S
0x7101858035,0005,S
0x710185803a,0003,S
0x710185803d,0011,S
0x7101858048,0077,S
0x7101858095,0009,S
0x710185809e,0021,S
0x71018580b3,0022,S
0x71018580c9,0044,S
0x71018580f5,0109,S
0x7101858162,0028,S
0x710185817e,0027,S
0x7101858199,0027,S
0x71018581b4,0024,S
0x71018581cc,0033,S
0x71018581ed,0047,S
0x710185821c,0044,S
0x7101858248,0049,S
0x7101858279,0024,S
0x7101858291,0024,S
0x71018582a9,0033,S
0x71018582ca,0052,S
0x71018582fe,0033,S
0x710185831f,0028,S
0x710185833b,0027,S
0x7101858356,0056,S
0x710185838e,0029,S
0x71018583ab,0030,S
0x71018583c9,0049,S
0x71018583fa,0044,S
0x7101858426,0053,S
0x710185845b,0014,S
0x7101858469,0020,S
0x710185847d,0025,S
0x7101858496,0025,S
0x71018584af,0048,S
0x71018584df,0037,S
0x7101858504,0018,S
0x7101858516,0025,S
0x710185852f,0029,S
0x710185854c,0018,S
0x710185855e,0020,S
0x7101858572,0049,S
0x71018585a3,0049,S
0x71018585d4,0044,S
0x7101858600,0036,S
0x7101858624,0039,S
0x710185864b,0043,S
0x7101858676,0024,S
0x710185868e,0050,S
0x71018586c0,0046,S
0x71018586ee,0028,S
0x710185870a,0041,S
0x7101858733,0039,S
0x710185875a,0032,S
0x710185877a,0042,S
0x71018587a4,0039,S
0x71018587cb,0034,S
0x71018587ed,0068,S
0x7101858831,0052,S
0x7101858865,0054,S
0x710185889b,0017,S
0x71018588ac,0027,S
0x71018588c7,0027,S
0x71018588e2,0039,S
0x7101858909,0056,S
0x7101858941,0045,S
0x710185896e,0054,S
0x71018589a4,0013,S
0x71018589b1,0021,S
0x71018589c6,0023,S
0x71018589dd,0033,S
0x71018589fe,0024,S
0x7101858a16,0026,S
0x7101858a30,0027,S
0x7101858a4b,0019,S
0x7101858a5e,0018,S
0x7101858a70,0052,S
0x7101858aa4,0022,S
0x7101858aba,0023,S
0x7101858ad1,0031,S
0x7101858af0,0035,S
0x7101858b13,0019,S
0x7101858b26,0030,S
0x7101858b44,0022,S
0x7101858b5a,0036,S
0x7101858b7e,0048,S
0x7101858bae,0050,S
0x7101858be0,0054,S
0x7101858c16,0077,S
0x7101858c63,0049,S
0x7101858c94,0050,S
0x7101858cc6,0042,S
0x7101858cf0,0014,S
0x7101858cfe,0038,S
0x7101858d24,0021,S
0x7101858d39,0020,S
0x7101858d4d,0015,S
0x7101858d5c,0024,S
0x7101858d74,0015,S
0x7101858d83,0051,S
0x7101858db6,0021,S
0x7101858dcb,0023,S
0x7101858de2,0021,S
0x7101858df7,0036,S
0x7101858e1b,0019,S
0x7101858e2e,0017,S
0x7101858e3f,0030,S
0x7101858e5d,0050,S
0x7101858e8f,0035,S
0x7101858eb2,0005,S
0x7101858eb7,0032,S
0x7101858ed7,0032,S
0x7101858ef7,0033,S
0x7101858f18,0038,S
0x7101858f3e,0042,S
0x7101858f68,0042,S
0x7101858f92,0027,S
0x7101858fad,0031,S
0x7101858fcc,0049,S
0x7101858ffd,0053,S
0x7101859032,0012,S
0x710185903e,0033,S
0x710185905f,0041,S
0x7101859088,0025,S
0x71018590a1,0029,S
0x71018590be,0005,S
0x71018590c3,0004,S
0x71018590c7,0046,S
0x71018590f5,0043,S
0x7101859120,0062,S
0x710185915e,0080,S
0x71018591ae,0028,S
0x71018591ca,0042,S
0x71018591f4,0064,S
0x7101859234,0031,S
0x7101859253,0020,S
0x7101859267,0023,S
0x710185927e,0037,S
0x71018592a3,0021,S
0x71018592b8,0105,S
0x7101859321,0100,S
0x7101859385,0057,S
0x71018593be,0032,S
0x71018593de,0037,S
0x7101859403,0016,S
0x7101859413,0003,S
0x7101859416,0009,S
0x710185941f,0004,S
0x7101859423,0005,S
0x7101859428,0006,S
0x710185942e,0007,S
0x7101859435,0012,S
0x7101859441,0054,S
0x7101859477,0024,S
0x710185948f,0038,S
0x71018594b5,0017,S
0x71018594c6,0040,S
0x71018594ee,0025,S
0x7101859507,0014,S
0x7101859515,0006,S
0x710185951b,0008,S
0x7101859523,0097,S
0x7101859584,0016,S
0x7101859594,0055,S
0x71018595cb,0051,S
0x71018595fe,0049,S
0x710185962f,0006,S
0x7101859635,0005,S
0x710185963a,0027,S
0x7101859655,0014,S
0x7101859663,0032,S
0x7101859683,0014,S
0x7101859691,0005,S
0x7101859696,0024,S
0x71018596ae,0013,S
0x71018596bb,0016,S
0x71018596cb,0005,S
0x71018596d0,0004,S
0x71018596d4,0006,S
0x71018596da,0005,S
0x71018596df,0006,S
0x71018596e5,0005,S
0x71018596ea,0006,S
0x71018596f0,0005,S
0x71018596f5,0006,S
0x71018596fb,0005,S
0x7101859700,0006,S
0x7101859706,0005,S
0x710185970b,0020,S
0x710185971f,0004,S
0x7101859723,0045,S
0x7101859750,0029,S
0x710185976d,0051,S
0x71018597a0,0002,S
0x71018597a2,0009,S
0x71018597ab,0009,S
0x71018597b4,0007,S
0x71018597bb,0011,S
0x71018597c6,0010,S
0x71018597d0,0010,S
0x71018597da,0008,S
0x71018597e2,0007,S
0x71018597e9,0008,S
0x71018597f1,0007,S
0x71018597f8,0006,S
0x71018597fe,0034,S
0x7101859820,0009,S
0x7101859829,0022,S
0x710185983f,0002,S
0x7101859841,0025,S
0x710185985a,0058,S
0x7101859894,0010,S
0x710185989e,0016,S
0x71018598ae,0034,S
0x71018598d0,0030,S
0x71018598ee,0035,S
0x7101859911,0054,S
0x7101859947,0048,S
0x7101859977,0054,S
0x71018599ad,0005,S
0x71018599b2,0027,S
0x71018599cd,0028,S
0x71018599e9,0051,S
0x7101859a1c,0033,S
0x7101859a3d,0004,S
0x7101859a41,0059,S
0x7101859a7c,0027,S
0x7101859a97,0026,S
0x7101859ab1,0010,S
0x7101859abb,0022,S
0x7101859ad1,0073,S
0x7101859b1a,0039,S
0x7101859b41,0062,S
0x7101859b7f,0052,S
0x7101859bb3,0066,S
0x7101859bf5,0018,S
0x7101859c07,0068,S
0x7101859c4b,0033,S
0x7101859c6c,0012,S
0x7101859c78,0017,S
0x7101859c89,0018,S
0x7101859c9b,0017,S
0x7101859cac,0019,S
0x7101859cbf,0020,S
0x7101859cd3,0018,S
0x7101859ce5,0017,S
0x7101859cf6,0017,S
0x7101859d07,0017,S
0x7101859d18,0017,S
0x7101859d29,0018,S
0x7101859d3b,0017,S
0x7101859d4c,0016,S
0x7101859d5c,0016,S
0x7101859d6c,0028,S
0x7101859d88,0071,S
0x7101859dcf,0076,S
0x7101859e1b,0030,S
0x7101859e39,0102,S
0x7101859e9f,0069,S
0x7101859ee4,0027,S
0x7101859eff,0025,S
0x7101859f18,0007,S
0x7101859f1f,0008,S
0x7101859f27,0009,S
0x7101859f30,0039,S
0x7101859f57,0039,S
0x7101859f7e,0043,S
0x7101859fa9,0043,S
0x7101859fd4,0020,S
0x7101859fe8,0036,S
0x710185a00c,0019,S
0x710185a01f,0035,S
0x710185a042,0037,S
0x710185a067,0045,S
0x710185a094,0016,S
0x710185a0a4,0035,S
0x710185a0c7,0032,S
0x710185a0e7,0037,S
0x710185a10c,0004,S
0x710185a110,0006,S
0x710185a116,0032,S
0x710185a136,0053,S
0x710185a16b,0048,S
0x710185a19b,0022,S
0x710185a1b1,0017,S
0x710185a1c2,0044,S
0x710185a1ee,0030,S
0x710185a20c,0036,S
0x710185a230,0027,S
0x710185a24b,0007,S
0x710185a252,0009,S
0x710185a25b,0005,S
0x710185a260,0007,S
0x710185a267,0046,S
0x710185a295,0008,S
0x710185a29d,0008,S
0x710185a2a5,0011,S
0x710185a2b0,0002,S
0x710185a2b2,0054,S
0x710185a2e8,0009,S
0x710185a2f1,0006,S
0x710185a2f7,0005,S
0x710185a2fc,0002,S
0x710185a2fe,0039,S
0x710185a325,0026,S
0x710185a33f,0008,S
0x710185a347,0002,S
0x710185a349,0136,S
0x710185a3d1,0025,S
0x710185a3ea,0003,S
0x710185a3ed,0004,S
0x710185a3f1,0004,S
0x710185a3f5,0003,S
0x710185a3f8,0005,S
0x710185a3fd,0004,S
0x710185a401,0003,S
0x710185a404,0005,S
0x710185a409,0006,S
0x710185a40f,0037,S
0x710185a434,0007,S
0x710185a43b,0040,S
0x710185a463,0040,S
0x710185a48b,0006,S
0x710185a491,0024,S
0x710185a4a9,0006,S
0x710185a4af,0014,S
0x710185a4bd,0011,S
0x710185a4c8,0005,S
0x710185a4cd,0018,S
0x710185a4df,0035,S
0x710185a502,0024,S
0x710185a51a,0026,S
0x710185a534,0020,S
0x710185a548,0005,S
0x710185a54d,0004,S
0x710185a551,0012,S
0x710185a55d,0009,S
0x710185a566,0014,S
0x710185a574,0008,S
0x710185a57c,0017,S
0x710185a58d,0022,S
0x710185a5a3,0019,S
0x710185a5b6,0008,S
0x710185a5be,0043,S
0x710185a5e9,0029,S
0x710185a606,0015,S
0x710185a615,0019,S
0x710185a628,0007,S
0x710185a62f,0008,S
0x710185a637,0014,S
0x710185a645,0022,S
0x710185a65b,0041,S
0x710185a684,0033,S
0x710185a6a5,0007,S
0x710185a6ac,0018,S
0x710185a6be,0015,S
0x710185a6cd,0033,S
0x710185a6ee,0033,S
0x710185a70f,0030,S
0x710185a72d,0004,S
0x710185a731,0004,S
0x710185a735,0004,S
0x710185a739,0015,S
0x710185a748,0035,S
0x710185a76b,0018,S
0x710185a77d,0031,S
0x710185a79c,0009,S
0x710185a7a5,0008,S
0x710185a7ad,0003,S
0x710185a7b0,0022,S
0x710185a7c6,0028,S
0x710185a7e2,0026,S
0x710185a7fc,0016,S
0x710185a80c,0022,S
0x710185a822,0040,S
0x710185a84a,0027,S
0x710185a865,0050,S
0x710185a897,0008,S
0x710185a89f,0013,S
0x710185a8ac,0005,S
0x710185a8b1,0006,S
0x710185a8b7,0033,S
0x710185a8d8,0028,S
0x710185a8f4,0050,S
0x710185a926,0014,S
0x710185a934,0057,S
0x710185a96d,0045,S
0x710185a99a,0039,S
0x710185a9c1,0015,S
0x710185a9d0,0034,S
0x710185a9f2,0010,S
0x710185a9fc,0016,S
0x710185aa0c,0035,S
0x710185aa2f,0054,S
0x710185aa65,0008,S
0x710185aa6d,0011,S
0x710185aa78,0046,S
0x710185aaa6,0006,S
0x710185aaac,0038,S
0x710185aad2,0012,S
0x710185aade,0040,S
0x710185ab06,0008,S
0x710185ab0e,0005,S
0x710185ab13,0007,S
0x710185ab1a,0009,S
0x710185ab23,0011,S
0x710185ab2e,0018,S
0x710185ab40,0015,S
0x710185ab4f,0018,S
0x710185ab61,0020,S
0x710185ab75,0021,S
0x710185ab8a,0015,S
0x710185ab99,0033,S
0x710185abba,0006,S
0x710185abc0,0007,S
0x710185abc7,0006,S
0x710185abcd,0028,S
0x710185abe9,0007,S
0x710185abf0,0023,S
0x710185ac07,0046,S
0x710185ac35,0039,S
0x710185ac5c,0037,S
0x710185ac81,0003,S
0x710185ac84,0028,S
0x710185aca0,0040,S
0x710185acc8,0025,S
0x710185ace1,0012,S
0x710185aced,0027,S
0x710185ad08,0005,S
0x710185ad0d,0029,S
0x710185ad2a,0039,S
0x710185ad51,0007,S
0x710185ad58,0008,S
0x710185ad60,0011,S
0x710185ad6b,0011,S
0x710185ad76,0029,S
0x710185ad93,0032,S
0x710185adb3,0037,S
0x710185add8,0047,S
0x710185ae07,0032,S
0x710185ae27,0022,S
0x710185ae3d,0020,S
0x710185ae51,0035,S
0x710185ae74,0035,S
0x710185ae97,0025,S
0x710185aeb0,0081,S
0x710185af01,0027,S
0x710185af1c,0013,S
0x710185af29,0030,S
0x710185af47,0025,S
0x710185af60,0047,S
0x710185af8f,0037,S
0x710185afb4,0005,S
0x710185afb9,0007,S
0x710185afc0,0004,S
0x710185afc4,0008,S
0x710185afcc,0006,S
0x710185afd2,0009,S
0x710185afdb,0004,S
0x710185afdf,0004,S
0x710185afe3,0004,S
0x710185afe7,0004,S
0x710185afeb,0004,S
0x710185afef,0004,S
0x710185aff3,0004,S
0x710185aff7,0004,S
0x710185affb,0004,S
0x710185afff,0004,S
0x710185b003,0004,S
0x710185b007,0004,S
0x710185b00b,0004,S
0x710185b00f,0004,S
0x710185b013,0004,S
0x710185b017,0004,S
0x710185b01b,0004,S
0x710185b01f,0004,S
0x710185b023,0058,S
0x710185b05d,0015,S
0x710185b06c,0010,S
0x710185b076,0007,S
0x710185b07d,0008,S
0x710185b085,0010,S
0x710185b08f,0009,S
0x710185b098,0007,S
0x710185b09f,0009,S
0x710185b0a8,0007,S
0x710185b0af,0031,S
0x710185b0ce,0016,S
0x710185b0de,0041,S
0x710185b107,0043,S
0x710185b132,0039,S
0x710185b159,0039,S
0x710185b180,0046,S
0x710185b1ae,0053,S
0x710185b1e3,0027,S
0x710185b1fe,0002,S
0x710185b200,0086,S
0x710185b256,0136,S
0x710185b2de,0140,S
0x710185b36a,0067,S
0x710185b3ad,0082,S
0x710185b3ff,0027,S
0x710185b41a,0027,S
0x710185b435,0041,S
0x710185b45e,0039,S
0x710185b485,0023,S
0x710185b49c,0020,S
0x710185b4b0,0027,S
0x710185b4cb,0043,S
0x710185b4f6,0053,S
0x710185b52b,0047,S
0x710185b55a,0051,S
0x710185b58d,0048,S
0x710185b5bd,0059,S
0x710185b5f8,0171,S
0x710185b6a3,0041,S
0x710185b6cc,0057,S
0x710185b705,0004,S
0x710185b709,0043,S
0x710185b734,0039,S
0x710185b75b,0046,S
0x710185b789,0053,S
0x710185b7be,0057,S
0x710185b7f7,0048,S
0x710185b827,0117,S
0x710185b89c,0008,S
0x710185b8a4,0006,S
0x710185b8aa,0006,S
0x710185b8b0,0009,S
0x710185b8b9,0011,S
0x710185b8c4,0007,S
0x710185b8cb,0009,S
0x710185b8d4,0005,S
0x710185b8d9,0008,S
0x710185b8e1,0006,S
0x710185b8e7,0009,S
0x710185b8f0,0013,S
0x710185b8fd,0009,S
0x710185b906,0017,S
0x710185b917,0091,S
0x710185b972,0006,S
0x710185b978,0006,S
0x710185b97e,0006,S
0x710185b984,0007,S
0x710185b98b,0004,S
0x710185b98f,0005,S
0x710185b994,0009,S
0x710185b99d,0010,S
0x710185b9a7,0009,S
0x710185b9b0,0004,S
0x710185b9b4,0009,S
0x710185b9bd,0033,S
0x710185b9de,0020,S
0x710185b9f2,0093,S
0x710185ba4f,0063,S
0x710185ba8e,0016,S
0x710185ba9e,0019,S
0x710185bab1,0042,S
0x710185badb,0008,S
0x710185bae3,0008,S
0x710185baeb,0011,S
0x710185baf6,0006,S
0x710185bafc,0010,S
0x710185bb06,0025,S
0x710185bb1f,0068,S
0x710185bb63,0028,S
0x710185bb7f,0025,S
0x710185bb98,0020,S
0x710185bbac,0018,S
0x710185bbbe,0023,S
0x710185bbd5,0024,S
0x710185bbed,0020,S
0x710185bc01,0042,S
0x710185bc2b,0036,S
0x710185bc4f,0026,S
0x710185bc69,0029,S
0x710185bc86,0024,S
0x710185bc9e,0030,S
0x710185bcbc,0029,S
0x710185bcd9,0022,S
0x710185bcef,0032,S
0x710185bd0f,0033,S
0x710185bd30,0034,S
0x710185bd52,0032,S
0x710185bd72,0029,S
0x710185bd8f,0022,S
0x710185bda5,0035,S
0x710185bdc8,0032,S
0x710185bde8,0031,S
0x710185be07,0027,S
0x710185be22,0034,S
0x710185be44,0034,S
0x710185be66,0017,S
0x710185be77,0034,S
0x710185be99,0034,S
0x710185bebb,0034,S
0x710185bedd,0031,S
0x710185befc,0025,S
0x710185bf15,0027,S
0x710185bf30,0024,S
0x710185bf48,0036,S
0x710185bf6c,0036,S
0x710185bf90,0036,S
0x710185bfb4,0034,S
0x710185bfd6,0030,S
0x710185bff4,0040,S
0x710185c01c,0019,S
0x710185c02f,0017,S
0x710185c040,0022,S
0x710185c056,0023,S
0x710185c06d,0014,S
0x710185c07b,0015,S
0x710185c08a,0023,S
0x710185c0a1,0023,S
0x710185c0b8,0026,S
0x710185c0d2,0028,S
0x710185c0ee,0032,S
0x710185c10e,0028,S
0x710185c12a,0035,S
0x710185c14d,0032,S
0x710185c16d,0035,S
0x710185c190,0020,S
0x710185c1a4,0018,S
0x710185c1b6,0023,S
0x710185c1cd,0024,S
0x710185c1e5,0025,S
0x710185c1fe,0028,S
0x710185c21a,0028,S
0x710185c236,0017,S
0x710185c247,0017,S
0x710185c258,0021,S
0x710185c26d,0019,S
0x710185c280,0024,S
0x710185c298,0021,S
0x710185c2ad,0030,S
0x710185c2cb,0032,S
0x710185c2eb,0031,S
0x710185c30a,0029,S
0x710185c327,0030,S
0x710185c345,0028,S
0x710185c361,0029,S
0x710185c37e,0024,S
0x710185c396,0027,S
0x710185c3b1,0022,S
0x710185c3c7,0017,S
0x710185c3d8,0030,S
0x710185c3f6,0035,S
0x710185c419,0030,S
0x710185c437,0024,S
0x710185c44f,0021,S
0x710185c464,0022,S
0x710185c47a,0025,S
0x710185c493,0028,S
0x710185c4af,0023,S
0x710185c4c6,0030,S
0x710185c4e4,0028,S
0x710185c500,0028,S
0x710185c51c,0030,S
0x710185c53a,0022,S
0x710185c550,0025,S
0x710185c569,0028,S
0x710185c585,0023,S
0x710185c59c,0030,S
0x710185c5ba,0037,S
0x710185c5df,0028,S
0x710185c5fb,0030,S
0x710185c619,0022,S
0x710185c62f,0026,S
0x710185c649,0028,S
0x710185c665,0027,S
0x710185c680,0030,S
0x710185c69e,0032,S
0x710185c6be,0024,S
0x710185c6d6,0020,S
0x710185c6ea,0023,S
0x710185c701,0018,S
0x710185c713,0013,S
0x710185c720,0020,S
0x710185c734,0026,S
0x710185c74e,0031,S
0x710185c76d,0023,S
0x710185c784,0025,S
0x710185c79d,0017,S
0x710185c7ae,0020,S
0x710185c7c2,0027,S
0x710185c7dd,0029,S
0x710185c7fa,0026,S
0x710185c814,0027,S
0x710185c82f,0026,S
0x710185c849,0027,S
0x710185c864,0026,S
0x710185c87e,0027,S
0x710185c899,0027,S
0x710185c8b4,0027,S
0x710185c8cf,0027,S
0x710185c8ea,0027,S
0x710185c905,0028,S
0x710185c921,0028,S
0x710185c93d,0037,S
0x710185c962,0032,S
0x710185c982,0037,S
0x710185c9a7,0028,S
0x710185c9c3,0040,S
0x710185c9eb,0042,S
0x710185ca15,0027,S
0x710185ca30,0034,S
0x710185ca52,0033,S
0x710185ca73,0026,S
0x710185ca8d,0027,S
0x710185caa8,0026,S
0x710185cac2,0027,S
0x710185cadd,0026,S
0x710185caf7,0027,S
0x710185cb12,0027,S
0x710185cb2d,0028,S
0x710185cb49,0028,S
0x710185cb65,0037,S
0x710185cb8a,0040,S
0x710185cbb2,0027,S
0x710185cbcd,0037,S
0x710185cbf2,0034,S
0x710185cc14,0037,S
0x710185cc39,0031,S
0x710185cc58,0033,S
0x710185cc79,0026,S
0x710185cc93,0024,S
0x710185ccab,0024,S
0x710185ccc3,0024,S
0x710185ccdb,0025,S
0x710185ccf4,0034,S
0x710185cd16,0024,S
0x710185cd2e,0024,S
0x710185cd46,0024,S
0x710185cd5e,0024,S
0x710185cd76,0025,S
0x710185cd8f,0034,S
0x710185cdb1,0024,S
0x710185cdc9,0022,S
0x710185cddf,0021,S
0x710185cdf4,0030,S
0x710185ce12,0019,S
0x710185ce25,0024,S
0x710185ce3d,0026,S
0x710185ce57,0024,S
0x710185ce6f,0019,S
0x710185ce82,0020,S
0x710185ce96,0019,S
0x710185cea9,0020,S
0x710185cebd,0019,S
0x710185ced0,0020,S
0x710185cee4,0020,S
0x710185cef8,0021,S
0x710185cf0d,0021,S
0x710185cf22,0030,S
0x710185cf40,0020,S
0x710185cf54,0028,S
0x710185cf70,0030,S
0x710185cf8e,0022,S
0x710185cfa4,0029,S
0x710185cfc1,0021,S
0x710185cfd6,0028,S
0x710185cff2,0022,S
0x710185d008,0027,S
0x710185d023,0024,S
0x710185d03b,0026,S
0x710185d055,0025,S
0x710185d06e,0018,S
0x710185d080,0021,S
0x710185d095,0027,S
0x710185d0b0,0029,S
0x710185d0cd,0033,S
0x710185d0ee,0029,S
0x710185d10b,0029,S
0x710185d128,0028,S
0x710185d144,0028,S
0x710185d160,0032,S
0x710185d180,0033,S
0x710185d1a1,0034,S
0x710185d1c3,0034,S
0x710185d1e5,0036,S
0x710185d209,0033,S
0x710185d22a,0029,S
0x710185d247,0029,S
0x710185d264,0028,S
0x710185d280,0028,S
0x710185d29c,0032,S
0x710185d2bc,0033,S
0x710185d2dd,0034,S
0x710185d2ff,0034,S
0x710185d321,0036,S
0x710185d345,0021,S
0x710185d35a,0019,S
0x710185d36d,0024,S
0x710185d385,0026,S
0x710185d39f,0022,S
0x710185d3b5,0022,S
0x710185d3cb,0021,S
0x710185d3e0,0021,S
0x710185d3f5,0025,S
0x710185d40e,0026,S
0x710185d428,0027,S
0x710185d443,0027,S
0x710185d45e,0029,S
0x710185d47b,0018,S
0x710185d48d,0021,S
0x710185d4a2,0025,S
0x710185d4bb,0028,S
0x710185d4d7,0026,S
0x710185d4f1,0030,S
0x710185d50f,0029,S
0x710185d52c,0032,S
0x710185d54c,0041,S
0x710185d575,0038,S
0x710185d59b,0028,S
0x710185d5b7,0026,S
0x710185d5d1,0030,S
0x710185d5ef,0029,S
0x710185d60c,0032,S
0x710185d62c,0041,S
0x710185d655,0038,S
0x710185d67b,0025,S
0x710185d694,0028,S
0x710185d6b0,0024,S
0x710185d6c8,0026,S
0x710185d6e2,0028,S
0x710185d6fe,0024,S
0x710185d716,0026,S
0x710185d730,0031,S
0x710185d74f,0034,S
0x710185d771,0034,S
0x710185d793,0031,S
0x710185d7b2,0040,S
0x710185d7da,0030,S
0x710185d7f8,0044,S
0x710185d824,0044,S
0x710185d850,0040,S
0x710185d878,0030,S
0x710185d896,0044,S
0x710185d8c2,0044,S
0x710185d8ee,0036,S
0x710185d912,0036,S
0x710185d936,0045,S
0x710185d963,0045,S
0x710185d990,0044,S
0x710185d9bc,0044,S
0x710185d9e8,0044,S
0x710185da14,0044,S
0x710185da40,0044,S
0x710185da6c,0044,S
0x710185da98,0042,S
0x710185dac2,0048,S
0x710185daf2,0048,S
0x710185db22,0038,S
0x710185db48,0027,S
0x710185db63,0027,S
0x710185db7e,0028,S
0x710185db9a,0030,S
0x710185dbb8,0039,S
0x710185dbdf,0027,S
0x710185dbfa,0028,S
0x710185dc16,0030,S
0x710185dc34,0039,S
0x710185dc5b,0032,S
0x710185dc7b,0039,S
0x710185dca2,0040,S
0x710185dcca,0033,S
0x710185dceb,0041,S
0x710185dd14,0035,S
0x710185dd37,0033,S
0x710185dd58,0039,S
0x710185dd7f,0040,S
0x710185dda7,0033,S
0x710185ddc8,0041,S
0x710185ddf1,0035,S
0x710185de14,0033,S
0x710185de35,0032,S
0x710185de55,0030,S
0x710185de73,0035,S
0x710185de96,0030,S
0x710185deb4,0035,S
0x710185ded7,0032,S
0x710185def7,0030,S
0x710185df15,0031,S
0x710185df34,0030,S
0x710185df52,0031,S
0x710185df71,0027,S
0x710185df8c,0025,S
0x710185dfa5,0030,S
0x710185dfc3,0034,S
0x710185dfe5,0038,S
0x710185e00b,0033,S
0x710185e02c,0033,S
0x710185e04d,0037,S
0x710185e072,0037,S
0x710185e097,0037,S
0x710185e0bc,0037,S
0x710185e0e1,0037,S
0x710185e106,0037,S
0x710185e12b,0031,S
0x710185e14a,0029,S
0x710185e167,0029,S
0x710185e184,0029,S
0x710185e1a1,0031,S
0x710185e1c0,0037,S
0x710185e1e5,0031,S
0x710185e204,0037,S
0x710185e229,0033,S
0x710185e24a,0038,S
0x710185e270,0038,S
0x710185e296,0038,S
0x710185e2bc,0028,S
0x710185e2d8,0033,S
0x710185e2f9,0034,S
0x710185e31b,0034,S
0x710185e33d,0035,S
0x710185e360,0044,S
0x710185e38c,0045,S
0x710185e3b9,0034,S
0x710185e3db,0035,S
0x710185e3fe,0028,S
0x710185e41a,0029,S
0x710185e437,0026,S
0x710185e451,0027,S
0x710185e46c,0029,S
0x710185e489,0043,S
0x710185e4b4,0043,S
0x710185e4df,0036,S
0x710185e503,0039,S
0x710185e52a,0037,S
0x710185e54f,0039,S
0x710185e576,0040,S
0x710185e59e,0038,S
0x710185e5c4,0027,S
0x710185e5df,0029,S
0x710185e5fc,0039,S
0x710185e623,0036,S
0x710185e647,0038,S
0x710185e66d,0035,S
0x710185e690,0037,S
0x710185e6b5,0045,S
0x710185e6e2,0047,S
0x710185e711,0027,S
0x710185e72c,0028,S
0x710185e748,0029,S
0x710185e765,0034,S
0x710185e787,0032,S
0x710185e7a7,0040,S
0x710185e7cf,0028,S
0x710185e7eb,0029,S
0x710185e808,0036,S
0x710185e82c,0027,S
0x710185e847,0028,S
0x710185e863,0030,S
0x710185e881,0031,S
0x710185e8a0,0031,S
0x710185e8bf,0036,S
0x710185e8e3,0038,S
0x710185e909,0036,S
0x710185e92d,0036,S
0x710185e951,0037,S
0x710185e976,0037,S
0x710185e99b,0036,S
0x710185e9bf,0031,S
0x710185e9de,0030,S
0x710185e9fc,0030,S
0x710185ea1a,0029,S
0x710185ea37,0029,S
0x710185ea54,0038,S
0x710185ea7a,0028,S
0x710185ea96,0030,S
0x710185eab4,0037,S
0x710185ead9,0030,S
0x710185eaf7,0044,S
0x710185eb23,0044,S
0x710185eb4f,0041,S
0x710185eb78,0036,S
0x710185eb9c,0036,S
0x710185ebc0,0037,S
0x710185ebe5,0035,S
0x710185ec08,0028,S
0x710185ec24,0029,S
0x710185ec41,0030,S
0x710185ec5f,0031,S
0x710185ec7e,0036,S
0x710185eca2,0030,S
0x710185ecc0,0029,S
0x710185ecdd,0028,S
0x710185ecf9,0032,S
0x710185ed19,0043,S
0x710185ed44,0033,S
0x710185ed65,0029,S
0x710185ed82,0036,S
0x710185eda6,0027,S
0x710185edc1,0032,S
0x710185ede1,0024,S
0x710185edf9,0025,S
0x710185ee12,0026,S
0x710185ee2c,0031,S
0x710185ee4b,0031,S
0x710185ee6a,0039,S
0x710185ee91,0030,S
0x710185eeaf,0033,S
0x710185eed0,0033,S
0x710185eef1,0035,S
0x710185ef14,0033,S
0x710185ef35,0035,S
0x710185ef58,0028,S
0x710185ef74,0031,S
0x710185ef93,0038,S
0x710185efb9,0044,S
0x710185efe5,0035,S
0x710185f008,0037,S
0x710185f02d,0038,S
0x710185f053,0031,S
0x710185f072,0030,S
0x710185f090,0032,S
0x710185f0b0,0034,S
0x710185f0d2,0034,S
0x710185f0f4,0038,S
0x710185f11a,0028,S
0x710185f136,0018,S
0x710185f148,0016,S
0x710185f158,0021,S
0x710185f16d,0018,S
0x710185f17f,0012,S
0x710185f18b,0017,S
0x710185f19c,0004,S
0x710185f1a0,0011,S
0x710185f1ab,0010,S
0x710185f1b5,0016,S
0x710185f1c5,0020,S
0x710185f1d9,0016,S
0x710185f1e9,0020,S
0x710185f1fd,0021,S
0x710185f212,0018,S
0x710185f224,0020,S
0x710185f238,0021,S
0x710185f24d,0015,S
0x710185f25c,0014,S
0x710185f26a,0014,S
0x710185f278,0015,S
0x710185f287,0014,S
0x710185f295,0014,S
0x710185f2a3,0019,S
0x710185f2b6,0005,S
0x710185f2bb,0014,S
0x710185f2c9,0010,S
0x710185f2d3,0009,S
0x710185f2dc,0005,S
0x710185f2e1,0014,S
0x710185f2ef,0022,S
0x710185f305,0022,S
0x710185f31b,0018,S
0x710185f32d,0010,S
0x710185f337,0009,S
0x710185f340,0028,S
0x710185f35c,0021,S
0x710185f371,0022,S
0x710185f387,0024,S
0x710185f39f,0024,S
0x710185f3b7,0024,S
0x710185f3cf,0024,S
0x710185f3e7,0052,S
0x710185f41b,0024,S
0x710185f433,0023,S
0x710185f44a,0023,S
0x710185f461,0031,S
0x710185f480,0031,S
0x710185f49f,0031,S
0x710185f4be,0013,S
0x710185f4cb,0014,S
0x710185f4d9,0028,S
0x710185f4f5,0026,S
0x710185f50f,0014,S
0x710185f51d,0017,S
0x710185f52e,0014,S
0x710185f53c,0019,S
0x710185f54f,0030,S
0x710185f56d,0024,S
0x710185f585,0045,S
0x710185f5b2,0036,S
0x710185f5d6,0024,S
0x710185f5ee,0026,S
0x710185f608,0026,S
0x710185f622,0026,S
0x710185f63c,0052,S
0x710185f670,0021,S
0x710185f685,0009,S
0x710185f68e,0010,S
0x710185f698,0009,S
0x710185f6a1,0013,S
0x710185f6ae,0017,S
0x710185f6bf,0003,S
0x710185f6c2,0017,S
0x710185f6d3,0003,S
0x710185f6d6,0005,S
0x710185f6db,0007,S
0x710185f6e2,0017,S
0x710185f6f3,0005,S
0x710185f6f8,0005,S
0x710185f6fd,0005,S
0x710185f702,0004,S
0x710185f706,0005,S
0x710185f70b,0005,S
0x710185f710,0005,S
0x710185f715,0004,S
0x710185f719,0004,S
0x710185f71d,0004,S
0x710185f721,0004,S
0x710185f725,0004,S
0x710185f729,0005,S
0x710185f72e,0003,S
0x710185f731,0005,S
0x710185f736,0017,S
0x710185f747,0020,S
0x710185f75b,0065,S
0x710185f79c,0065,S
0x710185f7dd,0004,S
0x710185f7e1,0004,S
0x710185f7e5,0004,S
0x710185f7e9,0004,S
0x710185f7ed,0004,S
0x710185f7f1,0004,S
0x710185f7f5,0010,S
0x710185f7ff,0002,S
0x710185f801,0005,S
0x710185f806,0005,S
0x710185f80b,0004,S
0x710185f80f,0018,S
0x710185f821,0020,S
0x710185f835,0016,S
0x710185f845,0008,S
0x710185f84d,0005,S
0x710185f852,0014,S
0x710185f860,0014,S
0x710185f86e,0010,S
0x710185f878,0007,S
0x710185f87f,0004,S
0x710185f883,0244,S
0x710185f977,0004,S
0x710185f97b,0007,S
0x710185f982,0010,S
0x710185f98c,0008,S
0x710185f994,0034,S
0x710185f9b6,0031,S
0x710185f9d5,0022,S
0x710185f9eb,0029,S
0x710185fa08,0014,S
0x710185fa16,0013,S
0x710185fa23,0013,S
0x710185fa30,0014,S
0x710185fa3e,0028,S
0x710185fa5a,0004,S
0x710185fa5e,0004,S
0x710185fa62,0004,S
0x710185fa66,0036,S
0x710185fa8a,0030,S
0x710185faa8,0030,S
0x710185fac6,0037,S
0x710185faeb,0043,S
0x710185fb16,0034,S
0x710185fb38,0034,S
0x710185fb5a,0050,S
0x710185fb8c,0040,S
0x710185fbb4,0041,S
0x710185fbdd,0038,S
0x710185fc03,0039,S
0x710185fc2a,0051,S
0x710185fc5d,0057,S
0x710185fc96,0043,S
0x710185fcc1,0034,S
0x710185fce3,0052,S
0x710185fd17,0053,S
0x710185fd4c,0040,S
0x710185fd74,0034,S
0x710185fd96,0040,S
0x710185fdbe,0040,S
0x710185fde6,0045,S
0x710185fe13,0045,S
0x710185fe40,0049,S
0x710185fe71,0049,S
0x710185fea2,0048,S
0x710185fed2,0048,S
0x710185ff02,0059,S
0x710185ff3d,0063,S
0x710185ff7c,0048,S
0x710185ffac,0050,S
0x710185ffde,0039,S
0x7101860005,0046,S
0x7101860033,0046,S
0x7101860061,0046,S
0x710186008f,0052,S
0x71018600c3,0051,S
0x71018600f6,0051,S
0x7101860129,0051,S
0x710186015c,0041,S
0x7101860185,0038,S
0x71018601ab,0038,S
0x71018601d1,0030,S
0x71018601ef,0054,S
0x7101860225,0043,S
0x7101860250,0041,S
0x7101860279,0038,S
0x710186029f,0024,S
0x71018602b7,0035,S
0x71018602da,0035,S
0x71018602fd,0059,S
0x7101860338,0059,S
0x7101860373,0059,S
0x71018603ae,0059,S
0x71018603e9,0045,S
0x7101860416,0030,S
0x7101860434,0039,S
0x710186045b,0044,S
0x7101860487,0045,S
0x71018604b4,0067,S
0x71018604f7,0048,S
0x7101860527,0054,S
0x710186055d,0038,S
0x7101860583,0063,S
0x71018605c2,0048,S
0x71018605f2,0033,S
0x7101860613,0040,S
0x710186063b,0036,S
0x710186065f,0042,S
0x7101860689,0043,S
0x71018606b4,0054,S
0x71018606ea,0042,S
0x7101860714,0056,S
0x710186074c,0046,S
0x710186077a,0037,S
0x710186079f,0038,S
0x71018607c5,0058,S
0x71018607ff,0052,S
0x7101860833,0045,S
0x7101860860,0054,S
0x7101860896,0042,S
0x71018608c0,0050,S
0x71018608f2,0053,S
0x7101860927,0031,S
0x7101860946,0049,S
0x7101860977,0046,S
0x71018609a5,0050,S
0x71018609d7,0049,S
0x7101860a08,0046,S
0x7101860a36,0050,S
0x7101860a68,0005,S
0x7101860a6d,0014,S
0x7101860a7b,0009,S
0x7101860a84,0005,S
0x7101860a89,0007,S
0x7101860a90,0007,S
0x7101860a97,0010,S
0x7101860aa1,0017,S
0x7101860ab2,0023,S
0x7101860ac9,0024,S
0x7101860ae1,0023,S
0x7101860af8,0024,S
0x7101860b10,0023,S
0x7101860b27,0025,S
0x7101860b40,0024,S
0x7101860b58,0025,S
0x7101860b71,0024,S
0x7101860b89,0025,S
0x7101860ba2,0027,S
0x7101860bbd,0026,S
0x7101860bd7,0027,S
0x7101860bf2,0026,S
0x7101860c0c,0030,S
0x7101860c2a,0033,S
0x7101860c4b,0033,S
0x7101860c6c,0033,S
0x7101860c8d,0024,S
0x7101860ca5,0024,S
0x7101860cbd,0025,S
0x7101860cd6,0029,S
0x7101860cf3,0028,S
0x7101860d0f,0029,S
0x7101860d2c,0028,S
0x7101860d48,0029,S
0x7101860d65,0033,S
0x7101860d86,0036,S
0x7101860daa,0035,S
0x7101860dcd,0033,S
0x7101860dee,0032,S
0x7101860e0e,0033,S
0x7101860e2f,0032,S
0x7101860e4f,0032,S
0x7101860e6f,0036,S
0x7101860e93,0035,S
0x7101860eb6,0028,S
0x7101860ed2,0028,S
0x7101860eee,0029,S
0x7101860f0b,0037,S
0x7101860f30,0036,S
0x7101860f54,0037,S
0x7101860f79,0036,S
0x7101860f9d,0037,S
0x7101860fc2,0036,S
0x7101860fe6,0036,S
0x710186100a,0037,S
0x710186102f,0025,S
0x7101861048,0024,S
0x7101861060,0025,S
0x7101861079,0024,S
0x7101861091,0025,S
0x71018610aa,0024,S
0x71018610c2,0025,S
0x71018610db,0025,S
0x71018610f4,0025,S
0x710186110d,0025,S
0x7101861126,0025,S
0x710186113f,0024,S
0x7101861157,0024,S
0x710186116f,0024,S
0x7101861187,0040,S
0x71018611af,0040,S
0x71018611d7,0020,S
0x71018611eb,0026,S
0x7101861205,0020,S
0x7101861219,0008,S
0x7101861221,0005,S
0x7101861226,0012,S
0x7101861232,0047,S
0x7101861261,0019,S
0x7101861274,0011,S
0x710186127f,0024,S
0x7101861297,0017,S
0x71018612a8,0014,S
0x71018612b6,0013,S
0x71018612c3,0013,S
0x71018612d0,0028,S
0x71018612ec,0043,S
0x7101861317,0051,S
0x710186134a,0010,S
0x7101861354,0004,S
0x7101861358,0004,S
0x710186135c,0003,S
0x710186135f,0006,S
0x7101861365,0009,S
0x710186136e,0012,S
0x710186137a,0022,S
0x7101861390,0005,S
0x7101861395,0006,S
0x710186139b,0005,S
0x71018613a0,0004,S
0x71018613a4,0004,S
0x71018613a8,0005,S
0x71018613ad,0005,S
0x71018613b2,0005,S
0x71018613b7,0009,S
0x71018613c0,0009,S
0x71018613c9,0011,S
0x71018613d4,0011,S
0x71018613df,0010,S
0x71018613e9,0005,S
0x71018613ee,0004,S
0x71018613f2,0011,S
0x71018613fd,0014,S
0x710186140b,0010,S
0x7101861415,0012,S
0x7101861421,0027,S
0x710186143c,0008,S
0x7101861444,0013,S
0x7101861451,0008,S
0x7101861459,0013,S
0x7101861466,0008,S
0x710186146e,0010,S
0x7101861478,0015,S
0x7101861487,0008,S
0x710186148f,0015,S
0x710186149e,0007,S
0x71018614a5,0007,S
0x71018614ac,0012,S
0x71018614b8,0012,S
0x71018614c4,0007,S
0x71018614cb,0006,S
0x71018614d1,0008,S
0x71018614d9,0007,S
0x71018614e0,0007,S
0x71018614e7,0010,S
0x71018614f1,0012,S
0x71018614fd,0011,S
0x7101861508,0010,S
0x7101861512,0010,S
0x710186151c,0012,S
0x7101861528,0017,S
0x7101861539,0009,S
0x7101861542,0053,S
0x7101861577,0012,S
0x7101861583,0039,S
0x71018615aa,0011,S
0x71018615b5,0023,S
0x71018615cc,0058,S
0x7101861606,0058,S
0x7101861640,0091,S
0x710186169b,0103,S
0x7101861702,0014,S
0x7101861710,0010,S
0x710186171a,0019,S
0x710186172d,0024,S
0x7101861745,0010,S
0x710186174f,0020,S
0x7101861763,0026,S
0x710186177d,0011,S
0x7101861788,0014,S
0x7101861796,0018,S
0x71018617a8,0019,S
0x71018617bb,0023,S
0x71018617d2,0019,S
0x71018617e5,0006,S
0x71018617eb,0009,S
0x71018617f4,0016,S
0x7101861804,0008,S
0x710186180c,0009,S
0x7101861815,0009,S
0x710186181e,0009,S
0x7101861827,0010,S
0x7101861831,0017,S
0x7101861842,0021,S
0x7101861857,0009,S
0x7101861860,0022,S
0x7101861876,0019,S
0x7101861889,0018,S
0x710186189b,0019,S
0x71018618ae,0004,S
0x71018618b2,0006,S
0x71018618b8,0005,S
0x71018618bd,0006,S
0x71018618c3,0010,S
0x71018618cd,0013,S
0x71018618da,0019,S
0x71018618ed,0009,S
0x71018618f6,0020,S
0x710186190a,0013,S
0x7101861917,0019,S
0x710186192a,0013,S
0x7101861937,0019,S
0x710186194a,0020,S
0x710186195e,0013,S
0x710186196b,0019,S
0x710186197e,0013,S
0x710186198b,0019,S
0x710186199e,0005,S
0x71018619a3,0011,S
0x71018619ae,0011,S
0x71018619b9,0010,S
0x71018619c3,0017,S
0x71018619d4,0011,S
0x71018619df,0017,S
0x71018619f0,0023,S
0x7101861a07,0018,S
0x7101861a19,0024,S
0x7101861a31,0017,S
0x7101861a42,0028,S
0x7101861a5e,0024,S
0x7101861a76,0024,S
0x7101861a8e,0024,S
0x7101861aa6,0024,S
0x7101861abe,0013,S
0x7101861acb,0020,S
0x7101861adf,0011,S
0x7101861aea,0011,S
0x7101861af5,0017,S
0x7101861b06,0014,S
0x7101861b14,0006,S
0x7101861b1a,0009,S
0x7101861b23,0009,S
0x7101861b2c,0013,S
0x7101861b39,0020,S
0x7101861b4d,0021,S
0x7101861b62,0011,S
0x7101861b6d,0015,S
0x7101861b7c,0014,S
0x7101861b8a,0013,S
0x7101861b97,0012,S
0x7101861ba3,0014,S
0x7101861bb1,0011,S
0x7101861bbc,0015,S
0x7101861bcb,0010,S
0x7101861bd5,0013,S
0x7101861be2,0015,S
0x7101861bf1,0018,S
0x7101861c03,0005,S
0x7101861c08,0015,S
0x7101861c17,0010,S
0x7101861c21,0018,S
0x7101861c33,0011,S
0x7101861c3e,0023,S
0x7101861c55,0010,S
0x7101861c5f,0020,S
0x7101861c73,0024,S
0x7101861c8b,0013,S
0x7101861c98,0013,S
0x7101861ca5,0021,S
0x7101861cba,0025,S
0x7101861cd3,0014,S
0x7101861ce1,0009,S
0x7101861cea,0015,S
0x7101861cf9,0015,S
0x7101861d08,0027,S
0x7101861d23,0026,S
0x7101861d3d,0026,S
0x7101861d57,0019,S
0x7101861d6a,0020,S
0x7101861d7e,0020,S
0x7101861d92,0020,S
0x7101861da6,0017,S
0x7101861db7,0021,S
0x7101861dcc,0029,S
0x7101861de9,0029,S
0x7101861e06,0019,S
0x7101861e19,0024,S
0x7101861e31,0011,S
0x7101861e3c,0012,S
0x7101861e48,0014,S
0x7101861e56,0019,S
0x7101861e69,0004,S
0x7101861e6d,0015,S
0x7101861e7c,0010,S
0x7101861e86,0012,S
0x7101861e92,0010,S
0x7101861e9c,0016,S
0x7101861eac,0029,S
0x7101861ec9,0019,S
0x7101861edc,0026,S
0x7101861ef6,0017,S
0x7101861f07,0020,S
0x7101861f1b,0012,S
0x7101861f27,0012,S
0x7101861f33,0020,S
0x7101861f47,0005,S
0x7101861f4c,0009,S
0x7101861f55,0012,S
0x7101861f61,0014,S
0x7101861f6f,0016,S
0x7101861f7f,0012,S
0x7101861f8b,0018,S
0x7101861f9d,0011,S
0x7101861fa8,0014,S
0x7101861fb6,0011,S
0x7101861fc1,0017,S
0x7101861fd2,0013,S
0x7101861fdf,0012,S
0x7101861feb,0019,S
0x7101861ffe,0018,S
0x7101862010,0018,S
0x7101862022,0019,S
0x7101862035,0019,S
0x7101862048,0019,S
0x710186205b,0018,S
0x710186206d,0018,S
0x710186207f,0016,S
0x710186208f,0023,S
0x71018620a6,0021,S
0x71018620bb,0021,S
0x71018620d0,0025,S
0x71018620e9,0036,S
0x710186210d,0013,S
0x710186211a,0012,S
0x7101862126,0021,S
0x710186213b,0019,S
0x710186214e,0009,S
0x7101862157,0011,S
0x7101862162,0010,S
0x710186216c,0011,S
0x7101862177,0016,S
0x7101862187,0022,S
0x710186219d,0022,S
0x71018621b3,0021,S
0x71018621c8,0025,S
0x71018621e1,0019,S
0x71018621f4,0011,S
0x71018621ff,0017,S
0x7101862210,0021,S
0x7101862225,0022,S
0x710186223b,0024,S
0x7101862253,0033,S
0x7101862274,0030,S
0x7101862292,0026,S
0x71018622ac,0031,S
0x71018622cb,0031,S
0x71018622ea,0023,S
0x7101862301,0020,S
0x7101862315,0021,S
0x710186232a,0027,S
0x7101862345,0019,S
0x7101862358,0027,S
0x7101862373,0027,S
0x710186238e,0029,S
0x71018623ab,0016,S
0x71018623bb,0020,S
0x71018623cf,0019,S
0x71018623e2,0019,S
0x71018623f5,0032,S
0x7101862415,0026,S
0x710186242f,0027,S
0x710186244a,0030,S
0x7101862468,0004,S
0x710186246c,0006,S
0x7101862472,0024,S
0x710186248a,0018,S
0x710186249c,0021,S
0x71018624b1,0020,S
0x71018624c5,0018,S
0x71018624d7,0018,S
0x71018624e9,0015,S
0x71018624f8,0014,S
0x7101862506,0020,S
0x710186251a,0020,S
0x710186252e,0019,S
0x7101862541,0019,S
0x7101862554,0020,S
0x7101862568,0029,S
0x7101862585,0015,S
0x7101862594,0018,S
0x71018625a6,0012,S
0x71018625b2,0020,S
0x71018625c6,0030,S
0x71018625e4,0015,S
0x71018625f3,0015,S
0x7101862602,0015,S
0x7101862611,0014,S
0x710186261f,0006,S
0x7101862625,0005,S
0x710186262a,0010,S
0x7101862634,0010,S
0x710186263e,0009,S
0x7101862647,0010,S
0x7101862651,0010,S
0x710186265b,0018,S
0x710186266d,0009,S
0x7101862676,0010,S
0x7101862680,0007,S
0x7101862687,0010,S
0x7101862691,0011,S
0x710186269c,0010,S
0x71018626a6,0016,S
0x71018626b6,0007,S
0x71018626bd,0016,S
0x71018626cd,0010,S
0x71018626d7,0016,S
0x71018626e7,0013,S
0x71018626f4,0013,S
0x7101862701,0013,S
0x710186270e,0008,S
0x7101862716,0008,S
0x710186271e,0013,S
0x710186272b,0012,S
0x7101862737,0011,S
0x7101862742,0015,S
0x7101862751,0020,S
0x7101862765,0017,S
0x7101862776,0007,S
0x710186277d,0015,S
0x710186278c,0016,S
0x710186279c,0009,S
0x71018627a5,0011,S
0x71018627b0,0014,S
0x71018627be,0012,S
0x71018627ca,0018,S
0x71018627dc,0006,S
0x71018627e2,0011,S
0x71018627ed,0011,S
0x71018627f8,0016,S
0x7101862808,0016,S
0x7101862818,0015,S
0x7101862827,0015,S
0x7101862836,0020,S
0x710186284a,0020,S
0x710186285e,0019,S
0x7101862871,0017,S
0x7101862882,0017,S
0x7101862893,0010,S
0x710186289d,0018,S
0x71018628af,0015,S
0x71018628be,0007,S
0x71018628c5,0011,S
0x71018628d0,0011,S
0x71018628db,0013,S
0x71018628e8,0008,S
0x71018628f0,0018,S
0x7101862902,0017,S
0x7101862913,0017,S
0x7101862924,0010,S
0x710186292e,0010,S
0x7101862938,0014,S
0x7101862946,0010,S
0x7101862950,0018,S
0x7101862962,0017,S
0x7101862973,0017,S
0x7101862984,0017,S
0x7101862995,0013,S
0x71018629a2,0011,S
0x71018629ad,0016,S
0x71018629bd,0013,S
0x71018629ca,0010,S
0x71018629d4,0009,S
0x71018629dd,0009,S
0x71018629e6,0007,S
0x71018629ed,0013,S
0x71018629fa,0018,S
0x7101862a0c,0009,S
0x7101862a15,0014,S
0x7101862a23,0016,S
0x7101862a33,0023,S
0x7101862a4a,0016,S
0x7101862a5a,0016,S
0x7101862a6a,0016,S
0x7101862a7a,0016,S
0x7101862a8a,0016,S
0x7101862a9a,0016,S
0x7101862aaa,0016,S
0x7101862aba,0016,S
0x7101862aca,0014,S
0x7101862ad8,0017,S
0x7101862ae9,0016,S
0x7101862af9,0014,S
0x7101862b07,0013,S
0x7101862b14,0013,S
0x7101862b21,0016,S
0x7101862b31,0015,S
0x7101862b40,0016,S
0x7101862b50,0008,S
0x7101862b58,0008,S
0x7101862b60,0014,S
0x7101862b6e,0014,S
0x7101862b7c,0024,S
0x7101862b94,0007,S
0x7101862b9b,0016,S
0x7101862bab,0016,S
0x7101862bbb,0022,S
0x7101862bd1,0017,S
0x7101862be2,0010,S
0x7101862bec,0007,S
0x7101862bf3,0022,S
0x7101862c09,0023,S
0x7101862c20,0011,S
0x7101862c2b,0012,S
0x7101862c37,0016,S
0x7101862c47,0011,S
0x7101862c52,0015,S
0x7101862c61,0014,S
0x7101862c6f,0010,S
0x7101862c79,0014,S
0x7101862c87,0023,S
0x7101862c9e,0009,S
0x7101862ca7,0014,S
0x7101862cb5,0011,S
0x7101862cc0,0009,S
0x7101862cc9,0009,S
0x7101862cd2,0011,S
0x7101862cdd,0009,S
0x7101862ce6,0010,S
0x7101862cf0,0011,S
0x7101862cfb,0014,S
0x7101862d09,0014,S
0x7101862d17,0017,S
0x7101862d28,0011,S
0x7101862d33,0013,S
0x7101862d40,0015,S
0x7101862d4f,0021,S
0x7101862d64,0022,S
0x7101862d7a,0018,S
0x7101862d8c,0018,S
0x7101862d9e,0017,S
0x7101862daf,0018,S
0x7101862dc1,0020,S
0x7101862dd5,0021,S
0x7101862dea,0016,S
0x7101862dfa,0023,S
0x7101862e11,0017,S
0x7101862e22,0019,S
0x7101862e35,0010,S
0x7101862e3f,0009,S
0x7101862e48,0005,S
0x7101862e4d,0008,S
0x7101862e55,0010,S
0x7101862e5f,0008,S
0x7101862e67,0011,S
0x7101862e72,0011,S
0x7101862e7d,0008,S
0x7101862e85,0015,S
0x7101862e94,0014,S
0x7101862ea2,0014,S
0x7101862eb0,0007,S
0x7101862eb7,0014,S
0x7101862ec5,0009,S
0x7101862ece,0013,S
0x7101862edb,0008,S
0x7101862ee3,0008,S
0x7101862eeb,0022,S
0x7101862f01,0016,S
0x7101862f11,0013,S
0x7101862f1e,0017,S
0x7101862f2f,0009,S
0x7101862f38,0008,S
0x7101862f40,0010,S
0x7101862f4a,0013,S
0x7101862f57,0019,S
0x7101862f6a,0010,S
0x7101862f74,0014,S
0x7101862f82,0012,S
0x7101862f8e,0013,S
0x7101862f9b,0009,S
0x7101862fa4,0017,S
0x7101862fb5,0014,S
0x7101862fc3,0009,S
0x7101862fcc,0014,S
0x7101862fda,0016,S
0x7101862fea,0012,S
0x7101862ff6,0012,S
0x7101863002,0011,S
0x710186300d,0008,S
0x7101863015,0007,S
0x710186301c,0011,S
0x7101863027,0009,S
0x7101863030,0013,S
0x710186303d,0012,S
0x7101863049,0011,S
0x7101863054,0006,S
0x710186305a,0016,S
0x710186306a,0013,S
0x7101863077,0010,S
0x7101863081,0015,S
0x7101863090,0013,S
0x710186309d,0010,S
0x71018630a7,0008,S
0x71018630af,0016,S
0x71018630bf,0014,S
0x71018630cd,0015,S
0x71018630dc,0010,S
0x71018630e6,0010,S
0x71018630f0,0010,S
0x71018630fa,0012,S
0x7101863106,0016,S
0x7101863116,0011,S
0x7101863121,0020,S
0x7101863135,0018,S
0x7101863147,0015,S
0x7101863156,0016,S
0x7101863166,0013,S
0x7101863173,0007,S
0x710186317a,0007,S
0x7101863181,0005,S
0x7101863186,0009,S
0x710186318f,0008,S
0x7101863197,0011,S
0x71018631a2,0010,S
0x71018631ac,0012,S
0x71018631b8,0012,S
0x71018631c4,0012,S
0x71018631d0,0011,S
0x71018631db,0012,S
0x71018631e7,0014,S
0x71018631f5,0013,S
0x7101863202,0008,S
0x710186320a,0014,S
0x7101863218,0013,S
0x7101863225,0010,S
0x710186322f,0010,S
0x7101863239,0010,S
0x7101863243,0010,S
0x710186324d,0013,S
0x710186325a,0012,S
0x7101863266,0009,S
0x710186326f,0009,S
0x7101863278,0007,S
0x710186327f,0007,S
0x7101863286,0010,S
0x7101863290,0011,S
0x710186329b,0010,S
0x71018632a5,0011,S
0x71018632b0,0008,S
0x71018632b8,0011,S
0x71018632c3,0010,S
0x71018632cd,0011,S
0x71018632d8,0005,S
0x71018632dd,0009,S
0x71018632e6,0006,S
0x71018632ec,0005,S
0x71018632f1,0007,S
0x71018632f8,0011,S
0x7101863303,0011,S
0x710186330e,0011,S
0x7101863319,0006,S
0x710186331f,0006,S
0x7101863325,0015,S
0x7101863334,0008,S
0x710186333c,0008,S
0x7101863344,0008,S
0x710186334c,0013,S
0x7101863359,0006,S
0x710186335f,0017,S
0x7101863370,0007,S
0x7101863377,0009,S
0x7101863380,0008,S
0x7101863388,0011,S
0x7101863393,0020,S
0x71018633a7,0006,S
0x71018633ad,0006,S
0x71018633b3,0006,S
0x71018633b9,0007,S
0x71018633c0,0007,S
0x71018633c7,0016,S
0x71018633d7,0015,S
0x71018633e6,0011,S
0x71018633f1,0011,S
0x71018633fc,0018,S
0x710186340e,0010,S
0x7101863418,0024,S
0x7101863430,0017,S
0x7101863441,0021,S
0x7101863456,0012,S
0x7101863462,0014,S
0x7101863470,0017,S
0x7101863481,0006,S
0x7101863487,0020,S
0x710186349b,0009,S
0x71018634a4,0015,S
0x71018634b3,0015,S
0x71018634c2,0014,S
0x71018634d0,0008,S
0x71018634d8,0008,S
0x71018634e0,0013,S
0x71018634ed,0007,S
0x71018634f4,0010,S
0x71018634fe,0014,S
0x710186350c,0012,S
0x7101863518,0011,S
0x7101863523,0017,S
0x7101863534,0013,S
0x7101863541,0015,S
0x7101863550,0024,S
0x7101863568,0016,S
0x7101863578,0012,S
0x7101863584,0014,S
0x7101863592,0018,S
0x71018635a4,0019,S
0x71018635b7,0018,S
0x71018635c9,0014,S
0x71018635d7,0024,S
0x71018635ef,0017,S
0x7101863600,0026,S
0x710186361a,0020,S
0x710186362e,0013,S
0x710186363b,0015,S
0x710186364a,0015,S
0x7101863659,0015,S
0x7101863668,0015,S
0x7101863677,0013,S
0x7101863684,0013,S
0x7101863691,0022,S
0x71018636a7,0011,S
0x71018636b2,0016,S
0x71018636c2,0010,S
0x71018636cc,0013,S
0x71018636d9,0012,S
0x71018636e5,0015,S
0x71018636f4,0019,S
0x7101863707,0013,S
0x7101863714,0011,S
0x710186371f,0013,S
0x710186372c,0016,S
0x710186373c,0023,S
0x7101863753,0013,S
0x7101863760,0020,S
0x7101863774,0013,S
0x7101863781,0014,S
0x710186378f,0019,S
0x71018637a2,0020,S
0x71018637b6,0016,S
0x71018637c6,0012,S
0x71018637d2,0009,S
0x71018637db,0015,S
0x71018637ea,0012,S
0x71018637f6,0017,S
0x7101863807,0010,S
0x7101863811,0019,S
0x7101863824,0020,S
0x7101863838,0022,S
0x710186384e,0022,S
0x7101863864,0016,S
0x7101863874,0010,S
0x710186387e,0016,S
0x710186388e,0009,S
0x7101863897,0011,S
0x71018638a2,0006,S
0x71018638a8,0007,S
0x71018638af,0009,S
0x71018638b8,0013,S
0x71018638c5,0011,S
0x71018638d0,0014,S
0x71018638de,0020,S
0x71018638f2,0056,S
0x710186392a,0007,S
0x7101863931,0009,S
0x710186393a,0005,S
0x710186393f,0004,S
0x7101863943,0028,S
0x710186395f,0013,S
0x710186396c,0022,S
0x7101863982,0023,S
0x7101863999,0024,S
0x71018639b1,0028,S
0x71018639cd,0031,S
0x71018639ec,0025,S
0x7101863a05,0028,S
0x7101863a21,0016,S
0x7101863a31,0040,S
0x7101863a59,0027,S
0x7101863a74,0061,S
0x7101863ab1,0021,S
0x7101863ac6,0029,S
0x7101863ae3,0022,S
0x7101863af9,0014,S
0x7101863b07,0010,S
0x7101863b11,0017,S
0x7101863b22,0022,S
0x7101863b38,0029,S
0x7101863b55,0016,S
0x7101863b65,0022,S
0x7101863b7b,0020,S
0x7101863b8f,0016,S
0x7101863b9f,0022,S
0x7101863bb5,0018,S
0x7101863bc7,0019,S
0x7101863bda,0022,S
0x7101863bf0,0017,S
0x7101863c01,0028,S
0x7101863c1d,0015,S
0x7101863c2c,0014,S
0x7101863c3a,0020,S
0x7101863c4e,0037,S
0x7101863c73,0020,S
0x7101863c87,0034,S
0x7101863ca9,0029,S
0x7101863cc6,0043,S
0x7101863cf1,0016,S
0x7101863d01,0004,S
0x7101863d05,0021,S
0x7101863d1a,0022,S
0x7101863d30,0025,S
0x7101863d49,0016,S
0x7101863d59,0010,S
0x7101863d63,0021,S
0x7101863d78,0016,S
0x7101863d88,0028,S
0x7101863da4,0021,S
0x7101863db9,0013,S
0x7101863dc6,0010,S
0x7101863dd0,0021,S
0x7101863de5,0061,S
0x7101863e22,0004,S
0x7101863e26,0021,S
0x7101863e3b,0016,S
0x7101863e4b,0021,S
0x7101863e60,0021,S
0x7101863e75,0029,S
0x7101863e92,0031,S
0x7101863eb1,0024,S
0x7101863ec9,0010,S
0x7101863ed3,0018,S
0x7101863ee5,0011,S
0x7101863ef0,0011,S
0x7101863efb,0012,S
0x7101863f07,0012,S
0x7101863f13,0019,S
0x7101863f26,0016,S
0x7101863f36,0021,S
0x7101863f4b,0020,S
0x7101863f5f,0018,S
0x7101863f71,0014,S
0x7101863f7f,0025,S
0x7101863f98,0020,S
0x7101863fac,0024,S
0x7101863fc4,0016,S
0x7101863fd4,0011,S
0x7101863fdf,0016,S
0x7101863fef,0014,S
0x7101863ffd,0015,S
0x710186400c,0020,S
0x7101864020,0029,S
0x710186403d,0019,S
0x7101864050,0014,S
0x710186405e,0016,S
0x710186406e,0010,S
0x7101864078,0006,S
0x710186407e,0010,S
0x7101864088,0023,S
0x710186409f,0019,S
0x71018640b2,0020,S
0x71018640c6,0028,S
0x71018640e2,0010,S
0x71018640ec,0016,S
0x71018640fc,0016,S
0x710186410c,0016,S
0x710186411c,0008,S
0x7101864124,0013,S
0x7101864131,0009,S
0x710186413a,0020,S
0x710186414e,0017,S
0x710186415f,0019,S
0x7101864172,0016,S
0x7101864182,0016,S
0x7101864192,0012,S
0x710186419e,0018,S
0x71018641b0,0027,S
0x71018641cb,0022,S
0x71018641e1,0008,S
0x71018641e9,0051,S
0x710186421c,0012,S
0x7101864228,0004,S
0x710186422c,0003,S
0x710186422f,0012,S
0x710186423b,0006,S
0x7101864241,0012,S
0x710186424d,0010,S
0x7101864257,0009,S
0x7101864260,0053,S
0x7101864295,0053,S
0x71018642ca,0268,S
0x71018643d6,0064,S
0x7101864416,0017,S
0x7101864427,0014,S
0x7101864435,0056,S
0x710186446d,0051,S
0x71018644a0,0052,S
0x71018644d4,0029,S
0x71018644f1,0069,S
0x7101864536,0028,S
0x7101864552,0095,S
0x71018645b1,0096,S
0x7101864611,0417,S
0x71018647b2,0462,S
0x7101864980,0209,S
0x7101864a51,0169,S
0x7101864afa,0584,S
0x7101864d42,1490,S
0x7101865314,0169,S
0x71018653bd,0037,S
0x71018653e2,0050,S
0x7101865414,0023,S
0x710186542b,0057,S
0x7101865464,0021,S
0x7101865479,0033,S
0x710186549a,0013,S
0x71018654a7,0007,S
0x71018654ae,0024,S
0x71018654c6,0144,S
0x7101865556,0031,S
0x7101865575,0008,S
0x710186557d,0035,S
0x71018655a0,0026,S
0x71018655ba,0025,S
0x71018655d3,0034,S
0x71018655f5,0017,S
0x7101865606,0025,S
0x710186561f,0028,S
0x710186563b,0031,S
0x710186565a,0022,S
0x7101865670,0073,S
0x71018656b9,0003,S
0x71018656bc,0064,S
0x71018656fc,0012,S
0x7101865708,0071,S
0x710186574f,0005,S
0x7101865754,0005,S
0x7101865759,0086,S
0x71018657af,0009,S
0x71018657b8,0009,S
0x71018657c1,0009,S
0x71018657ca,0008,S
0x71018657d2,0008,S
0x71018657da,0013,S
0x71018657e7,0019,S
0x71018657fa,0008,S
0x7101865802,0010,S
0x710186580c,0004,S
0x7101865810,0016,S
0x7101865820,0005,S
0x7101865825,0098,S
0x7101865887,0044,S
0x71018658b3,0005,S
0x71018658b8,0007,S
0x71018658bf,0042,S
0x71018658e9,0005,S
0x71018658ee,0009,S
0x71018658f7,0007,S
0x71018658fe,0016,S
0x710186590e,0016,S
0x710186591e,0026,S
0x7101865938,0058,S
0x7101865972,0011,S
0x710186597d,0015,S
0x710186598c,0014,S
0x710186599a,0009,S
0x71018659a3,0008,S
0x71018659ab,0004,S
0x71018659af,0037,S
0x71018659d4,0009,S
0x71018659dd,0016,S
0x71018659ed,0007,S
0x71018659f4,0014,S
0x7101865a02,0013,S
0x7101865a0f,0007,S
0x7101865a16,0014,S
0x7101865a24,0008,S
0x7101865a2c,0011,S
0x7101865a37,0012,S
0x7101865a43,0014,S
0x7101865a51,0007,S
0x7101865a58,0006,S
0x7101865a5e,0004,S
0x7101865a62,0004,S
0x7101865a66,0007,S
0x7101865a6d,0008,S
0x7101865a75,0010,S
0x7101865a7f,0007,S
0x7101865a86,0007,S
0x7101865a8d,0007,S
0x7101865a94,0003,S
0x7101865a97,0005,S
0x7101865a9c,0008,S
0x7101865aa4,0006,S
0x7101865aaa,0007,S
0x7101865ab1,0005,S
0x7101865ab6,0007,S
0x7101865abd,0006,S
0x7101865ac3,0006,S
0x7101865ac9,0002,S
0x7101865acb,0008,S
0x7101865ad3,0025,S
0x7101865aec,0015,S
0x7101865afb,0019,S
0x7101865b0e,0020,S
0x7101865b22,0018,S
0x7101865b34,0019,S
0x7101865b47,0020,S
0x7101865b5b,0015,S
0x7101865b6a,0016,S
0x7101865b7a,0022,S
0x7101865b90,0023,S
0x7101865ba7,0016,S
0x7101865bb7,0010,S
0x7101865bc1,0005,S
0x7101865bc6,0008,S
0x7101865bce,0016,S
0x7101865bde,0019,S
0x7101865bf1,0012,S
0x7101865bfd,0012,S
0x7101865c09,0018,S
0x7101865c1b,0010,S
0x7101865c25,0006,S
0x7101865c2b,0004,S
0x7101865c2f,0004,S
0x7101865c33,0007,S
0x7101865c3a,0012,S
0x7101865c46,0003,S
0x7101865c49,0003,S
0x7101865c4c,0004,S
0x7101865c50,0005,S
0x7101865c55,0005,S
0x7101865c5a,0004,S
0x7101865c5e,0013,S
0x7101865c6b,0015,S
0x7101865c7a,0015,S
0x7101865c89,0019,S
0x7101865c9c,0020,S
0x7101865cb0,0016,S
0x7101865cc0,0017,S
0x7101865cd1,0022,S
0x7101865ce7,0018,S
0x7101865cf9,0010,S
0x7101865d03,0015,S
0x7101865d12,0011,S
0x7101865d1d,0011,S
0x7101865d28,0006,S
0x7101865d2e,0011,S
0x7101865d39,0019,S
0x7101865d4c,0006,S
0x7101865d52,0007,S
0x7101865d59,0006,S
0x7101865d5f,0007,S
0x7101865d66,0006,S
0x7101865d6c,0007,S
0x7101865d73,0026,S
0x7101865d8d,0028,S
0x7101865da9,0022,S
0x7101865dbf,0012,S
0x7101865dcb,0011,S
0x7101865dd6,0013,S
0x7101865de3,0006,S
0x7101865de9,0009,S
0x7101865df2,0004,S
0x7101865df6,0010,S
0x7101865e00,0007,S
0x7101865e07,0009,S
0x7101865e10,0008,S
0x7101865e18,0005,S
0x7101865e1d,0011,S
0x7101865e28,0013,S
0x7101865e35,0009,S
0x7101865e3e,0014,S
0x7101865e4c,0016,S
0x7101865e5c,0008,S
0x7101865e64,0009,S
0x7101865e6d,0012,S
0x7101865e79,0011,S
0x7101865e84,0012,S
0x7101865e90,0013,S
0x7101865e9d,0015,S
0x7101865eac,0013,S
0x7101865eb9,0012,S
0x7101865ec5,0011,S
0x7101865ed0,0016,S
0x7101865ee0,0024,S
0x7101865ef8,0012,S
0x7101865f04,0010,S
0x7101865f0e,0011,S
0x7101865f19,0012,S
0x7101865f25,0012,S
0x7101865f31,0016,S
0x7101865f41,0018,S
0x7101865f53,0010,S
0x7101865f5d,0014,S
0x7101865f6b,0018,S
0x7101865f7d,0011,S
0x7101865f88,0011,S
0x7101865f93,0011,S
0x7101865f9e,0009,S
0x7101865fa7,0013,S
0x7101865fb4,0016,S
0x7101865fc4,0012,S
0x7101865fd0,0009,S
0x7101865fd9,0010,S
0x7101865fe3,0013,S
0x7101865ff0,0016,S
0x7101866000,0006,S
0x7101866006,0010,S
0x7101866010,0012,S
0x710186601c,0009,S
0x7101866025,0014,S
0x7101866033,0085,S
0x7101866088,0017,S
0x7101866099,0008,S
0x71018660a1,0009,S
0x71018660aa,0011,S
0x71018660b5,0012,S
0x71018660c1,0017,S
0x71018660d2,0023,S
0x71018660e9,0008,S
0x71018660f1,0018,S
0x7101866103,0006,S
0x7101866109,0011,S
0x7101866114,0009,S
0x710186611d,0040,S
0x7101866145,0025,S
0x710186615e,0021,S
0x7101866173,0015,S
0x7101866182,0012,S
0x710186618e,0011,S
0x7101866199,0016,S
0x71018661a9,0013,S
0x71018661b6,0028,S
0x71018661d2,0010,S
0x71018661dc,0021,S
0x71018661f1,0016,S
0x7101866201,0013,S
0x710186620e,0003,S
0x7101866211,0004,S
0x7101866215,0006,S
0x710186621b,0022,S
0x7101866231,0019,S
0x7101866244,0005,S
0x7101866249,0009,S
0x7101866252,0009,S
0x710186625b,0035,S
0x710186627e,0021,S
0x7101866293,0030,S
0x71018662b1,0022,S
0x71018662c7,0030,S
0x71018662e5,0024,S
0x71018662fd,0030,S
0x710186631b,0019,S
0x710186632e,0014,S
0x710186633c,0022,S
0x7101866352,0009,S
0x710186635b,0016,S
0x710186636b,0037,S
0x7101866390,0007,S
0x7101866397,0014,S
0x71018663a5,0020,S
0x71018663b9,0021,S
0x71018663ce,0024,S
0x71018663e6,0013,S
0x71018663f3,0013,S
0x7101866400,0015,S
0x710186640f,0013,S
0x710186641c,0016,S
0x710186642c,0018,S
0x710186643e,0016,S
0x710186644e,0026,S
0x7101866468,0024,S
0x7101866480,0025,S
0x7101866499,0032,S
0x71018664b9,0030,S
0x71018664d7,0004,S
0x71018664db,0055,S
0x7101866512,0018,S
0x7101866524,0007,S
0x710186652b,0046,S
0x7101866559,0025,S
0x7101866572,0019,S
0x7101866585,0014,S
0x7101866593,0013,S
0x71018665a0,0009,S
0x71018665a9,0013,S
0x71018665b6,0008,S
0x71018665be,0008,S
0x71018665c6,0012,S
0x71018665d2,0005,S
0x71018665d7,0012,S
0x71018665e3,0025,S
0x71018665fc,0015,S
0x710186660b,0016,S
0x710186661b,0020,S
0x710186662f,0012,S
0x710186663b,0032,S
0x710186665b,0020,S
0x710186666f,0012,S
0x710186667b,0013,S
0x7101866688,0013,S
0x7101866695,0012,S
0x71018666a1,0014,S
0x71018666af,0010,S
0x71018666b9,0014,S
0x71018666c7,0020,S
0x71018666db,0008,S
0x71018666e3,0006,S
0x71018666e9,0021,S
0x71018666fe,0016,S
0x710186670e,0021,S
0x7101866723,0021,S
0x7101866738,0016,S
0x7101866748,0013,S
0x7101866755,0025,S
0x710186676e,0020,S
0x7101866782,0017,S
0x7101866793,0033,S
0x71018667b4,0028,S
0x71018667d0,0025,S
0x71018667e9,0022,S
0x71018667ff,0017,S
0x7101866810,0014,S
0x710186681e,0026,S
0x7101866838,0021,S
0x710186684d,0018,S
0x710186685f,0031,S
0x710186687e,0026,S
0x7101866898,0023,S
0x71018668af,0013,S
0x71018668bc,0009,S
0x71018668c5,0020,S
0x71018668d9,0031,S
0x71018668f8,0003,S
0x71018668fb,0003,S
0x71018668fe,0012,S
0x710186690a,0004,S
0x710186690e,0017,S
0x710186691f,0022,S
0x7101866935,0019,S
0x7101866948,0014,S
0x7101866956,0026,S
0x7101866970,0021,S
0x7101866985,0017,S
0x7101866996,0023,S
0x71018669ad,0018,S
0x71018669bf,0018,S
0x71018669d1,0026,S
0x71018669eb,0013,S
0x71018669f8,0023,S
0x7101866a0f,0024,S
0x7101866a27,0030,S
0x7101866a45,0026,S
0x7101866a5f,0019,S
0x7101866a72,0021,S
0x7101866a87,0017,S
0x7101866a98,0013,S
0x7101866aa5,0019,S
0x7101866ab8,0018,S
0x7101866aca,0022,S
0x7101866ae0,0013,S
0x7101866aed,0011,S
0x7101866af8,0020,S
0x7101866b0c,0008,S
0x7101866b14,0007,S
0x7101866b1b,0013,S
0x7101866b28,0007,S
0x7101866b2f,0012,S
0x7101866b3b,0010,S
0x7101866b45,0026,S
0x7101866b5f,0012,S
0x7101866b6b,0010,S
0x7101866b75,0009,S
0x7101866b7e,0009,S
0x7101866b87,0013,S
0x7101866b94,0008,S
0x7101866b9c,0011,S
0x7101866ba7,0015,S
0x7101866bb6,0002,S
0x7101866bb8,0014,S
0x7101866bc6,0008,S
0x7101866bce,0010,S
0x7101866bd8,0013,S
0x7101866be5,0013,S
0x7101866bf2,0013,S
0x7101866bff,0014,S
0x7101866c0d,0021,S
0x7101866c22,0019,S
0x7101866c35,0028,S
0x7101866c51,0023,S
0x7101866c68,0023,S
0x7101866c7f,0018,S
0x7101866c91,0021,S
0x7101866ca6,0014,S
0x7101866cb4,0020,S
0x7101866cc8,0018,S
0x7101866cda,0017,S
0x7101866ceb,0020,S
0x7101866cff,0012,S
0x7101866d0b,0013,S
0x7101866d18,0012,S
0x7101866d24,0013,S
0x7101866d31,0012,S
0x7101866d3d,0032,S
0x7101866d5d,0031,S
0x7101866d7c,0020,S
0x7101866d90,0009,S
0x7101866d99,0010,S
0x7101866da3,0012,S
0x7101866daf,0022,S
0x7101866dc5,0020,S
0x7101866dd9,0006,S
0x7101866ddf,0010,S
0x7101866de9,0027,S
0x7101866e04,0010,S
0x7101866e0e,0027,S
0x7101866e29,0010,S
0x7101866e33,0024,S
0x7101866e4b,0010,S
0x7101866e55,0010,S
0x7101866e5f,0010,S
0x7101866e69,0010,S
0x7101866e73,0010,S
0x7101866e7d,0010,S
0x7101866e87,0010,S
0x7101866e91,0010,S
0x7101866e9b,0034,S
0x7101866ebd,0034,S
0x7101866edf,0022,S
0x7101866ef5,0035,S
0x7101866f18,0013,S
0x7101866f25,0013,S
0x7101866f32,0028,S
0x7101866f4e,0030,S
0x7101866f6c,0016,S
0x7101866f7c,0017,S
0x7101866f8d,0013,S
0x7101866f9a,0022,S
0x7101866fb0,0019,S
0x7101866fc3,0016,S
0x7101866fd3,0018,S
0x7101866fe5,0017,S
0x7101866ff6,0016,S
0x7101867006,0017,S
0x7101867017,0013,S
0x7101867024,0015,S
0x7101867033,0016,S
0x7101867043,0025,S
0x710186705c,0024,S
0x7101867074,0022,S
0x710186708a,0022,S
0x71018670a0,0013,S
0x71018670ad,0022,S
0x71018670c3,0015,S
0x71018670d2,0027,S
0x71018670ed,0018,S
0x71018670ff,0018,S
0x7101867111,0015,S
0x7101867120,0024,S
0x7101867138,0011,S
0x7101867143,0018,S
0x7101867155,0019,S
0x7101867168,0008,S
0x7101867170,0018,S
0x7101867182,0005,S
0x7101867187,0025,S
0x71018671a0,0029,S
0x71018671bd,0030,S
0x71018671db,0028,S
0x71018671f7,0026,S
0x7101867211,0040,S
0x7101867239,0051,S
0x710186726c,0032,S
0x710186728c,0025,S
0x71018672a5,0012,S
0x71018672b1,0013,S
0x71018672be,0015,S
0x71018672cd,0008,S
0x71018672d5,0015,S
0x71018672e4,0016,S
0x71018672f4,0004,S
0x71018672f8,0007,S
0x71018672ff,0012,S
0x710186730b,0004,S
0x710186730f,0007,S
0x7101867316,0010,S
0x7101867320,0013,S
0x710186732d,0010,S
0x7101867337,0013,S
0x7101867344,0009,S
0x710186734d,0016,S
0x710186735d,0021,S
0x7101867372,0022,S
0x7101867388,0034,S
0x71018673aa,0013,S
0x71018673b7,0007,S
0x71018673be,0022,S
0x71018673d4,0010,S
0x71018673de,0028,S
0x71018673fa,0021,S
0x710186740f,0013,S
0x710186741c,0010,S
0x7101867426,0007,S
0x710186742d,0003,S
0x7101867430,0055,S
0x7101867467,0014,S
0x7101867475,0014,S
0x7101867483,0014,S
0x7101867491,0038,S
0x71018674b7,0008,S
0x71018674bf,0007,S
0x71018674c6,0009,S
0x71018674cf,0013,S
0x71018674dc,0006,S
0x71018674e2,0007,S
0x71018674e9,0034,S
0x710186750b,0023,S
0x7101867522,0032,S
0x7101867542,0010,S
0x710186754c,0009,S
0x7101867555,0011,S
0x7101867560,0007,S
0x7101867567,0026,S
0x7101867581,0010,S
0x710186758b,0018,S
0x710186759d,0009,S
0x71018675a6,0009,S
0x71018675af,0012,S
0x71018675bb,0034,S
0x71018675dd,0109,S
0x710186764a,0013,S
0x7101867657,0009,S
0x7101867660,0013,S
0x710186766d,0018,S
0x710186767f,0025,S
0x7101867698,0007,S
0x710186769f,0020,S
0x71018676b3,0018,S
0x71018676c5,0015,S
0x71018676d4,0022,S
0x71018676ea,0015,S
0x71018676f9,0012,S
0x7101867705,0012,S
0x7101867711,0022,S
0x7101867727,0008,S
0x710186772f,0014,S
0x710186773d,0020,S
0x7101867751,0023,S
0x7101867768,0009,S
0x7101867771,0007,S
0x7101867778,0008,S
0x7101867780,0018,S
0x7101867792,0009,S
0x710186779b,0008,S
0x71018677a3,0029,S
0x71018677c0,0012,S
0x71018677cc,0014,S
0x71018677da,0022,S
0x71018677f0,0020,S
0x7101867804,0012,S
0x7101867810,0012,S
0x710186781c,0004,S
0x7101867820,0020,S
0x7101867834,0026,S
0x710186784e,0007,S
0x7101867855,0027,S
0x7101867870,0027,S
0x710186788b,0025,S
0x71018678a4,0025,S
0x71018678bd,0005,S
0x71018678c2,0004,S
0x71018678c6,0010,S
0x71018678d0,0020,S
0x71018678e4,0010,S
0x71018678ee,0020,S
0x7101867902,0010,S
0x710186790c,0020,S
0x7101867920,0012,S
0x710186792c,0022,S
0x7101867942,0012,S
0x710186794e,0022,S
0x7101867964,0019,S
0x7101867977,0021,S
0x710186798c,0019,S
0x710186799f,0004,S
0x71018679a3,0014,S
0x71018679b1,0004,S
0x71018679b5,0004,S
0x71018679b9,0014,S
0x71018679c7,0024,S
0x71018679df,0018,S
0x71018679f1,0019,S
0x7101867a04,0016,S
0x7101867a14,0007,S
0x7101867a1b,0005,S
0x7101867a20,0008,S
0x7101867a28,0007,S
0x7101867a2f,0006,S
0x7101867a35,0006,S
0x7101867a3b,0007,S
0x7101867a42,0017,S
0x7101867a53,0003,S
0x7101867a56,0003,S
0x7101867a59,0003,S
0x7101867a5c,0003,S
0x7101867a5f,0003,S
0x7101867a62,0003,S
0x7101867a65,0003,S
0x7101867a68,0013,S
0x7101867a75,0005,S
0x7101867a7a,0006,S
0x7101867a80,0005,S
0x7101867a85,0022,S
0x7101867a9b,0021,S
0x7101867ab0,0004,S
0x7101867ab4,0004,S
0x7101867ab8,0015,S
0x7101867ac7,0007,S
0x7101867ace,0013,S
0x7101867adb,0046,S
0x7101867b09,0017,S
0x7101867b1a,0031,S
0x7101867b39,0026,S
0x7101867b53,0079,S
0x7101867ba2,0017,S
0x7101867bb3,0004,S
0x7101867bb7,0012,S
0x7101867bc3,0058,S
0x7101867bfd,0016,S
0x7101867c0d,0046,S
0x7101867c3b,0017,S
0x7101867c4c,0037,S
0x7101867c71,0017,S
0x7101867c82,0031,S
0x7101867ca1,0022,S
0x7101867cb7,0028,S
0x7101867cd3,0019,S
0x7101867ce6,0022,S
0x7101867cfc,0028,S
0x7101867d18,0022,S
0x7101867d2e,0022,S
0x7101867d44,0052,S
0x7101867d78,0021,S
0x7101867d8d,0016,S
0x7101867d9d,0061,S
0x7101867dda,0019,S
0x7101867ded,0022,S
0x7101867e03,0067,S
0x7101867e46,0019,S
0x7101867e59,0014,S
0x7101867e67,0031,S
0x7101867e86,0015,S
0x7101867e95,0040,S
0x7101867ebd,0016,S
0x7101867ecd,0034,S
0x7101867eef,0020,S
0x7101867f03,0020,S
0x7101867f17,0013,S
0x7101867f24,0009,S
0x7101867f2d,0012,S
0x7101867f39,0016,S
0x7101867f49,0005,S
0x7101867f4e,0019,S
0x7101867f61,0014,S
0x7101867f6f,0020,S
0x7101867f83,0014,S
0x7101867f91,0016,S
0x7101867fa1,0021,S
0x7101867fb6,0035,S
0x7101867fd9,0018,S
0x7101867feb,0029,S
0x7101868008,0025,S
0x7101868021,0021,S
0x7101868036,0023,S
0x710186804d,0014,S
0x710186805b,0014,S
0x7101868069,0011,S
0x7101868074,0006,S
0x710186807a,0005,S
0x710186807f,0007,S
0x7101868086,0010,S
0x7101868090,0007,S
0x7101868097,0010,S
0x71018680a1,0011,S
0x71018680ac,0011,S
0x71018680b7,0015,S
0x71018680c6,0020,S
0x71018680da,0027,S
0x71018680f5,0025,S
0x710186810e,0019,S
0x7101868121,0049,S
0x7101868152,0046,S
0x7101868180,0037,S
0x71018681a5,0015,S
0x71018681b4,0007,S
0x71018681bb,0027,S
0x71018681d6,0033,S
0x71018681f7,0036,S
0x710186821b,0042,S
0x7101868245,0015,S
0x7101868254,0020,S
0x7101868268,0019,S
0x710186827b,0018,S
0x710186828d,0012,S
0x7101868299,0020,S
0x71018682ad,0015,S
0x71018682bc,0023,S
0x71018682d3,0010,S
0x71018682dd,0011,S
0x71018682e8,0016,S
0x71018682f8,0017,S
0x7101868309,0015,S
0x7101868318,0018,S
0x710186832a,0015,S
0x7101868339,0011,S
0x7101868344,0010,S
0x710186834e,0014,S
0x710186835c,0011,S
0x7101868367,0015,S
0x7101868376,0046,S
0x71018683a4,0020,S
0x71018683b8,0043,S
0x71018683e3,0014,S
0x71018683f1,0009,S
0x71018683fa,0008,S
0x7101868402,0031,S
0x7101868421,0026,S
0x710186843b,0025,S
0x7101868454,0046,S
0x7101868482,0049,S
0x71018684b3,0008,S
0x71018684bb,0009,S
0x71018684c4,0016,S
0x71018684d4,0058,S
0x710186850e,0052,S
0x7101868542,0037,S
0x7101868567,0052,S
0x710186859b,0040,S
0x71018685c3,0037,S
0x71018685e8,0040,S
0x7101868610,0023,S
0x7101868627,0049,S
0x7101868658,0034,S
0x710186867a,0028,S
0x7101868696,0017,S
0x71018686a7,0034,S
0x71018686c9,0052,S
0x71018686fd,0043,S
0x7101868728,0026,S
0x7101868742,0018,S
0x7101868754,0010,S
0x710186875e,0013,S
0x710186876b,0028,S
0x7101868787,0037,S
0x71018687ac,0034,S
0x71018687ce,0022,S
0x71018687e4,0031,S
0x7101868803,0016,S
0x7101868813,0026,S
0x710186882d,0022,S
0x7101868843,0027,S
0x710186885e,0007,S
0x7101868865,0005,S
0x710186886a,0010,S
0x7101868874,0010,S
0x710186887e,0020,S
0x7101868892,0016,S
0x71018688a2,0047,S
0x71018688d1,0043,S
0x71018688fc,0013,S
0x7101868909,0018,S
0x710186891b,0030,S
0x7101868939,0013,S
0x7101868946,0016,S
0x7101868956,0011,S
0x7101868961,0016,S
0x7101868971,0014,S
0x710186897f,0009,S
0x7101868988,0011,S
0x7101868993,0010,S
0x710186899d,0007,S
0x71018689a4,0019,S
0x71018689b7,0012,S
0x71018689c3,0025,S
0x71018689dc,0013,S
0x71018689e9,0007,S
0x71018689f0,0014,S
0x71018689fe,0008,S
0x7101868a06,0014,S
0x7101868a14,0008,S
0x7101868a1c,0012,S
0x7101868a28,0016,S
0x7101868a38,0012,S
0x7101868a44,0014,S
0x7101868a52,0013,S
0x7101868a5f,0014,S
0x7101868a6d,0024,S
0x7101868a85,0022,S
0x7101868a9b,0013,S
0x7101868aa8,0013,S
0x7101868ab5,0012,S
0x7101868ac1,0019,S
0x7101868ad4,0016,S
0x7101868ae4,0011,S
0x7101868aef,0009,S
0x7101868af8,0011,S
0x7101868b03,0032,S
0x7101868b23,0022,S
0x7101868b39,0017,S
0x7101868b4a,0006,S
0x7101868b50,0011,S
0x7101868b5b,0022,S
0x7101868b71,0037,S
0x7101868b96,0016,S
0x7101868ba6,0014,S
0x7101868bb4,0023,S
0x7101868bcb,0017,S
0x7101868bdc,0011,S
0x7101868be7,0025,S
0x7101868c00,0025,S
0x7101868c19,0008,S
0x7101868c21,0013,S
0x7101868c2e,0038,S
0x7101868c54,0014,S
0x7101868c62,0038,S
0x7101868c88,0028,S
0x7101868ca4,0022,S
0x7101868cba,0017,S
0x7101868ccb,0017,S
0x7101868cdc,0017,S
0x7101868ced,0017,S
0x7101868cfe,0016,S
0x7101868d0e,0037,S
0x7101868d33,0031,S
0x7101868d52,0008,S
0x7101868d5a,0019,S
0x7101868d6d,0034,S
0x7101868d8f,0034,S
0x7101868db1,0028,S
0x7101868dcd,0013,S
0x7101868dda,0016,S
0x7101868dea,0014,S
0x7101868df8,0035,S
0x7101868e1b,0014,S
0x7101868e29,0004,S
0x7101868e2d,0040,S
0x7101868e55,0025,S
0x7101868e6e,0034,S
0x7101868e90,0049,S
0x7101868ec1,0052,S
0x7101868ef5,0027,S
0x7101868f10,0028,S
0x7101868f2c,0016,S
0x7101868f3c,0043,S
0x7101868f67,0034,S
0x7101868f89,0034,S
0x7101868fab,0013,S
0x7101868fb8,0022,S
0x7101868fce,0026,S
0x7101868fe8,0030,S
0x7101869006,0051,S
0x7101869039,0038,S
0x710186905f,0030,S
0x710186907d,0039,S
0x71018690a4,0041,S
0x71018690cd,0005,S
0x71018690d2,0048,S
0x7101869102,0032,S
0x7101869122,0023,S
0x7101869139,0022,S
0x710186914f,0024,S
0x7101869167,0024,S
0x710186917f,0015,S
0x710186918e,0030,S
0x71018691ac,0024,S
0x71018691c4,0036,S
0x71018691e8,0024,S
0x7101869200,0024,S
0x7101869218,0026,S
0x7101869232,0030,S
0x7101869250,0023,S
0x7101869267,0054,S
0x710186929d,0027,S
0x71018692b8,0063,S
0x71018692f7,0026,S
0x7101869311,0015,S
0x7101869320,0048,S
0x7101869350,0021,S
0x7101869365,0054,S
0x710186939b,0030,S
0x71018693b9,0042,S
0x71018693e3,0032,S
0x7101869403,0045,S
0x7101869430,0054,S
0x7101869466,0048,S
0x7101869496,0035,S
0x71018694b9,0030,S
0x71018694d7,0024,S
0x71018694ef,0039,S
0x7101869516,0010,S
0x7101869520,0013,S
0x710186952d,0033,S
0x710186954e,0033,S
0x710186956f,0030,S
0x710186958d,0030,S
0x71018695ab,0027,S
0x71018695c6,0039,S
0x71018695ed,0027,S
0x7101869608,0030,S
0x7101869626,0039,S
0x710186964d,0045,S
0x710186967a,0018,S
0x710186968c,0036,S
0x71018696b0,0039,S
0x71018696d7,0048,S
0x7101869707,0022,S
0x710186971d,0039,S
0x7101869744,0033,S
0x7101869765,0036,S
0x7101869789,0007,S
0x7101869790,0033,S
0x71018697b1,0042,S
0x71018697db,0013,S
0x71018697e8,0022,S
0x71018697fe,0026,S
0x7101869818,0030,S
0x7101869836,0036,S
0x710186985a,0026,S
0x7101869874,0042,S
0x710186989e,0048,S
0x71018698ce,0054,S
0x7101869904,0033,S
0x7101869925,0039,S
0x710186994c,0042,S
0x7101869976,0048,S
0x71018699a6,0045,S
0x71018699d3,0019,S
0x71018699e6,0025,S
0x71018699ff,0030,S
0x7101869a1d,0036,S
0x7101869a41,0026,S
0x7101869a5b,0048,S
0x7101869a8b,0054,S
0x7101869ac1,0039,S
0x7101869ae8,0045,S
0x7101869b15,0048,S
0x7101869b45,0054,S
0x7101869b7b,0033,S
0x7101869b9c,0027,S
0x7101869bb7,0039,S
0x7101869bde,0025,S
0x7101869bf7,0023,S
0x7101869c0e,0042,S
0x7101869c38,0024,S
0x7101869c50,0030,S
0x7101869c6e,0033,S
0x7101869c8f,0039,S
0x7101869cb6,0024,S
0x7101869cce,0030,S
0x7101869cec,0036,S
0x7101869d10,0042,S
0x7101869d3a,0021,S
0x7101869d4f,0027,S
0x7101869d6a,0030,S
0x7101869d88,0036,S
0x7101869dac,0033,S
0x7101869dcd,0036,S
0x7101869df1,0048,S
0x7101869e21,0028,S
0x7101869e3d,0034,S
0x7101869e5f,0030,S
0x7101869e7d,0023,S
0x7101869e94,0036,S
0x7101869eb8,0027,S
0x7101869ed3,0042,S
0x7101869efd,0048,S
0x7101869f2d,0033,S
0x7101869f4e,0045,S
0x7101869f7b,0045,S
0x7101869fa8,0027,S
0x7101869fc3,0033,S
0x7101869fe4,0036,S
0x710186a008,0042,S
0x710186a032,0042,S
0x710186a05c,0051,S
0x710186a08f,0066,S
0x710186a0d1,0045,S
0x710186a0fe,0042,S
0x710186a128,0048,S
0x710186a158,0042,S
0x710186a182,0048,S
0x710186a1b2,0039,S
0x710186a1d9,0045,S
0x710186a206,0048,S
0x710186a236,0054,S
0x710186a26c,0021,S
0x710186a281,0027,S
0x710186a29c,0030,S
0x710186a2ba,0036,S
0x710186a2de,0039,S
0x710186a305,0021,S
0x710186a31a,0027,S
0x710186a335,0033,S
0x710186a356,0039,S
0x710186a37d,0018,S
0x710186a38f,0024,S
0x710186a3a7,0024,S
0x710186a3bf,0030,S
0x710186a3dd,0029,S
0x710186a3fa,0030,S
0x710186a418,0030,S
0x710186a436,0033,S
0x710186a457,0033,S
0x710186a478,0033,S
0x710186a499,0016,S
0x710186a4a9,0011,S
0x710186a4b4,0016,S
0x710186a4c4,0025,S
0x710186a4dd,0025,S
0x710186a4f6,0034,S
0x710186a518,0028,S
0x710186a534,0013,S
0x710186a541,0016,S
0x710186a551,0016,S
0x710186a561,0022,S
0x710186a577,0016,S
0x710186a587,0027,S
0x710186a5a2,0024,S
0x710186a5ba,0024,S
0x710186a5d2,0024,S
0x710186a5ea,0027,S
0x710186a605,0019,S
0x710186a618,0016,S
0x710186a628,0028,S
0x710186a644,0028,S
0x710186a660,0028,S
0x710186a67c,0016,S
0x710186a68c,0036,S
0x710186a6b0,0019,S
0x710186a6c3,0022,S
0x710186a6d9,0031,S
0x710186a6f8,0022,S
0x710186a70e,0025,S
0x710186a727,0037,S
0x710186a74c,0040,S
0x710186a774,0025,S
0x710186a78d,0029,S
0x710186a7aa,0054,S
0x710186a7e0,0021,S
0x710186a7f5,0028,S
0x710186a811,0054,S
0x710186a847,0043,S
0x710186a872,0057,S
0x710186a8ab,0045,S
0x710186a8d8,0051,S
0x710186a90b,0057,S
0x710186a944,0037,S
0x710186a969,0028,S
0x710186a985,0031,S
0x710186a9a4,0046,S
0x710186a9d2,0040,S
0x710186a9fa,0031,S
0x710186aa19,0016,S
0x710186aa29,0013,S
0x710186aa36,0037,S
0x710186aa5b,0027,S
0x710186aa76,0007,S
0x710186aa7d,0018,S
0x710186aa8f,0020,S
0x710186aaa3,0010,S
0x710186aaad,0020,S
0x710186aac1,0016,S
0x710186aad1,0019,S
0x710186aae4,0028,S
0x710186ab00,0022,S
0x710186ab16,0012,S
0x710186ab22,0018,S
0x710186ab34,0009,S
0x710186ab3d,0002,S
0x710186ab3f,0002,S
0x710186ab41,0002,S
0x710186ab43,0002,S
0x710186ab45,0017,S
0x710186ab56,0011,S
0x710186ab61,0009,S
0x710186ab6a,0012,S
0x710186ab76,0012,S
0x710186ab82,0026,S
0x710186ab9c,0006,S
0x710186aba2,0006,S
0x710186aba8,0037,S
0x710186abcd,0012,S
0x710186abd9,0016,S
0x710186abe9,0023,S
0x710186ac00,0010,S
0x710186ac0a,0010,S
0x710186ac14,0012,S
0x710186ac20,0044,S
0x710186ac4c,0019,S
0x710186ac5f,0023,S
0x710186ac76,0095,S
0x710186acd5,0028,S
0x710186acf1,0092,S
0x710186ad4d,0023,S
0x710186ad64,0061,S
0x710186ada1,0022,S
0x710186adb7,0016,S
0x710186adc7,0028,S
0x710186ade3,0014,S
0x710186adf1,0013,S
0x710186adfe,0028,S
0x710186ae1a,0017,S
0x710186ae2b,0017,S
0x710186ae3c,0037,S
0x710186ae61,0014,S
0x710186ae6f,0028,S
0x710186ae8b,0008,S
0x710186ae93,0019,S
0x710186aea6,0008,S
0x710186aeae,0019,S
0x710186aec1,0012,S
0x710186aecd,0040,S
0x710186aef5,0012,S
0x710186af01,0012,S
0x710186af0d,0037,S
0x710186af32,0012,S
0x710186af3e,0016,S
0x710186af4e,0018,S
0x710186af60,0022,S
0x710186af76,0016,S
0x710186af86,0020,S
0x710186af9a,0014,S
0x710186afa8,0022,S
0x710186afbe,0020,S
0x710186afd2,0012,S
0x710186afde,0022,S
0x710186aff4,0013,S
0x710186b001,0013,S
0x710186b00e,0023,S
0x710186b025,0011,S
0x710186b030,0014,S
0x710186b03e,0009,S
0x710186b047,0017,S
0x710186b058,0006,S
0x710186b05e,0021,S
0x710186b073,0034,S
0x710186b095,0013,S
0x710186b0a2,0028,S
0x710186b0be,0017,S
0x710186b0cf,0013,S
0x710186b0dc,0034,S
0x710186b0fe,0024,S
0x710186b116,0008,S
0x710186b11e,0063,S
0x710186b15d,0016,S
0x710186b16d,0020,S
0x710186b181,0010,S
0x710186b18b,0016,S
0x710186b19b,0020,S
0x710186b1af,0005,S
0x710186b1b4,0016,S
0x710186b1c4,0018,S
0x710186b1d6,0015,S
0x710186b1e5,0031,S
0x710186b204,0020,S
0x710186b218,0016,S
0x710186b228,0031,S
0x710186b247,0012,S
0x710186b253,0040,S
0x710186b27b,0016,S
0x710186b28b,0055,S
0x710186b2c2,0012,S
0x710186b2ce,0036,S
0x710186b2f2,0022,S
0x710186b308,0014,S
0x710186b316,0064,S
0x710186b356,0016,S
0x710186b366,0049,S
0x710186b397,0015,S
0x710186b3a6,0040,S
0x710186b3ce,0018,S
0x710186b3e0,0049,S
0x710186b411,0015,S
0x710186b420,0040,S
0x710186b448,0013,S
0x710186b455,0041,S
0x710186b47e,0021,S
0x710186b493,0066,S
0x710186b4d5,0016,S
0x710186b4e5,0051,S
0x710186b518,0016,S
0x710186b528,0091,S
0x710186b583,0012,S
0x710186b58f,0011,S
0x710186b59a,0034,S
0x710186b5bc,0017,S
0x710186b5cd,0040,S
0x710186b5f5,0017,S
0x710186b606,0014,S
0x710186b614,0049,S
0x710186b645,0018,S
0x710186b657,0008,S
0x710186b65f,0030,S
0x710186b67d,0014,S
0x710186b68b,0016,S
0x710186b69b,0015,S
0x710186b6aa,0011,S
0x710186b6b5,0013,S
0x710186b6c2,0009,S
0x710186b6cb,0007,S
0x710186b6d2,0011,S
0x710186b6dd,0061,S
0x710186b71a,0018,S
0x710186b72c,0087,S
0x710186b783,0012,S
0x710186b78f,0093,S
0x710186b7ec,0014,S
0x710186b7fa,0037,S
0x710186b81f,0010,S
0x710186b829,0039,S
0x710186b850,0014,S
0x710186b85e,0119,S
0x710186b8d5,0010,S
0x710186b8df,0012,S
0x710186b8eb,0026,S
0x710186b905,0006,S
0x710186b90b,0069,S
0x710186b950,0018,S
0x710186b962,0028,S
0x710186b97e,0007,S
0x710186b985,0036,S
0x710186b9a9,0017,S
0x710186b9ba,0015,S
0x710186b9c9,0022,S
0x710186b9df,0018,S
0x710186b9f1,0014,S
0x710186b9ff,0022,S
0x710186ba15,0055,S
0x710186ba4c,0020,S
0x710186ba60,0020,S
0x710186ba74,0049,S
0x710186baa5,0018,S
0x710186bab7,0016,S
0x710186bac7,0014,S
0x710186bad5,0022,S
0x710186baeb,0010,S
0x710186baf5,0034,S
0x710186bb17,0013,S
0x710186bb24,0019,S
0x710186bb37,0016,S
0x710186bb47,0014,S
0x710186bb55,0028,S
0x710186bb71,0027,S
0x710186bb8c,0014,S
0x710186bb9a,0093,S
0x710186bbf7,0020,S
0x710186bc0b,0055,S
0x710186bc42,0021,S
0x710186bc57,0058,S
0x710186bc91,0021,S
0x710186bca6,0058,S
0x710186bce0,0025,S
0x710186bcf9,0018,S
0x710186bd0b,0028,S
0x710186bd27,0021,S
0x710186bd3c,0012,S
0x710186bd48,0004,S
0x710186bd4c,0016,S
0x710186bd5c,0016,S
0x710186bd6c,0013,S
0x710186bd79,0016,S
0x710186bd89,0012,S
0x710186bd95,0015,S
0x710186bda4,0021,S
0x710186bdb9,0018,S
0x710186bdcb,0012,S
0x710186bdd7,0010,S
0x710186bde1,0011,S
0x710186bdec,0012,S
0x710186bdf8,0014,S
0x710186be06,0013,S
0x710186be13,0009,S
0x710186be1c,0014,S
0x710186be2a,0012,S
0x710186be36,0010,S
0x710186be40,0013,S
0x710186be4d,0015,S
0x710186be5c,0014,S
0x710186be6a,0010,S
0x710186be74,0015,S
0x710186be83,0013,S
0x710186be90,0011,S
0x710186be9b,0017,S
0x710186beac,0022,S
0x710186bec2,0019,S
0x710186bed5,0008,S
0x710186bedd,0016,S
0x710186beed,0016,S
0x710186befd,0034,S
0x710186bf1f,0022,S
0x710186bf35,0046,S
0x710186bf63,0043,S
0x710186bf8e,0028,S
0x710186bfaa,0025,S
0x710186bfc3,0025,S
0x710186bfdc,0025,S
0x710186bff5,0041,S
0x710186c01e,0044,S
0x710186c04a,0037,S
0x710186c06f,0019,S
0x710186c082,0014,S
0x710186c090,0013,S
0x710186c09d,0017,S
0x710186c0ae,0014,S
0x710186c0bc,0010,S
0x710186c0c6,0012,S
0x710186c0d2,0015,S
0x710186c0e1,0015,S
0x710186c0f0,0005,S
0x710186c0f5,0016,S
0x710186c105,0025,S
0x710186c11e,0029,S
0x710186c13b,0019,S
0x710186c14e,0016,S
0x710186c15e,0011,S
0x710186c169,0005,S
0x710186c16e,0015,S
0x710186c17d,0009,S
0x710186c186,0009,S
0x710186c18f,0009,S
0x710186c198,0009,S
0x710186c1a1,0009,S
0x710186c1aa,0014,S
0x710186c1b8,0003,S
0x710186c1bb,0017,S
0x710186c1cc,0010,S
0x710186c1d6,0014,S
0x710186c1e4,0019,S
0x710186c1f7,0014,S
0x710186c205,0013,S
0x710186c212,0021,S
0x710186c227,0010,S
0x710186c231,0013,S
0x710186c23e,0008,S
0x710186c246,0007,S
0x710186c24d,0010,S
0x710186c257,0012,S
0x710186c263,0014,S
0x710186c271,0007,S
0x710186c278,0037,S
0x710186c29d,0012,S
0x710186c2a9,0015,S
0x710186c2b8,0005,S
0x710186c2bd,0007,S
0x710186c2c4,0008,S
0x710186c2cc,0003,S
0x710186c2cf,0003,S
0x710186c2d2,0011,S
0x710186c2dd,0009,S
0x710186c2e6,0013,S
0x710186c2f3,0021,S
0x710186c308,0014,S
0x710186c316,0012,S
0x710186c322,0009,S
0x710186c32b,0026,S
0x710186c345,0023,S
0x710186c35c,0020,S
0x710186c370,0032,S
0x710186c390,0031,S
0x710186c3af,0033,S
0x710186c3d0,0007,S
0x710186c3d7,0007,S
0x710186c3de,0012,S
0x710186c3ea,0034,S
0x710186c40c,0021,S
0x710186c421,0015,S
0x710186c430,0015,S
0x710186c43f,0007,S
0x710186c446,0022,S
0x710186c45c,0012,S
0x710186c468,0034,S
0x710186c48a,0030,S
0x710186c4a8,0029,S
0x710186c4c5,0013,S
0x710186c4d2,0037,S
0x710186c4f7,0009,S
0x710186c500,0011,S
0x710186c50b,0013,S
0x710186c518,0022,S
0x710186c52e,0024,S
0x710186c546,0008,S
0x710186c54e,0022,S
0x710186c564,0014,S
0x710186c572,0034,S
0x710186c594,0016,S
0x710186c5a4,0017,S
0x710186c5b5,0028,S
0x710186c5d1,0017,S
0x710186c5e2,0040,S
0x710186c60a,0010,S
0x710186c614,0016,S
0x710186c624,0018,S
0x710186c636,0024,S
0x710186c64e,0040,S
0x710186c676,0022,S
0x710186c68c,0022,S
0x710186c6a2,0024,S
0x710186c6ba,0017,S
0x710186c6cb,0025,S
0x710186c6e4,0018,S
0x710186c6f6,0016,S
0x710186c706,0015,S
0x710186c715,0015,S
0x710186c724,0019,S
0x710186c737,0011,S
0x710186c742,0011,S
0x710186c74d,0017,S
0x710186c75e,0040,S
0x710186c786,0014,S
0x710186c794,0018,S
0x710186c7a6,0017,S
0x710186c7b7,0012,S
0x710186c7c3,0011,S
0x710186c7ce,0018,S
0x710186c7e0,0011,S
0x710186c7eb,0010,S
0x710186c7f5,0015,S
0x710186c804,0009,S
0x710186c80d,0020,S
0x710186c821,0019,S
0x710186c834,0037,S
0x710186c859,0021,S
0x710186c86e,0020,S
0x710186c882,0020,S
0x710186c896,0020,S
0x710186c8aa,0024,S
0x710186c8c2,0014,S
0x710186c8d0,0017,S
0x710186c8e1,0013,S
0x710186c8ee,0017,S
0x710186c8ff,0010,S
0x710186c909,0023,S
0x710186c920,0011,S
0x710186c92b,0014,S
0x710186c939,0018,S
0x710186c94b,0016,S
0x710186c95b,0007,S
0x710186c962,0010,S
0x710186c96c,0016,S
0x710186c97c,0017,S
0x710186c98d,0004,S
0x710186c991,0016,S
0x710186c9a1,0016,S
0x710186c9b1,0019,S
0x710186c9c4,0026,S
0x710186c9de,0010,S
0x710186c9e8,0018,S
0x710186c9fa,0016,S
0x710186ca0a,0009,S
0x710186ca13,0013,S
0x710186ca20,0005,S
0x710186ca25,0009,S
0x710186ca2e,0006,S
0x710186ca34,0014,S
0x710186ca42,0014,S
0x710186ca50,0004,S
0x710186ca54,0007,S
0x710186ca5b,0013,S
0x710186ca68,0020,S
0x710186ca7c,0016,S
0x710186ca8c,0010,S
0x710186ca96,0010,S
0x710186caa0,0010,S
0x710186caaa,0010,S
0x710186cab4,0005,S
0x710186cab9,0009,S
0x710186cac2,0010,S
0x710186cacc,0010,S
0x710186cad6,0011,S
0x710186cae1,0023,S
0x710186caf8,0023,S
0x710186cb0f,0023,S
0x710186cb26,0023,S
0x710186cb3d,0028,S
0x710186cb59,0022,S
0x710186cb6f,0046,S
0x710186cb9d,0017,S
0x710186cbae,0034,S
0x710186cbd0,0019,S
0x710186cbe3,0020,S
0x710186cbf7,0028,S
0x710186cc13,0017,S
0x710186cc24,0034,S
0x710186cc46,0013,S
0x710186cc53,0012,S
0x710186cc5f,0034,S
0x710186cc81,0023,S
0x710186cc98,0053,S
0x710186cccd,0026,S
0x710186cce7,0056,S
0x710186cd1f,0005,S
0x710186cd24,0008,S
0x710186cd2c,0010,S
0x710186cd36,0008,S
0x710186cd3e,0007,S
0x710186cd45,0004,S
0x710186cd49,0039,S
0x710186cd70,0017,S
0x710186cd81,0049,S
0x710186cdb2,0037,S
0x710186cdd7,0013,S
0x710186cde4,0042,S
0x710186ce0e,0030,S
0x710186ce2c,0029,S
0x710186ce49,0019,S
0x710186ce5c,0031,S
0x710186ce7b,0028,S
0x710186ce97,0026,S
0x710186ceb1,0016,S
0x710186cec1,0023,S
0x710186ced8,0014,S
0x710186cee6,0015,S
0x710186cef5,0016,S
0x710186cf05,0011,S
0x710186cf10,0005,S
0x710186cf15,0007,S
0x710186cf1c,0026,S
0x710186cf36,0007,S
0x710186cf3d,0019,S
0x710186cf50,0011,S
0x710186cf5b,0012,S
0x710186cf67,0013,S
0x710186cf74,0016,S
0x710186cf84,0009,S
0x710186cf8d,0006,S
0x710186cf93,0010,S
0x710186cf9d,0005,S
0x710186cfa2,0006,S
0x710186cfa8,0007,S
0x710186cfaf,0005,S
0x710186cfb4,0006,S
0x710186cfba,0006,S
0x710186cfc0,0007,S
0x710186cfc7,0010,S
0x710186cfd1,0010,S
0x710186cfdb,0013,S
0x710186cfe8,0021,S
0x710186cffd,0019,S
0x710186d010,0019,S
0x710186d023,0020,S
0x710186d037,0031,S
0x710186d056,0013,S
0x710186d063,0029,S
0x710186d080,0016,S
0x710186d090,0016,S
0x710186d0a0,0008,S
0x710186d0a8,0011,S
0x710186d0b3,0007,S
0x710186d0ba,0013,S
0x710186d0c7,0009,S
0x710186d0d0,0013,S
0x710186d0dd,0011,S
0x710186d0e8,0004,S
0x710186d0ec,0017,S
0x710186d0fd,0016,S
0x710186d10d,0014,S
0x710186d11b,0017,S
0x710186d12c,0015,S
0x710186d13b,0009,S
0x710186d144,0021,S
0x710186d159,0009,S
0x710186d162,0010,S
0x710186d16c,0017,S
0x710186d17d,0017,S
0x710186d18e,0004,S
0x710186d192,0009,S
0x710186d19b,0009,S
0x710186d1a4,0009,S
0x710186d1ad,0019,S
0x710186d1c0,0020,S
0x710186d1d4,0010,S
0x710186d1de,0004,S
0x710186d1e2,0009,S
0x710186d1eb,0004,S
0x710186d1ef,0009,S
0x710186d1f8,0015,S
0x710186d207,0010,S
0x710186d211,0013,S
0x710186d21e,0015,S
0x710186d22d,0011,S
0x710186d238,0016,S
0x710186d248,0008,S
0x710186d250,0008,S
0x710186d258,0018,S
0x710186d26a,0012,S
0x710186d276,0018,S
0x710186d288,0010,S
0x710186d292,0013,S
0x710186d29f,0018,S
0x710186d2b1,0014,S
0x710186d2bf,0018,S
0x710186d2d1,0026,S
0x710186d2eb,0025,S
0x710186d304,0027,S
0x710186d31f,0023,S
0x710186d336,0021,S
0x710186d34b,0016,S
0x710186d35b,0020,S
0x710186d36f,0016,S
0x710186d37f,0016,S
0x710186d38f,0015,S
0x710186d39e,0024,S
0x710186d3b6,0016,S
0x710186d3c6,0022,S
0x710186d3dc,0020,S
0x710186d3f0,0024,S
0x710186d408,0022,S
0x710186d41e,0021,S
0x710186d433,0019,S
0x710186d446,0022,S
0x710186d45c,0020,S
0x710186d470,0007,S
0x710186d477,0013,S
0x710186d484,0021,S
0x710186d499,0016,S
0x710186d4a9,0019,S
0x710186d4bc,0013,S
0x710186d4c9,0019,S
0x710186d4dc,0016,S
0x710186d4ec,0012,S
0x710186d4f8,0012,S
0x710186d504,0013,S
0x710186d511,0019,S
0x710186d524,0010,S
0x710186d52e,0008,S
0x710186d536,0023,S
0x710186d54d,0013,S
0x710186d55a,0011,S
0x710186d565,0016,S
0x710186d575,0015,S
0x710186d584,0024,S
0x710186d59c,0010,S
0x710186d5a6,0011,S
0x710186d5b1,0011,S
0x710186d5bc,0016,S
0x710186d5cc,0017,S
0x710186d5dd,0016,S
0x710186d5ed,0021,S
0x710186d602,0013,S
0x710186d60f,0007,S
0x710186d616,0018,S
0x710186d628,0016,S
0x710186d638,0020,S
0x710186d64c,0014,S
0x710186d65a,0022,S
0x710186d670,0025,S
0x710186d689,0034,S
0x710186d6ab,0018,S
0x710186d6bd,0010,S
0x710186d6c7,0024,S
0x710186d6df,0010,S
0x710186d6e9,0013,S
0x710186d6f6,0017,S
0x710186d707,0011,S
0x710186d712,0011,S
0x710186d71d,0015,S
0x710186d72c,0011,S
0x710186d737,0015,S
0x710186d746,0018,S
0x710186d758,0014,S
0x710186d766,0015,S
0x710186d775,0010,S
0x710186d77f,0028,S
0x710186d79b,0019,S
0x710186d7ae,0019,S
0x710186d7c1,0010,S
0x710186d7cb,0010,S
0x710186d7d5,0014,S
0x710186d7e3,0013,S
0x710186d7f0,0009,S
0x710186d7f9,0017,S
0x710186d80a,0011,S
0x710186d815,0040,S
0x710186d83d,0040,S
0x710186d865,0013,S
0x710186d872,0015,S
0x710186d881,0011,S
0x710186d88c,0013,S
0x710186d899,0009,S
0x710186d8a2,0006,S
0x710186d8a8,0006,S
0x710186d8ae,0006,S
0x710186d8b4,0010,S
0x710186d8be,0010,S
0x710186d8c8,0010,S
0x710186d8d2,0007,S
0x710186d8d9,0007,S
0x710186d8e0,0007,S
0x710186d8e7,0010,S
0x710186d8f1,0014,S
0x710186d8ff,0015,S
0x710186d90e,0009,S
0x710186d917,0013,S
0x710186d924,0014,S
0x710186d932,0011,S
0x710186d93d,0011,S
0x710186d948,0009,S
0x710186d951,0009,S
0x710186d95a,0028,S
0x710186d976,0034,S
0x710186d998,0009,S
0x710186d9a1,0010,S
0x710186d9ab,0016,S
0x710186d9bb,0022,S
0x710186d9d1,0022,S
0x710186d9e7,0018,S
0x710186d9f9,0012,S
0x710186da05,0013,S
0x710186da12,0010,S
0x710186da1c,0006,S
0x710186da22,0006,S
0x710186da28,0007,S
0x710186da2f,0007,S
0x710186da36,0008,S
0x710186da3e,0022,S
0x710186da54,0016,S
0x710186da64,0024,S
0x710186da7c,0095,S
0x710186dadb,0005,S
0x710186dae0,0005,S
0x710186dae5,0005,S
0x710186daea,0009,S
0x710186daf3,0011,S
0x710186dafe,0011,S
0x710186db09,0010,S
0x710186db13,0010,S
0x710186db1d,0012,S
0x710186db29,0016,S
0x710186db39,0012,S
0x710186db45,0018,S
0x710186db57,0020,S
0x710186db6b,0007,S
0x710186db72,0010,S
0x710186db7c,0004,S
0x710186db80,0006,S
0x710186db86,0009,S
0x710186db8f,0005,S
0x710186db94,0008,S
0x710186db9c,0005,S
0x710186dba1,0007,S
0x710186dba8,0006,S
0x710186dbae,0005,S
0x710186dbb3,0015,S
0x710186dbc2,0015,S
0x710186dbd1,0014,S
0x710186dbdf,0012,S
0x710186dbeb,0015,S
0x710186dbfa,0008,S
0x710186dc02,0011,S
0x710186dc0d,0016,S
0x710186dc1d,0007,S
0x710186dc24,0014,S
0x710186dc32,0009,S
0x710186dc3b,0005,S
0x710186dc40,0009,S
0x710186dc49,0011,S
0x710186dc54,0005,S
0x710186dc59,0006,S
0x710186dc5f,0005,S
0x710186dc64,0007,S
0x710186dc6b,0012,S
0x710186dc77,0008,S
0x710186dc7f,0006,S
0x710186dc85,0006,S
0x710186dc8b,0006,S
0x710186dc91,0006,S
0x710186dc97,0006,S
0x710186dc9d,0006,S
0x710186dca3,0006,S
0x710186dca9,0006,S
0x710186dcaf,0019,S
0x710186dcc2,0025,S
0x710186dcdb,0029,S
0x710186dcf8,0028,S
0x710186dd14,0019,S
0x710186dd27,0016,S
0x710186dd37,0015,S
0x710186dd46,0015,S
0x710186dd55,0020,S
0x710186dd69,0031,S
0x710186dd88,0017,S
0x710186dd99,0018,S
0x710186ddab,0021,S
0x710186ddc0,0018,S
0x710186ddd2,0029,S
0x710186ddef,0023,S
0x710186de06,0020,S
0x710186de1a,0015,S
0x710186de29,0017,S
0x710186de3a,0017,S
0x710186de4b,0021,S
0x710186de60,0015,S
0x710186de6f,0019,S
0x710186de82,0018,S
0x710186de94,0017,S
0x710186dea5,0019,S
0x710186deb8,0003,S
0x710186debb,0031,S
0x710186deda,0003,S
0x710186dedd,0003,S
0x710186dee0,0003,S
0x710186dee3,0003,S
0x710186dee6,0016,S
0x710186def6,0020,S
0x710186df0a,0017,S
0x710186df1b,0030,S
0x710186df39,0021,S
0x710186df4e,0032,S
0x710186df6e,0014,S
0x710186df7c,0011,S
0x710186df87,0026,S
0x710186dfa1,0019,S
0x710186dfb4,0013,S
0x710186dfc1,0019,S
0x710186dfd4,0024,S
0x710186dfec,0022,S
0x710186e002,0008,S
0x710186e00a,0003,S
0x710186e00d,0029,S
0x710186e02a,0003,S
0x710186e02d,0014,S
0x710186e03b,0004,S
0x710186e03f,0004,S
0x710186e043,0020,S
0x710186e057,0019,S
0x710186e06a,0019,S
0x710186e07d,0026,S
0x710186e097,0016,S
0x710186e0a7,0015,S
0x710186e0b6,0014,S
0x710186e0c4,0013,S
0x710186e0d1,0005,S
0x710186e0d6,0007,S
0x710186e0dd,0010,S
0x710186e0e7,0016,S
0x710186e0f7,0010,S
0x710186e101,0008,S
0x710186e109,0008,S
0x710186e111,0009,S
0x710186e11a,0006,S
0x710186e120,0005,S
0x710186e125,0008,S
0x710186e12d,0004,S
0x710186e131,0010,S
0x710186e13b,0011,S
0x710186e146,0009,S
0x710186e14f,0010,S
0x710186e159,0014,S
0x710186e167,0011,S
0x710186e172,0011,S
0x710186e17d,0014,S
0x710186e18b,0011,S
0x710186e196,0011,S
0x710186e1a1,0014,S
0x710186e1af,0011,S
0x710186e1ba,0011,S
0x710186e1c5,0014,S
0x710186e1d3,0011,S
0x710186e1de,0011,S
0x710186e1e9,0014,S
0x710186e1f7,0011,S
0x710186e202,0011,S
0x710186e20d,0014,S
0x710186e21b,0011,S
0x710186e226,0011,S
0x710186e231,0009,S
0x710186e23a,0003,S
0x710186e23d,0009,S
0x710186e246,0003,S
0x710186e249,0009,S
0x710186e252,0003,S
0x710186e255,0009,S
0x710186e25e,0014,S
0x710186e26c,0014,S
0x710186e27a,0014,S
0x710186e288,0014,S
0x710186e296,0009,S
0x710186e29f,0010,S
0x710186e2a9,0012,S
0x710186e2b5,0010,S
0x710186e2bf,0015,S
0x710186e2ce,0016,S
0x710186e2de,0020,S
0x710186e2f2,0019,S
0x710186e305,0005,S
0x710186e30a,0021,S
0x710186e31f,0019,S
0x710186e332,0007,S
0x710186e339,0024,S
0x710186e351,0014,S
0x710186e35f,0016,S
0x710186e36f,0021,S
0x710186e384,0040,S
0x710186e3ac,0028,S
0x710186e3c8,0009,S
0x710186e3d1,0019,S
0x710186e3e4,0016,S
0x710186e3f4,0015,S
0x710186e403,0015,S
0x710186e412,0022,S
0x710186e428,0025,S
0x710186e441,0011,S
0x710186e44c,0011,S
0x710186e457,0010,S
0x710186e461,0013,S
0x710186e46e,0019,S
0x710186e481,0012,S
0x710186e48d,0014,S
0x710186e49b,0014,S
0x710186e4a9,0011,S
0x710186e4b4,0009,S
0x710186e4bd,0023,S
0x710186e4d4,0037,S
0x710186e4f9,0041,S
0x710186e522,0004,S
0x710186e526,0008,S
0x710186e52e,0027,S
0x710186e549,0017,S
0x710186e55a,0009,S
0x710186e563,0024,S
0x710186e57b,0028,S
0x710186e597,0025,S
0x710186e5b0,0015,S
0x710186e5bf,0016,S
0x710186e5cf,0017,S
0x710186e5e0,0029,S
0x710186e5fd,0015,S
0x710186e60c,0016,S
0x710186e61c,0015,S
0x710186e62b,0014,S
0x710186e639,0012,S
0x710186e645,0018,S
0x710186e657,0015,S
0x710186e666,0015,S
0x710186e675,0016,S
0x710186e685,0008,S
0x710186e68d,0028,S
0x710186e6a9,0031,S
0x710186e6c8,0022,S
0x710186e6de,0011,S
0x710186e6e9,0013,S
0x710186e6f6,0019,S
0x710186e709,0046,S
0x710186e737,0022,S
0x710186e74d,0015,S
0x710186e75c,0006,S
0x710186e762,0012,S
0x710186e76e,0009,S
0x710186e777,0013,S
0x710186e784,0015,S
0x710186e793,0034,S
0x710186e7b5,0016,S
0x710186e7c5,0026,S
0x710186e7df,0006,S
0x710186e7e5,0014,S
0x710186e7f3,0007,S
0x710186e7fa,0006,S
0x710186e800,0007,S
0x710186e807,0005,S
0x710186e80c,0010,S
0x710186e816,0005,S
0x710186e81b,0009,S
0x710186e824,0005,S
0x710186e829,0009,S
0x710186e832,0022,S
0x710186e848,0013,S
0x710186e855,0017,S
0x710186e866,0022,S
0x710186e87c,0027,S
0x710186e897,0040,S
0x710186e8bf,0018,S
0x710186e8d1,0013,S
0x710186e8de,0014,S
0x710186e8ec,0016,S
0x710186e8fc,0015,S
0x710186e90b,0015,S
0x710186e91a,0046,S
0x710186e948,0034,S
0x710186e96a,0016,S
0x710186e97a,0014,S
0x710186e988,0011,S
0x710186e993,0010,S
0x710186e99d,0015,S
0x710186e9ac,0010,S
0x710186e9b6,0013,S
0x710186e9c3,0011,S
0x710186e9ce,0021,S
0x710186e9e3,0021,S
0x710186e9f8,0022,S
0x710186ea0e,0018,S
0x710186ea20,0018,S
0x710186ea32,0018,S
0x710186ea44,0024,S
0x710186ea5c,0030,S
0x710186ea7a,0008,S
0x710186ea82,0008,S
0x710186ea8a,0010,S
0x710186ea94,0007,S
0x710186ea9b,0009,S
0x710186eaa4,0010,S
0x710186eaae,0014,S
0x710186eabc,0015,S
0x710186eacb,0017,S
0x710186eadc,0011,S
0x710186eae7,0008,S
0x710186eaef,0010,S
0x710186eaf9,0012,S
0x710186eb05,0013,S
0x710186eb12,0027,S
0x710186eb2d,0025,S
0x710186eb46,0014,S
0x710186eb54,0015,S
0x710186eb63,0017,S
0x710186eb74,0005,S
0x710186eb79,0023,S
0x710186eb90,0034,S
0x710186ebb2,0013,S
0x710186ebbf,0013,S
0x710186ebcc,0011,S
0x710186ebd7,0010,S
0x710186ebe1,0011,S
0x710186ebec,0012,S
0x710186ebf8,0019,S
0x710186ec0b,0018,S
0x710186ec1d,0017,S
0x710186ec2e,0016,S
0x710186ec3e,0017,S
0x710186ec4f,0023,S
0x710186ec66,0019,S
0x710186ec79,0022,S
0x710186ec8f,0013,S
0x710186ec9c,0013,S
0x710186eca9,0012,S
0x710186ecb5,0020,S
0x710186ecc9,0016,S
0x710186ecd9,0023,S
0x710186ecf0,0012,S
0x710186ecfc,0010,S
0x710186ed06,0015,S
0x710186ed15,0025,S
0x710186ed2e,0025,S
0x710186ed47,0019,S
0x710186ed5a,0031,S
0x710186ed79,0017,S
0x710186ed8a,0025,S
0x710186eda3,0013,S
0x710186edb0,0006,S
0x710186edb6,0010,S
0x710186edc0,0027,S
0x710186eddb,0009,S
0x710186ede4,0022,S
0x710186edfa,0020,S
0x710186ee0e,0034,S
0x710186ee30,0034,S
0x710186ee52,0007,S
0x710186ee59,0022,S
0x710186ee6f,0022,S
0x710186ee85,0022,S
0x710186ee9b,0020,S
0x710186eeaf,0010,S
0x710186eeb9,0010,S
0x710186eec3,0010,S
0x710186eecd,0004,S
0x710186eed1,0011,S
0x710186eedc,0009,S
0x710186eee5,0011,S
0x710186eef0,0025,S
0x710186ef09,0019,S
0x710186ef1c,0019,S
0x710186ef2f,0019,S
0x710186ef42,0019,S
0x710186ef55,0019,S
0x710186ef68,0019,S
0x710186ef7b,0013,S
0x710186ef88,0013,S
0x710186ef95,0010,S
0x710186ef9f,0014,S
0x710186efad,0022,S
0x710186efc3,0034,S
0x710186efe5,0012,S
0x710186eff1,0012,S
0x710186effd,0017,S
0x710186f00e,0017,S
0x710186f01f,0032,S
0x710186f03f,0033,S
0x710186f060,0016,S
0x710186f070,0016,S
0x710186f080,0019,S
0x710186f093,0010,S
0x710186f09d,0010,S
0x710186f0a7,0015,S
0x710186f0b6,0012,S
0x710186f0c2,0017,S
0x710186f0d3,0012,S
0x710186f0df,0013,S
0x710186f0ec,0020,S
0x710186f100,0013,S
0x710186f10d,0023,S
0x710186f124,0025,S
0x710186f13d,0022,S
0x710186f153,0018,S
0x710186f165,0033,S
0x710186f186,0008,S
0x710186f18e,0021,S
0x710186f1a3,0019,S
0x710186f1b6,0014,S
0x710186f1c4,0015,S
0x710186f1d3,0014,S
0x710186f1e1,0014,S
0x710186f1ef,0008,S
0x710186f1f7,0016,S
0x710186f207,0022,S
0x710186f21d,0015,S
0x710186f22c,0018,S
0x710186f23e,0020,S
0x710186f252,0020,S
0x710186f266,0016,S
0x710186f276,0025,S
0x710186f28f,0036,S
0x710186f2b3,0013,S
0x710186f2c0,0010,S
0x710186f2ca,0019,S
0x710186f2dd,0025,S
0x710186f2f6,0013,S
0x710186f303,0013,S
0x710186f310,0010,S
0x710186f31a,0023,S
0x710186f331,0023,S
0x710186f348,0029,S
0x710186f365,0029,S
0x710186f382,0026,S
0x710186f39c,0025,S
0x710186f3b5,0024,S
0x710186f3cd,0022,S
0x710186f3e3,0013,S
0x710186f3f0,0018,S
0x710186f402,0018,S
0x710186f414,0020,S
0x710186f428,0020,S
0x710186f43c,0024,S
0x710186f454,0017,S
0x710186f465,0012,S
0x710186f471,0005,S
0x710186f476,0007,S
0x710186f47d,0014,S
0x710186f48b,0007,S
0x710186f492,0014,S
0x710186f4a0,0009,S
0x710186f4a9,0009,S
0x710186f4b2,0012,S
0x710186f4be,0012,S
0x710186f4ca,0008,S
0x710186f4d2,0014,S
0x710186f4e0,0009,S
0x710186f4e9,0009,S
0x710186f4f2,0013,S
0x710186f4ff,0017,S
0x710186f510,0009,S
0x710186f519,0020,S
0x710186f52d,0015,S
0x710186f53c,0012,S
0x710186f548,0014,S
0x710186f556,0008,S
0x710186f55e,0008,S
0x710186f566,0011,S
0x710186f571,0016,S
0x710186f581,0011,S
0x710186f58c,0016,S
0x710186f59c,0011,S
0x710186f5a7,0014,S
0x710186f5b5,0032,S
0x710186f5d5,0013,S
0x710186f5e2,0019,S
0x710186f5f5,0021,S
0x710186f60a,0012,S
0x710186f616,0021,S
0x710186f62b,0027,S
0x710186f646,0023,S
0x710186f65d,0023,S
0x710186f674,0027,S
0x710186f68f,0031,S
0x710186f6ae,0027,S
0x710186f6c9,0027,S
0x710186f6e4,0023,S
0x710186f6fb,0023,S
0x710186f712,0026,S
0x710186f72c,0026,S
0x710186f746,0022,S
0x710186f75c,0030,S
0x710186f77a,0025,S
0x710186f793,0025,S
0x710186f7ac,0028,S
0x710186f7c8,0026,S
0x710186f7e2,0028,S
0x710186f7fe,0015,S
0x710186f80d,0031,S
0x710186f82c,0014,S
0x710186f83a,0017,S
0x710186f84b,0016,S
0x710186f85b,0010,S
0x710186f865,0015,S
0x710186f874,0017,S
0x710186f885,0017,S
0x710186f896,0014,S
0x710186f8a4,0022,S
0x710186f8ba,0018,S
0x710186f8cc,0016,S
0x710186f8dc,0011,S
0x710186f8e7,0018,S
0x710186f8f9,0018,S
0x710186f90b,0015,S
0x710186f91a,0012,S
0x710186f926,0015,S
0x710186f935,0018,S
0x710186f947,0021,S
0x710186f95c,0015,S
0x710186f96b,0021,S
0x710186f980,0023,S
0x710186f997,0017,S
0x710186f9a8,0023,S
0x710186f9bf,0027,S
0x710186f9da,0019,S
0x710186f9ed,0015,S
0x710186f9fc,0011,S
0x710186fa07,0020,S
0x710186fa1b,0020,S
0x710186fa2f,0024,S
0x710186fa47,0009,S
0x710186fa50,0013,S
0x710186fa5d,0010,S
0x710186fa67,0022,S
0x710186fa7d,0020,S
0x710186fa91,0011,S
0x710186fa9c,0013,S
0x710186faa9,0019,S
0x710186fabc,0012,S
0x710186fac8,0013,S
0x710186fad5,0011,S
0x710186fae0,0025,S
0x710186faf9,0018,S
0x710186fb0b,0013,S
0x710186fb18,0013,S
0x710186fb25,0011,S
0x710186fb30,0031,S
0x710186fb4f,0010,S
0x710186fb59,0016,S
0x710186fb69,0024,S
0x710186fb81,0010,S
0x710186fb8b,0007,S
0x710186fb92,0024,S
0x710186fbaa,0011,S
0x710186fbb5,0040,S
0x710186fbdd,0019,S
0x710186fbf0,0015,S
0x710186fbff,0014,S
0x710186fc0d,0019,S
0x710186fc20,0027,S
0x710186fc3b,0018,S
0x710186fc4d,0013,S
0x710186fc5a,0020,S
0x710186fc6e,0014,S
0x710186fc7c,0019,S
0x710186fc8f,0017,S
0x710186fca0,0011,S
0x710186fcab,0019,S
0x710186fcbe,0019,S
0x710186fcd1,0005,S
0x710186fcd6,0017,S
0x710186fce7,0011,S
0x710186fcf2,0023,S
0x710186fd09,0011,S
0x710186fd14,0040,S
0x710186fd3c,0021,S
0x710186fd51,0034,S
0x710186fd73,0013,S
0x710186fd80,0009,S
0x710186fd89,0010,S
0x710186fd93,0012,S
0x710186fd9f,0009,S
0x710186fda8,0033,S
0x710186fdc9,0022,S
0x710186fddf,0016,S
0x710186fdef,0007,S
0x710186fdf6,0021,S
0x710186fe0b,0013,S
0x710186fe18,0028,S
0x710186fe34,0010,S
0x710186fe3e,0016,S
0x710186fe4e,0010,S
0x710186fe58,0022,S
0x710186fe6e,0021,S
0x710186fe83,0012,S
0x710186fe8f,0011,S
0x710186fe9a,0022,S
0x710186feb0,0011,S
0x710186febb,0013,S
0x710186fec8,0009,S
0x710186fed1,0051,S
0x710186ff04,0019,S
0x710186ff17,0022,S
0x710186ff2d,0017,S
0x710186ff3e,0022,S
0x710186ff54,0014,S
0x710186ff62,0008,S
0x710186ff6a,0005,S
0x710186ff6f,0018,S
0x710186ff81,0016,S
0x710186ff91,0013,S
0x710186ff9e,0021,S
0x710186ffb3,0017,S
0x710186ffc4,0009,S
0x710186ffcd,0005,S
0x710186ffd2,0019,S
0x710186ffe5,0013,S
0x710186fff2,0013,S
0x710186ffff,0028,S
0x710187001b,0007,S
0x7101870022,0013,S
0x710187002f,0019,S
0x7101870042,0016,S
0x7101870052,0013,S
0x710187005f,0018,S
0x7101870071,0018,S
0x7101870083,0016,S
0x7101870093,0017,S
0x71018700a4,0010,S
0x71018700ae,0013,S
0x71018700bb,0009,S
0x71018700c4,0011,S
0x71018700cf,0014,S
0x71018700dd,0013,S
0x71018700ea,0008,S
0x71018700f2,0008,S
0x71018700fa,0018,S
0x710187010c,0008,S
0x7101870114,0007,S
0x710187011b,0008,S
0x7101870123,0008,S
0x710187012b,0011,S
0x7101870136,0009,S
0x710187013f,0020,S
0x7101870153,0009,S
0x710187015c,0010,S
0x7101870166,0011,S
0x7101870171,0020,S
0x7101870185,0020,S
0x7101870199,0010,S
0x71018701a3,0016,S
0x71018701b3,0022,S
0x71018701c9,0014,S
0x71018701d7,0017,S
0x71018701e8,0014,S
0x71018701f6,0013,S
0x7101870203,0009,S
0x710187020c,0010,S
0x7101870216,0009,S
0x710187021f,0011,S
0x710187022a,0009,S
0x7101870233,0013,S
0x7101870240,0014,S
0x710187024e,0045,S
0x710187027b,0016,S
0x710187028b,0015,S
0x710187029a,0016,S
0x71018702aa,0015,S
0x71018702b9,0061,S
0x71018702f6,0016,S
0x7101870306,0016,S
0x7101870316,0013,S
0x7101870323,0016,S
0x7101870333,0016,S
0x7101870343,0013,S
0x7101870350,0013,S
0x710187035d,0014,S
0x710187036b,0119,S
0x71018703e2,0018,S
0x71018703f4,0014,S
0x7101870402,0036,S
0x7101870426,0010,S
0x7101870430,0084,S
0x7101870484,0011,S
0x710187048f,0019,S
0x71018704a2,0011,S
0x71018704ad,0019,S
0x71018704c0,0009,S
0x71018704c9,0019,S
0x71018704dc,0015,S
0x71018704eb,0018,S
0x71018704fd,0022,S
0x7101870513,0049,S
0x7101870544,0017,S
0x7101870555,0019,S
0x7101870568,0027,S
0x7101870583,0016,S
0x7101870593,0034,S
0x71018705b5,0020,S
0x71018705c9,0049,S
0x71018705fa,0015,S
0x7101870609,0019,S
0x710187061c,0014,S
0x710187062a,0034,S
0x710187064c,0019,S
0x710187065f,0074,S
0x71018706a9,0020,S
0x71018706bd,0046,S
0x71018706eb,0017,S
0x71018706fc,0031,S
0x710187071b,0020,S
0x710187072f,0064,S
0x710187076f,0012,S
0x710187077b,0079,S
0x71018707ca,0013,S
0x71018707d7,0010,S
0x71018707e1,0076,S
0x710187082d,0013,S
0x710187083a,0016,S
0x710187084a,0070,S
0x7101870890,0016,S
0x71018708a0,0028,S
0x71018708bc,0015,S
0x71018708cb,0028,S
0x71018708e7,0015,S
0x71018708f6,0037,S
0x710187091b,0022,S
0x7101870931,0009,S
0x710187093a,0025,S
0x7101870953,0010,S
0x710187095d,0016,S
0x710187096d,0017,S
0x710187097e,0011,S
0x7101870989,0016,S
0x7101870999,0010,S
0x71018709a3,0079,S
0x71018709f2,0017,S
0x7101870a03,0013,S
0x7101870a10,0072,S
0x7101870a58,0014,S
0x7101870a66,0067,S
0x7101870aa9,0017,S
0x7101870aba,0010,S
0x7101870ac4,0012,S
0x7101870ad0,0028,S
0x7101870aec,0017,S
0x7101870afd,0017,S
0x7101870b0e,0016,S
0x7101870b1e,0017,S
0x7101870b2f,0011,S
0x7101870b3a,0022,S
0x7101870b50,0019,S
0x7101870b63,0015,S
0x7101870b72,0016,S
0x7101870b82,0016,S
0x7101870b92,0019,S
0x7101870ba5,0013,S
0x7101870bb2,0016,S
0x7101870bc2,0019,S
0x7101870bd5,0014,S
0x7101870be3,0012,S
0x7101870bef,0028,S
0x7101870c0b,0016,S
0x7101870c1b,0040,S
0x7101870c43,0017,S
0x7101870c54,0043,S
0x7101870c7f,0012,S
0x7101870c8b,0034,S
0x7101870cad,0018,S
0x7101870cbf,0046,S
0x7101870ced,0013,S
0x7101870cfa,0037,S
0x7101870d1f,0015,S
0x7101870d2e,0028,S
0x7101870d4a,0016,S
0x7101870d5a,0031,S
0x7101870d79,0018,S
0x7101870d8b,0037,S
0x7101870db0,0013,S
0x7101870dbd,0019,S
0x7101870dd0,0049,S
0x7101870e01,0025,S
0x7101870e1a,0040,S
0x7101870e42,0020,S
0x7101870e56,0023,S
0x7101870e6d,0061,S
0x7101870eaa,0014,S
0x7101870eb8,0020,S
0x7101870ecc,0043,S
0x7101870ef7,0018,S
0x7101870f09,0023,S
0x7101870f20,0061,S
0x7101870f5d,0029,S
0x7101870f7a,0052,S
0x7101870fae,0024,S
0x7101870fc6,0016,S
0x7101870fd6,0022,S
0x7101870fec,0064,S
0x710187102c,0021,S
0x7101871041,0046,S
0x710187106f,0024,S
0x7101871087,0064,S
0x71018710c7,0030,S
0x71018710e5,0055,S
0x710187111c,0023,S
0x7101871133,0067,S
0x7101871176,0021,S
0x710187118b,0037,S
0x71018711b0,0029,S
0x71018711cd,0012,S
0x71018711d9,0031,S
0x71018711f8,0012,S
0x7101871204,0009,S
0x710187120d,0007,S
0x7101871214,0017,S
0x7101871225,0017,S
0x7101871236,0016,S
0x7101871246,0018,S
0x7101871258,0017,S
0x7101871269,0028,S
0x7101871285,0013,S
0x7101871292,0016,S
0x71018712a2,0010,S
0x71018712ac,0019,S
0x71018712bf,0021,S
0x71018712d4,0028,S
0x71018712f0,0020,S
0x7101871304,0021,S
0x7101871319,0025,S
0x7101871332,0027,S
0x710187134d,0025,S
0x7101871366,0024,S
0x710187137e,0016,S
0x710187138e,0026,S
0x71018713a8,0016,S
0x71018713b8,0027,S
0x71018713d3,0031,S
0x71018713f2,0027,S
0x710187140d,0019,S
0x7101871420,0014,S
0x710187142e,0016,S
0x710187143e,0009,S
0x7101871447,0025,S
0x7101871460,0010,S
0x710187146a,0016,S
0x710187147a,0017,S
0x710187148b,0015,S
0x710187149a,0012,S
0x71018714a6,0012,S
0x71018714b2,0013,S
0x71018714bf,0015,S
0x71018714ce,0011,S
0x71018714d9,0010,S
0x71018714e3,0011,S
0x71018714ee,0004,S
0x71018714f2,0009,S
0x71018714fb,0013,S
0x7101871508,0023,S
0x710187151f,0013,S
0x710187152c,0008,S
0x7101871534,0016,S
0x7101871544,0012,S
0x7101871550,0022,S
0x7101871566,0014,S
0x7101871574,0014,S
0x7101871582,0017,S
0x7101871593,0021,S
0x71018715a8,0014,S
0x71018715b6,0014,S
0x71018715c4,0020,S
0x71018715d8,0028,S
0x71018715f4,0002,S
0x71018715f6,0010,S
0x7101871600,0017,S
0x7101871611,0022,S
0x7101871627,0009,S
0x7101871630,0017,S
0x7101871641,0012,S
0x710187164d,0016,S
0x710187165d,0017,S
0x710187166e,0022,S
0x7101871684,0015,S
0x7101871693,0046,S
0x71018716c1,0014,S
0x71018716cf,0016,S
0x71018716df,0009,S
0x71018716e8,0012,S
0x71018716f4,0015,S
0x7101871703,0015,S
0x7101871712,0017,S
0x7101871723,0015,S
0x7101871732,0013,S
0x710187173f,0007,S
0x7101871746,0036,S
0x710187176a,0031,S
0x7101871789,0018,S
0x710187179b,0028,S
0x71018717b7,0010,S
0x71018717c1,0006,S
0x71018717c7,0027,S
0x71018717e2,0031,S
0x7101871801,0025,S
0x710187181a,0019,S
0x710187182d,0012,S
0x7101871839,0005,S
0x710187183e,0007,S
0x7101871845,0018,S
0x7101871857,0010,S
0x7101871861,0007,S
0x7101871868,0013,S
0x7101871875,0024,S
0x710187188d,0011,S
0x7101871898,0025,S
0x71018718b1,0008,S
0x71018718b9,0016,S
0x71018718c9,0013,S
0x71018718d6,0013,S
0x71018718e3,0013,S
0x71018718f0,0013,S
0x71018718fd,0013,S
0x710187190a,0013,S
0x7101871917,0013,S
0x7101871924,0022,S
0x710187193a,0022,S
0x7101871950,0021,S
0x7101871965,0018,S
0x7101871977,0027,S
0x7101871992,0018,S
0x71018719a4,0012,S
0x71018719b0,0016,S
0x71018719c0,0014,S
0x71018719ce,0012,S
0x71018719da,0017,S
0x71018719eb,0025,S
0x7101871a04,0028,S
0x7101871a20,0037,S
0x7101871a45,0005,S
0x7101871a4a,0019,S
0x7101871a5d,0014,S
0x7101871a6b,0021,S
0x7101871a80,0021,S
0x7101871a95,0024,S
0x7101871aad,0013,S
0x7101871aba,0016,S
0x7101871aca,0019,S
0x7101871add,0023,S
0x7101871af4,0031,S
0x7101871b13,0016,S
0x7101871b23,0031,S
0x7101871b42,0016,S
0x7101871b52,0028,S
0x7101871b6e,0017,S
0x7101871b7f,0024,S
0x7101871b97,0021,S
0x7101871bac,0055,S
0x7101871be3,0017,S
0x7101871bf4,0015,S
0x7101871c03,0015,S
0x7101871c12,0022,S
0x7101871c28,0011,S
0x7101871c33,0016,S
0x7101871c43,0019,S
0x7101871c56,0007,S
0x7101871c5d,0025,S
0x7101871c76,0013,S
0x7101871c83,0009,S
0x7101871c8c,0025,S
0x7101871ca5,0008,S
0x7101871cad,0025,S
0x7101871cc6,0014,S
0x7101871cd4,0016,S
0x7101871ce4,0014,S
0x7101871cf2,0037,S
0x7101871d17,0017,S
0x7101871d28,0017,S
0x7101871d39,0034,S
0x7101871d5b,0017,S
0x7101871d6c,0017,S
0x7101871d7d,0031,S
0x7101871d9c,0014,S
0x7101871daa,0025,S
0x7101871dc3,0013,S
0x7101871dd0,0028,S
0x7101871dec,0013,S
0x7101871df9,0025,S
0x7101871e12,0019,S
0x7101871e25,0036,S
0x7101871e49,0031,S
0x7101871e68,0023,S
0x7101871e7f,0022,S
0x7101871e95,0016,S
0x7101871ea5,0021,S
0x7101871eba,0005,S
0x7101871ebf,0022,S
0x7101871ed5,0019,S
0x7101871ee8,0020,S
0x7101871efc,0025,S
0x7101871f15,0012,S
0x7101871f21,0014,S
0x7101871f2f,0015,S
0x7101871f3e,0016,S
0x7101871f4e,0011,S
0x7101871f59,0020,S
0x7101871f6d,0011,S
0x7101871f78,0016,S
0x7101871f88,0019,S
0x7101871f9b,0011,S
0x7101871fa6,0028,S
0x7101871fc2,0008,S
0x7101871fca,0013,S
0x7101871fd7,0013,S
0x7101871fe4,0010,S
0x7101871fee,0016,S
0x7101871ffe,0014,S
0x710187200c,0009,S
0x7101872015,0007,S
0x710187201c,0009,S
0x7101872025,0007,S
0x710187202c,0013,S
0x7101872039,0010,S
0x7101872043,0023,S
0x710187205a,0009,S
0x7101872063,0013,S
0x7101872070,0010,S
0x710187207a,0014,S
0x7101872088,0012,S
0x7101872094,0016,S
0x71018720a4,0018,S
0x71018720b6,0008,S
0x71018720be,0010,S
0x71018720c8,0011,S
0x71018720d3,0013,S
0x71018720e0,0016,S
0x71018720f0,0013,S
0x71018720fd,0019,S
0x7101872110,0019,S
0x7101872123,0043,S
0x710187214e,0007,S
0x7101872155,0010,S
0x710187215f,0007,S
0x7101872166,0016,S
0x7101872176,0013,S
0x7101872183,0013,S
0x7101872190,0013,S
0x710187219d,0016,S
0x71018721ad,0017,S
0x71018721be,0010,S
0x71018721c8,0011,S
0x71018721d3,0012,S
0x71018721df,0014,S
0x71018721ed,0019,S
0x7101872200,0020,S
0x7101872214,0011,S
0x710187221f,0017,S
0x7101872230,0011,S
0x710187223b,0012,S
0x7101872247,0015,S
0x7101872256,0019,S
0x7101872269,0017,S
0x710187227a,0017,S
0x710187228b,0018,S
0x710187229d,0017,S
0x71018722ae,0017,S
0x71018722bf,0017,S
0x71018722d0,0016,S
0x71018722e0,0010,S
0x71018722ea,0018,S
0x71018722fc,0017,S
0x710187230d,0017,S
0x710187231e,0017,S
0x710187232f,0016,S
0x710187233f,0026,S
0x7101872359,0009,S
0x7101872362,0031,S
0x7101872381,0031,S
0x71018723a0,0023,S
0x71018723b7,0029,S
0x71018723d4,0024,S
0x71018723ec,0005,S
0x71018723f1,0006,S
0x71018723f7,0004,S
0x71018723fb,0013,S
0x7101872408,0008,S
0x7101872410,0012,S
0x710187241c,0019,S
0x710187242f,0003,S
0x7101872432,0015,S
0x7101872441,0012,S
0x710187244d,0013,S
0x710187245a,0006,S
0x7101872460,0019,S
0x7101872473,0009,S
0x710187247c,0028,S
0x7101872498,0016,S
0x71018724a8,0010,S
0x71018724b2,0013,S
0x71018724bf,0008,S
0x71018724c7,0008,S
0x71018724cf,0004,S
0x71018724d3,0016,S
0x71018724e3,0018,S
0x71018724f5,0013,S
0x7101872502,0009,S
0x710187250b,0017,S
0x710187251c,0032,S
0x710187253c,0018,S
0x710187254e,0014,S
0x710187255c,0009,S
0x7101872565,0021,S
0x710187257a,0016,S
0x710187258a,0017,S
0x710187259b,0017,S
0x71018725ac,0030,S
0x71018725ca,0030,S
0x71018725e8,0025,S
0x7101872601,0021,S
0x7101872616,0016,S
0x7101872626,0012,S
0x7101872632,0018,S
0x7101872644,0015,S
0x7101872653,0016,S
0x7101872663,0020,S
0x7101872677,0016,S
0x7101872687,0021,S
0x710187269c,0011,S
0x71018726a7,0009,S
0x71018726b0,0008,S
0x71018726b8,0013,S
0x71018726c5,0018,S
0x71018726d7,0013,S
0x71018726e4,0020,S
0x71018726f8,0022,S
0x710187270e,0017,S
0x710187271f,0006,S
0x7101872725,0009,S
0x710187272e,0010,S
0x7101872738,0006,S
0x710187273e,0007,S
0x7101872745,0008,S
0x710187274d,0009,S
0x7101872756,0009,S
0x710187275f,0015,S
0x710187276e,0011,S
0x7101872779,0012,S
0x7101872785,0012,S
0x7101872791,0012,S
0x710187279d,0013,S
0x71018727aa,0013,S
0x71018727b7,0022,S
0x71018727cd,0021,S
0x71018727e2,0019,S
0x71018727f5,0028,S
0x7101872811,0013,S
0x710187281e,0012,S
0x710187282a,0012,S
0x7101872836,0014,S
0x7101872844,0011,S
0x710187284f,0010,S
0x7101872859,0010,S
0x7101872863,0012,S
0x710187286f,0014,S
0x710187287d,0020,S
0x7101872891,0019,S
0x71018728a4,0011,S
0x71018728af,0025,S
0x71018728c8,0018,S
0x71018728da,0012,S
0x71018728e6,0012,S
0x71018728f2,0012,S
0x71018728fe,0017,S
0x710187290f,0020,S
0x7101872923,0023,S
0x710187293a,0023,S
0x7101872951,0024,S
0x7101872969,0014,S
0x7101872977,0013,S
0x7101872984,0017,S
0x7101872995,0014,S
0x71018729a3,0011,S
0x71018729ae,0010,S
0x71018729b8,0013,S
0x71018729c5,0012,S
0x71018729d1,0018,S
0x71018729e3,0016,S
0x71018729f3,0009,S
0x71018729fc,0008,S
0x7101872a04,0009,S
0x7101872a0d,0016,S
0x7101872a1d,0016,S
0x7101872a2d,0016,S
0x7101872a3d,0028,S
0x7101872a59,0022,S
0x7101872a6f,0007,S
0x7101872a76,0013,S
0x7101872a83,0018,S
0x7101872a95,0015,S
0x7101872aa4,0019,S
0x7101872ab7,0019,S
0x7101872aca,0016,S
0x7101872ada,0016,S
0x7101872aea,0019,S
0x7101872afd,0015,S
0x7101872b0c,0017,S
0x7101872b1d,0012,S
0x7101872b29,0015,S
0x7101872b38,0019,S
0x7101872b4b,0018,S
0x7101872b5d,0020,S
0x7101872b71,0015,S
0x7101872b80,0019,S
0x7101872b93,0024,S
0x7101872bab,0021,S
0x7101872bc0,0015,S
0x7101872bcf,0015,S
0x7101872bde,0012,S
0x7101872bea,0020,S
0x7101872bfe,0017,S
0x7101872c0f,0025,S
0x7101872c28,0024,S
0x7101872c40,0020,S
0x7101872c54,0023,S
0x7101872c6b,0021,S
0x7101872c80,0093,S
0x7101872cdd,0016,S
0x7101872ced,0018,S
0x7101872cff,0016,S
0x7101872d0f,0012,S
0x7101872d1b,0012,S
0x7101872d27,0008,S
0x7101872d2f,0018,S
0x7101872d41,0007,S
0x7101872d48,0017,S
0x7101872d59,0012,S
0x7101872d65,0015,S
0x7101872d74,0017,S
0x7101872d85,0010,S
0x7101872d8f,0007,S
0x7101872d96,0007,S
0x7101872d9d,0010,S
0x7101872da7,0005,S
0x7101872dac,0007,S
0x7101872db3,0012,S
0x7101872dbf,0172,S
0x7101872e6b,0035,S
0x7101872e8e,0016,S
0x7101872e9e,0009,S
0x7101872ea7,0009,S
0x7101872eb0,0009,S
0x7101872eb9,0009,S
0x7101872ec2,0009,S
0x7101872ecb,0009,S
0x7101872ed4,0009,S
0x7101872edd,0009,S
0x7101872ee6,0009,S
0x7101872eef,0009,S
0x7101872ef8,0009,S
0x7101872f01,0009,S
0x7101872f0a,0009,S
0x7101872f13,0009,S
0x7101872f1c,0009,S
0x7101872f25,0009,S
0x7101872f2e,0009,S
0x7101872f37,0009,S
0x7101872f40,0009,S
0x7101872f49,0009,S
0x7101872f52,0009,S
0x7101872f5b,0009,S
0x7101872f64,0009,S
0x7101872f6d,0009,S
0x7101872f76,0009,S
0x7101872f7f,0009,S
0x7101872f88,0009,S
0x7101872f91,0009,S
0x7101872f9a,0009,S
0x7101872fa3,0009,S
0x7101872fac,0009,S
0x7101872fb5,0009,S
0x7101872fbe,0009,S
0x7101872fc7,0009,S
0x7101872fd0,0009,S
0x7101872fd9,0009,S
0x7101872fe2,0009,S
0x7101872feb,0009,S
0x7101872ff4,0009,S
0x7101872ffd,0009,S
0x7101873006,0009,S
0x710187300f,0009,S
0x7101873018,0009,S
0x7101873021,0009,S
0x710187302a,0009,S
0x7101873033,0009,S
0x710187303c,0009,S
0x7101873045,0009,S
0x710187304e,0009,S
0x7101873057,0009,S
0x7101873060,0009,S
0x7101873069,0009,S
0x7101873072,0009,S
0x710187307b,0009,S
0x7101873084,0009,S
0x710187308d,0009,S
0x7101873096,0009,S
0x710187309f,0009,S
0x71018730a8,0009,S
0x71018730b1,0009,S
0x71018730ba,0009,S
0x71018730c3,0009,S
0x71018730cc,0009,S
0x71018730d5,0009,S
0x71018730de,0009,S
0x71018730e7,0009,S
0x71018730f0,0009,S
0x71018730f9,0009,S
0x7101873102,0009,S
0x710187310b,0009,S
0x7101873114,0009,S
0x710187311d,0009,S
0x7101873126,0009,S
0x710187312f,0009,S
0x7101873138,0009,S
0x7101873141,0009,S
0x710187314a,0015,S
0x7101873159,0015,S
0x7101873168,0022,S
0x710187317e,0022,S
0x7101873194,0016,S
0x71018731a4,0010,S
0x71018731ae,0016,S
0x71018731be,0010,S
0x71018731c8,0024,S
0x71018731e0,0021,S
0x71018731f5,0017,S
0x7101873206,0016,S
0x7101873216,0016,S
0x7101873226,0030,S
0x7101873244,0027,S
0x710187325f,0027,S
0x710187327a,0024,S
0x7101873292,0017,S
0x71018732a3,0019,S
0x71018732b6,0017,S
0x71018732c7,0019,S
0x71018732da,0017,S
0x71018732eb,0019,S
0x71018732fe,0017,S
0x710187330f,0019,S
0x7101873322,0021,S
0x7101873337,0005,S
0x710187333c,0027,S
0x7101873357,0005,S
0x710187335c,0026,S
0x7101873376,0005,S
0x710187337b,0026,S
0x7101873395,0007,S
0x710187339c,0031,S
0x71018733bb,0005,S
0x71018733c0,0029,S
0x71018733dd,0007,S
0x71018733e4,0036,S
0x7101873408,0007,S
0x710187340f,0030,S
0x710187342d,0007,S
0x7101873434,0027,S
0x710187344f,0005,S
0x7101873454,0023,S
0x710187346b,0005,S
0x7101873470,0035,S
0x7101873493,0005,S
0x7101873498,0028,S
0x71018734b4,0005,S
0x71018734b9,0034,S
0x71018734db,0010,S
0x71018734e5,0034,S
0x7101873507,0005,S
0x710187350c,0021,S
0x7101873521,0005,S
0x7101873526,0028,S
0x7101873542,0005,S
0x7101873547,0042,S
0x7101873571,0007,S
0x7101873578,0037,S
0x710187359d,0007,S
0x71018735a4,0031,S
0x71018735c3,0005,S
0x71018735c8,0032,S
0x71018735e8,0005,S
0x71018735ed,0019,S
0x7101873600,0005,S
0x7101873605,0020,S
0x7101873619,0005,S
0x710187361e,0036,S
0x7101873642,0007,S
0x7101873649,0036,S
0x710187366d,0037,S
0x7101873692,0007,S
0x7101873699,0037,S
0x71018736be,0032,S
0x71018736de,0007,S
0x71018736e5,0032,S
0x7101873705,0037,S
0x710187372a,0007,S
0x7101873731,0032,S
0x7101873751,0007,S
0x7101873758,0031,S
0x7101873777,0007,S
0x710187377e,0035,S
0x71018737a1,0007,S
0x71018737a8,0048,S
0x71018737d8,0009,S
0x71018737e1,0048,S
0x7101873811,0009,S
0x710187381a,0049,S
0x710187384b,0049,S
0x710187387c,0050,S
0x71018738ae,0010,S
0x71018738b8,0050,S
0x71018738ea,0010,S
0x71018738f4,0051,S
0x7101873927,0051,S
0x710187395a,0050,S
0x710187398c,0010,S
0x7101873996,0050,S
0x71018739c8,0010,S
0x71018739d2,0051,S
0x7101873a05,0051,S
0x7101873a38,0032,S
0x7101873a58,0022,S
0x7101873a6e,0016,S
0x7101873a7e,0007,S
0x7101873a85,0028,S
0x7101873aa1,0003,S
0x7101873aa4,0004,S
0x7101873aa8,0016,S
0x7101873ab8,0004,S
0x7101873abc,0025,S
0x7101873ad5,0004,S
0x7101873ad9,0007,S
0x7101873ae0,0004,S
0x7101873ae4,0019,S
0x7101873af7,0004,S
0x7101873afb,0022,S
0x7101873b11,0004,S
0x7101873b15,0025,S
0x7101873b2e,0004,S
0x7101873b32,0004,S
0x7101873b36,0003,S
0x7101873b39,0025,S
0x7101873b52,0022,S
0x7101873b68,0025,S
0x7101873b81,0017,S
0x7101873b92,0012,S
0x7101873b9e,0007,S
0x7101873ba5,0014,S
0x7101873bb3,0015,S
0x7101873bc2,0019,S
0x7101873bd5,0018,S
0x7101873be7,0004,S
0x7101873beb,0006,S
0x7101873bf1,0016,S
0x7101873c01,0015,S
0x7101873c10,0016,S
0x7101873c20,0012,S
0x7101873c2c,0020,S
0x7101873c40,0010,S
0x7101873c4a,0009,S
0x7101873c53,0024,S
0x7101873c6b,0026,S
0x7101873c85,0024,S
0x7101873c9d,0019,S
0x7101873cb0,0025,S
0x7101873cc9,0019,S
0x7101873cdc,0014,S
0x7101873cea,0012,S
0x7101873cf6,0012,S
0x7101873d02,0012,S
0x7101873d0e,0008,S
0x7101873d16,0013,S
0x7101873d23,0019,S
0x7101873d36,0017,S
0x7101873d47,0025,S
0x7101873d60,0013,S
0x7101873d6d,0014,S
0x7101873d7b,0052,S
0x7101873daf,0018,S
0x7101873dc1,0052,S
0x7101873df5,0023,S
0x7101873e0c,0014,S
0x7101873e1a,0052,S
0x7101873e4e,0018,S
0x7101873e60,0049,S
0x7101873e91,0019,S
0x7101873ea4,0025,S
0x7101873ebd,0015,S
0x7101873ecc,0013,S
0x7101873ed9,0019,S
0x7101873eec,0020,S
0x7101873f00,0011,S
0x7101873f0b,0019,S
0x7101873f1e,0012,S
0x7101873f2a,0016,S
0x7101873f3a,0013,S
0x7101873f47,0062,S
0x7101873f85,0024,S
0x7101873f9d,0031,S
0x7101873fbc,0021,S
0x7101873fd1,0014,S
0x7101873fdf,0015,S
0x7101873fee,0012,S
0x7101873ffa,0011,S
0x7101874005,0010,S
0x710187400f,0016,S
0x710187401f,0015,S
0x710187402e,0015,S
0x710187403d,0015,S
0x710187404c,0028,S
0x7101874068,0024,S
0x7101874080,0019,S
0x7101874093,0034,S
0x71018740b5,0019,S
0x71018740c8,0017,S
0x71018740d9,0016,S
0x71018740e9,0020,S
0x71018740fd,0020,S
0x7101874111,0020,S
0x7101874125,0016,S
0x7101874135,0017,S
0x7101874146,0016,S
0x7101874156,0030,S
0x7101874174,0025,S
0x710187418d,0049,S
0x71018741be,0021,S
0x71018741d3,0046,S
0x7101874201,0020,S
0x7101874215,0031,S
0x7101874234,0016,S
0x7101874244,0021,S
0x7101874259,0018,S
0x710187426b,0017,S
0x710187427c,0009,S
0x7101874285,0009,S
0x710187428e,0011,S
0x7101874299,0008,S
0x71018742a1,0006,S
0x71018742a7,0008,S
0x71018742af,0008,S
0x71018742b7,0024,S
0x71018742cf,0013,S
0x71018742dc,0013,S
0x71018742e9,0015,S
0x71018742f8,0010,S
0x7101874302,0013,S
0x710187430f,0013,S
0x710187431c,0012,S
0x7101874328,0005,S
0x710187432d,0006,S
0x7101874333,0019,S
0x7101874346,0024,S
0x710187435e,0020,S
0x7101874372,0025,S
0x710187438b,0021,S
0x71018743a0,0026,S
0x71018743ba,0021,S
0x71018743cf,0022,S
0x71018743e5,0022,S
0x71018743fb,0025,S
0x7101874414,0017,S
0x7101874425,0019,S
0x7101874438,0010,S
0x7101874442,0022,S
0x7101874458,0022,S
0x710187446e,0025,S
0x7101874487,0010,S
0x7101874491,0015,S
0x71018744a0,0009,S
0x71018744a9,0014,S
0x71018744b7,0021,S
0x71018744cc,0011,S
0x71018744d7,0003,S
0x71018744da,0018,S
0x71018744ec,0023,S
0x7101874503,0018,S
0x7101874515,0018,S
0x7101874527,0018,S
0x7101874539,0008,S
0x7101874541,0016,S
0x7101874551,0011,S
0x710187455c,0013,S
0x7101874569,0006,S
0x710187456f,0004,S
0x7101874573,0009,S
0x710187457c,0007,S
0x7101874583,0008,S
0x710187458b,0012,S
0x7101874597,0018,S
0x71018745a9,0011,S
0x71018745b4,0014,S
0x71018745c2,0018,S
0x71018745d4,0022,S
0x71018745ea,0016,S
0x71018745fa,0020,S
0x710187460e,0016,S
0x710187461e,0020,S
0x7101874632,0016,S
0x7101874642,0013,S
0x710187464f,0023,S
0x7101874666,0026,S
0x7101874680,0013,S
0x710187468d,0008,S
0x7101874695,0011,S
0x71018746a0,0007,S
0x71018746a7,0004,S
0x71018746ab,0021,S
0x71018746c0,0010,S
0x71018746ca,0017,S
0x71018746db,0013,S
0x71018746e8,0017,S
0x71018746f9,0017,S
0x710187470a,0017,S
0x710187471b,0017,S
0x710187472c,0021,S
0x7101874741,0026,S
0x710187475b,0028,S
0x7101874777,0016,S
0x7101874787,0023,S
0x710187479e,0011,S
0x71018747a9,0021,S
0x71018747be,0018,S
0x71018747d0,0011,S
0x71018747db,0014,S
0x71018747e9,0028,S
0x7101874805,0022,S
0x710187481b,0022,S
0x7101874831,0018,S
0x7101874843,0024,S
0x710187485b,0027,S
0x7101874876,0024,S
0x710187488e,0011,S
0x7101874899,0008,S
0x71018748a1,0013,S
0x71018748ae,0016,S
0x71018748be,0008,S
0x71018748c6,0009,S
0x71018748cf,0016,S
0x71018748df,0008,S
0x71018748e7,0028,S
0x7101874903,0011,S
0x710187490e,0013,S
0x710187491b,0012,S
0x7101874927,0060,S
0x7101874963,0017,S
0x7101874974,0111,S
0x71018749e3,0017,S
0x71018749f4,0046,S
0x7101874a22,0010,S
0x7101874a2c,0021,S
0x7101874a41,0029,S
0x7101874a5e,0016,S
0x7101874a6e,0019,S
0x7101874a81,0022,S
0x7101874a97,0029,S
0x7101874ab4,0023,S
0x7101874acb,0021,S
0x7101874ae0,0023,S
0x7101874af7,0021,S
0x7101874b0c,0023,S
0x7101874b23,0021,S
0x7101874b38,0039,S
0x7101874b5f,0170,S
0x7101874c09,0005,S
0x7101874c0e,0009,S
0x7101874c17,0007,S
0x7101874c1e,0014,S
0x7101874c2c,0008,S
0x7101874c34,0020,S
0x7101874c48,0004,S
0x7101874c4c,0014,S
0x7101874c5a,0021,S
0x7101874c6f,0007,S
0x7101874c76,0013,S
0x7101874c83,0017,S
0x7101874c94,0029,S
0x7101874cb1,0017,S
0x7101874cc2,0029,S
0x7101874cdf,0020,S
0x7101874cf3,0036,S
0x7101874d17,0026,S
0x7101874d31,0020,S
0x7101874d45,0036,S
0x7101874d69,0019,S
0x7101874d7c,0016,S
0x7101874d8c,0018,S
0x7101874d9e,0032,S
0x7101874dbe,0018,S
0x7101874dd0,0032,S
0x7101874df0,0016,S
0x7101874e00,0028,S
0x7101874e1c,0031,S
0x7101874e3b,0009,S
0x7101874e44,0021,S
0x7101874e59,0012,S
0x7101874e65,0019,S
0x7101874e78,0015,S
0x7101874e87,0017,S
0x7101874e98,0004,S
0x7101874e9c,0015,S
0x7101874eab,0016,S
0x7101874ebb,0016,S
0x7101874ecb,0008,S
0x7101874ed3,0010,S
0x7101874edd,0013,S
0x7101874eea,0018,S
0x7101874efc,0010,S
0x7101874f06,0016,S
0x7101874f16,0018,S
0x7101874f28,0021,S
0x7101874f3d,0016,S
0x7101874f4d,0016,S
0x7101874f5d,0019,S
0x7101874f70,0008,S
0x7101874f78,0008,S
0x7101874f80,0022,S
0x7101874f96,0028,S
0x7101874fb2,0021,S
0x7101874fc7,0028,S
0x7101874fe3,0017,S
0x7101874ff4,0013,S
0x7101875001,0017,S
0x7101875012,0013,S
0x710187501f,0013,S
0x710187502c,0022,S
0x7101875042,0048,S
0x7101875072,0015,S
0x7101875081,0022,S
0x7101875097,0048,S
0x71018750c7,0019,S
0x71018750da,0043,S
0x7101875105,0019,S
0x7101875118,0056,S
0x7101875150,0014,S
0x710187515e,0013,S
0x710187516b,0015,S
0x710187517a,0014,S
0x7101875188,0027,S
0x71018751a3,0021,S
0x71018751b8,0008,S
0x71018751c0,0025,S
0x71018751d9,0012,S
0x71018751e5,0007,S
0x71018751ec,0010,S
0x71018751f6,0022,S
0x710187520c,0024,S
0x7101875224,0022,S
0x710187523a,0012,S
0x7101875246,0009,S
0x710187524f,0012,S
0x710187525b,0009,S
0x7101875264,0008,S
0x710187526c,0013,S
0x7101875279,0023,S
0x7101875290,0022,S
0x71018752a6,0010,S
0x71018752b0,0022,S
0x71018752c6,0017,S
0x71018752d7,0037,S
0x71018752fc,0015,S
0x710187530b,0007,S
0x7101875312,0017,S
0x7101875323,0010,S
0x710187532d,0010,S
0x7101875337,0015,S
0x7101875346,0014,S
0x7101875354,0014,S
0x7101875362,0022,S
0x7101875378,0033,S
0x7101875399,0020,S
0x71018753ad,0019,S
0x71018753c0,0032,S
0x71018753e0,0018,S
0x71018753f2,0016,S
0x7101875402,0015,S
0x7101875411,0009,S
0x710187541a,0020,S
0x710187542e,0021,S
0x7101875443,0027,S
0x710187545e,0024,S
0x7101875476,0022,S
0x710187548c,0015,S
0x710187549b,0015,S
0x71018754aa,0009,S
0x71018754b3,0020,S
0x71018754c7,0014,S
0x71018754d5,0017,S
0x71018754e6,0022,S
0x71018754fc,0014,S
0x710187550a,0014,S
0x7101875518,0017,S
0x7101875529,0020,S
0x710187553d,0015,S
0x710187554c,0019,S
0x710187555f,0013,S
0x710187556c,0010,S
0x7101875576,0015,S
0x7101875585,0016,S
0x7101875595,0019,S
0x71018755a8,0023,S
0x71018755bf,0026,S
0x71018755d9,0021,S
0x71018755ee,0016,S
0x71018755fe,0018,S
0x7101875610,0020,S
0x7101875624,0016,S
0x7101875634,0010,S
0x710187563e,0020,S
0x7101875652,0015,S
0x7101875661,0018,S
0x7101875673,0006,S
0x7101875679,0014,S
0x7101875687,0017,S
0x7101875698,0117,S
0x710187570d,0019,S
0x7101875720,0019,S
0x7101875733,0019,S
0x7101875746,0031,S
0x7101875765,0026,S
0x710187577f,0045,S
0x71018757ac,0019,S
0x71018757bf,0019,S
0x71018757d2,0019,S
0x71018757e5,0040,S
0x710187580d,0019,S
0x7101875820,0028,S
0x710187583c,0016,S
0x710187584c,0031,S
0x710187586b,0014,S
0x7101875879,0120,S
0x71018758f1,0023,S
0x7101875908,0013,S
0x7101875915,0066,S
0x7101875957,0012,S
0x7101875963,0033,S
0x7101875984,0020,S
0x7101875998,0014,S
0x71018759a6,0040,S
0x71018759ce,0018,S
0x71018759e0,0049,S
0x7101875a11,0007,S
0x7101875a18,0018,S
0x7101875a2a,0011,S
0x7101875a35,0031,S
0x7101875a54,0010,S
0x7101875a5e,0031,S
0x7101875a7d,0010,S
0x7101875a87,0018,S
0x7101875a99,0013,S
0x7101875aa6,0028,S
0x7101875ac2,0011,S
0x7101875acd,0028,S
0x7101875ae9,0015,S
0x7101875af8,0034,S
0x7101875b1a,0015,S
0x7101875b29,0014,S
0x7101875b37,0028,S
0x7101875b53,0020,S
0x7101875b67,0028,S
0x7101875b83,0009,S
0x7101875b8c,0019,S
0x7101875b9f,0009,S
0x7101875ba8,0024,S
0x7101875bc0,0019,S
0x7101875bd3,0011,S
0x7101875bde,0014,S
0x7101875bec,0013,S
0x7101875bf9,0024,S
0x7101875c11,0011,S
0x7101875c1c,0016,S
0x7101875c2c,0020,S
0x7101875c40,0013,S
0x7101875c4d,0025,S
0x7101875c66,0019,S
0x7101875c79,0023,S
0x7101875c90,0058,S
0x7101875cca,0013,S
0x7101875cd7,0025,S
0x7101875cf0,0014,S
0x7101875cfe,0015,S
0x7101875d0d,0034,S
0x7101875d2f,0014,S
0x7101875d3d,0043,S
0x7101875d68,0011,S
0x7101875d73,0013,S
0x7101875d80,0018,S
0x7101875d92,0014,S
0x7101875da0,0015,S
0x7101875daf,0017,S
0x7101875dc0,0013,S
0x7101875dcd,0024,S
0x7101875de5,0066,S
0x7101875e27,0015,S
0x7101875e36,0027,S
0x7101875e51,0020,S
0x7101875e65,0004,S
0x7101875e69,0021,S
0x7101875e7e,0006,S
0x7101875e84,0005,S
0x7101875e89,0014,S
0x7101875e97,0015,S
0x7101875ea6,0016,S
0x7101875eb6,0009,S
0x7101875ebf,0008,S
0x7101875ec7,0007,S
0x7101875ece,0011,S
0x7101875ed9,0081,S
0x7101875f2a,0013,S
0x7101875f37,0013,S
0x7101875f44,0013,S
0x7101875f51,0013,S
0x7101875f5e,0022,S
0x7101875f74,0010,S
0x7101875f7e,0015,S
0x7101875f8d,0006,S
0x7101875f93,0009,S
0x7101875f9c,0015,S
0x7101875fab,0012,S
0x7101875fb7,0013,S
0x7101875fc4,0004,S
0x7101875fc8,0032,S
0x7101875fe8,0027,S
0x7101876003,0018,S
0x7101876015,0018,S
0x7101876027,0025,S
0x7101876040,0012,S
0x710187604c,0016,S
0x710187605c,0025,S
0x7101876075,0015,S
0x7101876084,0017,S
0x7101876095,0022,S
0x71018760ab,0021,S
0x71018760c0,0020,S
0x71018760d4,0028,S
0x71018760f0,0012,S
0x71018760fc,0007,S
0x7101876103,0018,S
0x7101876115,0007,S
0x710187611c,0018,S
0x710187612e,0013,S
0x710187613b,0007,S
0x7101876142,0009,S
0x710187614b,0022,S
0x7101876161,0016,S
0x7101876171,0016,S
0x7101876181,0009,S
0x710187618a,0014,S
0x7101876198,0019,S
0x71018761ab,0031,S
0x71018761ca,0025,S
0x71018761e3,0031,S
0x7101876202,0005,S
0x7101876207,0004,S
0x710187620b,0005,S
0x7101876210,0006,S
0x7101876216,0007,S
0x710187621d,0006,S
0x7101876223,0005,S
0x7101876228,0012,S
0x7101876234,0002,S
0x7101876236,0002,S
0x7101876238,0011,S
0x7101876243,0015,S
0x7101876252,0015,S
0x7101876261,0009,S
0x710187626a,0012,S
0x7101876276,0009,S
0x710187627f,0021,S
0x7101876294,0016,S
0x71018762a4,0022,S
0x71018762ba,0019,S
0x71018762cd,0020,S
0x71018762e1,0026,S
0x71018762fb,0023,S
0x7101876312,0020,S
0x7101876326,0017,S
0x7101876337,0023,S
0x710187634e,0023,S
0x7101876365,0025,S
0x710187637e,0013,S
0x710187638b,0012,S
0x7101876397,0016,S
0x71018763a7,0017,S
0x71018763b8,0017,S
0x71018763c9,0011,S
0x71018763d4,0017,S
0x71018763e5,0028,S
0x7101876401,0021,S
0x7101876416,0020,S
0x710187642a,0020,S
0x710187643e,0020,S
0x7101876452,0008,S
0x710187645a,0009,S
0x7101876463,0011,S
0x710187646e,0008,S
0x7101876476,0005,S
0x710187647b,0005,S
0x7101876480,0005,S
0x7101876485,0010,S
0x710187648f,0029,S
0x71018764ac,0024,S
0x71018764c4,0019,S
0x71018764d7,0025,S
0x71018764f0,0020,S
0x7101876504,0015,S
0x7101876513,0008,S
0x710187651b,0009,S
0x7101876524,0009,S
0x710187652d,0009,S
0x7101876536,0019,S
0x7101876549,0013,S
0x7101876556,0027,S
0x7101876571,0022,S
0x7101876587,0012,S
0x7101876593,0004,S
0x7101876597,0004,S
0x710187659b,0004,S
0x710187659f,0004,S
0x71018765a3,0011,S
0x71018765ae,0004,S
0x71018765b2,0004,S
0x71018765b6,0016,S
0x71018765c6,0021,S
0x71018765db,0013,S
0x71018765e8,0028,S
0x7101876604,0024,S
0x710187661c,0007,S
0x7101876623,0013,S
0x7101876630,0008,S
0x7101876638,0014,S
0x7101876646,0014,S
0x7101876654,0005,S
0x7101876659,0007,S
0x7101876660,0010,S
0x710187666a,0013,S
0x7101876677,0012,S
0x7101876683,0017,S
0x7101876694,0012,S
0x71018766a0,0010,S
0x71018766aa,0008,S
0x71018766b2,0012,S
0x71018766be,0010,S
0x71018766c8,0021,S
0x71018766dd,0022,S
0x71018766f3,0022,S
0x7101876709,0022,S
0x710187671f,0022,S
0x7101876735,0022,S
0x710187674b,0022,S
0x7101876761,0022,S
0x7101876777,0010,S
0x7101876781,0015,S
0x7101876790,0017,S
0x71018767a1,0017,S
0x71018767b2,0017,S
0x71018767c3,0011,S
0x71018767ce,0016,S
0x71018767de,0010,S
0x71018767e8,0026,S
0x7101876802,0009,S
0x710187680b,0013,S
0x7101876818,0010,S
0x7101876822,0011,S
0x710187682d,0012,S
0x7101876839,0020,S
0x710187684d,0018,S
0x710187685f,0007,S
0x7101876866,0021,S
0x710187687b,0047,S
0x71018768aa,0010,S
0x71018768b4,0016,S
0x71018768c4,0013,S
0x71018768d1,0031,S
0x71018768f0,0031,S
0x710187690f,0019,S
0x7101876922,0016,S
0x7101876932,0015,S
0x7101876941,0018,S
0x7101876953,0017,S
0x7101876964,0025,S
0x710187697d,0019,S
0x7101876990,0015,S
0x710187699f,0016,S
0x71018769af,0012,S
0x71018769bb,0024,S
0x71018769d3,0015,S
0x71018769e2,0016,S
0x71018769f2,0016,S
0x7101876a02,0014,S
0x7101876a10,0016,S
0x7101876a20,0018,S
0x7101876a32,0006,S
0x7101876a38,0015,S
0x7101876a47,0015,S
0x7101876a56,0015,S
0x7101876a65,0015,S
0x7101876a74,0016,S
0x7101876a84,0016,S
0x7101876a94,0016,S
0x7101876aa4,0016,S
0x7101876ab4,0016,S
0x7101876ac4,0004,S
0x7101876ac8,0016,S
0x7101876ad8,0013,S
0x7101876ae5,0011,S
0x7101876af0,0006,S
0x7101876af6,0007,S
0x7101876afd,0006,S
0x7101876b03,0007,S
0x7101876b0a,0006,S
0x7101876b10,0007,S
0x7101876b17,0015,S
0x7101876b26,0015,S
0x7101876b35,0021,S
0x7101876b4a,0023,S
0x7101876b61,0022,S
0x7101876b77,0020,S
0x7101876b8b,0008,S
0x7101876b93,0018,S
0x7101876ba5,0015,S
0x7101876bb4,0015,S
0x7101876bc3,0022,S
0x7101876bd9,0022,S
0x7101876bef,0019,S
0x7101876c02,0007,S
0x7101876c09,0013,S
0x7101876c16,0010,S
0x7101876c20,0015,S
0x7101876c2f,0019,S
0x7101876c42,0043,S
0x7101876c6d,0029,S
0x7101876c8a,0046,S
0x7101876cb8,0026,S
0x7101876cd2,0043,S
0x7101876cfd,0016,S
0x7101876d0d,0016,S
0x7101876d1d,0019,S
0x7101876d30,0015,S
0x7101876d3f,0010,S
0x7101876d49,0037,S
0x7101876d6e,0009,S
0x7101876d77,0052,S
0x7101876dab,0014,S
0x7101876db9,0012,S
0x7101876dc5,0110,S
0x7101876e33,0015,S
0x7101876e42,0010,S
0x7101876e4c,0013,S
0x7101876e59,0023,S
0x7101876e70,0043,S
0x7101876e9b,0098,S
0x7101876efd,0009,S
0x7101876f06,0013,S
0x7101876f13,0026,S
0x7101876f2d,0023,S
0x7101876f44,0012,S
0x7101876f50,0005,S
0x7101876f55,0017,S
0x7101876f66,0011,S
0x7101876f71,0014,S
0x7101876f7f,0005,S
0x7101876f84,0016,S
0x7101876f94,0012,S
0x7101876fa0,0011,S
0x7101876fab,0006,S
0x7101876fb1,0012,S
0x7101876fbd,0008,S
0x7101876fc5,0008,S
0x7101876fcd,0019,S
0x7101876fe0,0005,S
0x7101876fe5,0007,S
0x7101876fec,0014,S
0x7101876ffa,0025,S
0x7101877013,0017,S
0x7101877024,0013,S
0x7101877031,0015,S
0x7101877040,0018,S
0x7101877052,0013,S
0x710187705f,0015,S
0x710187706e,0022,S
0x7101877084,0034,S
0x71018770a6,0017,S
0x71018770b7,0031,S
0x71018770d6,0021,S
0x71018770eb,0043,S
0x7101877116,0018,S
0x7101877128,0031,S
0x7101877147,0023,S
0x710187715e,0046,S
0x710187718c,0030,S
0x71018771aa,0036,S
0x71018771ce,0030,S
0x71018771ec,0039,S
0x7101877213,0027,S
0x710187722e,0045,S
0x710187725b,0020,S
0x710187726f,0025,S
0x7101877288,0025,S
0x71018772a1,0040,S
0x71018772c9,0012,S
0x71018772d5,0028,S
0x71018772f1,0023,S
0x7101877308,0017,S
0x7101877319,0031,S
0x7101877338,0024,S
0x7101877350,0013,S
0x710187735d,0021,S
0x7101877372,0020,S
0x7101877386,0031,S
0x71018773a5,0026,S
0x71018773bf,0043,S
0x71018773ea,0026,S
0x7101877404,0037,S
0x7101877429,0019,S
0x710187743c,0031,S
0x710187745b,0022,S
0x7101877471,0031,S
0x7101877490,0024,S
0x71018774a8,0043,S
0x71018774d3,0019,S
0x71018774e6,0037,S
0x710187750b,0019,S
0x710187751e,0061,S
0x710187755b,0023,S
0x7101877572,0043,S
0x710187759d,0012,S
0x71018775a9,0010,S
0x71018775b3,0020,S
0x71018775c7,0025,S
0x71018775e0,0025,S
0x71018775f9,0028,S
0x7101877615,0020,S
0x7101877629,0046,S
0x7101877657,0020,S
0x710187766b,0028,S
0x7101877687,0026,S
0x71018776a1,0039,S
0x71018776c8,0027,S
0x71018776e3,0029,S
0x7101877700,0022,S
0x7101877716,0041,S
0x710187773f,0022,S
0x7101877755,0033,S
0x7101877776,0029,S
0x7101877793,0058,S
0x71018777cd,0041,S
0x71018777f6,0076,S
0x7101877842,0017,S
0x7101877853,0028,S
0x710187786f,0015,S
0x710187787e,0058,S
0x71018778b8,0015,S
0x71018778c7,0043,S
0x71018778f2,0014,S
0x7101877900,0019,S
0x7101877913,0020,S
0x7101877927,0019,S
0x710187793a,0033,S
0x710187795b,0026,S
0x7101877975,0034,S
0x7101877997,0027,S
0x71018779b2,0022,S
0x71018779c8,0032,S
0x71018779e8,0037,S
0x7101877a0d,0031,S
0x7101877a2c,0043,S
0x7101877a57,0025,S
0x7101877a70,0050,S
0x7101877aa2,0018,S
0x7101877ab4,0035,S
0x7101877ad7,0043,S
0x7101877b02,0016,S
0x7101877b12,0026,S
0x7101877b2c,0033,S
0x7101877b4d,0021,S
0x7101877b62,0023,S
0x7101877b79,0037,S
0x7101877b9e,0020,S
0x7101877bb2,0018,S
0x7101877bc4,0019,S
0x7101877bd7,0012,S
0x7101877be3,0016,S
0x7101877bf3,0013,S
0x7101877c00,0017,S
0x7101877c11,0011,S
0x7101877c1c,0011,S
0x7101877c27,0013,S
0x7101877c34,0008,S
0x7101877c3c,0014,S
0x7101877c4a,0011,S
0x7101877c55,0012,S
0x7101877c61,0016,S
0x7101877c71,0024,S
0x7101877c89,0017,S
0x7101877c9a,0016,S
0x7101877caa,0014,S
0x7101877cb8,0015,S
0x7101877cc7,0011,S
0x7101877cd2,0017,S
0x7101877ce3,0012,S
0x7101877cef,0010,S
0x7101877cf9,0010,S
0x7101877d03,0010,S
0x7101877d0d,0011,S
0x7101877d18,0010,S
0x7101877d22,0012,S
0x7101877d2e,0013,S
0x7101877d3b,0012,S
0x7101877d47,0015,S
0x7101877d56,0015,S
0x7101877d65,0015,S
0x7101877d74,0018,S
0x7101877d86,0018,S
0x7101877d98,0015,S
0x7101877da7,0010,S
0x7101877db1,0016,S
0x7101877dc1,0010,S
0x7101877dcb,0010,S
0x7101877dd5,0010,S
0x7101877ddf,0010,S
0x7101877de9,0014,S
0x7101877df7,0025,S
0x7101877e10,0015,S
0x7101877e1f,0034,S
0x7101877e41,0018,S
0x7101877e53,0017,S
0x7101877e64,0010,S
0x7101877e6e,0008,S
0x7101877e76,0005,S
0x7101877e7b,0015,S
0x7101877e8a,0012,S
0x7101877e96,0010,S
0x7101877ea0,0005,S
0x7101877ea5,0007,S
0x7101877eac,0010,S
0x7101877eb6,0017,S
0x7101877ec7,0006,S
0x7101877ecd,0010,S
0x7101877ed7,0012,S
0x7101877ee3,0013,S
0x7101877ef0,0015,S
0x7101877eff,0008,S
0x7101877f07,0013,S
0x7101877f14,0018,S
0x7101877f26,0024,S
0x7101877f3e,0014,S
0x7101877f4c,0019,S
0x7101877f5f,0023,S
0x7101877f76,0009,S
0x7101877f7f,0011,S
0x7101877f8a,0007,S
0x7101877f91,0012,S
0x7101877f9d,0010,S
0x7101877fa7,0018,S
0x7101877fb9,0005,S
0x7101877fbe,0009,S
0x7101877fc7,0025,S
0x7101877fe0,0018,S
0x7101877ff2,0014,S
0x7101878000,0011,S
0x710187800b,0025,S
0x7101878024,0008,S
0x710187802c,0017,S
0x710187803d,0013,S
0x710187804a,0097,S
0x71018780ab,0011,S
0x71018780b6,0018,S
0x71018780c8,0018,S
0x71018780da,0013,S
0x71018780e7,0012,S
0x71018780f3,0016,S
0x7101878103,0013,S
0x7101878110,0015,S
0x710187811f,0004,S
0x7101878123,0013,S
0x7101878130,0012,S
0x710187813c,0011,S
0x7101878147,0038,S
0x710187816d,0011,S
0x7101878178,0051,S
0x71018781ab,0020,S
0x71018781bf,0015,S
0x71018781ce,0019,S
0x71018781e1,0013,S
0x71018781ee,0025,S
0x7101878207,0011,S
0x7101878212,0019,S
0x7101878225,0037,S
0x710187824a,0015,S
0x7101878259,0057,S
0x7101878292,0013,S
0x710187829f,0028,S
0x71018782bb,0023,S
0x71018782d2,0069,S
0x7101878317,0038,S
0x710187833d,0009,S
0x7101878346,0016,S
0x7101878356,0009,S
0x710187835f,0016,S
0x710187836f,0007,S
0x7101878376,0016,S
0x7101878386,0013,S
0x7101878393,0034,S
0x71018783b5,0020,S
0x71018783c9,0011,S
0x71018783d4,0013,S
0x71018783e1,0014,S
0x71018783ef,0013,S
0x71018783fc,0010,S
0x7101878406,0018,S
0x7101878418,0025,S
0x7101878431,0022,S
0x7101878447,0018,S
0x7101878459,0024,S
0x7101878471,0015,S
0x7101878480,0016,S
0x7101878490,0014,S
0x710187849e,0033,S
0x71018784bf,0017,S
0x71018784d0,0013,S
0x71018784dd,0004,S
0x71018784e1,0004,S
0x71018784e5,0004,S
0x71018784e9,0004,S
0x71018784ed,0004,S
0x71018784f1,0004,S
0x71018784f5,0004,S
0x71018784f9,0004,S
0x71018784fd,0004,S
0x7101878501,0019,S
0x7101878514,0040,S
0x710187853c,0031,S
0x710187855b,0016,S
0x710187856b,0013,S
0x7101878578,0015,S
0x7101878587,0025,S
0x71018785a0,0013,S
0x71018785ad,0028,S
0x71018785c9,0011,S
0x71018785d4,0037,S
0x71018785f9,0012,S
0x7101878605,0040,S
0x710187862d,0016,S
0x710187863d,0031,S
0x710187865c,0013,S
0x7101878669,0034,S
0x710187868b,0019,S
0x710187869e,0010,S
0x71018786a8,0028,S
0x71018786c4,0014,S
0x71018786d2,0037,S
0x71018786f7,0014,S
0x7101878705,0037,S
0x710187872a,0017,S
0x710187873b,0049,S
0x710187876c,0018,S
0x710187877e,0052,S
0x71018787b2,0013,S
0x71018787bf,0022,S
0x71018787d5,0016,S
0x71018787e5,0010,S
0x71018787ef,0018,S
0x7101878801,0018,S
0x7101878813,0017,S
0x7101878824,0020,S
0x7101878838,0016,S
0x7101878848,0014,S
0x7101878856,0015,S
0x7101878865,0017,S
0x7101878876,0019,S
0x7101878889,0019,S
0x710187889c,0014,S
0x71018788aa,0009,S
0x71018788b3,0012,S
0x71018788bf,0013,S
0x71018788cc,0051,S
0x71018788ff,0019,S
0x7101878912,0011,S
0x710187891d,0022,S
0x7101878933,0019,S
0x7101878946,0025,S
0x710187895f,0010,S
0x7101878969,0022,S
0x710187897f,0013,S
0x710187898c,0031,S
0x71018789ab,0007,S
0x71018789b2,0007,S
0x71018789b9,0011,S
0x71018789c4,0025,S
0x71018789dd,0013,S
0x71018789ea,0022,S
0x7101878a00,0013,S
0x7101878a0d,0016,S
0x7101878a1d,0020,S
0x7101878a31,0025,S
0x7101878a4a,0060,S
0x7101878a86,0013,S
0x7101878a93,0010,S
0x7101878a9d,0013,S
0x7101878aaa,0011,S
0x7101878ab5,0015,S
0x7101878ac4,0010,S
0x7101878ace,0016,S
0x7101878ade,0024,S
0x7101878af6,0027,S
0x7101878b11,0025,S
0x7101878b2a,0010,S
0x7101878b34,0013,S
0x7101878b41,0004,S
0x7101878b45,0011,S
0x7101878b50,0011,S
0x7101878b5b,0031,S
0x7101878b7a,0005,S
0x7101878b7f,0022,S
0x7101878b95,0028,S
0x7101878bb1,0019,S
0x7101878bc4,0027,S
0x7101878bdf,0009,S
0x7101878be8,0012,S
0x7101878bf4,0012,S
0x7101878c00,0012,S
0x7101878c0c,0024,S
0x7101878c24,0023,S
0x7101878c3b,0008,S
0x7101878c43,0020,S
0x7101878c57,0020,S
0x7101878c6b,0023,S
0x7101878c82,0023,S
0x7101878c99,0015,S
0x7101878ca8,0017,S
0x7101878cb9,0010,S
0x7101878cc3,0011,S
0x7101878cce,0009,S
0x7101878cd7,0005,S
0x7101878cdc,0004,S
0x7101878ce0,0016,S
0x7101878cf0,0024,S
0x7101878d08,0025,S
0x7101878d21,0018,S
0x7101878d33,0025,S
0x7101878d4c,0025,S
0x7101878d65,0018,S
0x7101878d77,0013,S
0x7101878d84,0012,S
0x7101878d90,0005,S
0x7101878d95,0148,S
0x7101878e29,0010,S
0x7101878e33,0014,S
0x7101878e41,0148,S
0x7101878ed5,0140,S
0x7101878f61,0010,S
0x7101878f6b,0012,S
0x7101878f77,0008,S
0x7101878f7f,0009,S
0x7101878f88,0016,S
0x7101878f98,0007,S
0x7101878f9f,0010,S
0x7101878fa9,0010,S
0x7101878fb3,0006,S
0x7101878fb9,0011,S
0x7101878fc4,0006,S
0x7101878fca,0018,S
0x7101878fdc,0013,S
0x7101878fe9,0010,S
0x7101878ff3,0010,S
0x7101878ffd,0006,S
0x7101879003,0009,S
0x710187900c,0011,S
0x7101879017,0025,S
0x7101879030,0010,S
0x710187903a,0012,S
0x7101879046,0016,S
0x7101879056,0051,S
0x7101879089,0013,S
0x7101879096,0004,S
0x710187909a,0032,S
0x71018790ba,0018,S
0x71018790cc,0012,S
0x71018790d8,0025,S
0x71018790f1,0007,S
0x71018790f8,0007,S
0x71018790ff,0007,S
0x7101879106,0007,S
0x710187910d,0007,S
0x7101879114,0007,S
0x710187911b,0068,S
0x710187915f,0008,S
0x7101879167,0011,S
0x7101879172,0010,S
0x710187917c,0004,S
0x7101879180,0005,S
0x7101879185,0005,S
0x710187918a,0005,S
0x710187918f,0003,S
0x7101879192,0008,S
0x710187919a,0008,S
0x71018791a2,0008,S
0x71018791aa,0008,S
0x71018791b2,0010,S
0x71018791bc,0010,S
0x71018791c6,0011,S
0x71018791d1,0005,S
0x71018791d6,0006,S
0x71018791dc,0006,S
0x71018791e2,0006,S
0x71018791e8,0006,S
0x71018791ee,0003,S
0x71018791f1,0008,S
0x71018791f9,0008,S
0x7101879201,0009,S
0x710187920a,0004,S
0x710187920e,0004,S
0x7101879212,0008,S
0x710187921a,0005,S
0x710187921f,0022,S
0x7101879235,0019,S
0x7101879248,0036,S
0x710187926c,0024,S
0x7101879284,0024,S
0x710187929c,0025,S
0x71018792b5,0004,S
0x71018792b9,0005,S
0x71018792be,0005,S
0x71018792c3,0013,S
0x71018792d0,0037,S
0x71018792f5,0028,S
0x7101879311,0027,S
0x710187932c,0012,S
0x7101879338,0020,S
0x710187934c,0008,S
0x7101879354,0023,S
0x710187936b,0024,S
0x7101879383,0023,S
0x710187939a,0058,S
0x71018793d4,0013,S
0x71018793e1,0010,S
0x71018793eb,0006,S
0x71018793f1,0040,S
0x7101879419,0110,S
0x7101879487,0083,S
0x71018794da,0121,S
0x7101879553,0080,S
0x71018795a3,0065,S
0x71018795e4,0076,S
0x7101879630,1058,S
0x7101879a52,0030,S
0x7101879a70,0012,S
0x7101879a7c,0056,S
0x7101879ab4,0005,S
0x7101879ab9,0005,S
0x7101879abe,0005,S
0x7101879ac3,0016,S
0x7101879ad3,0009,S
0x7101879adc,0021,S
0x7101879af1,0008,S
0x7101879af9,0023,S
0x7101879b10,0004,S
0x7101879b14,0007,S
0x7101879b1b,0012,S
0x7101879b27,0014,S
0x7101879b35,0006,S
0x7101879b3b,0031,S
0x7101879b5a,0033,S
0x7101879b7b,0030,S
0x7101879b99,0010,S
0x7101879ba3,0010,S
0x7101879bad,0010,S
0x7101879bb7,0013,S
0x7101879bc4,0010,S
0x7101879bce,0007,S
0x7101879bd5,0007,S
0x7101879bdc,0005,S
0x7101879be1,0006,S
0x7101879be7,0012,S
0x7101879bf3,0058,S
0x7101879c2d,0083,S
0x7101879c80,0031,S
0x7101879c9f,0063,S
0x7101879cde,0063,S
0x7101879d1d,0028,S
0x7101879d39,0019,S
0x7101879d4c,0020,S
0x7101879d60,0020,S
0x7101879d74,0056,S
0x7101879dac,0016,S
0x7101879dbc,0016,S
0x7101879dcc,0063,S
0x7101879e0b,0023,S
0x7101879e22,0023,S
0x7101879e39,0061,S
0x7101879e76,0068,S
0x7101879eba,0042,S
0x7101879ee4,0056,S
0x7101879f1c,0040,S
0x7101879f44,0058,S
0x7101879f7e,0030,S
0x7101879f9c,0025,S
0x7101879fb5,0024,S
0x7101879fcd,0030,S
0x7101879feb,0025,S
0x710187a004,0025,S
0x710187a01d,0025,S
0x710187a036,0025,S
0x710187a04f,0025,S
0x710187a068,0025,S
0x710187a081,0025,S
0x710187a09a,0025,S
0x710187a0b3,0025,S
0x710187a0cc,0030,S
0x710187a0ea,0025,S
0x710187a103,0025,S
0x710187a11c,0025,S
0x710187a135,0025,S
0x710187a14e,0025,S
0x710187a167,0025,S
0x710187a180,0025,S
0x710187a199,0025,S
0x710187a1b2,0025,S
0x710187a1cb,0030,S
0x710187a1e9,0038,S
0x710187a20f,0039,S
0x710187a236,0025,S
0x710187a24f,0029,S
0x710187a26c,0032,S
0x710187a28c,0044,S
0x710187a2b8,0041,S
0x710187a2e1,0040,S
0x710187a309,0043,S
0x710187a334,0044,S
0x710187a360,0030,S
0x710187a37e,0034,S
0x710187a3a0,0034,S
0x710187a3c2,0034,S
0x710187a3e4,0034,S
0x710187a406,0034,S
0x710187a428,0034,S
0x710187a44a,0054,S
0x710187a480,0051,S
0x710187a4b3,0034,S
0x710187a4d5,0034,S
0x710187a4f7,0034,S
0x710187a519,0034,S
0x710187a53b,0034,S
0x710187a55d,0034,S
0x710187a57f,0033,S
0x710187a5a0,0034,S
0x710187a5c2,0060,S
0x710187a5fe,0061,S
0x710187a63b,0061,S
0x710187a678,0044,S
0x710187a6a4,0041,S
0x710187a6cd,0060,S
0x710187a709,0032,S
0x710187a729,0051,S
0x710187a75c,0032,S
0x710187a77c,0038,S
0x710187a7a2,0027,S
0x710187a7bd,0058,S
0x710187a7f7,0011,S
0x710187a802,0020,S
0x710187a816,0056,S
0x710187a84e,0063,S
0x710187a88d,0045,S
0x710187a8ba,0040,S
0x710187a8e2,0042,S
0x710187a90c,0056,S
0x710187a944,0039,S
0x710187a96b,0011,S
0x710187a976,0014,S
0x710187a984,0015,S
0x710187a993,0020,S
0x710187a9a7,0016,S
0x710187a9b7,0016,S
0x710187a9c7,0016,S
0x710187a9d7,0017,S
0x710187a9e8,0013,S
0x710187a9f5,0014,S
0x710187aa03,0018,S
0x710187aa15,0014,S
0x710187aa23,0014,S
0x710187aa31,0015,S
0x710187aa40,0015,S
0x710187aa4f,0015,S
0x710187aa5e,0022,S
0x710187aa74,0022,S
0x710187aa8a,0022,S
0x710187aaa0,0022,S
0x710187aab6,0022,S
0x710187aacc,0026,S
0x710187aae6,0072,S
0x710187ab2e,0030,S
0x710187ab4c,0029,S
0x710187ab69,0028,S
0x710187ab85,0025,S
0x710187ab9e,0011,S
0x710187aba9,0011,S
0x710187abb4,0016,S
0x710187abc4,0013,S
0x710187abd1,0014,S
0x710187abdf,0015,S
0x710187abee,0015,S
0x710187abfd,0015,S
0x710187ac0c,0019,S
0x710187ac1f,0019,S
0x710187ac32,0019,S
0x710187ac45,0022,S
0x710187ac5b,0022,S
0x710187ac71,0031,S
0x710187ac90,0031,S
0x710187acaf,0031,S
0x710187acce,0031,S
0x710187aced,0036,S
0x710187ad11,0036,S
0x710187ad35,0036,S
0x710187ad59,0036,S
0x710187ad7d,0033,S
0x710187ad9e,0033,S
0x710187adbf,0033,S
0x710187ade0,0033,S
0x710187ae01,0028,S
0x710187ae1d,0028,S
0x710187ae39,0028,S
0x710187ae55,0028,S
0x710187ae71,0033,S
0x710187ae92,0033,S
0x710187aeb3,0033,S
0x710187aed4,0033,S
0x710187aef5,0030,S
0x710187af13,0030,S
0x710187af31,0030,S
0x710187af4f,0030,S
0x710187af6d,0035,S
0x710187af90,0035,S
0x710187afb3,0035,S
0x710187afd6,0035,S
0x710187aff9,0020,S
0x710187b00d,0029,S
0x710187b02a,0041,S
0x710187b053,0029,S
0x710187b070,0029,S
0x710187b08d,0029,S
0x710187b0aa,0029,S
0x710187b0c7,0048,S
0x710187b0f7,0048,S
0x710187b127,0101,S
0x710187b18c,0055,S
0x710187b1c3,0010,S
0x710187b1cd,0012,S
0x710187b1d9,0011,S
0x710187b1e4,0006,S
0x710187b1ea,0018,S
0x710187b1fc,0015,S
0x710187b20b,0013,S
0x710187b218,0058,S
0x710187b252,0022,S
0x710187b268,0017,S
0x710187b279,0007,S
0x710187b280,0027,S
0x710187b29b,0023,S
0x710187b2b2,0021,S
0x710187b2c7,0023,S
0x710187b2de,0020,S
0x710187b2f2,0020,S
0x710187b306,0019,S
0x710187b319,0030,S
0x710187b337,0026,S
0x710187b351,0031,S
0x710187b370,0026,S
0x710187b38a,0045,S
0x710187b3b7,0065,S
0x710187b3f8,0080,S
0x710187b448,0023,S
0x710187b45f,0043,S
0x710187b48a,0013,S
0x710187b497,0040,S
0x710187b4bf,0016,S
0x710187b4cf,0019,S
0x710187b4e2,0004,S
0x710187b4e6,0007,S
0x710187b4ed,0007,S
0x710187b4f4,0007,S
0x710187b4fb,0007,S
0x710187b502,0008,S
0x710187b50a,0010,S
0x710187b514,0004,S
0x710187b518,0019,S
0x710187b52b,0006,S
0x710187b531,0003,S
0x710187b534,0003,S
0x710187b537,0003,S
0x710187b53a,0003,S
0x710187b53d,0003,S
0x710187b540,0004,S
0x710187b544,0005,S
0x710187b549,0005,S
0x710187b54e,0002,S
0x710187b550,0002,S
0x710187b552,0002,S
0x710187b554,0009,S
0x710187b55d,0005,S
0x710187b562,0005,S
0x710187b567,0005,S
0x710187b56c,0005,S
0x710187b571,0005,S
0x710187b576,0009,S
0x710187b57f,0005,S
0x710187b584,0005,S
0x710187b589,0005,S
0x710187b58e,0005,S
0x710187b593,0005,S
0x710187b598,0005,S
0x710187b59d,0005,S
0x710187b5a2,0005,S
0x710187b5a7,0005,S
0x710187b5ac,0005,S
0x710187b5b1,0005,S
0x710187b5b6,0005,S
0x710187b5bb,0099,S
0x710187b61e,0016,S
0x710187b62e,0031,S
0x710187b64d,0034,S
0x710187b66f,0080,S
0x710187b6bf,0092,S
0x710187b71b,0030,S
0x710187b739,0055,S
0x710187b770,0058,S
0x710187b7aa,0058,S
0x710187b7e4,0052,S
0x710187b818,0020,S
0x710187b82c,0021,S
0x710187b841,0028,S
0x710187b85d,0023,S
0x710187b874,0062,S
0x710187b8b2,0050,S
0x710187b8e4,0023,S
0x710187b8fb,0036,S
0x710187b91f,0032,S
0x710187b93f,0030,S
0x710187b95d,0030,S
0x710187b97b,0030,S
0x710187b999,0007,S
0x710187b9a0,0075,S
0x710187b9eb,0018,S
0x710187b9fd,0018,S
0x710187ba0f,0047,S
0x710187ba3e,0016,S
0x710187ba4e,0032,S
0x710187ba6e,0018,S
0x710187ba80,0019,S
0x710187ba93,0014,S
0x710187baa1,0013,S
0x710187baae,0007,S
0x710187bab5,0004,S
0x710187bab9,0006,S
0x710187babf,0010,S
0x710187bac9,0022,S
0x710187badf,0005,S
0x710187bae4,0005,S
0x710187bae9,0016,S
0x710187baf9,0049,S
0x710187bb2a,0052,S
0x710187bb5e,0052,S
0x710187bb92,0055,S
0x710187bbc9,0025,S
0x710187bbe2,0022,S
0x710187bbf8,0031,S
0x710187bc17,0031,S
0x710187bc36,0046,S
0x710187bc64,0010,S
0x710187bc6e,0018,S
0x710187bc80,0006,S
0x710187bc86,0009,S
0x710187bc8f,0012,S
0x710187bc9b,0009,S
0x710187bca4,0007,S
0x710187bcab,0012,S
0x710187bcb7,0003,S
0x710187bcba,0002,S
0x710187bcbc,0018,S
0x710187bcce,0021,S
0x710187bce3,0021,S
0x710187bcf8,0007,S
0x710187bcff,0013,S
0x710187bd0c,0006,S
0x710187bd12,0039,S
0x710187bd39,0016,S
0x710187bd49,0017,S
0x710187bd5a,0017,S
0x710187bd6b,0018,S
0x710187bd7d,0007,S
0x710187bd84,0010,S
0x710187bd8e,0008,S
0x710187bd96,0018,S
0x710187bda8,0034,S
0x710187bdca,0008,S
0x710187bdd2,0012,S
0x710187bdde,0014,S
0x710187bdec,0012,S
0x710187bdf8,0009,S
0x710187be01,0009,S
0x710187be0a,0014,S
0x710187be18,0032,S
0x710187be38,0014,S
0x710187be46,0032,S
0x710187be66,0013,S
0x710187be73,0029,S
0x710187be90,0013,S
0x710187be9d,0029,S
0x710187beba,0013,S
0x710187bec7,0012,S
0x710187bed3,0010,S
0x710187bedd,0013,S
0x710187beea,0007,S
0x710187bef1,0016,S
0x710187bf01,0019,S
0x710187bf14,0019,S
0x710187bf27,0011,S
0x710187bf32,0013,S
0x710187bf3f,0019,S
0x710187bf52,0028,S
0x710187bf6e,0024,S
0x710187bf86,0028,S
0x710187bfa2,0025,S
0x710187bfbb,0025,S
0x710187bfd4,0020,S
0x710187bfe8,0034,S
0x710187c00a,0018,S
0x710187c01c,0022,S
0x710187c032,0008,S
0x710187c03a,0013,S
0x710187c047,0013,S
0x710187c054,0013,S
0x710187c061,0007,S
0x710187c068,0013,S
0x710187c075,0018,S
0x710187c087,0025,S
0x710187c0a0,0012,S
0x710187c0ac,0014,S
0x710187c0ba,0009,S
0x710187c0c3,0021,S
0x710187c0d8,0008,S
0x710187c0e0,0011,S
0x710187c0eb,0013,S
0x710187c0f8,0008,S
0x710187c100,0019,S
0x710187c113,0019,S
0x710187c126,0022,S
0x710187c13c,0010,S
0x710187c146,0009,S
0x710187c14f,0007,S
0x710187c156,0009,S
0x710187c15f,0015,S
0x710187c16e,0012,S
0x710187c17a,0016,S
0x710187c18a,0019,S
0x710187c19d,0007,S
0x710187c1a4,0006,S
0x710187c1aa,0007,S
0x710187c1b1,0008,S
0x710187c1b9,0008,S
0x710187c1c1,0005,S
0x710187c1c6,0013,S
0x710187c1d3,0009,S
0x710187c1dc,0005,S
0x710187c1e1,0022,S
0x710187c1f7,0009,S
0x710187c200,0007,S
0x710187c207,0004,S
0x710187c20b,0007,S
0x710187c212,0011,S
0x710187c21d,0007,S
0x710187c224,0011,S
0x710187c22f,0007,S
0x710187c236,0006,S
0x710187c23c,0016,S
0x710187c24c,0016,S
0x710187c25c,0017,S
0x710187c26d,0052,S
0x710187c2a1,0014,S
0x710187c2af,0028,S
0x710187c2cb,0015,S
0x710187c2da,0028,S
0x710187c2f6,0015,S
0x710187c305,0028,S
0x710187c321,0014,S
0x710187c32f,0019,S
0x710187c342,0014,S
0x710187c350,0019,S
0x710187c363,0019,S
0x710187c376,0010,S
0x710187c380,0019,S
0x710187c393,0010,S
0x710187c39d,0018,S
0x710187c3af,0016,S
0x710187c3bf,0019,S
0x710187c3d2,0017,S
0x710187c3e3,0016,S
0x710187c3f3,0006,S
0x710187c3f9,0016,S
0x710187c409,0011,S
0x710187c414,0026,S
0x710187c42e,0019,S
0x710187c441,0013,S
0x710187c44e,0006,S
0x710187c454,0004,S
0x710187c458,0012,S
0x710187c464,0019,S
0x710187c477,0011,S
0x710187c482,0019,S
0x710187c495,0011,S
0x710187c4a0,0031,S
0x710187c4bf,0024,S
0x710187c4d7,0023,S
0x710187c4ee,0019,S
0x710187c501,0026,S
0x710187c51b,0025,S
0x710187c534,0021,S
0x710187c549,0025,S
0x710187c562,0021,S
0x710187c577,0022,S
0x710187c58d,0016,S
0x710187c59d,0034,S
0x710187c5bf,0028,S
0x710187c5db,0054,S
0x710187c611,0019,S
0x710187c624,0025,S
0x710187c63d,0010,S
0x710187c647,0025,S
0x710187c660,0008,S
0x710187c668,0025,S
0x710187c681,0015,S
0x710187c690,0022,S
0x710187c6a6,0013,S
0x710187c6b3,0017,S
0x710187c6c4,0016,S
0x710187c6d4,0019,S
0x710187c6e7,0027,S
0x710187c702,0020,S
0x710187c716,0028,S
0x710187c732,0019,S
0x710187c745,0027,S
0x710187c760,0015,S
0x710187c76f,0013,S
0x710187c77c,0019,S
0x710187c78f,0017,S
0x710187c7a0,0017,S
0x710187c7b1,0016,S
0x710187c7c1,0014,S
0x710187c7cf,0010,S
0x710187c7d9,0019,S
0x710187c7ec,0019,S
0x710187c7ff,0019,S
0x710187c812,0037,S
0x710187c837,0012,S
0x710187c843,0022,S
0x710187c859,0011,S
0x710187c864,0026,S
0x710187c87e,0061,S
0x710187c8bb,0008,S
0x710187c8c3,0009,S
0x710187c8cc,0010,S
0x710187c8d6,0009,S
0x710187c8df,0009,S
0x710187c8e8,0007,S
0x710187c8ef,0014,S
0x710187c8fd,0004,S
0x710187c901,0016,S
0x710187c911,0017,S
0x710187c922,0020,S
0x710187c936,0015,S
0x710187c945,0016,S
0x710187c955,0017,S
0x710187c966,0014,S
0x710187c974,0006,S
0x710187c97a,0006,S
0x710187c980,0008,S
0x710187c988,0015,S
0x710187c997,0020,S
0x710187c9ab,0031,S
0x710187c9ca,0015,S
0x710187c9d9,0046,S
0x710187ca07,0013,S
0x710187ca14,0046,S
0x710187ca42,0040,S
0x710187ca6a,0009,S
0x710187ca73,0022,S
0x710187ca89,0021,S
0x710187ca9e,0014,S
0x710187caac,0022,S
0x710187cac2,0021,S
0x710187cad7,0013,S
0x710187cae4,0047,S
0x710187cb13,0021,S
0x710187cb28,0028,S
0x710187cb44,0029,S
0x710187cb61,0061,S
0x710187cb9e,0015,S
0x710187cbad,0022,S
0x710187cbc3,0020,S
0x710187cbd7,0020,S
0x710187cbeb,0031,S
0x710187cc0a,0020,S
0x710187cc1e,0022,S
0x710187cc34,0029,S
0x710187cc51,0022,S
0x710187cc67,0020,S
0x710187cc7b,0028,S
0x710187cc97,0028,S
0x710187ccb3,0040,S
0x710187ccdb,0016,S
0x710187cceb,0028,S
0x710187cd07,0021,S
0x710187cd1c,0025,S
0x710187cd35,0021,S
0x710187cd4a,0010,S
0x710187cd54,0009,S
0x710187cd5d,0018,S
0x710187cd6f,0017,S
0x710187cd80,0028,S
0x710187cd9c,0009,S
0x710187cda5,0030,S
0x710187cdc3,0031,S
0x710187cde2,0032,S
0x710187ce02,0027,S
0x710187ce1d,0016,S
0x710187ce2d,0022,S
0x710187ce43,0005,S
0x710187ce48,0012,S
0x710187ce54,0005,S
0x710187ce59,0013,S
0x710187ce66,0008,S
0x710187ce6e,0012,S
0x710187ce7a,0010,S
0x710187ce84,0016,S
0x710187ce94,0018,S
0x710187cea6,0018,S
0x710187ceb8,0018,S
0x710187ceca,0012,S
0x710187ced6,0035,S
0x710187cef9,0013,S
0x710187cf06,0017,S
0x710187cf17,0028,S
0x710187cf33,0020,S
0x710187cf47,0043,S
0x710187cf72,0010,S
0x710187cf7c,0040,S
0x710187cfa4,0010,S
0x710187cfae,0016,S
0x710187cfbe,0016,S
0x710187cfce,0022,S
0x710187cfe4,0015,S
0x710187cff3,0013,S
0x710187d000,0011,S
0x710187d00b,0013,S
0x710187d018,0011,S
0x710187d023,0010,S
0x710187d02d,0028,S
0x710187d049,0016,S
0x710187d059,0018,S
0x710187d06b,0038,S
0x710187d091,0024,S
0x710187d0a9,0022,S
0x710187d0bf,0037,S
0x710187d0e4,0022,S
0x710187d0fa,0018,S
0x710187d10c,0024,S
0x710187d124,0018,S
0x710187d136,0007,S
0x710187d13d,0013,S
0x710187d14a,0012,S
0x710187d156,0010,S
0x710187d160,0013,S
0x710187d16d,0014,S
0x710187d17b,0014,S
0x710187d189,0014,S
0x710187d197,0014,S
0x710187d1a5,0014,S
0x710187d1b3,0014,S
0x710187d1c1,0014,S
0x710187d1cf,0014,S
0x710187d1dd,0006,S
0x710187d1e3,0022,S
0x710187d1f9,0055,S
0x710187d230,0011,S
0x710187d23b,0014,S
0x710187d249,0006,S
0x710187d24f,0033,S
0x710187d270,0006,S
0x710187d276,0029,S
0x710187d293,0052,S
0x710187d2c7,0008,S
0x710187d2cf,0022,S
0x710187d2e5,0022,S
0x710187d2fb,0025,S
0x710187d314,0028,S
0x710187d330,0025,S
0x710187d349,0025,S
0x710187d362,0013,S
0x710187d36f,0007,S
0x710187d376,0014,S
0x710187d384,0012,S
0x710187d390,0009,S
0x710187d399,0007,S
0x710187d3a0,0011,S
0x710187d3ab,0021,S
0x710187d3c0,0092,S
0x710187d41c,0041,S
0x710187d445,0014,S
0x710187d453,0025,S
0x710187d46c,0013,S
0x710187d479,0019,S
0x710187d48c,0018,S
0x710187d49e,0016,S
0x710187d4ae,0019,S
0x710187d4c1,0018,S
0x710187d4d3,0010,S
0x710187d4dd,0009,S
0x710187d4e6,0022,S
0x710187d4fc,0016,S
0x710187d50c,0028,S
0x710187d528,0016,S
0x710187d538,0015,S
0x710187d547,0027,S
0x710187d562,0019,S
0x710187d575,0011,S
0x710187d580,0011,S
0x710187d58b,0011,S
0x710187d596,0011,S
0x710187d5a1,0008,S
0x710187d5a9,0008,S
0x710187d5b1,0008,S
0x710187d5b9,0008,S
0x710187d5c1,0008,S
0x710187d5c9,0008,S
0x710187d5d1,0022,S
0x710187d5e7,0012,S
0x710187d5f3,0013,S
0x710187d600,0011,S
0x710187d60b,0020,S
0x710187d61f,0018,S
0x710187d631,0017,S
0x710187d642,0013,S
0x710187d64f,0015,S
0x710187d65e,0016,S
0x710187d66e,0018,S
0x710187d680,0032,S
0x710187d6a0,0050,S
0x710187d6d2,0012,S
0x710187d6de,0004,S
0x710187d6e2,0023,S
0x710187d6f9,0025,S
0x710187d712,0040,S
0x710187d73a,0014,S
0x710187d748,0056,S
0x710187d780,0013,S
0x710187d78d,0024,S
0x710187d7a5,0027,S
0x710187d7c0,0010,S
0x710187d7ca,0037,S
0x710187d7ef,0005,S
0x710187d7f4,0179,S
0x710187d8a7,0028,S
0x710187d8c3,0049,S
0x710187d8f4,0010,S
0x710187d8fe,0010,S
0x710187d908,0009,S
0x710187d911,0009,S
0x710187d91a,0013,S
0x710187d927,0014,S
0x710187d935,0013,S
0x710187d942,0014,S
0x710187d950,0013,S
0x710187d95d,0013,S
0x710187d96a,0014,S
0x710187d978,0014,S
0x710187d986,0009,S
0x710187d98f,0008,S
0x710187d997,0014,S
0x710187d9a5,0013,S
0x710187d9b2,0014,S
0x710187d9c0,0016,S
0x710187d9d0,0020,S
0x710187d9e4,0019,S
0x710187d9f7,0038,S
0x710187da1d,0009,S
0x710187da26,0007,S
0x710187da2d,0013,S
0x710187da3a,0007,S
0x710187da41,0012,S
0x710187da4d,0012,S
0x710187da59,0014,S
0x710187da67,0013,S
0x710187da74,0012,S
0x710187da80,0012,S
0x710187da8c,0019,S
0x710187da9f,0019,S
0x710187dab2,0021,S
0x710187dac7,0021,S
0x710187dadc,0006,S
0x710187dae2,0020,S
0x710187daf6,0020,S
0x710187db0a,0019,S
0x710187db1d,0019,S
0x710187db30,0013,S
0x710187db3d,0019,S
0x710187db50,0019,S
0x710187db63,0022,S
0x710187db79,0016,S
0x710187db89,0013,S
0x710187db96,0015,S
0x710187dba5,0011,S
0x710187dbb0,0014,S
0x710187dbbe,0019,S
0x710187dbd1,0017,S
0x710187dbe2,0016,S
0x710187dbf2,0017,S
0x710187dc03,0017,S
0x710187dc14,0016,S
0x710187dc24,0016,S
0x710187dc34,0007,S
0x710187dc3b,0016,S
0x710187dc4b,0007,S
0x710187dc52,0012,S
0x710187dc5e,0034,S
0x710187dc80,0011,S
0x710187dc8b,0010,S
0x710187dc95,0012,S
0x710187dca1,0018,S
0x710187dcb3,0013,S
0x710187dcc0,0009,S
0x710187dcc9,0018,S
0x710187dcdb,0015,S
0x710187dcea,0016,S
0x710187dcfa,0005,S
0x710187dcff,0015,S
0x710187dd0e,0015,S
0x710187dd1d,0017,S
0x710187dd2e,0030,S
0x710187dd4c,0008,S
0x710187dd54,0008,S
0x710187dd5c,0012,S
0x710187dd68,0035,S
0x710187dd8b,0022,S
0x710187dda1,0047,S
0x710187ddd0,0013,S
0x710187dddd,0015,S
0x710187ddec,0038,S
0x710187de12,0024,S
0x710187de2a,0047,S
0x710187de59,0012,S
0x710187de65,0035,S
0x710187de88,0015,S
0x710187de97,0015,S
0x710187dea6,0011,S
0x710187deb1,0017,S
0x710187dec2,0023,S
0x710187ded9,0023,S
0x710187def0,0024,S
0x710187df08,0009,S
0x710187df11,0010,S
0x710187df1b,0023,S
0x710187df32,0022,S
0x710187df48,0015,S
0x710187df57,0022,S
0x710187df6d,0020,S
0x710187df81,0021,S
0x710187df96,0031,S
0x710187dfb5,0023,S
0x710187dfcc,0009,S
0x710187dfd5,0016,S
0x710187dfe5,0011,S
0x710187dff0,0022,S
0x710187e006,0024,S
0x710187e01e,0037,S
0x710187e043,0014,S
0x710187e051,0024,S
0x710187e069,0023,S
0x710187e080,0056,S
0x710187e0b8,0014,S
0x710187e0c6,0031,S
0x710187e0e5,0026,S
0x710187e0ff,0052,S
0x710187e133,0024,S
0x710187e14b,0052,S
0x710187e17f,0025,S
0x710187e198,0052,S
0x710187e1cc,0023,S
0x710187e1e3,0052,S
0x710187e217,0019,S
0x710187e22a,0031,S
0x710187e249,0023,S
0x710187e260,0040,S
0x710187e288,0019,S
0x710187e29b,0043,S
0x710187e2c6,0017,S
0x710187e2d7,0046,S
0x710187e305,0015,S
0x710187e314,0052,S
0x710187e348,0019,S
0x710187e35b,0043,S
0x710187e386,0025,S
0x710187e39f,0049,S
0x710187e3d0,0013,S
0x710187e3dd,0052,S
0x710187e411,0014,S
0x710187e41f,0037,S
0x710187e444,0018,S
0x710187e456,0044,S
0x710187e482,0021,S
0x710187e497,0044,S
0x710187e4c3,0019,S
0x710187e4d6,0035,S
0x710187e4f9,0020,S
0x710187e50d,0035,S
0x710187e530,0017,S
0x710187e541,0057,S
0x710187e57a,0019,S
0x710187e58d,0046,S
0x710187e5bb,0017,S
0x710187e5cc,0029,S
0x710187e5e9,0016,S
0x710187e5f9,0031,S
0x710187e618,0028,S
0x710187e634,0033,S
0x710187e655,0038,S
0x710187e67b,0015,S
0x710187e68a,0019,S
0x710187e69d,0018,S
0x710187e6af,0016,S
0x710187e6bf,0017,S
0x710187e6d0,0021,S
0x710187e6e5,0018,S
0x710187e6f7,0019,S
0x710187e70a,0011,S
0x710187e715,0010,S
0x710187e71f,0008,S
0x710187e727,0007,S
0x710187e72e,0007,S
0x710187e735,0031,S
0x710187e754,0010,S
0x710187e75e,0040,S
0x710187e786,0017,S
0x710187e797,0037,S
0x710187e7bc,0020,S
0x710187e7d0,0034,S
0x710187e7f2,0009,S
0x710187e7fb,0028,S
0x710187e817,0008,S
0x710187e81f,0013,S
0x710187e82c,0014,S
0x710187e83a,0025,S
0x710187e853,0016,S
0x710187e863,0019,S
0x710187e876,0020,S
0x710187e88a,0025,S
0x710187e8a3,0016,S
0x710187e8b3,0013,S
0x710187e8c0,0022,S
0x710187e8d6,0028,S
0x710187e8f2,0016,S
0x710187e902,0025,S
0x710187e91b,0006,S
0x710187e921,0005,S
0x710187e926,0015,S
0x710187e935,0019,S
0x710187e948,0015,S
0x710187e957,0012,S
0x710187e963,0012,S
0x710187e96f,0011,S
0x710187e97a,0016,S
0x710187e98a,0013,S
0x710187e997,0016,S
0x710187e9a7,0012,S
0x710187e9b3,0022,S
0x710187e9c9,0012,S
0x710187e9d5,0028,S
0x710187e9f1,0007,S
0x710187e9f8,0011,S
0x710187ea03,0028,S
0x710187ea1f,0010,S
0x710187ea29,0038,S
0x710187ea4f,0010,S
0x710187ea59,0010,S
0x710187ea63,0011,S
0x710187ea6e,0017,S
0x710187ea7f,0007,S
0x710187ea86,0004,S
0x710187ea8a,0013,S
0x710187ea97,0019,S
0x710187eaaa,0021,S
0x710187eabf,0025,S
0x710187ead8,0013,S
0x710187eae5,0022,S
0x710187eafb,0014,S
0x710187eb09,0023,S
0x710187eb20,0011,S
0x710187eb2b,0009,S
0x710187eb34,0007,S
0x710187eb3b,0012,S
0x710187eb47,0007,S
0x710187eb4e,0013,S
0x710187eb5b,0019,S
0x710187eb6e,0007,S
0x710187eb75,0008,S
0x710187eb7d,0012,S
0x710187eb89,0016,S
0x710187eb99,0015,S
0x710187eba8,0017,S
0x710187ebb9,0025,S
0x710187ebd2,0020,S
0x710187ebe6,0031,S
0x710187ec05,0026,S
0x710187ec1f,0025,S
0x710187ec38,0022,S
0x710187ec4e,0046,S
0x710187ec7c,0024,S
0x710187ec94,0028,S
0x710187ecb0,0020,S
0x710187ecc4,0019,S
0x710187ecd7,0016,S
0x710187ece7,0028,S
0x710187ed03,0022,S
0x710187ed19,0049,S
0x710187ed4a,0016,S
0x710187ed5a,0052,S
0x710187ed8e,0023,S
0x710187eda5,0058,S
0x710187eddf,0022,S
0x710187edf5,0055,S
0x710187ee2c,0021,S
0x710187ee41,0045,S
0x710187ee6e,0020,S
0x710187ee82,0042,S
0x710187eeac,0018,S
0x710187eebe,0031,S
0x710187eedd,0025,S
0x710187eef6,0013,S
0x710187ef03,0014,S
0x710187ef11,0013,S
0x710187ef1e,0013,S
0x710187ef2b,0013,S
0x710187ef38,0013,S
0x710187ef45,0025,S
0x710187ef5e,0012,S
0x710187ef6a,0034,S
0x710187ef8c,0011,S
0x710187ef97,0034,S
0x710187efb9,0014,S
0x710187efc7,0061,S
0x710187f004,0018,S
0x710187f016,0025,S
0x710187f02f,0012,S
0x710187f03b,0019,S
0x710187f04e,0011,S
0x710187f059,0022,S
0x710187f06f,0013,S
0x710187f07c,0040,S
0x710187f0a4,0070,S
0x710187f0ea,0009,S
0x710187f0f3,0016,S
0x710187f103,0050,S
0x710187f135,0020,S
0x710187f149,0042,S
0x710187f173,0028,S
0x710187f18f,0048,S
0x710187f1bf,0027,S
0x710187f1da,0014,S
0x710187f1e8,0013,S
0x710187f1f5,0007,S
0x710187f1fc,0012,S
0x710187f208,0014,S
0x710187f216,0129,S
0x710187f297,0007,S
0x710187f29e,0007,S
0x710187f2a5,0115,S
0x710187f318,0008,S
0x710187f320,0009,S
0x710187f329,0008,S
0x710187f331,0006,S
0x710187f337,0082,S
0x710187f389,0005,S
0x710187f38e,0009,S
0x710187f397,0008,S
0x710187f39f,0013,S
0x710187f3ac,0025,S
0x710187f3c5,0012,S
0x710187f3d1,0019,S
0x710187f3e4,0004,S
0x710187f3e8,0006,S
0x710187f3ee,0006,S
0x710187f3f4,0006,S
0x710187f3fa,0006,S
0x710187f400,0007,S
0x710187f407,0007,S
0x710187f40e,0007,S
0x710187f415,0007,S
0x710187f41c,0006,S
0x710187f422,0007,S
0x710187f429,0007,S
0x710187f430,0007,S
0x710187f437,0007,S
0x710187f43e,0010,S
0x710187f448,0010,S
0x710187f452,0009,S
0x710187f45b,0010,S
0x710187f465,0007,S
0x710187f46c,0007,S
0x710187f473,0006,S
0x710187f479,0008,S
0x710187f481,0008,S
0x710187f489,0008,S
0x710187f491,0008,S
0x710187f499,0007,S
0x710187f4a0,0012,S
0x710187f4ac,0011,S
0x710187f4b7,0011,S
0x710187f4c2,0009,S
0x710187f4cb,0009,S
0x710187f4d4,0009,S
0x710187f4dd,0009,S
0x710187f4e6,0011,S
0x710187f4f1,0011,S
0x710187f4fc,0011,S
0x710187f507,0008,S
0x710187f50f,0008,S
0x710187f517,0007,S
0x710187f51e,0010,S
0x710187f528,0010,S
0x710187f532,0010,S
0x710187f53c,0010,S
0x710187f546,0009,S
0x710187f54f,0010,S
0x710187f559,0010,S
0x710187f563,0009,S
0x710187f56c,0009,S
0x710187f575,0007,S
0x710187f57c,0009,S
0x710187f585,0007,S
0x710187f58c,0009,S
0x710187f595,0007,S
0x710187f59c,0007,S
0x710187f5a3,0007,S
0x710187f5aa,0007,S
0x710187f5b1,0008,S
0x710187f5b9,0008,S
0x710187f5c1,0017,S
0x710187f5d2,0002,S
0x710187f5d4,0002,S
0x710187f5d6,0018,S
0x710187f5e8,0027,S
0x710187f603,0008,S
0x710187f60b,0023,S
0x710187f622,0012,S
0x710187f62e,0039,S
0x710187f655,0012,S
0x710187f661,0015,S
0x710187f670,0013,S
0x710187f67d,0011,S
0x710187f688,0015,S
0x710187f697,0026,S
0x710187f6b1,0024,S
0x710187f6c9,0004,S
0x710187f6cd,0022,S
0x710187f6e3,0021,S
0x710187f6f8,0016,S
0x710187f708,0011,S
0x710187f713,0014,S
0x710187f721,0014,S
0x710187f72f,0014,S
0x710187f73d,0010,S
0x710187f747,0038,S
0x710187f76d,0010,S
0x710187f777,0015,S
0x710187f786,0014,S
0x710187f794,0006,S
0x710187f79a,0065,S
0x710187f7db,0040,S
0x710187f803,0033,S
0x710187f824,0075,S
0x710187f86f,0021,S
0x710187f884,0018,S
0x710187f896,0016,S
0x710187f8a6,0017,S
0x710187f8b7,0009,S
0x710187f8c0,0046,S
0x710187f8ee,0038,S
0x710187f914,0034,S
0x710187f936,0040,S
0x710187f95e,0007,S
0x710187f965,0004,S
0x710187f969,0003,S
0x710187f96c,0003,S
0x710187f96f,0010,S
0x710187f979,0005,S
0x710187f97e,0007,S
0x710187f985,0010,S
0x710187f98f,0028,S
0x710187f9ab,0004,S
0x710187f9af,0014,S
0x710187f9bd,0009,S
0x710187f9c6,0026,S
0x710187f9e0,0026,S
0x710187f9fa,0032,S
0x710187fa1a,0096,S
0x710187fa7a,0046,S
0x710187faa8,0004,S
0x710187faac,0004,S
0x710187fab0,0012,S
0x710187fabc,0010,S
0x710187fac6,0033,S
0x710187fae7,0006,S
0x710187faed,0010,S
0x710187faf7,0019,S
0x710187fb0a,0008,S
0x710187fb12,0012,S
0x710187fb1e,0023,S
0x710187fb35,0035,S
0x710187fb58,0007,S
0x71018acfbc,0010,U
0x71018acfc6,0002,U
0x71018acfc8,0010,U
0x71018acfd2,0012,U
0x71018acfde,0006,U
0x71018acfe4,0004,U
0x71018acfe8,0004,U
0x71018acfec,0014,U
0x71018acffa,0008,U
0x71018ad002,0006,U
0x71018ad008,0010,U
0x71018ad012,0004,U
0x71018ad016,0006,U
0x71018ad01c,0012,U
0x71018ad028,0012,U
0x71018ad034,0014,U
0x71018ad042,0010,U
0x71018ad04c,0004,U
0x71018ad050,0016,U
0x71018ad060,0008,U
0x71018ad068,0036,U
0x71018ad08c,0008,U
0x71018ad094,0012,U
0x71018ad0a0,0012,U
0x71018ad0ac,0012,U
0x71018ad0b8,0012,U
0x71018ad0c4,0012,U
0x71018ad0d0,0012,U
0x71018ad0dc,0010,U
0x71018ad0e6,0010,U
0x71018ad0f0,0008,U
0x71018ad0f8,0010,U
0x71018ad102,0010,U
0x71018ad10c,0016,U
0x71018ad11c,0014,U
0x71018ad12a,0014,U
0x71018ad138,0004,U
0x71018ad13c,0004,U
0x71018ad140,0018,U
0x71018ad152,0022,U
0x71018ad168,0010,U
0x71018ad172,0010,U
0x71018ad17c,0010,U
0x71018ad186,0010,U
0x71018ad190,0004,U
0x71018ad194,0008,U
0x71018ad19c,0008,U
0x71018ad1a4,0008,U
0x71018ad1ac,0008,U
0x71018e7fd8,0036,B
0x71018e9580,0004,B
0x71018e9584,0004,B
0x71018e9588,0004,B
0x71018f33cc,0004,B
0x71018f5a04,0065,B
0x71018f5a45,0128,B
0x71018f5b08,0008,B
0x71018f8340,0002,B
0x71018f83f8,0004,B
0x71018f8400,0008,B
0x71018f8408,0008,B
0x71018f8410,0008,B
0x71018f8418,0004,B
0x71018f841c,0004,B
0x71018f8420,0008,B
0x71018f8428,0004,B
0x71018f842c,0004,B
0x71018f8430,0004,B
0x71018f8434,0004,B
0x71018f8438,0004,B
0x71018f843c,0004,B
0x71018f8440,0004,B
0x71018f8444,0004,B
0x71018f8448,0004,B
0x71018f9846,0001,B
0x71018f9848,0008,B
0x71018f9850,0008,B
0x71018f9858,0004,B
0x71018f985c,0004,B
0x71018f9860,0008,B
0x71018f9868,0008,B
0x71018f9d68,0004,B
0x71018f9d6c,0004,B
0x71018f9d70,0004,B
0x71018f9d74,0004,B
0x71018f9d78,0004,B
0x71018f9d7c,0004,B
0x71018f9d80,0004,B
0x71018f9d84,0004,B
0x71018f9d88,0004,B
0x71018fa618,0096,B
0x71018fe5c8,0008,B
0x71018ff0e4,0016,B
0x71018ff0f4,0016,B
0x71018ff104,0036,B
0x71018ff128,0036,B
0x71018ff14c,0048,B
0x71018ff17c,0048,B
0x71018ff1ac,0064,B
0x71018ff1ec,0064,B
0x71018ff230,0032,B
0x71018ff250,0032,B
0x71018ff270,0072,B
0x71018ff2b8,0072,B
0x71018ff300,0096,B
0x71018ff360,0096,B
0x71018ff3c0,0128,B
0x71018ff440,0128,B
0x71018ff4c0,0016,B
0x71018ff4d0,0032,B
0x71018ff4f0,0008,B
0x71018ff4f8,0008,B
0x71018ff500,0008,B
0x71018ff508,0008,B
0x71018ff510,0012,B
0x71018ff51c,0012,B
0x71018ff528,0012,B
0x71018ff534,0012,B
0x71018ff540,0012,B
0x71018ff54c,0016,B
0x71018ff55c,0016,B
0x71018ff56c,0016,B
0x71018ff57c,0016,B
0x71018ff58c,0016,B
0x71018ff59c,0016,B
0x71018ff5ac,0008,B
0x71018ff5b4,0008,B
0x71018ff5bc,0008,B
0x71018ff5c4,0008,B
0x71018ff5cc,0012,B
0x71018ff5d8,0012,B
0x71018ff5e4,0012,B
0x71018ff5f0,0012,B
0x71018ff5fc,0012,B
0x71018ff608,0016,B
0x71018ff618,0016,B
0x71018ff628,0016,B
0x71018ff638,0016,B
0x71018ff648,0016,B
0x71018ff658,0016,B
0x71018ff668,0008,B
0x71018ff670,0008,B
0x71018ff678,0008,B
0x71018ff680,0008,B
0x71018ff688,0012,B
0x71018ff694,0012,B
0x71018ff6a0,0012,B
0x71018ff6ac,0012,B
0x71018ff6b8,0012,B
0x71018ff6c4,0016,B
0x71018ff6d4,0016,B
0x71018ff6e4,0016,B
0x71018ff6f4,0016,B
0x71018ff704,0016,B
0x71018ff714,0016,B
0x71018ff728,0016,B
0x71018ff738,0016,B
0x71018ff748,0016,B
0x71018ff758,0016,B
0x71018ff768,0024,B
0x71018ff780,0024,B
0x71018ff798,0024,B
0x71018ff7b0,0024,B
0x71018ff7c8,0024,B
0x71018ff7e0,0032,B
0x71018ff800,0032,B
0x71018ff820,0032,B
0x71018ff840,0032,B
0x71018ff860,0032,B
0x71018ff880,0032,B
0x71018ffa8b,0001,B
0x71018ffa8c,0001,B
0x71018ffa8e,0002,B
0x71018ffa90,0002,B
0x7101916c4c,0004,B
0x7101916e24,0004,B
0x7101916e28,0004,B
0x7101916e2c,0004,B
0x7101916e30,0004,B
0x7101916e34,0004,B
0x7101916e38,0004,B
0x7101916e3c,0004,B
0x7101916e40,0004,B
0x7101916e44,0004,B
0x7101916e48,0004,B
0x7101916e4c,0004,B
0x7101916e50,0016,B
0x7101916e60,0016,B
0x7101916e70,0016,B
0x7101916e80,0016,B
0x7101916e90,0016,B
0x7101916ea0,0016,B
0x7101916eb0,0016,B
0x7101916ec0,0016,B
0x7101916ed0,0016,B
0x71019176fc,0004,B
0x7101917798,0004,B
0x710191779c,0004,B
0x71019177a0,0008,B
0x71019177a8,0008,B
0x710191782c,4112,B
0x710191883c,1032,B
0x7101918c44,0264,B
0x7101918d4c,2056,B
0x7101919578,0004,B
0x710191957c,0004,B
0x710191aae4,0036,B
0x710191ab34,0036,B
0x710191ab84,0036,B
0x710191b9a4,0004,B
0x710191d9b8,1300,B
0x710191f4f8,0004,B
0x710191f4fc,0004,B
0x710191f500,0004,B
0x710191f504,0004,B
0x710191f508,0004,B
0x710191f50c,0004,B
0x710191f510,0004,B
0x7101923d98,0012,B
0x710192c4b8,0004,B
0x710192c4bc,0004,B
0x7101930a74,0004,B
0x7101930ac0,0004,B
0x7101930ac4,0004,B
0x7101930ac8,0001,B
0x7101930ac9,0001,B
0x7101930aca,0001,B
0x7101930acb,0001,B
0x7101930acc,0004,B
0x7101930ad0,0004,B
0x7101930ad4,0004,B
0x7101930ad8,0004,B
0x7101930adc,0004,B
0x7101930ae0,0004,B
0x7101930ae4,0004,B
0x7101930ae8,0004,B
0x7101930aec,0004,B
0x7101930af0,0004,B
0x7101930af4,0004,B
0x7101930b2c,0004,B
0x7101930b30,0004,B
0x7101930b34,0004,B
0x7101930b7c,0004,B
0x7101930c14,0004,B
0x7101930c18,0004,B
0x7101930c1c,0004,B
0x7101930c20,0004,B
0x7101930c24,0004,B
0x7101930c28,0004,B
0x7101930c2c,0004,B
0x7101930c30,0004,B
0x7101930c34,0004,B
0x7101930c38,0004,B
0x7101930c3c,0004,B
0x7101930c40,0004,B
0x7101930c44,0004,B
0x7101930c48,0004,B
0x7101930c4c,0004,B
0x7101930c50,0004,B
0x7101930c54,0004,B
0x7101930ca8,0004,B
0x7101930d00,0004,B
0x7101930d04,0002,B
0x7101930d08,0004,B
0x7101930d0c,0004,B
0x7101930d1c,0004,B
0x7101930d20,0004,B
0x7101930d24,0004,B
0x7101930d28,0004,B
0x7101930d2c,0004,B
0x7101930d30,0004,B
0x7101930d34,0006,B
0x7101930d3a,0006,B
0x7101930d40,0006,B
0x7101930d46,0006,B
0x7101930d4c,0006,B
0x7101930d52,0006,B
0x7101930da0,0004,B
0x7101930da4,0004,B
0x7101930dd8,0004,B
0x7101930ddc,0004,B
0x7101930de0,0004,B
0x7101930de4,0004,B
0x7101930de8,0004,B
0x7101930e08,0006,B
0x7101930e10,0004,B
0x7101930e14,0004,B
0x7101930e18,0004,B
0x7101930e1c,0004,B
0x7101930e20,0004,B
0x7101930e24,0004,B
0x7101930e28,0004,B
0x7101930e2c,0004,B
0x7101930e30,0004,B
0x7101930e34,0004,B
0x7101930e38,0004,B
0x7101930e3c,0004,B
0x7101930e40,0004,B
0x7101930e44,0004,B
0x7101930e48,0004,B
0x7101930e4c,0004,B
0x7101930e50,0004,B
0x7101930e54,0004,B
0x7101930e58,0004,B
0x7101930e5c,0004,B
0x7101930e60,0001,B
0x7101930e64,0004,B
0x7101930e68,0004,B
0x7101930e6c,0004,B
0x7101930e70,0001,B
0x7101930e71,0001,B
0x7101930e72,0001,B
0x7101930e73,0001,B
0x7101930ea0,0004,B
0x7101930ea4,0004,B
0x7101930ea8,0004,B
0x7101930eac,0004,B
0x7101930eb0,0004,B
0x7101930eb4,0004,B
0x7101930eb8,0004,B
0x7101930ebc,0004,B
0x71019310ec,0004,B
0x71019310f0,0004,B
0x71019310f4,0004,B
0x71019310f8,0004,B
0x71019310fc,0004,B
0x7101931100,0004,B
0x7101931104,0004,B
0x7101931108,0004,B
0x710193110c,0004,B
0x7101931110,0004,B
0x7101931170,0004,B
0x7101931240,0004,B
0x7101931294,0004,B
0x7101931298,0004,B
0x710193129c,0004,B
0x71019313f8,0004,B
0x71019313fc,0004,B
0x7101931478,0004,B
0x710193147c,0004,B
0x71019314b4,0004,B
0x71019314b8,0004,B
0x71019314bc,0004,B
0x71019314c0,0004,B
0x71019314c4,0004,B
0x71019314c8,0004,B
0x71019314cc,0004,B
0x71019314d0,0004,B
0x71019314d4,0256,B
0x71019317fc,0004,B
0x710193187c,0004,B
0x7101931880,0004,B
0x7101931884,0004,B
0x7101931888,0004,B
0x710193188c,0004,B
0x7101931890,0004,B
0x7101931894,0004,B
0x7101931898,0048,B
0x71019318c8,0240,B
0x71019319b8,0240,B
0x7101931aa8,0004,B
0x7101931aac,0004,B
0x7101932df4,0004,B
0x7101934620,0004,B
0x7101934624,0004,B
0x7101934628,0004,B
0x710193462c,0004,B
0x7101934630,0004,B
0x7101934634,0004,B
0x7101934638,0001,B
0x7101934639,0001,B
0x710193463c,0004,B
0x7101934640,0004,B
0x7101934644,0004,B
0x710193467c,0004,B
0x71019346a4,0004,B
0x71019346a8,0004,B
0x71019346ac,0004,B
0x71019346b0,0004,B
0x71019346b4,0004,B
0x71019346b8,0004,B
0x71019346bc,0004,B
0x71019346c0,0004,B
0x71019346c4,0004,B
0x71019346c8,0004,B
0x71019346cc,0004,B
0x71019346d0,0004,B
0x71019346d4,0004,B
0x71019346d8,0004,B
0x71019346dc,0004,B
0x71019346e0,0004,B
0x71019346e4,0004,B
0x71019346e8,0004,B
0x71019346ec,0004,B
0x71019346f0,0004,B
0x71019346f4,0004,B
0x71019346f8,0004,B
0x71019346fc,0004,B
0x7101934760,0004,B
0x7101934764,0004,B
0x7101934768,0004,B
0x710193476c,0004,B
0x7101934770,0004,B
0x7101934774,0004,B
0x71019347bc,0004,B
0x71019347c0,0004,B
0x71019347c4,0004,B
0x71019347c8,0004,B
0x7101934840,0004,B
0x7101934864,0004,B
0x7101934888,0004,B
0x710193488c,0004,B
0x7101934890,0004,B
0x7101934894,0004,B
0x7101934898,0004,B
0x710193489c,0004,B
0x71019348a0,0004,B
0x71019348a4,0004,B
0x71019348a8,0004,B
0x71019348ac,0004,B
0x71019348b0,0004,B
0x71019348b8,0008,B
0x71019348c0,0008,B
0x71019348c8,0004,B
0x71019348cc,0004,B
0x71019348d0,0004,B
0x71019348d4,0004,B
0x71019348d8,0004,B
0x71019348f8,0004,B
0x71019348fc,0004,B
0x7101934900,0004,B
0x7101934904,0004,B
0x7101934908,0004,B
0x710193490c,0004,B
0x7101934910,0004,B
0x7101934914,0004,B
0x7101934918,0004,B
0x710193491c,0004,B
0x7101934920,0004,B
0x7101934924,0004,B
0x71019349e8,0008,B
0x7101934a18,0008,B
0x7101934a20,0004,B
0x7101934a24,0004,B
0x7101934a28,0004,B
0x7101934a2c,0004,B
0x7101934a30,0004,B
0x7101934a44,0004,B
0x7101934a48,0004,B
0x7101934a50,0008,B
0x7101934aa4,0004,B
0x7101934aa8,0004,B
0x7101934b1c,0004,B
0x7101934b20,0004,B
0x7101934b24,0004,B
0x7101934b58,0004,B
0x7101934b5c,0004,B
0x7101934b60,0004,B
0x7101934b64,0004,B
0x7101934b68,0004,B
0x7101934b6c,1120,B
0x7101934fcc,0970,B
0x7101935396,1220,B
0x710193585a,0930,B
0x7101935bfc,0930,B
0x7101935f9e,1120,B
0x71019363fe,0970,B
0x71019367c8,1220,B
0x7101936c8c,0930,B
0x710193702e,0930,B
0x71019379ec,0004,B
0x71019379f0,0004,B
0x71019379f4,0004,B
0x71019379f8,0004,B
0x7101937aa0,0004,B
0x7101937aa4,0004,B
0x7101937aa8,0004,B
0x7101937ac0,0008,B
0x7101937ac8,0008,B
0x7101937ad0,0008,B
0x7101937ad8,0004,B
0x7101937adc,0004,B
0x7101937ae0,0008,B
0x7101937bc0,0004,B
0x7101937c50,0004,B
0x7101937c54,0004,B
0x7101937fb0,0004,B
0x710193b2f4,0016,B
0x710193b304,0024,B
0x710193b31c,0008,B
0x710193b324,0024,B
0x710193b33c,0032,B
0x710193b35c,0024,B
0x710193b374,0032,B
0x710193b394,0024,B
0x710193b440,0004,B
0x710193b4e0,0008,B
0x710193b6f4,0004,B
0x71019538c0,0024,B
0x71019538d8,0036,B
0x71019538fc,0048,B
0x710195392c,0072,B
0x7101953974,0096,B
0x71019539d4,0144,B
0x7101953a64,0240,B
0x7101953b54,0384,B
0x7101953cd4,0024,B
0x7101953cec,0036,B
0x7101953d10,0048,B
0x7101953d40,0060,B
0x7101953d7c,0072,B
0x7101953dc4,0084,B
0x7101953e18,0096,B
0x7101953e78,0108,B
0x7101953ee4,0120,B
0x7101953f5c,0132,B
0x7101953fe0,0144,B
0x7101954070,0156,B
0x710195410c,0168,B
0x71019541b4,0180,B
0x7101954268,0192,B
0x7101954328,0204,B
0x71019543f4,0216,B
0x71019544cc,0228,B
0x71019545b0,0240,B
0x71019546a0,0252,B
0x710195479c,0264,B
0x71019548a4,0276,B
0x71019549b8,0288,B
0x7101954ad8,0300,B
0x7101954c04,0312,B
0x7101954d3c,0324,B
0x7101954e80,0336,B
0x7101954fd0,0348,B
0x710195512c,0360,B
0x7101955294,0372,B
0x7101955408,0384,B
0x7101955588,0396,B
0x7101955714,0408,B
0x71019558ac,0420,B
0x7101955a50,0432,B
0x7101955c00,0444,B
0x7101955dbc,0456,B
0x7101955f84,0468,B
0x7101956158,0480,B
0x7101956338,0492,B
0x7101956524,0504,B
0x710195671c,0516,B
0x7101956920,0528,B
0x7101956b30,0540,B
0x7101956d4c,0552,B
0x7101956f74,0564,B
0x71019571a8,0576,B
0x71019573e8,0588,B
0x7101957634,0600,B
0x710195788c,0612,B
0x7101957af0,0624,B
0x7101957d60,0636,B
0x7101957fdc,0648,B
0x7101958264,0660,B
0x71019584f8,0672,B
0x7101958798,0684,B
0x7101958a44,0696,B
0x7101958cfc,0708,B
0x7101958fc0,0720,B
0x7101959290,0732,B
0x710195956c,0744,B
0x7101959854,0756,B
0x7101959b48,0768,B
0x710195a0a9,0024,B
0x710195a0c2,0048,B
0x710195a0f4,0096,B
0x710195a52a,0028,B
0x710195a590,0112,B
0x710195a68f,0001,B
0x710195a830,0096,B
0x710195ad2c,0016,B
0x710195b7a8,0064,B
