Address,Size,Name
0x71018e7fd8,0036,_ZZN3agl3utl14ParameterCurveILj1EE5resetEvE12s_initialize
0x71018e9580,0004,_ZN10CollectBgm22cSituationNameListSizeE
0x71018e9584,0004,cCollectBgmListSize
0x71018e9588,0004,cCollectBgmBailoutInfoTableSize
0x71018f33cc,0004,_ZN2nn3nex29DataStoreNewArrivalCheckToken13CHECKSUM_SIZEE
0x71018f5a04,0065,_ZN2nn3nex16StringConversion12base64_charsE
0x71018f5a45,0128,_ZN2nn3nex16StringConversion13base64_valuesE
0x71018f5b08,0008,_ZN2nn3nex4Time9FREQUENCYE
0x71018f8340,0002,_ZN2nn3nex13RootTransport25DEFAULT_RELAY_SERVER_PORTE
0x71018f83f8,0004,_ZN2nn3nex6Stream34DEFAULT_RV_TRANSPORT_PROTOCOL_TYPEE
0x71018f8400,0008,_ZN2nn3nex12RelayMessage14SIGNATURE_SIZEE
0x71018f8408,0008,_ZN2nn3nex12RelayMessage11HEADER_SIZEE
0x71018f8410,0008,_ZN2nn3nex12RelayMessage16PING_HEADER_SIZEE
0x71018f8418,0004,_ZN2nn3nex12RelayMessage17GAMESERVER_XOR_IDE
0x71018f841c,0004,_ZN2nn3nex12RelayMessage16GATHERING_XOR_IDE
0x71018f8420,0008,_ZN2nn3nex12RelayMessage43MAX_SIGNED_PAYLOAD_SIZE_RELAYTYPE_RELAYDATAE
0x71018f8428,0004,_ZN2nn3nex12RelayMessage21VALID_TIMESTAMP_RANGEE
0x71018f842c,0004,_ZN2nn3nex12RelayMessage19TEST_GAME_SERVER_IDE
0x71018f8430,0004,_ZN2nn3nex12RelayMessage27PACKET_LOSS_CHECK_SERVER_IDE
0x71018f8434,0004,_ZN2nn3nex13PRUDPEndPoint29INITIAL_DISCONNECT_PACKET_RTOE
0x71018f8438,0004,_ZN2nn3nex13PRUDPEndPoint25MAX_DISCONNECT_PACKET_RTOE
0x71018f843c,0004,_ZN2nn3nex11PRUDPStream31CHECK_SOCKET_STATUS_INTERVAL_MSE
0x71018f8440,0004,_ZN2nn3nex11PRUDPStream27SERVICE_TIMEOUT_INTERVAL_MSE
0x71018f8444,0004,_ZN2nn3nex11PRUDPStream35PURGE_DELETED_ENDPOINTS_INTERVAL_MSE
0x71018f8448,0004,_ZN2nn3nex3RTT18MIN_DEVIATION_GAINE
0x71018f9846,0001,_ZN2nn3nex15WebSocketClient28WS_REGARD_AS_DEAD_PING_COUNTE
0x71018f9848,0008,_ZN2nn3nex15WebSocketClient29WS_REASON_MESSAGE_BUFFER_SIZEE
0x71018f9850,0008,_ZN2nn3nex15WebSocketClient27WS_RECV_MESSAGE_BUFFER_SIZEE
0x71018f9858,0004,_ZN2nn3nex15WebSocketClient26WS_CONNECT_SLEEP_TIME_MSECE
0x71018f985c,0004,_ZN2nn3nex15WebSocketClient33WS_CONNECT_SEND_RECV_TIMEOUT_MSECE
0x71018f9860,0008,_ZN2nn3nex15WebSocketClient22WS_MESSAGE_HEADER_SIZEE
0x71018f9868,0008,_ZN2nn3nex15WebSocketClient12MAX_URL_SIZEE
0x71018f9d68,0004,_ZN2nn3nex6Socket14SOCKET_SUCCESSE
0x71018f9d6c,0004,_ZN2nn3nex6Socket10SOCKET_ERRE
0x71018f9d70,0004,_ZN2nn3nex6Socket31DEFAULT_TRANSPORT_PROTOCOL_TYPEE
0x71018f9d74,0004,_ZN2nn3nex12SocketDriver31DEFAULT_CONNECT_THREAD_PRIORITYE
0x71018f9d78,0004,_ZN2nn3nex15WebSocketDriver34HTTP_STATUS_CODE_UNDER_MAINTENANCEE
0x71018f9d7c,0004,_ZN2nn3nex15WebSocketDriver21HTTP_STATUS_CODE_GONEE
0x71018f9d80,0004,_ZN2nn3nex15WebSocketDriver43HTTP_STATUS_CODE_APPLICATION_VERSION_IS_OLDE
0x71018f9d84,0004,_ZN2nn3nex15WebSocketDriver31HTTP_STATUS_CODE_OUT_OF_SERVICEE
0x71018f9d88,0004,_ZN2nn3nex31ConnectionOrientedSocketManager24BLOCKING_RECV_TIMEOUT_MSE
0x71018fa618,0096,_ZN2nn3nex17BuiltInPrincipals11SystemUsersE
0x71018fe5c8,0008,_ZN2nn3g3d7ResFile9SignatureE
0x71018ff0e4,0016,_ZN4sead8Matrix22IfE4zeroE
0x71018ff0f4,0016,_ZN4sead8Matrix22IfE5identE
0x71018ff104,0036,_ZN4sead8Matrix33IfE4zeroE
0x71018ff128,0036,_ZN4sead8Matrix33IfE5identE
0x71018ff14c,0048,_ZN4sead8Matrix34IfE4zeroE
0x71018ff17c,0048,_ZN4sead8Matrix34IfE5identE
0x71018ff1ac,0064,_ZN4sead8Matrix44IfE4zeroE
0x71018ff1ec,0064,_ZN4sead8Matrix44IfE5identE
0x71018ff230,0032,_ZN4sead8Matrix22IdE4zeroE
0x71018ff250,0032,_ZN4sead8Matrix22IdE5identE
0x71018ff270,0072,_ZN4sead8Matrix33IdE4zeroE
0x71018ff2b8,0072,_ZN4sead8Matrix33IdE5identE
0x71018ff300,0096,_ZN4sead8Matrix34IdE4zeroE
0x71018ff360,0096,_ZN4sead8Matrix34IdE5identE
0x71018ff3c0,0128,_ZN4sead8Matrix44IdE4zeroE
0x71018ff440,0128,_ZN4sead8Matrix44IdE5identE
0x71018ff4c0,0016,_ZN4sead4QuatIfE4unitE
0x71018ff4d0,0032,_ZN4sead4QuatIdE4unitE
0x71018ff4f0,0008,_ZN4sead7Vector2IiE4zeroE
0x71018ff4f8,0008,_ZN4sead7Vector2IiE2exE
0x71018ff500,0008,_ZN4sead7Vector2IiE2eyE
0x71018ff508,0008,_ZN4sead7Vector2IiE4onesE
0x71018ff510,0012,_ZN4sead7Vector3IiE4zeroE
0x71018ff51c,0012,_ZN4sead7Vector3IiE2exE
0x71018ff528,0012,_ZN4sead7Vector3IiE2eyE
0x71018ff534,0012,_ZN4sead7Vector3IiE2ezE
0x71018ff540,0012,_ZN4sead7Vector3IiE4onesE
0x71018ff54c,0016,_ZN4sead7Vector4IiE4zeroE
0x71018ff55c,0016,_ZN4sead7Vector4IiE2exE
0x71018ff56c,0016,_ZN4sead7Vector4IiE2eyE
0x71018ff57c,0016,_ZN4sead7Vector4IiE2ezE
0x71018ff58c,0016,_ZN4sead7Vector4IiE2ewE
0x71018ff59c,0016,_ZN4sead7Vector4IiE4onesE
0x71018ff5ac,0008,_ZN4sead7Vector2IjE4zeroE
0x71018ff5b4,0008,_ZN4sead7Vector2IjE2exE
0x71018ff5bc,0008,_ZN4sead7Vector2IjE2eyE
0x71018ff5c4,0008,_ZN4sead7Vector2IjE4onesE
0x71018ff5cc,0012,_ZN4sead7Vector3IjE4zeroE
0x71018ff5d8,0012,_ZN4sead7Vector3IjE2exE
0x71018ff5e4,0012,_ZN4sead7Vector3IjE2eyE
0x71018ff5f0,0012,_ZN4sead7Vector3IjE2ezE
0x71018ff5fc,0012,_ZN4sead7Vector3IjE4onesE
0x71018ff608,0016,_ZN4sead7Vector4IjE4zeroE
0x71018ff618,0016,_ZN4sead7Vector4IjE2exE
0x71018ff628,0016,_ZN4sead7Vector4IjE2eyE
0x71018ff638,0016,_ZN4sead7Vector4IjE2ezE
0x71018ff648,0016,_ZN4sead7Vector4IjE2ewE
0x71018ff658,0016,_ZN4sead7Vector4IjE4onesE
0x71018ff668,0008,_ZN4sead7Vector2IfE4zeroE
0x71018ff670,0008,_ZN4sead7Vector2IfE2exE
0x71018ff678,0008,_ZN4sead7Vector2IfE2eyE
0x71018ff680,0008,_ZN4sead7Vector2IfE4onesE
0x71018ff688,0012,_ZN4sead7Vector3IfE4zeroE
0x71018ff694,0012,_ZN4sead7Vector3IfE2exE
0x71018ff6a0,0012,_ZN4sead7Vector3IfE2eyE
0x71018ff6ac,0012,_ZN4sead7Vector3IfE2ezE
0x71018ff6b8,0012,_ZN4sead7Vector3IfE4onesE
0x71018ff6c4,0016,_ZN4sead7Vector4IfE4zeroE
0x71018ff6d4,0016,_ZN4sead7Vector4IfE2exE
0x71018ff6e4,0016,_ZN4sead7Vector4IfE2eyE
0x71018ff6f4,0016,_ZN4sead7Vector4IfE2ezE
0x71018ff704,0016,_ZN4sead7Vector4IfE2ewE
0x71018ff714,0016,_ZN4sead7Vector4IfE4onesE
0x71018ff728,0016,_ZN4sead7Vector2IdE4zeroE
0x71018ff738,0016,_ZN4sead7Vector2IdE2exE
0x71018ff748,0016,_ZN4sead7Vector2IdE2eyE
0x71018ff758,0016,_ZN4sead7Vector2IdE4onesE
0x71018ff768,0024,_ZN4sead7Vector3IdE4zeroE
0x71018ff780,0024,_ZN4sead7Vector3IdE2exE
0x71018ff798,0024,_ZN4sead7Vector3IdE2eyE
0x71018ff7b0,0024,_ZN4sead7Vector3IdE2ezE
0x71018ff7c8,0024,_ZN4sead7Vector3IdE4onesE
0x71018ff7e0,0032,_ZN4sead7Vector4IdE4zeroE
0x71018ff800,0032,_ZN4sead7Vector4IdE2exE
0x71018ff820,0032,_ZN4sead7Vector4IdE2eyE
0x71018ff840,0032,_ZN4sead7Vector4IdE2ezE
0x71018ff860,0032,_ZN4sead7Vector4IdE2ewE
0x71018ff880,0032,_ZN4sead7Vector4IdE4onesE
0x71018ffa8b,0001,_ZN4sead14SafeStringBaseIcE9cNullCharE
0x71018ffa8c,0001,_ZN4sead14SafeStringBaseIcE14cLineBreakCharE
0x71018ffa8e,0002,_ZN4sead14SafeStringBaseIDsE9cNullCharE
0x71018ffa90,0002,_ZN4sead14SafeStringBaseIDsE14cLineBreakCharE
0x7101916c4c,0004,_ZN4sead6Thread16cDefaultPriorityE
0x7101916e24,0004,_ZN4sead7Color4f11cElementMaxE
0x7101916e28,0004,_ZN4sead7Color4f11cElementMinE
0x7101916e2c,0004,_ZN4sead8Color4u86cBlackE
0x7101916e30,0004,_ZN4sead8Color4u85cGrayE
0x7101916e34,0004,_ZN4sead8Color4u86cWhiteE
0x7101916e38,0004,_ZN4sead8Color4u84cRedE
0x7101916e3c,0004,_ZN4sead8Color4u86cGreenE
0x7101916e40,0004,_ZN4sead8Color4u85cBlueE
0x7101916e44,0004,_ZN4sead8Color4u87cYellowE
0x7101916e48,0004,_ZN4sead8Color4u88cMagentaE
0x7101916e4c,0004,_ZN4sead8Color4u85cCyanE
0x7101916e50,0016,_ZN4sead7Color4f6cBlackE
0x7101916e60,0016,_ZN4sead7Color4f5cGrayE
0x7101916e70,0016,_ZN4sead7Color4f6cWhiteE
0x7101916e80,0016,_ZN4sead7Color4f4cRedE
0x7101916e90,0016,_ZN4sead7Color4f6cGreenE
0x7101916ea0,0016,_ZN4sead7Color4f5cBlueE
0x7101916eb0,0016,_ZN4sead7Color4f7cYellowE
0x7101916ec0,0016,_ZN4sead7Color4f8cMagentaE
0x7101916ed0,0016,_ZN4sead7Color4f5cCyanE
0x71019176fc,0004,_ZN4sead6Endian11cHostEndianE
0x7101917798,0004,_ZN4sead14ControllerBase26cStickHoldThresholdDefaultE
0x710191779c,0004,_ZN4sead14ControllerBase29cStickReleaseThresholdDefaultE
0x71019177a0,0008,_ZN4sead14ControllerBase15cInvalidPointerE
0x71019177a8,0008,_ZN4sead14ControllerBase18cInvalidPointerS32E
0x710191782c,4112,_ZN4sead14MathCalcCommonIfE10cSinCosTblE
0x710191883c,1032,_ZN4sead14MathCalcCommonIfE8cAtanTblE
0x7101918c44,0264,_ZN4sead14MathCalcCommonIfE7cExpTblE
0x7101918d4c,2056,_ZN4sead14MathCalcCommonIfE7cLogTblE
0x7101919578,0004,_ZN3agl6detail14MemoryPoolType16cInvalidPoolTypeE
0x710191957c,0004,_ZN3agl6detail14MemoryPoolType14cValidPoolTypeE
0x710191aae4,0036,_ZZN3agl3utl14ParameterCurveILj2EE5resetEvE12s_initialize
0x710191ab34,0036,_ZZN3agl3utl14ParameterCurveILj3EE5resetEvE12s_initialize
0x710191ab84,0036,_ZZN3agl3utl14ParameterCurveILj4EE5resetEvE12s_initialize
0x710191b9a4,0004,_ZN3agl20ResShaderArchiveData15cEndianCheckBitE
0x710191d9b8,1300,_ZN3agl5shtxt6Clause15cCharacterTableE
0x710191f4f8,0004,_ZN2al20AudioEventController17EVENT_DISABLE_ALLE
0x710191f4fc,0004,_ZN2al20AudioEventController16EVENT_CHANGE_BGME
0x710191f500,0004,_ZN2al20AudioEventController26EVENT_CHANGE_BGM_SITUATIONE
0x710191f504,0004,_ZN2al20AudioEventController24EVENT_CHANGE_AUIO_EFFECTE
0x710191f508,0004,_ZN2al20AudioEventController26EVENT_CHANGE_LISTNER_PARAME
0x710191f50c,0004,_ZN2al20AudioEventController13EVENT_PLAY_SEE
0x710191f510,0004,_ZN2al20AudioEventController16EVENT_ENABLE_ALLE
0x7101923d98,0012,_ZN2al19ActorPoseKeeperBase16sDefaultVelocityE
0x710192c4b8,0004,_ZN2al21sRtpcInputTypeDefaultE
0x710192c4bc,0004,_ZN2al25sSeFluctuationTypeDefaultE
0x7101930a74,0004,_ZN2nn3atk14FsSoundArchive15BufferAlignSizeE
0x7101930ac0,0004,_ZN2nn3atk19SequenceSoundHandle12BankIndexMinE
0x7101930ac4,0004,_ZN2nn3atk19SequenceSoundHandle12BankIndexMaxE
0x7101930ac8,0001,_ZN2nn3atk19SequenceSoundHandle12TransposeMinE
0x7101930ac9,0001,_ZN2nn3atk19SequenceSoundHandle12TransposeMaxE
0x7101930aca,0001,_ZN2nn3atk19SequenceSoundHandle16VelocityRangeMinE
0x7101930acb,0001,_ZN2nn3atk19SequenceSoundHandle16VelocityRangeMaxE
0x7101930acc,0004,_ZN2nn3atk19SequenceSoundHandle16VariableIndexMaxE
0x7101930ad0,0004,_ZN2nn3atk19SequenceSoundHandle13TrackIndexMaxE
0x7101930ad4,0004,_ZN2nn3atk12SoundArchive9InvalidIdE
0x7101930ad8,0004,_ZN2nn3atk12SoundArchive17UserParamIndexMaxE
0x7101930adc,0004,_ZN2nn3atk12SoundArchive20ResultInvalidSoundIdE
0x7101930ae0,0004,_ZN2nn3atk12SoundArchive16InvalidUserParamE
0x7101930ae4,0004,_ZN2nn3atk12SoundArchive15SequenceBankMaxE
0x7101930ae8,0004,_ZN2nn3atk12SoundArchive16StreamTrackCountE
0x7101930aec,0004,_ZN2nn3atk12SoundArchive11FilePathMaxE
0x7101930af0,0004,_ZN2nn3atk12SoundArchive8FileInfo13InvalidOffsetE
0x7101930af4,0004,_ZN2nn3atk12SoundArchive8FileInfo11InvalidSizeE
0x7101930b2c,0004,_ZN2nn3atk18SoundArchivePlayer15BufferAlignSizeE
0x7101930b30,0004,_ZN2nn3atk18SoundArchivePlayer20StreamBufferTimesMaxE
0x7101930b34,0004,_ZN2nn3atk18SoundArchivePlayer17UserParamBoundaryE
0x7101930b7c,0004,_ZN2nn3atk16SoundDataManager15BufferAlignSizeE
0x7101930c14,0004,_ZN2nn3atk11SoundSystem13VoiceCountMaxE
0x7101930c18,0004,_ZN2nn3atk11SoundSystem19WorkMemoryAlignSizeE
0x7101930c1c,0004,_ZN2nn3atk11SoundSystem27VoiceCommandManagerCountMaxE
0x7101930c20,0004,_ZN2nn3atk11SoundSystem23SoundThreadIntervalUsecE
0x7101930c24,0004,_ZN2nn3atk11SoundSystem16SoundSystemParam26DefaultSoundThreadPriorityE
0x7101930c28,0004,_ZN2nn3atk11SoundSystem16SoundSystemParam25DefaultTaskThreadPriorityE
0x7101930c2c,0004,_ZN2nn3atk11SoundSystem16SoundSystemParam27DefaultSoundThreadStackSizeE
0x7101930c30,0004,_ZN2nn3atk11SoundSystem16SoundSystemParam26DefaultTaskThreadStackSizeE
0x7101930c34,0004,_ZN2nn3atk11SoundSystem16SoundSystemParam35DefaultSoundThreadCommandBufferSizeE
0x7101930c38,0004,_ZN2nn3atk11SoundSystem16SoundSystemParam34DefaultTaskThreadCommandBufferSizeE
0x7101930c3c,0004,_ZN2nn3atk11SoundSystem16SoundSystemParam22DefaultUserEffectCountE
0x7101930c40,0004,_ZN2nn3atk11SoundSystem16SoundSystemParam20DefaultVoiceCountMaxE
0x7101930c44,0004,_ZN2nn3atk11SoundSystem16SoundSystemParam28DefaultSoundThreadCoreNumberE
0x7101930c48,0004,_ZN2nn3atk11SoundSystem16SoundSystemParam27DefaultTaskThreadCoreNumberE
0x7101930c4c,0004,_ZN2nn3atk11SoundSystem16SoundSystemParam31DefaultRecordingAudioFrameCountE
0x7101930c50,0004,_ZN2nn3atk6detail26AddonSoundArchiveContainer24SoundArchiveNameCountMaxE
0x7101930c54,0004,_ZN2nn3atk17SoundAmbientParam21OutputLineFlagInheritE
0x7101930ca8,0004,_ZN2nn3atk6detail15GroupFileReader13SignatureFileE
0x7101930d00,0004,_ZN2nn3atk6detail16SoundArchiveFile10BlockCountE
0x7101930d04,0002,_ZN2nn3atk6detail16SoundArchiveFile12PatriciaTree4Node8FlagLeafE
0x7101930d08,0004,_ZN2nn3atk6detail16SoundArchiveFile16InternalFileInfo13InvalidOffsetE
0x7101930d0c,0004,_ZN2nn3atk6detail16SoundArchiveFile16InternalFileInfo11InvalidSizeE
0x7101930d1c,0004,_ZN2nn3atk6detail22SoundArchiveFileReader13SignatureFileE
0x7101930d20,0004,_ZN2nn3atk6detail22SoundArchiveFileReader13InvalidOffsetE
0x7101930d24,0004,_ZN2nn3atk6detail22SoundArchiveFileReader11InvalidSizeE
0x7101930d28,0004,_ZN2nn3atk6detail21SoundArchiveFilesHook19ItemTypeStreamSoundE
0x7101930d2c,0004,_ZN2nn3atk6detail21SoundArchiveFilesHook17ItemTypeWaveSoundE
0x7101930d30,0004,_ZN2nn3atk6detail21SoundArchiveFilesHook21ItemTypeSequenceSoundE
0x7101930d34,0006,_ZN2nn3atk6detail21SoundArchiveFilesHook20FileTypeStreamBinaryE
0x7101930d3a,0006,_ZN2nn3atk6detail21SoundArchiveFilesHook23FileTypeWaveSoundBinaryE
0x7101930d40,0006,_ZN2nn3atk6detail21SoundArchiveFilesHook22FileTypeSequenceBinaryE
0x7101930d46,0006,_ZN2nn3atk6detail21SoundArchiveFilesHook18FileTypeBankBinaryE
0x7101930d4c,0006,_ZN2nn3atk6detail21SoundArchiveFilesHook25FileTypeWaveArchiveBinaryE
0x7101930d52,0006,_ZN2nn3atk6detail21SoundArchiveFilesHook28FileTypeStreamPrefetchBinaryE
0x7101930da0,0004,_ZN2nn3atk6detail18SoundArchiveLoader23SignatureIndividualWaveE
0x7101930da4,0004,_ZN2nn3atk6detail18SoundArchiveLoader19WaveBufferAlignSizeE
0x7101930dd8,0004,_ZN2nn3atk6detail15WaveArchiveFile10BlockCountE
0x7101930ddc,0004,_ZN2nn3atk6detail15WaveArchiveFile13InfoBlockBody13InvalidOffsetE
0x7101930de0,0004,_ZN2nn3atk6detail21WaveArchiveFileReader13SignatureFileE
0x7101930de4,0004,_ZN2nn3atk6detail21WaveArchiveFileReader18SignatureWarcTableE
0x7101930de8,0004,_ZN2nn3atk6detail14WaveFileReader13SignatureFileE
0x7101930e08,0006,_ZN2nn3atk6detail6driver15HardwareManager20ChannelIndexSettingsE
0x7101930e10,0004,_ZN2nn3atk6detail6driver15HardwareManager22SoundFrameIntervalMsecE
0x7101930e14,0004,_ZN2nn3atk6detail6driver15HardwareManager22SoundFrameIntervalUsecE
0x7101930e18,0004,_ZN2nn3atk6detail6driver15HardwareManager25DefaultRendererSampleRateE
0x7101930e1c,0004,_ZN2nn3atk6detail6driver15HardwareManager30DefaultRendererUserEffectCountE
0x7101930e20,0004,_ZN2nn3atk6detail6driver15HardwareManager28DefaultRendererVoiceCountMaxE
0x7101930e24,0004,_ZN2nn3atk6detail6driver15HardwareManager31DefaultRecordingAudioFrameCountE
0x7101930e28,0004,_ZN2nn3atk6detail6driver15HardwareManager10MixerCountE
0x7101930e2c,0004,_ZN2nn3atk6detail6driver15HardwareManager15ChannelCountMaxE
0x7101930e30,0004,_ZN2nn3atk6detail6driver15HardwareManager8BusCountE
0x7101930e34,0004,_ZN2nn3atk6detail6driver15HardwareManager26DefaultRendererSampleCountE
0x7101930e38,0004,_ZN2nn3atk6detail6driver15HardwareManager29DefaultRendererMixBufferCountE
0x7101930e3c,0004,_ZN2nn3atk6detail6driver15HardwareManager26DefaultRendererSubMixCountE
0x7101930e40,0004,_ZN2nn3atk6detail6driver15HardwareManager24DefaultRendererSinkCountE
0x7101930e44,0004,_ZN2nn3atk6detail6driver15HardwareManager36DefaultRendererPerformanceFrameCountE
0x7101930e48,0004,_ZN2nn3atk6detail6driver15HardwareManager32DefaultRendererSystemEffectCountE
0x7101930e4c,0004,_ZN2nn3atk6detail6driver15HardwareManager14SubMixCountMaxE
0x7101930e50,0004,_ZN2nn3atk6detail6driver15HardwareManager30SubMixCountForAdditionalEffectE
0x7101930e54,0004,_ZN2nn3atk6detail6driver15HardwareManager31ChannelCountForAdditionalEffectE
0x7101930e58,0004,_ZN2nn3atk6detail6driver15HardwareManager30AuxBusCountForAdditionalEffectE
0x7101930e5c,0004,_ZN2nn3atk6detail6driver15HardwareManager33MixBufferCountForAdditionalEffectE
0x7101930e60,0001,_ZN2nn3atk6detail6driver15HardwareManager33DefaultRendererIsVoiceDropEnabledE
0x7101930e64,0004,_ZN2nn3atk6detail14BankFileReader13SignatureFileE
0x7101930e68,0004,_ZN2nn3atk6detail13SequenceSound12BankIndexMinE
0x7101930e6c,0004,_ZN2nn3atk6detail13SequenceSound12BankIndexMaxE
0x7101930e70,0001,_ZN2nn3atk6detail13SequenceSound12TransposeMinE
0x7101930e71,0001,_ZN2nn3atk6detail13SequenceSound12TransposeMaxE
0x7101930e72,0001,_ZN2nn3atk6detail13SequenceSound16VelocityRangeMinE
0x7101930e73,0001,_ZN2nn3atk6detail13SequenceSound16VelocityRangeMaxE
0x7101930ea0,0004,_ZN2nn3atk6detail6driver19SequenceSoundPlayer19PlayerVariableCountE
0x7101930ea4,0004,_ZN2nn3atk6detail6driver19SequenceSoundPlayer19GlobalVariableCountE
0x7101930ea8,0004,_ZN2nn3atk6detail6driver19SequenceSoundPlayer19TrackCountPerPlayerE
0x7101930eac,0004,_ZN2nn3atk6detail6driver19SequenceSoundPlayer15AllTrackBitFlagE
0x7101930eb0,0004,_ZN2nn3atk6detail6driver19SequenceSoundPlayer20VariableDefaultValueE
0x7101930eb4,0004,_ZN2nn3atk6detail6driver19SequenceSoundPlayer15DefaultTimebaseE
0x7101930eb8,0004,_ZN2nn3atk6detail6driver19SequenceSoundPlayer12DefaultTempoE
0x7101930ebc,0004,_ZN2nn3atk6detail6driver19SequenceSoundPlayer23DefaultSkipIntervalTickE
0x71019310ec,0004,_ZN2nn3atk6detail6driver13SequenceTrack14CallStackDepthE
0x71019310f0,0004,_ZN2nn3atk6detail6driver13SequenceTrack15DefaultPriorityE
0x71019310f4,0004,_ZN2nn3atk6detail6driver13SequenceTrack16DefaultBendRangeE
0x71019310f8,0004,_ZN2nn3atk6detail6driver13SequenceTrack15DefaultPortaKeyE
0x71019310fc,0004,_ZN2nn3atk6detail6driver13SequenceTrack15InvalidEnvelopeE
0x7101931100,0004,_ZN2nn3atk6detail6driver13SequenceTrack16MaxEnvelopeValueE
0x7101931104,0004,_ZN2nn3atk6detail6driver13SequenceTrack15ParserParamSizeE
0x7101931108,0004,_ZN2nn3atk6detail6driver13SequenceTrack18TrackVariableCountE
0x710193110c,0004,_ZN2nn3atk6detail6driver13SequenceTrack17PauseReleaseValueE
0x7101931110,0004,_ZN2nn3atk6detail6driver13SequenceTrack16MuteReleaseValueE
0x7101931170,0004,_ZN2nn3atk6detail15StreamSoundFile10FileHeader10BlockCountE
0x7101931240,0004,_ZN2nn3atk6detail18StreamSoundRuntime23DefaultStreamBlockCountE
0x7101931294,0004,_ZN2nn3atk6detail14CommandManager21SendCommandQueueCountE
0x7101931298,0004,_ZN2nn3atk6detail14CommandManager21RecvCommandQueueCountE
0x710193129c,0004,_ZN2nn3atk6detail14CommandManager14InvalidCommandE
0x71019313f8,0004,_ZN2nn3atk6detail6driver11SoundThread23ThreadMessageBufferSizeE
0x71019313fc,0004,_ZN2nn3atk6detail6driver11SoundThread36RendererEventWaitTimeoutMilliSecondsE
0x7101931478,0004,_ZN2nn3atk6detail11TaskManager13PriorityCountE
0x710193147c,0004,_ZN2nn3atk6detail11TaskManager23ThreadMessageBufferSizeE
0x71019314b4,0004,_ZN2nn3atk6detail10CurveAdshr10VolumeInitE
0x71019314b8,0004,_ZN2nn3atk6detail10CurveAdshr10AttackInitE
0x71019314bc,0004,_ZN2nn3atk6detail10CurveAdshr8HoldInitE
0x71019314c0,0004,_ZN2nn3atk6detail10CurveAdshr9DecayInitE
0x71019314c4,0004,_ZN2nn3atk6detail10CurveAdshr11SustainInitE
0x71019314c8,0004,_ZN2nn3atk6detail10CurveAdshr11ReleaseInitE
0x71019314cc,0004,_ZN2nn3atk6detail10CurveAdshr22DecibelSquareTableSizeE
0x71019314d0,0004,_ZN2nn3atk6detail10CurveAdshr19CalcDecibelScaleMaxE
0x71019314d4,0256,_ZN2nn3atk6detail10CurveAdshr18DecibelSquareTableE
0x71019317fc,0004,_ZN2nn3atk6detail9FrameHeap9HeapAlignE
0x710193187c,0004,_ZN2nn3atk6detail4Util11VolumeDbMinE
0x7101931880,0004,_ZN2nn3atk6detail4Util11VolumeDbMaxE
0x7101931884,0004,_ZN2nn3atk6detail4Util16PitchDivisionBitE
0x7101931888,0004,_ZN2nn3atk6detail4Util18PitchDivisionRangeE
0x710193188c,0004,_ZN2nn3atk6detail4Util20CalcLpfFreqTableSizeE
0x7101931890,0004,_ZN2nn3atk6detail4Util20CalcLpfFreqInterceptE
0x7101931894,0004,_ZN2nn3atk6detail4Util20CalcLpfFreqThresholdE
0x7101931898,0048,_ZN2nn3atk6detail4Util16CalcLpfFreqTableE
0x71019318c8,0240,_ZN2nn3atk6detail4Util35LowPassFilterCoefficientsTable32000E
0x71019319b8,0240,_ZN2nn3atk6detail4Util35LowPassFilterCoefficientsTable48000E
0x7101931aa8,0004,_ZN2nn3atk6detail4Util9Reference13InvalidOffsetE
0x7101931aac,0004,_ZN2nn3atk6detail4Util7BitFlag12BitNumberMaxE
0x7101932df4,0004,_ZN2nn3atk6detail4Util13WarningLogger9LogBuffer8LogCountE
0x7101934620,0004,_ZN2nn3atk6detail6driver7Channel12ChannelCountE
0x7101934624,0004,_ZN2nn3atk6detail6driver7Channel10ChannelMinE
0x7101934628,0004,_ZN2nn3atk6detail6driver7Channel10ChannelMaxE
0x710193462c,0004,_ZN2nn3atk6detail6driver7Channel15PriorityReleaseE
0x7101934630,0004,_ZN2nn3atk6detail6driver7Channel7KeyInitE
0x7101934634,0004,_ZN2nn3atk6detail6driver7Channel15OriginalKeyInitE
0x7101934638,0001,_ZN2nn3atk6detail6driver7Channel16SilenceVolumeMaxE
0x7101934639,0001,_ZN2nn3atk6detail6driver7Channel16SilenceVolumeMinE
0x710193463c,0004,_ZN2nn3atk6detail6driver7Channel13WaveBufferMaxE
0x7101934640,0004,_ZN2nn3atk6detail6driver7Channel8ModCountE
0x7101934644,0004,_ZN2nn3atk6detail6driver7Channel17SilenceVolumeMaxRE
0x710193467c,0004,_ZN2nn3atk6detail22LowLevelVoiceAllocator10UnassignedE
0x71019346a4,0004,_ZN2nn3atk6detail6driver10MultiVoice11UpdateStartE
0x71019346a8,0004,_ZN2nn3atk6detail6driver10MultiVoice11UpdatePauseE
0x71019346ac,0004,_ZN2nn3atk6detail6driver10MultiVoice9UpdateSrcE
0x71019346b0,0004,_ZN2nn3atk6detail6driver10MultiVoice9UpdateMixE
0x71019346b4,0004,_ZN2nn3atk6detail6driver10MultiVoice9UpdateLpfE
0x71019346b8,0004,_ZN2nn3atk6detail6driver10MultiVoice12UpdateBiquadE
0x71019346bc,0004,_ZN2nn3atk6detail6driver10MultiVoice8UpdateVeE
0x71019346c0,0004,_ZN2nn3atk6detail6driver10MultiVoice14PriorityNoDropE
0x71019346c4,0004,_ZN2nn3atk6detail6driver10MultiVoice9VolumeMinE
0x71019346c8,0004,_ZN2nn3atk6detail6driver10MultiVoice13VolumeDefaultE
0x71019346cc,0004,_ZN2nn3atk6detail6driver10MultiVoice9VolumeMaxE
0x71019346d0,0004,_ZN2nn3atk6detail6driver10MultiVoice7PanLeftE
0x71019346d4,0004,_ZN2nn3atk6detail6driver10MultiVoice9PanCenterE
0x71019346d8,0004,_ZN2nn3atk6detail6driver10MultiVoice8PanRightE
0x71019346dc,0004,_ZN2nn3atk6detail6driver10MultiVoice9SpanFrontE
0x71019346e0,0004,_ZN2nn3atk6detail6driver10MultiVoice10SpanCenterE
0x71019346e4,0004,_ZN2nn3atk6detail6driver10MultiVoice8SpanRearE
0x71019346e8,0004,_ZN2nn3atk6detail6driver10MultiVoice13CutoffFreqMinE
0x71019346ec,0004,_ZN2nn3atk6detail6driver10MultiVoice13CutoffFreqMaxE
0x71019346f0,0004,_ZN2nn3atk6detail6driver10MultiVoice14BiquadValueMinE
0x71019346f4,0004,_ZN2nn3atk6detail6driver10MultiVoice14BiquadValueMaxE
0x71019346f8,0004,_ZN2nn3atk6detail6driver10MultiVoice7SendMinE
0x71019346fc,0004,_ZN2nn3atk6detail6driver10MultiVoice7SendMaxE
0x7101934760,0004,_ZN2nn3atk6detail5Voice11PriorityMinE
0x7101934764,0004,_ZN2nn3atk6detail5Voice11PriorityMaxE
0x7101934768,0004,_ZN2nn3atk6detail5Voice14PriorityNoDropE
0x710193476c,0004,_ZN2nn3atk6detail19VirtualVoiceManager14InvalidVoiceIdE
0x7101934770,0004,_ZN2nn3atk6detail19VirtualVoiceManager17VirtualVoiceCountE
0x7101934774,0004,_ZN2nn3atk6detail19VirtualVoiceManager24VirtualVoiceElementCountE
0x71019347bc,0004,_ZN2nn3atk6detail19WaveSoundFileReader13SignatureFileE
0x71019347c0,0004,_ZN2nn3atk6detail6driver15WaveSoundPlayer17PauseReleaseValueE
0x71019347c4,0004,_ZN2nn3atk6detail6driver15WaveSoundPlayer16MuteReleaseValueE
0x71019347c8,0004,_ZN2nn3atk6detail6driver15WaveSoundPlayer15DefaultPriorityE
0x7101934840,0004,_ZN2nn3atk9EffectAux15ChannelCountMaxE
0x7101934864,0004,_ZN2nn3atk10EffectBase19ChannelModeCountMaxE
0x7101934888,0004,_ZN2nn3atk11EffectDelay22ChannelSettingCountMaxE
0x710193488c,0004,_ZN2nn3atk11EffectDelay9InGainMinE
0x7101934890,0004,_ZN2nn3atk11EffectDelay9InGainMaxE
0x7101934894,0004,_ZN2nn3atk11EffectDelay15FeedbackGainMinE
0x7101934898,0004,_ZN2nn3atk11EffectDelay15FeedbackGainMaxE
0x710193489c,0004,_ZN2nn3atk11EffectDelay10DryGainMinE
0x71019348a0,0004,_ZN2nn3atk11EffectDelay10DryGainMaxE
0x71019348a4,0004,_ZN2nn3atk11EffectDelay16LowPassAmountMinE
0x71019348a8,0004,_ZN2nn3atk11EffectDelay16LowPassAmountMaxE
0x71019348ac,0004,_ZN2nn3atk11EffectDelay16ChannelSpreadMinE
0x71019348b0,0004,_ZN2nn3atk11EffectDelay16ChannelSpreadMaxE
0x71019348b8,0008,_ZN2nn3atk11EffectDelay31DefaultDelayTimeMaxMilliSecondsE
0x71019348c0,0008,_ZN2nn3atk11EffectDelay28DefaultDelayTimeMilliSecondsE
0x71019348c8,0004,_ZN2nn3atk11EffectDelay13DefaultInGainE
0x71019348cc,0004,_ZN2nn3atk11EffectDelay19DefaultFeedbackGainE
0x71019348d0,0004,_ZN2nn3atk11EffectDelay14DefaultDryGainE
0x71019348d4,0004,_ZN2nn3atk11EffectDelay20DefaultLowPassAmountE
0x71019348d8,0004,_ZN2nn3atk11EffectDelay20DefaultChannelSpreadE
0x71019348f8,0004,_ZN2nn3atk6detail3fnd13FrameHeapImpl12FreeHeadModeE
0x71019348fc,0004,_ZN2nn3atk6detail3fnd13FrameHeapImpl12FreeTailModeE
0x7101934900,0004,_ZN2nn3atk6detail3fnd13FrameHeapImpl11FreeAllModeE
0x7101934904,0004,_ZN2nn3atk6detail3fnd8HeapBase16DefaultAlignmentE
0x7101934908,0004,_ZN2nn3atk6detail3fnd8HeapBase16ExpHeapSignatureE
0x710193490c,0004,_ZN2nn3atk6detail3fnd8HeapBase18FrameHeapSignatureE
0x7101934910,0004,_ZN2nn3atk6detail3fnd8HeapBase17UnitHeapSignatureE
0x7101934914,0004,_ZN2nn3atk6detail3fnd8HeapBase15OptionZeroClearE
0x7101934918,0004,_ZN2nn3atk6detail3fnd8HeapBase15OptionDebugFillE
0x710193491c,0004,_ZN2nn3atk6detail3fnd8HeapBase16OptionThreadSafeE
0x7101934920,0004,_ZN2nn3atk6detail3fnd8HeapBase10ErrorPrintE
0x7101934924,0004,_ZN2nn3atk6detail3fnd8HeapBase13MIN_ALIGNMENTE
0x71019349e8,0008,_ZN2nn3atk6detail3fnd11StreamCache15InvalidPositionE
0x7101934a18,0008,_ZN2nn3atk6detail3fnd6Thread9InvalidIdE
0x7101934a20,0004,_ZN2nn3atk6detail3fnd6Thread21DefaultThreadPriorityE
0x7101934a24,0004,_ZN2nn3atk6detail3fnd6Thread17MinThreadPriorityE
0x7101934a28,0004,_ZN2nn3atk6detail3fnd6Thread17MaxThreadPriorityE
0x7101934a2c,0004,_ZN2nn3atk6detail3fnd6Thread14StackAlignmentE
0x7101934a30,0004,_ZN2nn3atk30AudioRendererPerformanceReader23PerformanceInfoCountMinE
0x7101934a44,0004,_ZN2nn3atk17DeviceOutRecorder19RecordingBufferSizeE
0x7101934a48,0004,_ZN2nn3atk17DeviceOutRecorder27DefaultWriteBlockPerSamplesE
0x7101934a50,0008,_ZN2nn3atk17DeviceOutRecorder23RequiredThreadStackSizeE
0x7101934aa4,0004,_ZN2nn3atk6detail6driver23AdvancedWaveSoundPlayer10TrackParam17ClipParamCountMaxE
0x7101934aa8,0004,_ZN2nn3atk6detail6driver23AdvancedWaveSoundPlayer13TrackParamSet18TrackParamCountMaxE
0x7101934b1c,0004,_ZN2nn3atk6detail9GroupFile13GroupItemInfo13OffsetForLinkE
0x7101934b20,0004,_ZN2nn3atk6detail9GroupFile13GroupItemInfo11SizeForLinkE
0x7101934b24,0004,_ZN2nn3atk6detail21PlayerHeapDataManager16FileAddressCountE
0x7101934b58,0004,_ZN2nn3atk6detail15BiquadFilterLpf21CoefficientsTableSizeE
0x7101934b5c,0004,_ZN2nn3atk6detail15BiquadFilterHpf21CoefficientsTableSizeE
0x7101934b60,0004,_ZN2nn3atk6detail18BiquadFilterBpf51221CoefficientsTableSizeE
0x7101934b64,0004,_ZN2nn3atk6detail19BiquadFilterBpf102421CoefficientsTableSizeE
0x7101934b68,0004,_ZN2nn3atk6detail19BiquadFilterBpf204821CoefficientsTableSizeE
0x7101934b6c,1120,_ZN2nn3atk6detail15BiquadFilterLpf22CoefficientsTable32000E
0x7101934fcc,0970,_ZN2nn3atk6detail15BiquadFilterHpf22CoefficientsTable32000E
0x7101935396,1220,_ZN2nn3atk6detail18BiquadFilterBpf51222CoefficientsTable32000E
0x710193585a,0930,_ZN2nn3atk6detail19BiquadFilterBpf102422CoefficientsTable32000E
0x7101935bfc,0930,_ZN2nn3atk6detail19BiquadFilterBpf204822CoefficientsTable32000E
0x7101935f9e,1120,_ZN2nn3atk6detail32BiquadFilterLpfNw4fCompatible48k22CoefficientsTable48000E
0x71019363fe,0970,_ZN2nn3atk6detail32BiquadFilterHpfNw4fCompatible48k22CoefficientsTable48000E
0x71019367c8,1220,_ZN2nn3atk6detail35BiquadFilterBpf512Nw4fCompatible48k22CoefficientsTable48000E
0x7101936c8c,0930,_ZN2nn3atk6detail36BiquadFilterBpf1024Nw4fCompatible48k22CoefficientsTable48000E
0x710193702e,0930,_ZN2nn3atk6detail36BiquadFilterBpf2048Nw4fCompatible48k22CoefficientsTable48000E
0x71019379ec,0004,_ZN2nn3atk6detail6driver9MmlParser9PanCenterE
0x71019379f0,0004,_ZN2nn3atk6detail6driver9MmlParser17SurroundPanCenterE
0x71019379f4,0004,_ZN2nn3atk6detail6driver9MmlParser8TempoMinE
0x71019379f8,0004,_ZN2nn3atk6detail6driver9MmlParser8TempoMaxE
0x7101937aa0,0004,_ZN2nn3atk6detail23SequenceSoundFileReader13SignatureFileE
0x7101937aa4,0004,_ZN2nn3atk6detail6driver16StreamBufferPool8BlockMaxE
0x7101937aa8,0004,_ZN2nn3atk6detail6driver16StreamBufferPool10BitPerByteE
0x7101937ac0,0008,_ZN2nn3atk6detail6driver17StreamSoundLoader17DataBlockSizeBaseE
0x7101937ac8,0008,_ZN2nn3atk6detail6driver17StreamSoundLoader19DataBlockSizeMarginE
0x7101937ad0,0008,_ZN2nn3atk6detail6driver17StreamSoundLoader16DataBlockSizeMaxE
0x7101937ad8,0004,_ZN2nn3atk6detail6driver17StreamSoundLoader20FileStreamBufferSizeE
0x7101937adc,0004,_ZN2nn3atk6detail6driver17StreamSoundLoader22LoadBufferChannelCountE
0x7101937ae0,0008,_ZN2nn3atk6detail6driver17StreamSoundLoader14LoadBufferSizeE
0x7101937bc0,0004,_ZN2nn3atk6detail16WavOutFileStream21FileIoBufferAlignmentE
0x7101937c50,0004,_ZN2nn3atk6detail26AdvancedWaveSoundTrackInfo33AdvancedWaveSoundClipInfoCountMaxE
0x7101937c54,0004,_ZN2nn3atk6detail29AdvancedWaveSoundTrackInfoSet34AdvancedWaveSoundTrackInfoCountMaxE
0x7101937fb0,0004,_ZN2nn3nex8JobLogin17DEFAULT_JOB_DELAYE
0x710193b2f4,0016,_ZZN2nn4ui2d6detail21DecideFrame4TransformENS0_11WindowFrameENS0_11TextureFlipEbE9frameFlag
0x710193b304,0024,_ZZN2nn4ui2d6detail21DecideFrame4TransformENS0_11WindowFrameENS0_11TextureFlipEbE8flipFlag
0x710193b31c,0008,_ZZN2nn4ui2d6detail30DecideHorizontalFrameTransformENS0_11WindowFrameENS0_11TextureFlipEbE9frameFlag
0x710193b324,0024,_ZZN2nn4ui2d6detail30DecideHorizontalFrameTransformENS0_11WindowFrameENS0_11TextureFlipEbE8flipFlag
0x710193b33c,0032,_ZZN2nn4ui2d6detail39DecideHorizontalNocontextFrameTransformENS0_11WindowFrameENS0_11TextureFlipEbE9frameFlag
0x710193b35c,0024,_ZZN2nn4ui2d6detail39DecideHorizontalNocontextFrameTransformENS0_11WindowFrameENS0_11TextureFlipEbE8flipFlag
0x710193b374,0032,_ZZN2nn4ui2d6detail20DecideFrameTransformENS0_11WindowFrameENS0_11TextureFlipEbE9frameFlag
0x710193b394,0024,_ZZN2nn4ui2d6detail20DecideFrameTransformENS0_11WindowFrameENS0_11TextureFlipEbE8flipFlag
0x710193b440,0004,_ZN2nn3g3d13AnimFrameCtrl12InvalidFrameE
0x710193b4e0,0008,_ZN2nn3g3d13ResShaderFile9SignatureE
0x710193b6f4,0004,_ZN2nn3vfx9ViewParam14DefaultZOffsetE
0x71019538c0,0024,_ZN2nn3vfx6detail21EquallyDividedSphere2E
0x71019538d8,0036,_ZN2nn3vfx6detail21EquallyDividedSphere3E
0x71019538fc,0048,_ZN2nn3vfx6detail21EquallyDividedSphere4E
0x710195392c,0072,_ZN2nn3vfx6detail21EquallyDividedSphere6E
0x7101953974,0096,_ZN2nn3vfx6detail21EquallyDividedSphere8E
0x71019539d4,0144,_ZN2nn3vfx6detail22EquallyDividedSphere12E
0x7101953a64,0240,_ZN2nn3vfx6detail22EquallyDividedSphere20E
0x7101953b54,0384,_ZN2nn3vfx6detail22EquallyDividedSphere32E
0x7101953cd4,0024,_ZN2nn3vfx6detail23Equally64DividedSphere2E
0x7101953cec,0036,_ZN2nn3vfx6detail23Equally64DividedSphere3E
0x7101953d10,0048,_ZN2nn3vfx6detail23Equally64DividedSphere4E
0x7101953d40,0060,_ZN2nn3vfx6detail23Equally64DividedSphere5E
0x7101953d7c,0072,_ZN2nn3vfx6detail23Equally64DividedSphere6E
0x7101953dc4,0084,_ZN2nn3vfx6detail23Equally64DividedSphere7E
0x7101953e18,0096,_ZN2nn3vfx6detail23Equally64DividedSphere8E
0x7101953e78,0108,_ZN2nn3vfx6detail23Equally64DividedSphere9E
0x7101953ee4,0120,_ZN2nn3vfx6detail24Equally64DividedSphere10E
0x7101953f5c,0132,_ZN2nn3vfx6detail24Equally64DividedSphere11E
0x7101953fe0,0144,_ZN2nn3vfx6detail24Equally64DividedSphere12E
0x7101954070,0156,_ZN2nn3vfx6detail24Equally64DividedSphere13E
0x710195410c,0168,_ZN2nn3vfx6detail24Equally64DividedSphere14E
0x71019541b4,0180,_ZN2nn3vfx6detail24Equally64DividedSphere15E
0x7101954268,0192,_ZN2nn3vfx6detail24Equally64DividedSphere16E
0x7101954328,0204,_ZN2nn3vfx6detail24Equally64DividedSphere17E
0x71019543f4,0216,_ZN2nn3vfx6detail24Equally64DividedSphere18E
0x71019544cc,0228,_ZN2nn3vfx6detail24Equally64DividedSphere19E
0x71019545b0,0240,_ZN2nn3vfx6detail24Equally64DividedSphere20E
0x71019546a0,0252,_ZN2nn3vfx6detail24Equally64DividedSphere21E
0x710195479c,0264,_ZN2nn3vfx6detail24Equally64DividedSphere22E
0x71019548a4,0276,_ZN2nn3vfx6detail24Equally64DividedSphere23E
0x71019549b8,0288,_ZN2nn3vfx6detail24Equally64DividedSphere24E
0x7101954ad8,0300,_ZN2nn3vfx6detail24Equally64DividedSphere25E
0x7101954c04,0312,_ZN2nn3vfx6detail24Equally64DividedSphere26E
0x7101954d3c,0324,_ZN2nn3vfx6detail24Equally64DividedSphere27E
0x7101954e80,0336,_ZN2nn3vfx6detail24Equally64DividedSphere28E
0x7101954fd0,0348,_ZN2nn3vfx6detail24Equally64DividedSphere29E
0x710195512c,0360,_ZN2nn3vfx6detail24Equally64DividedSphere30E
0x7101955294,0372,_ZN2nn3vfx6detail24Equally64DividedSphere31E
0x7101955408,0384,_ZN2nn3vfx6detail24Equally64DividedSphere32E
0x7101955588,0396,_ZN2nn3vfx6detail24Equally64DividedSphere33E
0x7101955714,0408,_ZN2nn3vfx6detail24Equally64DividedSphere34E
0x71019558ac,0420,_ZN2nn3vfx6detail24Equally64DividedSphere35E
0x7101955a50,0432,_ZN2nn3vfx6detail24Equally64DividedSphere36E
0x7101955c00,0444,_ZN2nn3vfx6detail24Equally64DividedSphere37E
0x7101955dbc,0456,_ZN2nn3vfx6detail24Equally64DividedSphere38E
0x7101955f84,0468,_ZN2nn3vfx6detail24Equally64DividedSphere39E
0x7101956158,0480,_ZN2nn3vfx6detail24Equally64DividedSphere40E
0x7101956338,0492,_ZN2nn3vfx6detail24Equally64DividedSphere41E
0x7101956524,0504,_ZN2nn3vfx6detail24Equally64DividedSphere42E
0x710195671c,0516,_ZN2nn3vfx6detail24Equally64DividedSphere43E
0x7101956920,0528,_ZN2nn3vfx6detail24Equally64DividedSphere44E
0x7101956b30,0540,_ZN2nn3vfx6detail24Equally64DividedSphere45E
0x7101956d4c,0552,_ZN2nn3vfx6detail24Equally64DividedSphere46E
0x7101956f74,0564,_ZN2nn3vfx6detail24Equally64DividedSphere47E
0x71019571a8,0576,_ZN2nn3vfx6detail24Equally64DividedSphere48E
0x71019573e8,0588,_ZN2nn3vfx6detail24Equally64DividedSphere49E
0x7101957634,0600,_ZN2nn3vfx6detail24Equally64DividedSphere50E
0x710195788c,0612,_ZN2nn3vfx6detail24Equally64DividedSphere51E
0x7101957af0,0624,_ZN2nn3vfx6detail24Equally64DividedSphere52E
0x7101957d60,0636,_ZN2nn3vfx6detail24Equally64DividedSphere53E
0x7101957fdc,0648,_ZN2nn3vfx6detail24Equally64DividedSphere54E
0x7101958264,0660,_ZN2nn3vfx6detail24Equally64DividedSphere55E
0x71019584f8,0672,_ZN2nn3vfx6detail24Equally64DividedSphere56E
0x7101958798,0684,_ZN2nn3vfx6detail24Equally64DividedSphere57E
0x7101958a44,0696,_ZN2nn3vfx6detail24Equally64DividedSphere58E
0x7101958cfc,0708,_ZN2nn3vfx6detail24Equally64DividedSphere59E
0x7101958fc0,0720,_ZN2nn3vfx6detail24Equally64DividedSphere60E
0x7101959290,0732,_ZN2nn3vfx6detail24Equally64DividedSphere61E
0x710195956c,0744,_ZN2nn3vfx6detail24Equally64DividedSphere62E
0x7101959854,0756,_ZN2nn3vfx6detail24Equally64DividedSphere63E
0x7101959b48,0768,_ZN2nn3vfx6detail24Equally64DividedSphere64E
0x710195a0a9,0024,_ZZN2nn3gfx4util9CubeShape20CalculateIndexBufferIhEEvvE9FaceTable
0x710195a0c2,0048,_ZZN2nn3gfx4util9CubeShape20CalculateIndexBufferItEEvvE9FaceTable
0x710195a0f4,0096,_ZZN2nn3gfx4util9CubeShape20CalculateIndexBufferIjEEvvE9FaceTable
0x710195a52a,0028,_ZN4sead17ControllerWrapper17cPadConfigDefaultE
0x710195a590,0112,_ZN4sead21MaskControllerWrapper17cPadConfigDefaultE
0x710195a68f,0001,_ZN4sead17cCounterClockwiseE
0x710195a830,0096,_ZN3agl3env7CubeMap18scDrawCubeMapScaleE
0x710195ad2c,0016,_ZN3agl3pfx8FilterAA17cDefaultLumaCoeffE
0x710195b7a8,0064,_ZN3agl3sdw15DepthShadowUnit18scShadowBiasMatrixE
0x7101c4e008,0088,_ZTV17AmiiboNpcDirector
0x7101c4e0d8,0048,_ZTVN4sead14SafeStringBaseIcEE
0x7101c4e118,0048,_ZTVN4sead15FixedSafeStringILi64EEE
0x7101c4e1a8,0048,_ZTVN4sead22BufferedSafeStringBaseIcEE
0x7101c4e1d8,0072,_ZTV21HelpAmiiboCoinCollect
0x7101c4e238,0104,_ZTV21HelpAmiiboCountUpCoin
0x7101c4e398,0008,_ZN12_GLOBAL__N_110AppearCoinE
0x7101c4e3b8,0016,_ZN12_GLOBAL__N_124NrvHelpAmiiboCountUpCoinE
0x7101c4e3c8,0128,_ZTV18HelpAmiiboDirector
0x7101c4e5b0,0032,_ZN12_GLOBAL__N_121NrvHelpAmiiboDirectorE
0x7101c4e5d0,0072,_ZTV18HelpAmiiboExecutor
0x7101c4e638,0104,_ZTV18HelpAmiiboFallCoin
0x7101c4e6f8,0008,_ZN12_GLOBAL__N_14WaitE
0x7101c4e738,0008,_ZN12_GLOBAL__N_14FallE
0x7101c4e758,0072,_ZTV26HelpAmiiboInvincibleAttack
0x7101c4e7b8,0072,_ZTV23HelpAmiiboLifeMaxUpItem
0x7101c4e818,0072,_ZTV29HelpAmiiboNavigateCoinCollect
0x7101c4e878,0072,_ZTV26HelpAmiiboPlayerInvincible
0x7101c4e8d8,0072,_ZTV15HelpAmiiboYoshi
0x7101c4e938,0472,_ZTV15ItemAmiiboKoopa
0x7101c4eb50,0304,_ZTC15ItemAmiiboKoopa0_N2al9LiveActorE
0x7101c4ec80,0056,_ZTC15ItemAmiiboKoopa24_N2al15IUseStageSwitchE
0x7101c4ed18,0024,_ZTVN2al8IUseNameE
0x7101c4ed50,0008,_ZN12_GLOBAL__N_16ExpandE
0x7101c4ed98,0008,_ZN12_GLOBAL__N_14WaitE
0x7101c4edb8,0032,_ZTV21SearchAmiiboDataTable
0x7101c4ee38,0112,_ZTV21BirdGatheringSpotArea
0x7101c4eee0,0088,_ZTC21BirdGatheringSpotArea0_N2al7AreaObjE
0x7101c4ef40,0056,_ZTC21BirdGatheringSpotArea0_N2al15IUseStageSwitchE
0x7101c4ef98,0112,_ZTV12ExtForceArea
0x7101c4f040,0088,_ZTC12ExtForceArea0_N2al7AreaObjE
0x7101c4f0a0,0056,_ZTC12ExtForceArea0_N2al15IUseStageSwitchE
0x7101c4f0f8,0112,_ZTV21ForceRecoveryKidsArea
0x7101c4f1a0,0088,_ZTC21ForceRecoveryKidsArea0_N2al7AreaObjE
0x7101c4f200,0056,_ZTC21ForceRecoveryKidsArea0_N2al15IUseStageSwitchE
0x7101c4f258,0112,_ZTV10MoveArea2D
0x7101c4f300,0088,_ZTC10MoveArea2D0_N2al7AreaObjE
0x7101c4f360,0056,_ZTC10MoveArea2D0_N2al15IUseStageSwitchE
0x7101c4f3b8,0112,_ZTV24NpcForceMaterialCodeArea
0x7101c4f460,0088,_ZTC24NpcForceMaterialCodeArea0_N2al7AreaObjE
0x7101c4f4c0,0056,_ZTC24NpcForceMaterialCodeArea0_N2al15IUseStageSwitchE
0x7101c4f518,0112,_ZTV14RouteGuideArea
0x7101c4f5c0,0088,_ZTC14RouteGuideArea0_N2al7AreaObjE
0x7101c4f620,0056,_ZTC14RouteGuideArea0_N2al15IUseStageSwitchE
0x7101c4f678,0112,_ZTV9StainArea
0x7101c4f720,0088,_ZTC9StainArea0_N2al7AreaObjE
0x7101c4f780,0056,_ZTC9StainArea0_N2al15IUseStageSwitchE
0x7101c4f7d8,0032,_ZTV23SwitchKeepOn2DAreaGroup
0x7101c4f818,0032,_ZTV36SwitchKeepOn2DExceptDokanInAreaGroup
0x7101c4f858,0032,_ZTV31SwitchKeepOnIgnoreOffAreaTarget
0x7101c4f898,0032,_ZTV34SwitchKeepOnPlayerInWaterAreaGroup
0x7101c4f8d8,0024,_ZTV19SwitchOn2DAreaGroup
0x7101c4f918,0024,_ZTV31SwitchOnPlayerOnGroundAreaGroup
0x7101c4fd28,0088,_ZTV20BgmAnimeSyncDirector
0x7101c4fdb8,0064,_ZTV13AnimeAccessor
0x7101c4fdf8,0064,_ZTV16SklAnimeAccessor
0x7101c4fe68,0064,_ZTV16VisAnimeAccessor
0x7101c4fec8,0064,_ZTV16MtsAnimeAccessor
0x7101c4ff28,0064,_ZTV16MtpAnimeAccessor
0x7101c4ff88,0064,_ZTV16MclAnimeAccessor
0x7101c4ffe8,0056,_ZTV16CollectBgmPlayer
0x7101c50058,0024,_ZTV18CollectBgmRegister
0x7101c50158,0472,_ZTV17SePlayObjWithSave
0x7101c50390,0304,_ZTC17SePlayObjWithSave0_N2al9SePlayObjE
0x7101c504c0,0304,_ZTC17SePlayObjWithSave0_N2al9LiveActorE
0x7101c505f0,0056,_ZTC17SePlayObjWithSave24_N2al15IUseStageSwitchE
0x7101c50648,0472,_ZTV13ShopBgmPlayer
0x7101c50860,0304,_ZTC13ShopBgmPlayer0_N2al9LiveActorE
0x7101c50990,0056,_ZTC13ShopBgmPlayer24_N2al15IUseStageSwitchE
0x7101c50a68,0016,_ZN12_GLOBAL__N_116NrvShopBgmPlayerE
0x7101c50a78,0472,_ZTV12BarrierField
0x7101c50c90,0304,_ZTC12BarrierField0_N2al9LiveActorE
0x7101c50dc0,0056,_ZTC12BarrierField24_N2al15IUseStageSwitchE
0x7101c50f38,0472,_ZTV8BombTail
0x7101c51170,0304,_ZTC8BombTail0_N2al9LiveActorE
0x7101c512a0,0056,_ZTC8BombTail24_N2al15IUseStageSwitchE
0x7101c519f8,0048,_ZTVN2al10FunctorV0MIP8BombTailMS1_FvvEEE
0x7101c51a58,0048,_ZTVN2al9StringTmpILi64EEE
0x7101c51ab0,0224,_ZN12_GLOBAL__N_111NrvBombTailE
0x7101c51b90,0472,_ZTV12BombTailBomb
0x7101c51db0,0304,_ZTC12BombTailBomb0_N2al9LiveActorE
0x7101c51ee0,0056,_ZTC12BombTailBomb24_N2al15IUseStageSwitchE
0x7101c51fd8,0008,_ZN12_GLOBAL__N_15ThrowE
0x7101c520d8,0008,_ZN12_GLOBAL__N_110ThrowPopupE
0x7101c52300,0104,_ZN12_GLOBAL__N_115NrvBombTailBombE
0x7101c52368,0472,_ZTV11BombTailCap
0x7101c525a0,0304,_ZTC11BombTailCap0_N2al10PartsModelE
0x7101c526d0,0304,_ZTC11BombTailCap0_N2al9LiveActorE
0x7101c52800,0056,_ZTC11BombTailCap24_N2al15IUseStageSwitchE
0x7101c52a20,0056,_ZN12_GLOBAL__N_114NrvBombTailCapE
0x7101c52a58,0472,_ZTV14BombTailDamage
0x7101c52c70,0304,_ZTC14BombTailDamage0_N2al9LiveActorE
0x7101c52da0,0056,_ZTC14BombTailDamage24_N2al15IUseStageSwitchE
0x7101c52ff8,0112,_ZTV24BombTailStateResetAttack
0x7101c53138,0008,_ZN12_GLOBAL__N_116ResetAttackStartE
0x7101c53338,0008,_ZN12_GLOBAL__N_118ResetAttackStartUpE
0x7101c533b8,0008,_ZN12_GLOBAL__N_111ResetAttackE
0x7101c533e0,0072,_ZN12_GLOBAL__N_127NrvBombTailStateResetAttackE
0x7101c53428,0056,_ZTV27BombTailTailJointController
0x7101c53460,0472,_ZTV12BombTailTail
0x7101c536a0,0304,_ZTC12BombTailTail0_N2al9LiveActorE
0x7101c537d0,0056,_ZTC12BombTailTail24_N2al15IUseStageSwitchE
0x7101c53970,0040,_ZN12_GLOBAL__N_115NrvBombTailTailE
0x7101c53998,0048,_ZTVN2al9StringTmpILi128EEE
0x7101c53a28,0544,_ZTV10BossForest
0x7101c53c90,0304,_ZTC10BossForest0_N2al9LiveActorE
0x7101c53dc0,0056,_ZTC10BossForest24_N2al15IUseStageSwitchE
0x7101c53fe8,0008,_ZN12_GLOBAL__N_13DieE
0x7101c54010,0048,_ZN12_GLOBAL__N_111NrvHostTypeE
0x7101c54040,0040,_ZTV21BossForestBarrierCtrl
0x7101c540a8,0008,_ZN12_GLOBAL__N_16HiddenE
0x7101c54128,0008,_ZN12_GLOBAL__N_15BreakE
0x7101c54188,0016,_ZN12_GLOBAL__N_111NrvHostTypeE
0x7101c54198,0080,_ZTV21BossForestBattlePhase
0x7101c54410,0056,_ZN12_GLOBAL__N_111NrvHostTypeE
0x7101c54448,0472,_ZTV14BossForestBeam
0x7101c54660,0304,_ZTC14BossForestBeam0_N2al9LiveActorE
0x7101c54790,0056,_ZTC14BossForestBeam24_N2al15IUseStageSwitchE
0x7101c54808,0008,_ZN12_GLOBAL__N_110AttackSignE
0x7101c54848,0008,_ZN12_GLOBAL__N_16LockOnE
0x7101c548e8,0016,_ZN12_GLOBAL__N_111NrvHostTypeE
0x7101c548f8,0472,_ZTV15BossForestBlock
0x7101c54b10,0304,_ZTC15BossForestBlock0_N2al9LiveActorE
0x7101c54c40,0056,_ZTC15BossForestBlock24_N2al15IUseStageSwitchE
0x7101c54d18,0048,_ZTVN4sead15FixedSafeStringILi40EEE
0x7101c54d88,0048,_ZTVN4sead19FixedSafeStringBaseIcLi40EEE
0x7101c54dd8,0008,_ZN12_GLOBAL__N_15EmptyE
0x7101c54e18,0008,_ZN12_GLOBAL__N_18ReactionE
0x7101c54e58,0008,_ZN12_GLOBAL__N_19MoveStartE
0x7101c54e98,0008,_ZN12_GLOBAL__N_17MoveEndE
0x7101c54ed8,0008,_ZN12_GLOBAL__N_14MoveE
0x7101c54ef8,0016,_ZN12_GLOBAL__N_111NrvHostTypeE
0x7101c54f08,0040,_ZTV26BossForestCameraController
0x7101c54f68,0008,_ZN12_GLOBAL__N_14WaitE
0x7101c55018,0016,_ZN12_GLOBAL__N_111NrvHostTypeE
0x7101c55040,0472,_ZTV19BossForestSatellite
0x7101c55260,0304,_ZTC19BossForestSatellite0_N2al9LiveActorE
0x7101c55390,0056,_ZTC19BossForestSatellite24_N2al15IUseStageSwitchE
0x7101c55508,0008,_ZN12_GLOBAL__N_14WaitE
0x7101c55530,0032,_ZN12_GLOBAL__N_111NrvHostTypeE
0x7101c55550,0472,_ZTV29BossForestSatelliteController
0x7101c55790,0304,_ZTC29BossForestSatelliteController0_N2al9LiveActorE
0x7101c558c0,0056,_ZTC29BossForestSatelliteController24_N2al15IUseStageSwitchE
0x7101c55938,0008,_ZN12_GLOBAL__N_16AppearE
0x7101c55978,0008,_ZN12_GLOBAL__N_14WaitE
0x7101c559b8,0008,_ZN12_GLOBAL__N_14MoveE
0x7101c559d8,0472,_ZTV23BossForestSatelliteCore
0x7101c55bf0,0304,_ZTC23BossForestSatelliteCore0_N2al9LiveActorE
0x7101c55d20,0056,_ZTC23BossForestSatelliteCore24_N2al15IUseStageSwitchE
0x7101c55e80,0032,_ZN12_GLOBAL__N_111NrvHostTypeE
0x7101c55ea0,0472,_ZTV25BossForestSatelliteHolder
0x7101c560c0,0304,_ZTC25BossForestSatelliteHolder0_N2al9LiveActorE
0x7101c561f0,0056,_ZTC25BossForestSatelliteHolder24_N2al15IUseStageSwitchE
0x7101c56248,0080,_ZTV30BossForestSatelliteStateAppear
0x7101c56378,0008,_ZN12_GLOBAL__N_18WaitCoreE
0x7101c563b8,0008,_ZN12_GLOBAL__N_118AppearBlocksPhase2E
0x7101c563f8,0008,_ZN12_GLOBAL__N_118AppearBlocksPhase3E
0x7101c56438,0008,_ZN12_GLOBAL__N_110WaitBlocksE
0x7101c56458,0016,_ZN12_GLOBAL__N_111NrvHostTypeE
0x7101c56468,0080,_ZTV21BossForestStateAttack
0x7101c565b8,0008,_ZN12_GLOBAL__N_110AttackWaitE
0x7101c565f8,0008,_ZN12_GLOBAL__N_112LockOnDirectE
0x7101c56620,0024,_ZN12_GLOBAL__N_111NrvHostTypeE
0x7101c56638,0080,_ZTV28BossForestStateDemoBattleEnd
0x7101c566c8,0008,_ZN12_GLOBAL__N_116RequestStartDemoE
0x7101c56708,0008,_ZN12_GLOBAL__N_14DemoE
0x7101c56748,0008,_ZN12_GLOBAL__N_17EndDemoE
0x7101c56768,0080,_ZTV30BossForestStateDemoBattleStart
0x7101c567f8,0008,_ZN12_GLOBAL__N_116RequestStartDemoE
0x7101c56838,0008,_ZN12_GLOBAL__N_14DemoE
0x7101c56878,0008,_ZN12_GLOBAL__N_17EndDemoE
0x7101c56898,0080,_ZTV24BossForestStateKnockOver
0x7101c56928,0008,_ZN12_GLOBAL__N_113KnockOverSignE
0x7101c569e8,0008,_ZN12_GLOBAL__N_114KnockOverStartE
0x7101c56a68,0008,_ZN12_GLOBAL__N_112KnockOverEndE
0x7101c56a90,0024,_ZN12_GLOBAL__N_111NrvHostTypeE
0x7101c56aa8,0080,_ZTV23BossForestStateRecovery
0x7101c56b38,0008,_ZN12_GLOBAL__N_116AppearSatellitesE
0x7101c56b78,0008,_ZN12_GLOBAL__N_14WaitE
0x7101c56bb8,0008,_ZN12_GLOBAL__N_113AppearBarrierE
0x7101c56bd8,0080,_ZTV29BossForestStateRingBeamAttack
0x7101c56ca8,0008,_ZN12_GLOBAL__N_111AttackReadyE
0x7101c56da8,0008,_ZN12_GLOBAL__N_19AttackEndE
0x7101c56dd0,0032,_ZN12_GLOBAL__N_111NrvHostTypeE
0x7101c56df0,0080,_ZTV30BossForestStateWaitBattleStart
0x7101c56fa0,0040,_ZN12_GLOBAL__N_111NrvHostTypeE
0x7101c56fc8,0472,_ZTV16BossForestWander
0x7101c571e0,0304,_ZTC16BossForestWander0_N2al9LiveActorE
0x7101c57310,0056,_ZTC16BossForestWander24_N2al15IUseStageSwitchE
0x7101c57388,0008,_ZN12_GLOBAL__N_115WaitSwitchStartE
0x7101c57408,0008,_ZN12_GLOBAL__N_14MoveE
0x7101c57468,0016,_ZN12_GLOBAL__N_111NrvHostTypeE
0x7101c57478,0544,_ZTV11BossKnuckle
0x7101c576e0,0304,_ZTC11BossKnuckle0_N2al9LiveActorE
0x7101c57810,0056,_ZTC11BossKnuckle24_N2al15IUseStageSwitchE
0x7101c57888,0048,_ZTV12IUseDemoSkip
0x7101c578f8,0152,_ZTV23BossKnuckleCameraTarget
0x7101c57de8,0024,_ZTVN2al16DeriveActorGroupI24BossKnuckleCounterGroundEE
0x7101c57e18,0024,_ZTVN2al16DeriveActorGroupI19BossKnuckleThrowIceEE
0x7101c57e48,0048,_ZTVN2al10FunctorV0MIP11BossKnuckleMS1_FvvEEE
0x7101c57ea0,0144,_ZN12_GLOBAL__N_114NrvBossKnuckleE
0x7101c57f30,0040,_ZTV19BossKnuckleAnimCtrl
0x7101c57f98,0008,_ZN12_GLOBAL__N_111BeforeStartE
0x7101c58098,0008,_ZN12_GLOBAL__N_112GraspMoveHitE
0x7101c58480,0144,_ZN12_GLOBAL__N_122NrvBossKnuckleAnimCtrlE
0x7101c58510,0472,_ZTV24BossKnuckleCounterGround
0x7101c58730,0304,_ZTC24BossKnuckleCounterGround0_N2al9LiveActorE
0x7101c58860,0056,_ZTC24BossKnuckleCounterGround24_N2al15IUseStageSwitchE
0x7101c58998,0008,_ZN12_GLOBAL__N_111BeforeStartE
0x7101c589d8,0008,_ZN12_GLOBAL__N_14SinkE
0x7101c58a00,0024,_ZN12_GLOBAL__N_127NrvBossKnuckleCounterGroundE
0x7101c58a18,0472,_ZTV15BossKnuckleHand
0x7101c58c30,0304,_ZTC15BossKnuckleHand0_N2al9LiveActorE
0x7101c58d60,0056,_ZTC15BossKnuckleHand24_N2al15IUseStageSwitchE
0x7101c592d8,0008,_ZN12_GLOBAL__N_14RiseE
0x7101c59618,0008,_ZN12_GLOBAL__N_116RocketPunchStartE
0x7101c59658,0008,_ZN12_GLOBAL__N_17RestoreE
0x7101c597c0,0272,_ZN12_GLOBAL__N_118NrvBossKnuckleHandE
0x7101c598e0,0472,_ZTV20BossKnuckleHandPrint
0x7101c59b00,0304,_ZTC20BossKnuckleHandPrint0_N2al9LiveActorE
0x7101c59c30,0056,_ZTC20BossKnuckleHandPrint24_N2al15IUseStageSwitchE
0x7101c59d08,0016,_ZN12_GLOBAL__N_123NrvBossKnuckleHandPrintE
0x7101c59d18,0024,_ZTVN2al16DeriveActorGroupI5MummyEE
0x7101c59d48,0472,_ZTV19BossKnuckleThrowIce
0x7101c59f60,0304,_ZTC19BossKnuckleThrowIce0_N2al9LiveActorE
0x7101c5a090,0056,_ZTC19BossKnuckleThrowIce24_N2al15IUseStageSwitchE
0x7101c5a108,0008,_ZN12_GLOBAL__N_14WaitE
0x7101c5a208,0008,_ZN12_GLOBAL__N_16AppearE
0x7101c5a230,0024,_ZN12_GLOBAL__N_122NrvBossKnuckleThrowIceE
0x7101c5a248,0592,_ZTV9BossMagma
0x7101c5a4e0,0304,_ZTC9BossMagma0_N2al9LiveActorE
0x7101c5a610,0056,_ZTC9BossMagma24_N2al15IUseStageSwitchE
0x7101c5a6a8,0032,_ZTV24IBossMagmaBulletObserver
0x7101c5a9a8,0008,_ZN12_GLOBAL__N_116RequestStartDemoE
0x7101c5ab08,0048,_ZTVN2al10FunctorV0MIP9BossMagmaMS1_FvvEEE
0x7101c5ab60,0128,_ZN12_GLOBAL__N_112NrvBossMagmaE
0x7101c5ac00,0600,_ZTV22BossMagmaBreathDynamic
0x7101c5aea0,0304,_ZTC22BossMagmaBreathDynamic0_N2al9LiveActorE
0x7101c5afd0,0056,_ZTC22BossMagmaBreathDynamic24_N2al15IUseStageSwitchE
0x7101c5b058,0072,_ZTV19IUseBossMagmaBreath
0x7101c5b0c0,0008,_ZN12_GLOBAL__N_15StartE
0x7101c5b108,0008,_ZN12_GLOBAL__N_13EndE
0x7101c5b160,0008,_ZN12_GLOBAL__N_14LoopE
0x7101c5b188,0600,_ZTV18BossMagmaBreathLv3
0x7101c5b420,0304,_ZTC18BossMagmaBreathLv30_N2al9LiveActorE
0x7101c5b550,0056,_ZTC18BossMagmaBreathLv324_N2al15IUseStageSwitchE
0x7101c5b898,0008,_ZN12_GLOBAL__N_14FlowE
0x7101c5b908,0008,_ZN12_GLOBAL__N_14LoopE
0x7101c5b910,0008,_ZN12_GLOBAL__N_16AppearE
0x7101c5b918,0472,_ZTV15BossMagmaBullet
0x7101c5bb70,0304,_ZTC15BossMagmaBullet0_N2al9LiveActorE
0x7101c5bca0,0056,_ZTC15BossMagmaBullet24_N2al15IUseStageSwitchE
0x7101c5bd18,0008,_ZN12_GLOBAL__N_14ShotE
0x7101c5bd58,0008,_ZN12_GLOBAL__N_110RollAppearE
0x7101c5bd98,0008,_ZN12_GLOBAL__N_113ShotLv3AppearE
0x7101c5bdd8,0008,_ZN12_GLOBAL__N_14RollE
0x7101c5be98,0008,_ZN12_GLOBAL__N_18SinkAnimE
0x7101c5bed8,0008,_ZN12_GLOBAL__N_17ShotLv3E
0x7101c5bf40,0024,_ZN12_GLOBAL__N_118NrvBossMagmaBulletE
0x7101c5bf58,0040,_ZTV22BossMagmaBulletDropper
0x7101c5bfb8,0008,_ZN12_GLOBAL__N_14WaitE
0x7101c5bff8,0008,_ZN12_GLOBAL__N_18ShotMoveE
0x7101c5c038,0008,_ZN12_GLOBAL__N_17ShotLv3E
0x7101c5c078,0008,_ZN12_GLOBAL__N_14RollE
0x7101c5c098,0040,_ZTV15BossMagmaCamera
0x7101c5c288,0008,_ZN12_GLOBAL__N_14NoneE
0x7101c5c2c8,0008,_ZN12_GLOBAL__N_16DamageE
0x7101c5c308,0008,_ZN12_GLOBAL__N_14DemoE
0x7101c5c348,0008,_ZN12_GLOBAL__N_16BreathE
0x7101c5c388,0008,_ZN12_GLOBAL__N_15TowerE
0x7101c5c3c8,0008,_ZN12_GLOBAL__N_17ZoomOutE
0x7101c5c408,0008,_ZN12_GLOBAL__N_15ResetE
0x7101c5c428,0472,_ZTV13BossMagmaStep
0x7101c5c660,0304,_ZTC13BossMagmaStep0_16WaveSurfMapParts
0x7101c5c790,0304,_ZTC13BossMagmaStep0_N2al9LiveActorE
0x7101c5c8c0,0056,_ZTC13BossMagmaStep24_N2al15IUseStageSwitchE
0x7101c5c918,0040,_ZTV24BossMagmaStepAnimControl
0x7101c5ca60,0032,_ZN12_GLOBAL__N_127NrvBossMagmaStepAnimControlE
0x7101c5ca80,0576,_ZTV8BossRaid
0x7101c5cd00,0304,_ZTC8BossRaid0_N2al9LiveActorE
0x7101c5ce30,0056,_ZTC8BossRaid24_N2al15IUseStageSwitchE
0x7101c5cec8,0024,_ZTVN2al23IEventFlowEventReceiverE
0x7101c5d0b8,0008,_ZN12_GLOBAL__N_115DemoBattleStartE
0x7101c5d1b8,0008,_ZN12_GLOBAL__N_14RoarE
0x7101c5d1f8,0008,_ZN12_GLOBAL__N_17EndTalkE
0x7101c5d238,0008,_ZN12_GLOBAL__N_111StartAttackE
0x7101c5d278,0008,_ZN12_GLOBAL__N_118PreDemoBattleStartE
0x7101c5d298,0048,_ZTVN2al10FunctorV0MIP8BossRaidMS1_FvvEEE
0x7101c5d2e8,0024,_ZTVN2al16DeriveActorGroupI13BossRaidRivetEE
0x7101c5d320,0080,_ZN12_GLOBAL__N_111NrvBossRaidE
0x7101c5d370,0472,_ZTV13BossRaidChain
0x7101c5d590,0304,_ZTC13BossRaidChain0_N2al9LiveActorE
0x7101c5d6c0,0056,_ZTC13BossRaidChain24_N2al15IUseStageSwitchE
0x7101c5d778,0008,_ZN12_GLOBAL__N_18BlowDownE
0x7101c5d7f8,0008,_ZN12_GLOBAL__N_14DemoE
0x7101c5d818,0016,_ZN12_GLOBAL__N_116NrvBossRaidChainE
0x7101c5d828,0472,_ZTV17BossRaidChainList
0x7101c5da40,0304,_ZTC17BossRaidChainList0_N2al9LiveActorE
0x7101c5db70,0056,_ZTC17BossRaidChainList24_N2al15IUseStageSwitchE
0x7101c5dc28,0008,_ZN12_GLOBAL__N_18BlowDownE
0x7101c5dca8,0008,_ZN12_GLOBAL__N_14DemoE
0x7101c5dcc8,0016,_ZN12_GLOBAL__N_120NrvBossRaidChainListE
0x7101c5dcd8,0472,_ZTV16BossRaidElectric
0x7101c5def0,0304,_ZTC16BossRaidElectric0_N2al9LiveActorE
0x7101c5e020,0056,_ZTC16BossRaidElectric24_N2al15IUseStageSwitchE
0x7101c5e098,0008,_ZN12_GLOBAL__N_14WaitE
0x7101c5e0d8,0008,_ZN12_GLOBAL__N_19DisappearE
0x7101c5e118,0008,_ZN12_GLOBAL__N_14HideE
0x7101c5e138,0472,_ZTV20BossRaidElectricLine
0x7101c5e350,0304,_ZTC20BossRaidElectricLine0_N2al9LiveActorE
0x7101c5e480,0056,_ZTC20BossRaidElectricLine24_N2al15IUseStageSwitchE
0x7101c5e518,0024,_ZTVN2al16DeriveActorGroupI16BossRaidElectricEE
0x7101c5e548,0472,_ZTV17BossRaidLightning
0x7101c5e760,0304,_ZTC17BossRaidLightning0_N2al9LiveActorE
0x7101c5e890,0056,_ZTC17BossRaidLightning24_N2al15IUseStageSwitchE
0x7101c5e908,0008,_ZN12_GLOBAL__N_14SignE
0x7101c5e948,0008,_ZN12_GLOBAL__N_14FallE
0x7101c5e988,0008,_ZN12_GLOBAL__N_14LandE
0x7101c5e9a8,0472,_ZTV11BossRaidNpc
0x7101c5ebc0,0304,_ZTC11BossRaidNpc0_N2al9LiveActorE
0x7101c5ecf0,0056,_ZTC11BossRaidNpc24_N2al15IUseStageSwitchE
0x7101c5ed68,0008,_ZN12_GLOBAL__N_15EventE
0x7101c5eda8,0008,_ZN12_GLOBAL__N_18ReactionE
0x7101c5edc8,0472,_ZTV13BossRaidRivet
0x7101c5efe0,0304,_ZTC13BossRaidRivet0_N2al9LiveActorE
0x7101c5f110,0056,_ZTC13BossRaidRivet24_N2al15IUseStageSwitchE
0x7101c5f308,0008,_ZN12_GLOBAL__N_14DemoE
0x7101c5f330,0048,_ZN12_GLOBAL__N_116NrvBossRaidRivetE
0x7101c5f360,0080,_ZTV25BossRaidStateBreathAttack
0x7101c5f408,0008,_ZN12_GLOBAL__N_110AttackSignE
0x7101c5f448,0008,_ZN12_GLOBAL__N_111AttackStartE
0x7101c5f488,0008,_ZN12_GLOBAL__N_16AttackE
0x7101c5f4c8,0008,_ZN12_GLOBAL__N_110AttackWaitE
0x7101c5f508,0008,_ZN12_GLOBAL__N_19AttackEndE
0x7101c5f528,0024,_ZTVN2al16DeriveActorGroupI13BossRaidWheelEE
0x7101c5f558,0080,_ZTV25BossRaidStateGroundAttack
0x7101c5f5e8,0008,_ZN12_GLOBAL__N_18FallSignE
0x7101c5f628,0008,_ZN12_GLOBAL__N_14FallE
0x7101c5f668,0008,_ZN12_GLOBAL__N_16AttackE
0x7101c5f6a8,0008,_ZN12_GLOBAL__N_19AttackEndE
0x7101c5f6c8,0024,_ZTVN2al16DeriveActorGroupI20BossRaidElectricLineEE
0x7101c5f6f8,0080,_ZTV22BossRaidStateLightning
0x7101c5f788,0008,_ZN12_GLOBAL__N_19LightningE
0x7101c5f7c8,0008,_ZN12_GLOBAL__N_112LightningEndE
0x7101c5f7e8,0472,_ZTV13BossRaidWheel
0x7101c5fa00,0304,_ZTC13BossRaidWheel0_N2al9LiveActorE
0x7101c5fb30,0056,_ZTC13BossRaidWheel24_N2al15IUseStageSwitchE
0x7101c5fba8,0008,_ZN12_GLOBAL__N_14LandE
0x7101c5fbe8,0008,_ZN12_GLOBAL__N_13RunE
0x7101c5fc08,0080,_ZTV20BossStateChasePlayer
0x7101c5fc98,0008,_ZN12_GLOBAL__N_15ChaseE
0x7101c5fcd8,0008,_ZN12_GLOBAL__N_14StopE
0x7101c5fd18,0008,_ZN12_GLOBAL__N_14LostE
0x7101c5fd38,0152,_ZTV17BossStateTalkDemo
0x7101c5fe68,0008,_ZN12_GLOBAL__N_14SkipE
0x7101c5ff48,0048,_ZTVN4sead19FixedSafeStringBaseIcLi64EEE
0x7101c5ff80,0032,_ZN12_GLOBAL__N_120NrvBossStateTalkDemoE
0x7101c5ffa0,0472,_ZTV6Breeda
0x7101c601c0,0304,_ZTC6Breeda0_N2al9LiveActorE
0x7101c602f0,0056,_ZTC6Breeda24_N2al15IUseStageSwitchE
0x7101c609c8,0048,_ZTVN2al10FunctorV0MIP6BreedaMS1_FvvEEE
0x7101c60a20,0208,_ZN12_GLOBAL__N_19NrvBreedaE
0x7101c60af0,0472,_ZTV11BreedaChain
0x7101c60d10,0304,_ZTC11BreedaChain0_N2al9LiveActorE
0x7101c60e40,0056,_ZTC11BreedaChain24_N2al15IUseStageSwitchE
0x7101c60ef8,0008,_ZN12_GLOBAL__N_18BlowDownE
0x7101c60f78,0008,_ZN12_GLOBAL__N_14DemoE
0x7101c60f98,0016,_ZN12_GLOBAL__N_114NrvBreedaChainE
0x7101c60fa8,0472,_ZTV15BreedaChainList
0x7101c611c0,0304,_ZTC15BreedaChainList0_N2al9LiveActorE
0x7101c612f0,0056,_ZTC15BreedaChainList24_N2al15IUseStageSwitchE
0x7101c613a8,0008,_ZN12_GLOBAL__N_18BlowDownE
0x7101c61428,0008,_ZN12_GLOBAL__N_14DemoE
0x7101c61448,0016,_ZN12_GLOBAL__N_118NrvBreedaChainListE
0x7101c61458,0472,_ZTV17BreedaSkirtHemPos
0x7101c616c0,0304,_ZTC17BreedaSkirtHemPos0_N2al9LiveActorE
0x7101c617f0,0056,_ZTC17BreedaSkirtHemPos24_N2al15IUseStageSwitchE
0x7101c61848,0056,_ZTV26BreedaSkirtJointController
0x7101c61880,0056,_ZTV29BreedaSkirtHemJointController
0x7101c618f8,0472,_ZTV12BreedaWanwan
0x7101c61b40,0304,_ZTC12BreedaWanwan0_N2al9LiveActorE
0x7101c61c70,0056,_ZTC12BreedaWanwan24_N2al15IUseStageSwitchE
0x7101c62168,0008,_ZN12_GLOBAL__N_14DemoE
0x7101c62188,0024,_ZTVN2al16DeriveActorGroupI8EnemyCapEE
0x7101c621c0,0144,_ZN12_GLOBAL__N_115NrvBreedaWanwanE
0x7101c62250,0080,_ZTV23BreedaWanwanWanderState
0x7101c622f8,0008,_ZN12_GLOBAL__N_14WaitE
0x7101c62338,0008,_ZN12_GLOBAL__N_14TurnE
0x7101c62378,0008,_ZN12_GLOBAL__N_14MoveE
0x7101c62398,0472,_ZTV10CapThrower
0x7101c625b0,0304,_ZTC10CapThrower0_N2al9LiveActorE
0x7101c626e0,0056,_ZTC10CapThrower24_N2al15IUseStageSwitchE
0x7101c628d8,0008,_ZN12_GLOBAL__N_14WalkE
0x7101c628f8,0048,_ZTVN2al10FunctorV0MIP10CapThrowerMS1_FvvEEE
0x7101c62950,0048,_ZN12_GLOBAL__N_113NrvCapThrowerE
0x7101c62980,0472,_ZTV13CapThrowerCap
0x7101c62ba0,0304,_ZTC13CapThrowerCap0_N2al9LiveActorE
0x7101c62cd0,0056,_ZTC13CapThrowerCap24_N2al15IUseStageSwitchE
0x7101c62f88,0008,_ZN12_GLOBAL__N_119AttackStraightStartE
0x7101c62fc8,0008,_ZN12_GLOBAL__N_116AttackCurveStartE
0x7101c63088,0008,_ZN12_GLOBAL__N_118AttackStraightWaitE
0x7101c630b0,0088,_ZN12_GLOBAL__N_116NrvCapThrowerCapE
0x7101c63108,0080,_ZTV23CapThrowerStateCapThrow
0x7101c63198,0008,_ZN12_GLOBAL__N_110ThrowStartE
0x7101c63218,0008,_ZN12_GLOBAL__N_18ThrowEndE
0x7101c63258,0008,_ZN12_GLOBAL__N_110AttackWaitE
0x7101c63318,0008,_ZN12_GLOBAL__N_15CatchE
0x7101c63340,0024,_ZN12_GLOBAL__N_126NrvCapThrowerStateCapThrowE
0x7101c63358,0080,_ZTV31CapThrowerStateInvincibleAttack
0x7101c63510,0040,_ZN12_GLOBAL__N_134NrvCapThrowerStateInvincibleAttackE
0x7101c63538,0472,_ZTV10FireBlower
0x7101c63870,0304,_ZTC10FireBlower0_N2al9LiveActorE
0x7101c639a0,0056,_ZTC10FireBlower24_N2al15IUseStageSwitchE
0x7101c64158,0008,_ZN12_GLOBAL__N_114WaitAttackMissE
0x7101c64198,0008,_ZN12_GLOBAL__N_113WaitAttackEndE
0x7101c641d8,0008,_ZN12_GLOBAL__N_112RunAttackEndE
0x7101c64258,0008,_ZN12_GLOBAL__N_17BlowEndE
0x7101c64298,0008,_ZN12_GLOBAL__N_18BlowMissE
0x7101c643f8,0048,_ZTVN2al10FunctorV0MIP10FireBlowerMS1_FvvEEE
0x7101c64450,0280,_ZN12_GLOBAL__N_113NrvFireBlowerE
0x7101c64568,0472,_ZTV13FireBlowerCap
0x7101c647a0,0304,_ZTC13FireBlowerCap0_N2al10PartsModelE
0x7101c648d0,0304,_ZTC13FireBlowerCap0_N2al9LiveActorE
0x7101c64a00,0056,_ZTC13FireBlowerCap24_N2al15IUseStageSwitchE
0x7101c64af8,0008,_ZN12_GLOBAL__N_19CapAppearE
0x7101c64b38,0008,_ZN12_GLOBAL__N_119CapResetAttackStartE
0x7101c64b58,0016,_ZN12_GLOBAL__N_116NrvFireBlowerCapE
0x7101c64b68,0472,_ZTV24FireBlowerPaintRequester
0x7101c64d80,0304,_ZTC24FireBlowerPaintRequester0_N2al9LiveActorE
0x7101c64eb0,0056,_ZTC24FireBlowerPaintRequester24_N2al15IUseStageSwitchE
0x7101c64f28,0008,_ZN12_GLOBAL__N_14WaitE
0x7101c64f68,0472,_ZTV22GKDemoKillMessageActor
0x7101c65180,0304,_ZTC22GKDemoKillMessageActor0_N2al9LiveActorE
0x7101c652b0,0056,_ZTC22GKDemoKillMessageActor24_N2al15IUseStageSwitchE
0x7101c65308,0656,_ZTV15GiantWanderBoss
0x7101c65660,0304,_ZTC15GiantWanderBoss0_N2al9LiveActorE
0x7101c65790,0056,_ZTC15GiantWanderBoss24_N2al15IUseStageSwitchE
0x7101c65838,0056,_ZTVN2al9ISceneObjE
0x7101c65870,0024,_ZTV19IUsePlayerCollision
0x7101c65e18,0008,_ZN12_GLOBAL__N_121DemoBattleStartLevel2E
0x7101c661d8,0008,_ZN12_GLOBAL__N_117AttackAllRangeEndE
0x7101c66438,0048,_ZTVN2al10FunctorV0MIP15GiantWanderBossMS1_FvvEEE
0x7101c66488,0024,_ZTVN2al16DeriveActorGroupI21GiantWanderBossBulletEE
0x7101c664b8,0024,_ZTVN2al16DeriveActorGroupI19GiantWanderBossMineEE
0x7101c664e8,0024,_ZTVN2al16DeriveActorGroupI5HosuiEE
0x7101c66518,0024,_ZTVN2al16DeriveActorGroupI13HipDropSwitchEE
0x7101c66548,0024,_ZTVN2al16DeriveActorGroupI17WaterLauncherCorkEE
0x7101c66580,0288,_ZN12_GLOBAL__N_118NrvGiantWanderBossE
0x7101c666a0,0040,_ZTV34GiantWanderBossBattleBgmController
0x7101c66870,0048,_ZN12_GLOBAL__N_137NrvGiantWanderBossBattleBgmControllerE
0x7101c668a0,0472,_ZTV21GiantWanderBossBullet
0x7101c66ac0,0304,_ZTC21GiantWanderBossBullet0_N2al9LiveActorE
0x7101c66bf0,0056,_ZTC21GiantWanderBossBullet24_N2al15IUseStageSwitchE
0x7101c66c68,0008,_ZN12_GLOBAL__N_13FlyE
0x7101c66ca8,0008,_ZN12_GLOBAL__N_112AppearAttachE
0x7101c66cc8,0024,_ZTVN2al16DeriveActorGroupI10LifeUpItemEE
0x7101c66cf8,0472,_ZTV19GiantWanderBossMine
0x7101c66f10,0304,_ZTC19GiantWanderBossMine0_N2al9LiveActorE
0x7101c67040,0056,_ZTC19GiantWanderBossMine24_N2al15IUseStageSwitchE
0x7101c670b8,0008,_ZN12_GLOBAL__N_17FlyDownE
0x7101c671f8,0008,_ZN12_GLOBAL__N_112FlyParabolicE
0x7101c67220,0032,_ZN12_GLOBAL__N_122NrvGiantWanderBossMineE
0x7101c67240,0040,_ZTV37GiantWanderBossPreBattleBgmController
0x7101c67350,0024,_ZN12_GLOBAL__N_140NrvGiantWanderBossPreBattleBgmControllerE
0x7101c67368,0080,_ZTV23GiantWanderBossRailMove
0x7101c673f8,0008,_ZN12_GLOBAL__N_14MoveE
0x7101c67438,0008,_ZN12_GLOBAL__N_14FastE
0x7101c67478,0008,_ZN12_GLOBAL__N_19FirstRailE
0x7101c674b8,0008,_ZN12_GLOBAL__N_14WaitE
0x7101c674d8,0080,_ZTV26GiantWanderBossStateAttack
0x7101c67568,0008,_ZN12_GLOBAL__N_110AttackSignE
0x7101c675a8,0008,_ZN12_GLOBAL__N_114AttackSignWaitE
0x7101c675e8,0008,_ZN12_GLOBAL__N_111AttackStartE
0x7101c67628,0008,_ZN12_GLOBAL__N_16AttackE
0x7101c67668,0008,_ZN12_GLOBAL__N_19AttackEndE
0x7101c67688,0080,_ZTV26GiantWanderBossStateEscape
0x7101c676f8,0080,_ZTV32GiantWanderBossStateEscapeCancel
0x7101c677a8,0008,_ZN12_GLOBAL__N_15AngryE
0x7101c677e8,0008,_ZN12_GLOBAL__N_110AppearMineE
0x7101c67888,0016,_ZN12_GLOBAL__N_135NrvGiantWanderBossStateEscapeCancelE
0x7101c67898,0080,_ZTV27GiantWanderBossStateOnGlass
0x7101c67c90,0112,_ZN12_GLOBAL__N_130NrvGiantWanderBossStateOnGlassE
0x7101c67d00,0472,_ZTV6GKShip
0x7101c67fa0,0304,_ZTC6GKShip0_N2al9LiveActorE
0x7101c680d0,0056,_ZTC6GKShip24_N2al15IUseStageSwitchE
0x7101c68148,0008,_ZN12_GLOBAL__N_14WaitE
0x7101c68188,0008,_ZN12_GLOBAL__N_121BattleStartShipAppearE
0x7101c681c8,0008,_ZN12_GLOBAL__N_115BattleStartTalkE
0x7101c68268,0048,_ZTVN4sead15FixedSafeStringILi128EEE
0x7101c68298,0048,_ZTVN4sead19FixedSafeStringBaseIcLi128EEE
0x7101c682c8,0016,_ZN12_GLOBAL__N_19NrvGKShipE
0x7101c682d8,1032,_ZTV10GolemClimb
0x7101c68720,0304,_ZTC10GolemClimb0_N2al9LiveActorE
0x7101c68850,0056,_ZTC10GolemClimb24_N2al15IUseStageSwitchE
0x7101c688e8,0248,_ZTV14IUseGolemState
0x7101c68e98,0008,_ZN12_GLOBAL__N_15ShoutE
0x7101c68fb8,0024,_ZTVN2al16DeriveActorGroupI11ReflectBombEE
0x7101c68fe8,0024,_ZTVN2al16DeriveActorGroupI10SearchBombEE
0x7101c69018,0024,_ZTVN2al16DeriveActorGroupI7TsukkunEE
0x7101c69048,0024,_ZTVN2al16DeriveActorGroupI19GolemClimbFootPrintEE
0x7101c69078,0024,_ZTVN2al16DeriveActorGroupI10HammerBrosEE
0x7101c690b0,0160,_ZN12_GLOBAL__N_113NrvGolemClimbE
0x7101c69150,0472,_ZTV19GolemClimbFootPrint
0x7101c69370,0304,_ZTC19GolemClimbFootPrint0_N2al9LiveActorE
0x7101c694a0,0056,_ZTC19GolemClimbFootPrint24_N2al15IUseStageSwitchE
0x7101c694f8,0040,_ZTV21GolemClimbThrustPoint
0x7101c695d8,0008,_ZN12_GLOBAL__N_14DeadE
0x7101c69680,0032,_ZN12_GLOBAL__N_124NrvGolemClimbThrustPointE
0x7101c696a0,0472,_ZTV19GolemClimbWeakPoint
0x7101c698e0,0304,_ZTC19GolemClimbWeakPoint0_N2al10PartsModelE
0x7101c69a10,0304,_ZTC19GolemClimbWeakPoint0_N2al9LiveActorE
0x7101c69b40,0056,_ZTC19GolemClimbWeakPoint24_N2al15IUseStageSwitchE
0x7101c69c18,0048,_ZTVN2al9StringTmpILi256EEE
0x7101c69d08,0008,_ZN12_GLOBAL__N_16DamageE
0x7101c69d88,0008,_ZN12_GLOBAL__N_14DemoE
0x7101c69db0,0032,_ZN12_GLOBAL__N_122NrvGolemClimbWeakPointE
0x7101c69dd0,0080,_ZTV16GolemDamageState
0x7101c69e78,0008,_ZN12_GLOBAL__N_16DamageE
0x7101c69eb8,0008,_ZN12_GLOBAL__N_110DamageLoopE
0x7101c69ed8,0080,_ZTV23GolemDemoBattleEndState
0x7101c69f68,0008,_ZN12_GLOBAL__N_17RequestE
0x7101c69fa8,0008,_ZN12_GLOBAL__N_14PlayE
0x7101c69fc8,0080,_ZTV25GolemDemoBattleStartState
0x7101c6a058,0008,_ZN12_GLOBAL__N_17RequestE
0x7101c6a098,0008,_ZN12_GLOBAL__N_14PlayE
0x7101c6a0b8,0080,_ZTV19GolemDownBreakState
0x7101c6a148,0008,_ZN12_GLOBAL__N_16DamageE
0x7101c6a188,0008,_ZN12_GLOBAL__N_15ShoutE
0x7101c6a1c8,0008,_ZN12_GLOBAL__N_17RecoverE
0x7101c6a338,0056,_ZTV20GolemJointIKRootCtrl
0x7101c6a388,0080,_ZTV14GolemMoveState
0x7101c6a478,0016,_ZN12_GLOBAL__N_117NrvGolemMoveStateE
0x7101c6a488,0080,_ZTV13GolemRunState
0x7101c6a558,0008,_ZN12_GLOBAL__N_13RunE
0x7101c6a598,0008,_ZN12_GLOBAL__N_17StaggerE
0x7101c6a618,0008,_ZN12_GLOBAL__N_16ReturnE
0x7101c6a658,0008,_ZN12_GLOBAL__N_13EndE
0x7101c6a678,0016,_ZN12_GLOBAL__N_116NrvGolemRunStateE
0x7101c6a688,0080,_ZTV15GolemShoutState
0x7101c6a6f8,0080,_ZTV15GolemStampState
0x7101c6a970,0064,_ZN12_GLOBAL__N_118NrvGolemStampStateE
0x7101c6a9b0,0080,_ZTV20GolemStandBreakState
0x7101c6aa38,0008,_ZN12_GLOBAL__N_16DamageE
0x7101c6aa78,0008,_ZN12_GLOBAL__N_15ShoutE
0x7101c6aab8,0008,_ZN12_GLOBAL__N_17RecoverE
0x7101c6aad8,0504,_ZTV5Koopa
0x7101c6ad10,0304,_ZTC5Koopa0_N2al9LiveActorE
0x7101c6ae40,0056,_ZTC5Koopa24_N2al15IUseStageSwitchE
0x7101c6aec8,0024,_ZTV13IUseDimension
0x7101c6b430,0160,_ZN12_GLOBAL__N_18NrvKoopaE
0x7101c6b4d0,0536,_ZTV7Koopa2D
0x7101c6b730,0304,_ZTC7Koopa2D0_N2al9LiveActorE
0x7101c6b860,0056,_ZTC7Koopa2D24_N2al15IUseStageSwitchE
0x7101c6b928,0024,_ZTVN2al16DeriveActorGroupI11KoopaFire2DEE
0x7101c6b978,0008,_ZN12_GLOBAL__N_15PopUpE
0x7101c6baf8,0008,_ZN12_GLOBAL__N_115SeparateJumpEndE
0x7101c6bb20,0048,_ZN12_GLOBAL__N_110NrvKoopa2DE
0x7101c6bb50,0472,_ZTV23KoopaBattleFieldBarrier
0x7101c6bd70,0304,_ZTC23KoopaBattleFieldBarrier0_N2al9LiveActorE
0x7101c6bea0,0056,_ZTC23KoopaBattleFieldBarrier24_N2al15IUseStageSwitchE
0x7101c6bf48,0184,_ZTV15KoopaCameraCtrl
0x7101c6c068,0472,_ZTV8KoopaCap
0x7101c6c280,0304,_ZTC8KoopaCap0_N2al9LiveActorE
0x7101c6c3b0,0056,_ZTC8KoopaCap24_N2al15IUseStageSwitchE
0x7101c6c4a8,0008,_ZN12_GLOBAL__N_16AppearE
0x7101c6c868,0008,_ZN12_GLOBAL__N_14DemoE
0x7101c6c8d0,0136,_ZN12_GLOBAL__N_111NrvKoopaCapE
0x7101c6c958,0472,_ZTV18KoopaCapOnlyWeapon
0x7101c6cb70,0304,_ZTC18KoopaCapOnlyWeapon0_N2al9LiveActorE
0x7101c6cca0,0056,_ZTC18KoopaCapOnlyWeapon24_N2al15IUseStageSwitchE
0x7101c6cd18,0008,_ZN12_GLOBAL__N_19SpinThrowE
0x7101c6ce00,0024,_ZN12_GLOBAL__N_121NrvKoopaCapOnlyWeaponE
0x7101c6ce18,0472,_ZTV14KoopaCapPlayer
0x7101c6d030,0304,_ZTC14KoopaCapPlayer0_N2al9LiveActorE
0x7101c6d160,0056,_ZTC14KoopaCapPlayer24_N2al15IUseStageSwitchE
0x7101c6d600,0136,_ZN12_GLOBAL__N_117NrvKoopaCapPlayerE
0x7101c6d688,0040,_ZTV20KoopaCapPlayerBinder
0x7101c6da50,0112,_ZN12_GLOBAL__N_123NrvKoopaCapPlayerBinderE
0x7101c6dac0,0040,_ZTV16KoopaCapPunching
0x7101c6db28,0008,_ZN12_GLOBAL__N_16AppearE
0x7101c6dbe8,0008,_ZN12_GLOBAL__N_14JumpE
0x7101c6dd10,0048,_ZN12_GLOBAL__N_119NrvKoopaCapPunchingE
0x7101c6dd40,0472,_ZTV16KoopaCappyEyes2D
0x7101c6df80,0304,_ZTC16KoopaCappyEyes2D0_N2al10PartsModelE
0x7101c6e0b0,0304,_ZTC16KoopaCappyEyes2D0_N2al9LiveActorE
0x7101c6e1e0,0056,_ZTC16KoopaCappyEyes2D24_N2al15IUseStageSwitchE
0x7101c6e258,0008,_ZN12_GLOBAL__N_16AppearE
0x7101c6e298,0008,_ZN12_GLOBAL__N_19DisappearE
0x7101c6e2d8,0008,_ZN12_GLOBAL__N_14WaitE
0x7101c6e2f8,0040,_ZTV21KoopaCapScaleAnimator
0x7101c6e358,0008,_ZN12_GLOBAL__N_14StopE
0x7101c6e398,0008,_ZN12_GLOBAL__N_116WaitHoverScalingE
0x7101c6e3b8,0080,_ZTV22KoopaCapStateSpinThrow
0x7101c6e4a8,0016,_ZN12_GLOBAL__N_125NrvKoopaCapStateSpinThrowE
0x7101c6e4b8,0544,_ZTV11KoopaChurch
0x7101c6e720,0304,_ZTC11KoopaChurch0_N2al9LiveActorE
0x7101c6e850,0056,_ZTC11KoopaChurch24_N2al15IUseStageSwitchE
0x7101c6ea50,0048,_ZN12_GLOBAL__N_114NrvKoopaChurchE
0x7101c6ea80,0472,_ZTV15KoopaDamageBall
0x7101c6eca0,0304,_ZTC15KoopaDamageBall0_N2al9LiveActorE
0x7101c6edd0,0056,_ZTC15KoopaDamageBall24_N2al15IUseStageSwitchE
0x7101c6eff0,0056,_ZN12_GLOBAL__N_118NrvKoopaDamageBallE
0x7101c6f028,0472,_ZTV14KoopaDemoDummy
0x7101c6f240,0304,_ZTC14KoopaDemoDummy0_N2al9LiveActorE
0x7101c6f370,0056,_ZTC14KoopaDemoDummy24_N2al15IUseStageSwitchE
0x7101c6f3c8,0024,_ZTVN2al16DeriveActorGroupI4BirdEE
0x7101c6f3f8,0504,_ZTV11KoopaFire2D
0x7101c6f630,0304,_ZTC11KoopaFire2D0_N2al9LiveActorE
0x7101c6f760,0056,_ZTC11KoopaFire2D24_N2al15IUseStageSwitchE
0x7101c6f7f8,0008,_ZN12_GLOBAL__N_17FlyWaitE
0x7101c6f818,0472,_ZTV13KoopaFireBall
0x7101c6fa30,0304,_ZTC13KoopaFireBall0_N2al9LiveActorE
0x7101c6fb60,0056,_ZTC13KoopaFireBall24_N2al15IUseStageSwitchE
0x7101c6fc80,0024,_ZN12_GLOBAL__N_116NrvKoopaFireBallE
0x7101c6fc98,0472,_ZTV13KoopaFireBeam
0x7101c6feb0,0304,_ZTC13KoopaFireBeam0_N2al9LiveActorE
0x7101c6ffe0,0056,_ZTC13KoopaFireBeam24_N2al15IUseStageSwitchE
0x7101c70058,0008,_ZN12_GLOBAL__N_16AppearE
0x7101c70118,0048,_ZTVN2al9StringTmpILi32EEE
0x7101c701c8,0008,_ZN12_GLOBAL__N_110AppearSignE
0x7101c70208,0008,_ZN12_GLOBAL__N_19DisappearE
0x7101c70248,0008,_ZN12_GLOBAL__N_14WaitE
0x7101c70268,0472,_ZTV19KoopaFireBeamGround
0x7101c70480,0304,_ZTC19KoopaFireBeamGround0_N2al9LiveActorE
0x7101c705b0,0056,_ZTC19KoopaFireBeamGround24_N2al15IUseStageSwitchE
0x7101c70628,0008,_ZN12_GLOBAL__N_110AppearSignE
0x7101c70668,0008,_ZN12_GLOBAL__N_14WaitE
0x7101c70688,0024,_ZTVN2al16DeriveActorGroupI18KoopaCapOnlyWeaponEE
0x7101c706b8,0024,_ZTVN2al16DeriveActorGroupI15KoopaDamageBallEE
0x7101c706e8,0040,_ZTV21KoopaHackPartsMtxCtrl
0x7101c708b0,0048,_ZN12_GLOBAL__N_124NrvKoopaHackPartsMtxCtrlE
0x7101c708e0,0056,_ZTV17KoopaHackStopCtrl
0x7101c70938,0072,_ZTV15KoopaHintHolder
0x7101c70a28,0008,_ZN12_GLOBAL__N_114HintCapReflectE
0x7101c70aa8,0008,_ZN12_GLOBAL__N_117HintCapAttachBombE
0x7101c70ac8,0016,_ZN12_GLOBAL__N_118NrvKoopaHintHolderE
0x7101c70b78,0472,_ZTV8KoopaLv1
0x7101c70d90,0304,_ZTC8KoopaLv10_N2al9LiveActorE
0x7101c70ec0,0056,_ZTC8KoopaLv124_N2al15IUseStageSwitchE
0x7101c71218,0024,_ZTVN2al16DeriveActorGroupI17CapAppearMapPartsEE
0x7101c71250,0096,_ZN12_GLOBAL__N_111NrvKoopaLv1E
0x7101c712b0,0040,_ZTV20KoopaPartialAnimator
0x7101c714a8,0008,_ZN12_GLOBAL__N_17FireEndE
0x7101c71508,0024,_ZTVN2al16DeriveActorGroupI13KoopaFireBallEE
0x7101c71540,0056,_ZN12_GLOBAL__N_123NrvKoopaPartialAnimatorE
0x7101c71dc0,0472,_ZTV13KoopaRingBeam
0x7101c71fe0,0304,_ZTC13KoopaRingBeam0_N2al9LiveActorE
0x7101c72110,0056,_ZTC13KoopaRingBeam24_N2al15IUseStageSwitchE
0x7101c72518,0008,_ZN12_GLOBAL__N_110AttackTailE
0x7101c72988,0472,_ZTVN2al25PrePassLightPlacementBaseINS_7LppLineEEE
0x7101c72b60,0120,_ZTVN2al7LppLineE
0x7101c72c18,0120,_ZTVN2al12PrePassLightINS_12LppLineParamEEE
0x7101c72c90,0040,_ZN12_GLOBAL__N_116NrvKoopaRingBeamE
0x7101c72cb8,0024,_ZTVN2al16DeriveActorGroupI13KoopaRingBeamEE
0x7101c72ce8,0504,_ZTV10KoopaShell
0x7101c72f20,0304,_ZTC10KoopaShell0_N2al9LiveActorE
0x7101c73050,0056,_ZTC10KoopaShell24_N2al15IUseStageSwitchE
0x7101c730e8,0008,_ZN12_GLOBAL__N_16AppearE
0x7101c73128,0008,_ZN12_GLOBAL__N_111RecoverJumpE
0x7101c73168,0008,_ZN12_GLOBAL__N_18DeactiveE
0x7101c73228,0008,_ZN12_GLOBAL__N_19SpinStartE
0x7101c73268,0008,_ZN12_GLOBAL__N_14SpinE
0x7101c732c0,0008,_ZN12_GLOBAL__N_115RecoverFallSignE
0x7101c73308,0008,_ZN12_GLOBAL__N_111RecoverFallE
0x7101c73348,0008,_ZN12_GLOBAL__N_111RecoverLandE
0x7101c73368,0016,_ZN12_GLOBAL__N_113NrvKoopaShellE
0x7101c73378,0080,_ZTV25KoopaStateAttackSpinShell
0x7101c73408,0008,_ZN12_GLOBAL__N_116AttackShellStartE
0x7101c73448,0008,_ZN12_GLOBAL__N_111AttackShellE
0x7101c73488,0008,_ZN12_GLOBAL__N_114AttackShellEndE
0x7101c734a8,0080,_ZTV20KoopaStateAttackTail
0x7101c73538,0008,_ZN12_GLOBAL__N_114AttackTailSignE
0x7101c73678,0008,_ZN12_GLOBAL__N_115AttackTailStartE
0x7101c736b8,0008,_ZN12_GLOBAL__N_110AttackTailE
0x7101c73720,0040,_ZN12_GLOBAL__N_123NrvKoopaStateAttackTailE
0x7101c73748,0152,_ZTV30KoopaStateDeadAndDemoBattleEnd
0x7101c73838,0008,_ZN12_GLOBAL__N_14DeadE
0x7101c738b8,0008,_ZN12_GLOBAL__N_14SkipE
0x7101c73918,0016,_ZN12_GLOBAL__N_133NrvKoopaStateDeadAndDemoBattleEndE
0x7101c73928,0152,_ZTV25KoopaStateDemoBattleStart
0x7101c73ad8,0008,_ZN12_GLOBAL__N_14SkipE
0x7101c73b00,0024,_ZN12_GLOBAL__N_128NrvKoopaStateDemoBattleStartE
0x7101c73b18,0152,_ZTV27KoopaStateDemoClashBasement
0x7101c73c88,0008,_ZN12_GLOBAL__N_14SkipE
0x7101c73d08,0008,_ZN12_GLOBAL__N_13EndE
0x7101c73d30,0024,_ZN12_GLOBAL__N_130NrvKoopaStateDemoClashBasementE
0x7101c73d48,0080,_ZTV18KoopaStateFireBeam
0x7101c73e58,0008,_ZN12_GLOBAL__N_117FireBeamSignFirstE
0x7101c73e98,0008,_ZN12_GLOBAL__N_113FireBeamStartE
0x7101c73ed8,0008,_ZN12_GLOBAL__N_112FireBeamSignE
0x7101c73f18,0008,_ZN12_GLOBAL__N_18FireBeamE
0x7101c73f98,0008,_ZN12_GLOBAL__N_112FireBeamTurnE
0x7101c74018,0008,_ZN12_GLOBAL__N_118FireBeamAfterAngryE
0x7101c74040,0032,_ZN12_GLOBAL__N_121NrvKoopaStateFireBeamE
0x7101c74060,0080,_ZTV17KoopaStateHipDrop
0x7101c740e8,0008,_ZN12_GLOBAL__N_19JumpStartE
0x7101c74268,0008,_ZN12_GLOBAL__N_112HipDropStartE
0x7101c742d0,0048,_ZN12_GLOBAL__N_120NrvKoopaStateHipDropE
0x7101c74300,0080,_ZTV18KoopaStateHitPunch
0x7101c74408,0008,_ZN12_GLOBAL__N_16HitEndE
0x7101c74428,0016,_ZN12_GLOBAL__N_121NrvKoopaStateHitPunchE
0x7101c74438,0080,_ZTV14KoopaStateJump
0x7101c745b0,0032,_ZN12_GLOBAL__N_117NrvKoopaStateJumpE
0x7101c745d0,0080,_ZTV17KoopaStateRecover
0x7101c74718,0008,_ZN12_GLOBAL__N_17DamageRE
0x7101c74818,0008,_ZN12_GLOBAL__N_18DownLandE
0x7101c74858,0008,_ZN12_GLOBAL__N_111DownLandEndE
0x7101c74898,0008,_ZN12_GLOBAL__N_15AngryE
0x7101c748c0,0048,_ZN12_GLOBAL__N_120NrvKoopaStateRecoverE
0x7101c748f0,0080,_ZTV19KoopaStateThrowBall
0x7101c74f38,0008,_ZN12_GLOBAL__N_113ThrowAfterEndE
0x7101c74f60,0184,_ZN12_GLOBAL__N_122NrvKoopaStateThrowBallE
0x7101c75018,0080,_ZTV18KoopaStateThrowCap
0x7101c75368,0008,_ZN12_GLOBAL__N_113TakeCapSingleE
0x7101c753a8,0008,_ZN12_GLOBAL__N_113ThrowCapStartE
0x7101c753e8,0008,_ZN12_GLOBAL__N_17TakeCapE
0x7101c75428,0008,_ZN12_GLOBAL__N_17ShowCapE
0x7101c75468,0008,_ZN12_GLOBAL__N_110ShowCapEndE
0x7101c75650,0144,_ZN12_GLOBAL__N_121NrvKoopaStateThrowCapE
0x7101c756e0,0080,_ZTV13LoopAnimState
0x7101c75768,0008,_ZN12_GLOBAL__N_15StartE
0x7101c757a8,0008,_ZN12_GLOBAL__N_13EndE
0x7101c757e8,0008,_ZN12_GLOBAL__N_14LoopE
0x7101c75828,0544,_ZTV8Mofumofu
0x7101c75a90,0304,_ZTC8Mofumofu0_N2al9LiveActorE
0x7101c75bc0,0056,_ZTC8Mofumofu24_N2al15IUseStageSwitchE
0x7101c76508,0008,_ZN12_GLOBAL__N_14DashE
0x7101c76628,0008,_ZN12_GLOBAL__N_112DemoOpening1E
0x7101c76668,0008,_ZN12_GLOBAL__N_112DemoOpening2E
0x7101c766a8,0008,_ZN12_GLOBAL__N_18WallMoveE
0x7101c768a8,0008,_ZN12_GLOBAL__N_114WallSinkWarpInE
0x7101c76a28,0008,_ZN12_GLOBAL__N_114WallOutWarpOutE
0x7101c76a68,0008,_ZN12_GLOBAL__N_114PanicStopStartE
0x7101c76ba8,0008,_ZN12_GLOBAL__N_16DamageE
0x7101c76d28,0008,_ZN12_GLOBAL__N_18DashSignE
0x7101c76d68,0008,_ZN12_GLOBAL__N_117DashCloseWarpHoleE
0x7101c76de8,0008,_ZN12_GLOBAL__N_119WallOutOpenWarpHoleE
0x7101c76e28,0008,_ZN12_GLOBAL__N_113DemoBattleEndE
0x7101c76e68,0008,_ZN12_GLOBAL__N_120DemoBattleEndDieSignE
0x7101c76ea8,0008,_ZN12_GLOBAL__N_116DemoBattleEndDieE
0x7101c76ee8,0008,_ZN12_GLOBAL__N_121DemoBattleEndDieAfterE
0x7101c76f08,0048,_ZTVN2al10FunctorV0MIP8MofumofuMS1_FvvEEE
0x7101c76f60,0216,_ZN12_GLOBAL__N_111NrvMofumofuE
0x7101c77038,0472,_ZTV12MofumofuBody
0x7101c77250,0304,_ZTC12MofumofuBody0_N2al9LiveActorE
0x7101c77380,0056,_ZTC12MofumofuBody24_N2al15IUseStageSwitchE
0x7101c77a38,0008,_ZN12_GLOBAL__N_19StopStartE
0x7101c77ab8,0008,_ZN12_GLOBAL__N_111StopMoveEndE
0x7101c77d78,0008,_ZN12_GLOBAL__N_113DemoBattleEndE
0x7101c77fa0,0352,_ZN12_GLOBAL__N_115NrvMofumofuBodyE
0x7101c78100,0472,_ZTV14MofumofuBullet
0x7101c78320,0304,_ZTC14MofumofuBullet0_N2al9LiveActorE
0x7101c78450,0056,_ZTC14MofumofuBullet24_N2al15IUseStageSwitchE
0x7101c784c8,0008,_ZN12_GLOBAL__N_18FlyStartE
0x7101c785b0,0024,_ZN12_GLOBAL__N_117NrvMofumofuBulletE
0x7101c785c8,0472,_ZTV13MofumofuScrap
0x7101c787e0,0304,_ZTC13MofumofuScrap0_N2al9LiveActorE
0x7101c78910,0056,_ZTC13MofumofuScrap24_N2al15IUseStageSwitchE
0x7101c78988,0008,_ZN12_GLOBAL__N_14WaitE
0x7101c78a28,0016,_ZN12_GLOBAL__N_116NrvMofumofuScrapE
0x7101c78a38,0472,_ZTV16MofumofuWarpHole
0x7101c78c50,0304,_ZTC16MofumofuWarpHole0_N2al9LiveActorE
0x7101c78d80,0056,_ZTC16MofumofuWarpHole24_N2al15IUseStageSwitchE
0x7101c78df8,0008,_ZN12_GLOBAL__N_16AppearE
0x7101c78e78,0008,_ZN12_GLOBAL__N_15CloseE
0x7101c78ef8,0008,_ZN12_GLOBAL__N_18HideMoveE
0x7101c78f38,0008,_ZN12_GLOBAL__N_18DashSignE
0x7101c78f78,0008,_ZN12_GLOBAL__N_14WaitE
0x7101c78ff8,0008,_ZN12_GLOBAL__N_111DashSignEndE
0x7101c79020,0024,_ZN12_GLOBAL__N_119NrvMofumofuWarpHoleE
0x7101c79038,0472,_ZTV22MultiGateKeeperWatcher
0x7101c79250,0472,_ZTV22MultiGateKeeperBonfire
0x7101c79470,0304,_ZTC22MultiGateKeeperBonfire0_N2al9LiveActorE
0x7101c795a0,0056,_ZTC22MultiGateKeeperBonfire24_N2al15IUseStageSwitchE
0x7101c79600,0304,_ZTC22MultiGateKeeperWatcher0_N2al9LiveActorE
0x7101c79730,0056,_ZTC22MultiGateKeeperWatcher24_N2al15IUseStageSwitchE
0x7101c79828,0008,_ZN12_GLOBAL__N_17BonFireE
0x7101c79890,0024,_ZN12_GLOBAL__N_125NrvMultiGateKeeperWatcherE
0x7101c798a8,0472,_ZTV5Objex
0x7101c79ac0,0304,_ZTC5Objex0_N2al9LiveActorE
0x7101c79bf0,0056,_ZTC5Objex24_N2al15IUseStageSwitchE
0x7101c79c68,0008,_ZN12_GLOBAL__N_14WaitE
0x7101c79d28,0008,_ZN12_GLOBAL__N_111AttackSlideE
0x7101c79d68,0008,_ZN12_GLOBAL__N_113AppearCrystalE
0x7101c79d88,0016,_ZN12_GLOBAL__N_18NrvObjexE
0x7101c79d98,0472,_ZTV15SmallWanderBoss
0x7101c79fb0,0304,_ZTC15SmallWanderBoss0_N2al9LiveActorE
0x7101c7a0e0,0056,_ZTC15SmallWanderBoss24_N2al15IUseStageSwitchE
0x7101c7a2b8,0024,_ZTVN2al16DeriveActorGroupI21SmallWanderBossBulletEE
0x7101c7a2f0,0048,_ZN12_GLOBAL__N_118NrvSmallWanderBossE
0x7101c7a320,0472,_ZTV21SmallWanderBossBullet
0x7101c7a540,0304,_ZTC21SmallWanderBossBullet0_N2al9LiveActorE
0x7101c7a670,0056,_ZTC21SmallWanderBossBullet24_N2al15IUseStageSwitchE
0x7101c7a6e8,0008,_ZN12_GLOBAL__N_13FlyE
0x7101c7a7e8,0008,_ZN12_GLOBAL__N_17FlyDownE
0x7101c7a828,0008,_ZN12_GLOBAL__N_113SignExplosionE
0x7101c7a850,0024,_ZN12_GLOBAL__N_124NrvSmallWanderBossBulletE
0x7101c7a868,0080,_ZTV26SmallWanderBossStateAttack
0x7101c7a8f8,0008,_ZN12_GLOBAL__N_110AttackSignE
0x7101c7a938,0008,_ZN12_GLOBAL__N_114AttackSignWaitE
0x7101c7a978,0008,_ZN12_GLOBAL__N_111AttackStartE
0x7101c7a9b8,0008,_ZN12_GLOBAL__N_16AttackE
0x7101c7a9f8,0008,_ZN12_GLOBAL__N_19AttackEndE
0x7101c7aa18,0472,_ZTV7Stacker
0x7101c7ac30,0304,_ZTC7Stacker0_N2al9LiveActorE
0x7101c7ad60,0056,_ZTC7Stacker24_N2al15IUseStageSwitchE
0x7101c7afb8,0024,_ZTVN2al16DeriveActorGroupI10StackerCapEE
0x7101c7afe8,0048,_ZTVN2al10FunctorV0MIP7StackerMS1_FvvEEE
0x7101c7b040,0064,_ZN12_GLOBAL__N_110NrvStackerE
0x7101c7b080,0472,_ZTV10StackerCap
0x7101c7b2a0,0304,_ZTC10StackerCap0_N2al9LiveActorE
0x7101c7b3d0,0056,_ZTC10StackerCap24_N2al15IUseStageSwitchE
0x7101c7b6c8,0008,_ZN12_GLOBAL__N_16AppearE
0x7101c7b708,0008,_ZN12_GLOBAL__N_17TakeOffE
0x7101c7b7f0,0104,_ZN12_GLOBAL__N_113NrvStackerCapE
0x7101c7b858,0472,_ZTV19StackerCapWorldCtrl
0x7101c7ba70,0304,_ZTC19StackerCapWorldCtrl0_N2al9LiveActorE
0x7101c7bba0,0056,_ZTC19StackerCapWorldCtrl24_N2al15IUseStageSwitchE
0x7101c7bc18,0008,_ZN12_GLOBAL__N_16BattleE
0x7101c7bcb8,0016,_ZN12_GLOBAL__N_122NrvStackerCapWorldCtrlE
0x7101c7bcc8,0080,_ZTV28StackerStateInvincibleAttack
0x7101c7bd58,0008,_ZN12_GLOBAL__N_15StartE
0x7101c7bf00,0048,_ZN12_GLOBAL__N_131NrvStackerStateInvincibleAttackE
0x7101c7bf30,0080,_ZTV24StackerStateNormalAttack
0x7101c7c2a0,0096,_ZN12_GLOBAL__N_127NrvStackerStateNormalAttackE
0x7101c7c300,0080,_ZTV17StackerStatePanic
0x7101c7c4f0,0048,_ZN12_GLOBAL__N_120NrvStackerStatePanicE
0x7101c7c520,0080,_ZTV28StateGateKeeperBattleEndDemo
0x7101c7c5a8,0008,_ZN12_GLOBAL__N_17DieDemoE
0x7101c7c5e8,0008,_ZN12_GLOBAL__N_113BattleEndDemoE
0x7101c7c6a8,0008,_ZN12_GLOBAL__N_17BonFireE
0x7101c7c7d0,0048,_ZN12_GLOBAL__N_131NrvStateGateKeeperBattleEndDemoE
0x7101c7c800,0216,_ZTV30StateGateKeeperBattleStartDemo
0x7101c7c9e8,0008,_ZN12_GLOBAL__N_113WaitStartDemoE
0x7101c7ca68,0008,_ZN12_GLOBAL__N_111PrepareDemoE
0x7101c7caa8,0008,_ZN12_GLOBAL__N_120BattleStartTalkStartE
0x7101c7cae8,0008,_ZN12_GLOBAL__N_115BattleStartTalkE
0x7101c7cb28,0008,_ZN12_GLOBAL__N_119BattleStartGKAppearE
0x7101c7cb48,0048,_ZTVN4sead16WFixedSafeStringILi32EEE
0x7101c7cbe8,0048,_ZTVN4sead22BufferedSafeStringBaseIDsEE
0x7101c7cc20,0024,_ZN12_GLOBAL__N_133NrvStateGateKeeperBattleStartDemoE
0x7101c7cc38,0152,_ZTV16BossCameraTarget
0x7101c7cce8,0040,_ZTV23CameraAngleVerticalCtrl
0x7101c7cf30,0064,_ZN12_GLOBAL__N_126NrvCameraAngleVerticalCtrlE
0x7101c7cf70,0320,_ZTV22CameraPoserFollowLimit
0x7101c7d290,0056,_ZN12_GLOBAL__N_125NrvCameraPoserFollowLimitE
0x7101c7d2c8,0320,_ZTV18CameraPoserGetMoon
0x7101c7d428,0320,_ZTV29CameraPoserKoopaFireBeamStart
0x7101c7d5a8,0008,_ZN12_GLOBAL__N_14WaitE
0x7101c7d5c8,0320,_ZTV25CameraPoserWarpCheckpoint
0x7101c7d728,0472,_ZTV27EventKeyMoveCameraObjNoDemo
0x7101c7d940,0472,_ZTV29EventKeyMoveCameraObjWithDemo
0x7101c7db80,0304,_ZTC27EventKeyMoveCameraObjNoDemo0_N2al9LiveActorE
0x7101c7dcb0,0056,_ZTC27EventKeyMoveCameraObjNoDemo24_N2al15IUseStageSwitchE
0x7101c7dd10,0304,_ZTC29EventKeyMoveCameraObjWithDemo0_27EventKeyMoveCameraObjNoDemo
0x7101c7de40,0304,_ZTC29EventKeyMoveCameraObjWithDemo0_N2al9LiveActorE
0x7101c7df70,0056,_ZTC29EventKeyMoveCameraObjWithDemo24_N2al15IUseStageSwitchE
0x7101c7dfc8,0216,_ZTV24HackObjMovieCameraTarget
0x7101c7e108,0008,_ZN12_GLOBAL__N_17InvalidE
0x7101c7e248,0008,_ZN12_GLOBAL__N_17HackObjE
0x7101c7e270,0032,_ZN12_GLOBAL__N_127NrvHackObjMovieCameraTargetE
0x7101c7e290,0152,_ZTV18PlayerCameraTarget
0x7101c7e348,0152,_ZTV26PlayerColliderCameraTarget
0x7101c7e3e0,0152,_ZTV32PlayerColliderMatrixCameraTarget
0x7101c7e4b8,0088,_ZTV18ProjectCameraInput
0x7101c7e538,0112,_ZTV32SafetyPointRecoveryCameraWatcher
0x7101c7e870,0032,_ZN12_GLOBAL__N_135NrvSafetyPointRecoveryCameraWatcherE
0x7101c7e890,0544,_ZTV19ScenarioStartCamera
0x7101c7eaf0,0304,_ZTC19ScenarioStartCamera0_N2al9LiveActorE
0x7101c7ec20,0056,_ZTC19ScenarioStartCamera24_N2al15IUseStageSwitchE
0x7101c7ed38,0008,_ZN12_GLOBAL__N_13EndE
0x7101c7ed58,0016,_ZN12_GLOBAL__N_122NrvScenarioStartCameraE
0x7101c7ed68,0328,_ZTV24ScenarioStartCameraPoser
0x7101c7eeb0,0328,_ZTV34ScenarioStartCameraPoserSimpleZoom
0x7101c7eff8,0328,_ZTV32ScenarioStartCameraPoserRailMove
0x7101c7f198,0056,_ZTV22CapManHeroDemoDirector
0x7101c7f1d0,0472,_ZTV14CapManHeroBase
0x7101c7f3f0,0304,_ZTC14CapManHeroBase0_N2al9LiveActorE
0x7101c7f520,0056,_ZTC14CapManHeroBase24_N2al15IUseStageSwitchE
0x7101c7f5b8,0512,_ZTV19DemoActorCapManHero
0x7101c7f820,0344,_ZTC19DemoActorCapManHero0_N2al9DemoActorE
0x7101c7f980,0304,_ZTC19DemoActorCapManHero0_N2al9LiveActorE
0x7101c7fab0,0056,_ZTC19DemoActorCapManHero24_N2al15IUseStageSwitchE
0x7101c7fb08,0512,_ZTV22DemoActorCapManHeroine
0x7101c7fd70,0344,_ZTC22DemoActorCapManHeroine0_N2al9DemoActorE
0x7101c7fed0,0304,_ZTC22DemoActorCapManHeroine0_N2al9LiveActorE
0x7101c80000,0056,_ZTC22DemoActorCapManHeroine24_N2al15IUseStageSwitchE
0x7101c80058,0512,_ZTV13DemoActorHack
0x7101c802c0,0344,_ZTC13DemoActorHack0_N2al9DemoActorE
0x7101c80420,0304,_ZTC13DemoActorHack0_N2al9LiveActorE
0x7101c80550,0056,_ZTC13DemoActorHack24_N2al15IUseStageSwitchE
0x7101c805a8,0048,_ZTVN4sead15FixedSafeStringILi32EEE
0x7101c805d8,0512,_ZTV18DemoActorKoopaShip
0x7101c80840,0344,_ZTC18DemoActorKoopaShip0_N2al9DemoActorE
0x7101c809a0,0304,_ZTC18DemoActorKoopaShip0_N2al9LiveActorE
0x7101c80ad0,0056,_ZTC18DemoActorKoopaShip24_N2al15IUseStageSwitchE
0x7101c80b28,0512,_ZTV14DemoActorPeach
0x7101c80d90,0344,_ZTC14DemoActorPeach0_N2al9DemoActorE
0x7101c80ef0,0304,_ZTC14DemoActorPeach0_N2al9LiveActorE
0x7101c81020,0056,_ZTC14DemoActorPeach24_N2al15IUseStageSwitchE
0x7101c81078,0512,_ZTV19DemoActorShineTower
0x7101c812e0,0344,_ZTC19DemoActorShineTower0_N2al9DemoActorE
0x7101c81440,0304,_ZTC19DemoActorShineTower0_N2al9LiveActorE
0x7101c81570,0056,_ZTC19DemoActorShineTower24_N2al15IUseStageSwitchE
0x7101c815c8,0472,_ZTV21DemoHackFirstDirector
0x7101c817e0,0304,_ZTC21DemoHackFirstDirector0_N2al9LiveActorE
0x7101c81910,0056,_ZTC21DemoHackFirstDirector24_N2al15IUseStageSwitchE
0x7101c81a70,0032,_ZN12_GLOBAL__N_124NrvDemoHackFirstDirectorE
0x7101c81a90,0512,_ZTV16DemoPeachWedding
0x7101c81cf0,0344,_ZTC16DemoPeachWedding0_N2al9DemoActorE
0x7101c81e50,0304,_ZTC16DemoPeachWedding0_N2al9LiveActorE
0x7101c81f80,0056,_ZTC16DemoPeachWedding24_N2al15IUseStageSwitchE
0x7101c81fd8,0512,_ZTV10DemoPlayer
0x7101c82240,0344,_ZTC10DemoPlayer0_N2al9DemoActorE
0x7101c823a0,0304,_ZTC10DemoPlayer0_N2al9LiveActorE
0x7101c824d0,0056,_ZTC10DemoPlayer24_N2al15IUseStageSwitchE
0x7101c82528,0048,_ZTVN2al10FunctorV0MIP10DemoPlayerMS1_FvvEEE
0x7101c82578,0512,_ZTV13DemoPlayerCap
0x7101c827e0,0344,_ZTC13DemoPlayerCap0_N2al9DemoActorE
0x7101c82940,0304,_ZTC13DemoPlayerCap0_N2al9LiveActorE
0x7101c82a70,0056,_ZTC13DemoPlayerCap24_N2al15IUseStageSwitchE
0x7101c82ac8,0048,_ZTVN4sead19FixedSafeStringBaseIcLi32EEE
0x7101c82af8,0160,_ZTV18DemoStateHackFirst
0x7101c82bf8,0008,_ZN12_GLOBAL__N_14DemoE
0x7101c82c38,0008,_ZN12_GLOBAL__N_13EndE
0x7101c82c58,0512,_ZTV21OpeningStageStartDemo
0x7101c82ec0,0344,_ZTC21OpeningStageStartDemo0_18StageEventDemoBase
0x7101c83040,0304,_ZTC21OpeningStageStartDemo0_N2al9LiveActorE
0x7101c83170,0056,_ZTC21OpeningStageStartDemo24_N2al15IUseStageSwitchE
0x7101c83268,0008,_ZN12_GLOBAL__N_17StandUpE
0x7101c832a8,0008,_ZN12_GLOBAL__N_110CameraAutoE
0x7101c832e8,0008,_ZN12_GLOBAL__N_114CameraTutorialE
0x7101c83328,0008,_ZN12_GLOBAL__N_120WaitShowStandUpGuideE
0x7101c83368,0008,_ZN12_GLOBAL__N_111WaitStandUpE
0x7101c83388,0016,_ZN12_GLOBAL__N_124NrvOpeningStageStartDemoE
0x7101c83398,0048,_ZTV19ProjectDemoDirector
0x7101c833e8,0120,_ZTV15SimpleDemoState
0x7101c83478,0120,_ZTV19SimpleDemoStateSkip
0x7101c83528,0008,_ZN12_GLOBAL__N_14DemoE
0x7101c83548,0592,_ZTV14StageEventDemo
0x7101c83800,0344,_ZTC14StageEventDemo0_18StageEventDemoBase
0x7101c83960,0304,_ZTC14StageEventDemo0_N2al9LiveActorE
0x7101c83a90,0056,_ZTC14StageEventDemo24_N2al15IUseStageSwitchE
0x7101c83ba8,0008,_ZN12_GLOBAL__N_13EndE
0x7101c83bc8,0048,_ZTVN2al10FunctorV0MIP14StageEventDemoMS1_FvvEEE
0x7101c83c18,0016,_ZN12_GLOBAL__N_117NrvStageEventDemoE
0x7101c83c28,0512,_ZTV18StageEventDemoBase
0x7101c83e28,0504,_ZTV19StageTalkDemoNpcCap
0x7101c84060,0304,_ZTC19StageTalkDemoNpcCap0_N2al9LiveActorE
0x7101c84190,0056,_ZTC19StageTalkDemoNpcCap24_N2al15IUseStageSwitchE
0x7101c84348,0048,_ZTVN2al10FunctorV0MIP19StageTalkDemoNpcCapMS1_FvvEEE
0x7101c843a0,0040,_ZN12_GLOBAL__N_122NrvStageTalkDemoNpcCapE
0x7101c843c8,0080,_ZTV28StateStageTalkDemoCapManHero
0x7101c844b8,0016,_ZN12_GLOBAL__N_131NrvStateStageTalkDemoCapManHeroE
0x7101c844c8,0472,_ZTV13BirdCarryMeat
0x7101c846e0,0304,_ZTC13BirdCarryMeat0_N2al9LiveActorE
0x7101c84810,0056,_ZTC13BirdCarryMeat24_N2al15IUseStageSwitchE
0x7101c84888,0008,_ZN12_GLOBAL__N_110WaitOnRailE
0x7101c84908,0008,_ZN12_GLOBAL__N_113DemoCarryMeatE
0x7101c849f0,0032,_ZN12_GLOBAL__N_116NrvBirdCarryMeatE
0x7101c84a10,0472,_ZTV4Bomb
0x7101c84c30,0304,_ZTC4Bomb0_N2al9LiveActorE
0x7101c84d60,0056,_ZTC4Bomb24_N2al15IUseStageSwitchE
0x7101c84f00,0040,_ZN12_GLOBAL__N_17NrvBombE
0x7101c84f28,0520,_ZTV14BrosWeaponBase
0x7101c85130,0536,_ZTV12BrosHackBase
0x7101c85390,0304,_ZTC14BrosWeaponBase0_N2al9LiveActorE
0x7101c854c0,0056,_ZTC14BrosWeaponBase24_N2al15IUseStageSwitchE
0x7101c85560,0304,_ZTC12BrosHackBase0_N2al9LiveActorE
0x7101c85690,0056,_ZTC12BrosHackBase24_N2al15IUseStageSwitchE
0x7101c857e8,0024,_ZTVN2al16DeriveActorGroupI14BrosWeaponBaseEE
0x7101c85820,0032,_ZN12_GLOBAL__N_115NrvBrosHackBaseE
0x7101c85850,0080,_ZTV22BrosStateEnemyMovement
0x7101c85c58,0008,_ZN12_GLOBAL__N_113JumpStartMoveE
0x7101c85c98,0008,_ZN12_GLOBAL__N_14JumpE
0x7101c85cd8,0008,_ZN12_GLOBAL__N_111FallJumpEndE
0x7101c85dc0,0136,_ZN12_GLOBAL__N_125NrvBrosStateEnemyMovementE
0x7101c85e48,0080,_ZTV21BrosStateHackMovement
0x7101c85ed8,0008,_ZN12_GLOBAL__N_15StartE
0x7101c862c0,0120,_ZN12_GLOBAL__N_124NrvBrosStateHackMovementE
0x7101c86338,0472,_ZTV6Bubble
0x7101c86550,0304,_ZTC6Bubble0_N2al9LiveActorE
0x7101c86680,0056,_ZTC6Bubble24_N2al15IUseStageSwitchE
0x7101c86c98,0048,_ZTVN2al10FunctorV0MIP6BubbleMS1_FvvEEE
0x7101c86ce8,0024,_ZTVN2al23TriangleFilterDelegatorI6BubbleEE
0x7101c86d20,0184,_ZN12_GLOBAL__N_19NrvBubbleE
0x7101c86dd8,0504,_ZTV8Bubble2D
0x7101c87010,0304,_ZTC8Bubble2D0_N2al9LiveActorE
0x7101c87140,0056,_ZTC8Bubble2D24_N2al15IUseStageSwitchE
0x7101c87258,0008,_ZN12_GLOBAL__N_16ReturnE
0x7101c87298,0008,_ZN12_GLOBAL__N_14WaitE
0x7101c872b8,0016,_ZN12_GLOBAL__N_111NrvBubble2DE
0x7101c872c8,0080,_ZTV21BubbleStateInLauncher
0x7101c87378,0008,_ZN12_GLOBAL__N_15EnterE
0x7101c873b8,0008,_ZN12_GLOBAL__N_14WaitE
0x7101c873f8,0008,_ZN12_GLOBAL__N_15ShootE
0x7101c87418,0472,_ZTV4Bull
0x7101c87630,0304,_ZTC4Bull0_N2al9LiveActorE
0x7101c87760,0056,_ZTC4Bull24_N2al15IUseStageSwitchE
0x7101c87a18,0008,_ZN12_GLOBAL__N_14FindE
0x7101c87b18,0008,_ZN12_GLOBAL__N_15AngryE
0x7101c87b98,0008,_ZN12_GLOBAL__N_112ReviveAppearE
0x7101c87cb8,0048,_ZTVN2al10FunctorV0MIP4BullMS1_FvvEEE
0x7101c87d10,0136,_ZN12_GLOBAL__N_111NrvHostTypeE
0x7101c87d98,0112,_ZTV13BullStateHack
0x7101c88008,0008,_ZN12_GLOBAL__N_16ChargeE
0x7101c88088,0008,_ZN12_GLOBAL__N_15ClashE
0x7101c880b0,0056,_ZN12_GLOBAL__N_111NrvHostTypeE
0x7101c880e8,0472,_ZTV5Byugo
0x7101c88300,0304,_ZTC5Byugo0_N2al9LiveActorE
0x7101c88430,0056,_ZTC5Byugo24_N2al15IUseStageSwitchE
0x7101c886a8,0008,_ZN12_GLOBAL__N_16AppearE
0x7101c886e8,0008,_ZN12_GLOBAL__N_19BlowStartE
0x7101c88768,0008,_ZN12_GLOBAL__N_17BlowEndE
0x7101c88790,0072,_ZN12_GLOBAL__N_18NrvByugoE
0x7101c887d8,0080,_ZTV14ByugoStateHack
0x7101c88ac0,0056,_ZN12_GLOBAL__N_117NrvByugoStateHackE
0x7101c88af8,0544,_ZTV9CarryMeat
0x7101c88d60,0304,_ZTC9CarryMeat0_N2al9LiveActorE
0x7101c88e90,0056,_ZTC9CarryMeat24_N2al15IUseStageSwitchE
0x7101c89328,0008,_ZN12_GLOBAL__N_111HackJumpEndE
0x7101c89348,0048,_ZTVN2al10FunctorV0MIP9CarryMeatMS1_FvvEEE
0x7101c893a0,0128,_ZN12_GLOBAL__N_112NrvCarryMeatE
0x7101c89430,0472,_ZTV9CatchBomb
0x7101c89650,0304,_ZTC9CatchBomb0_N2al9LiveActorE
0x7101c89780,0056,_ZTC9CatchBomb24_N2al15IUseStageSwitchE
0x7101c89b60,0112,_ZN12_GLOBAL__N_112NrvCatchBombE
0x7101c89bd0,0504,_ZTV8Chorobon
0x7101c89e10,0304,_ZTC8Chorobon0_N2al9LiveActorE
0x7101c89f40,0056,_ZTC8Chorobon24_N2al15IUseStageSwitchE
0x7101c8a038,0016,_ZN12_GLOBAL__N_111NrvChorobonE
0x7101c8a048,0472,_ZTV14ChorobonHolder
0x7101c8a260,0304,_ZTC14ChorobonHolder0_N2al9LiveActorE
0x7101c8a390,0056,_ZTC14ChorobonHolder24_N2al15IUseStageSwitchE
0x7101c8a3e8,0048,_ZTVN2al10FunctorV0MIP14ChorobonHolderMS1_FvvEEE
0x7101c8a438,0472,_ZTV7CornBoy
0x7101c8a680,0304,_ZTC7CornBoy0_N2al9LiveActorE
0x7101c8a7b0,0056,_ZTC7CornBoy24_N2al15IUseStageSwitchE
0x7101c8aae8,0008,_ZN12_GLOBAL__N_115CaptureStartEndE
0x7101c8ac10,0120,_ZN12_GLOBAL__N_110NrvCornBoyE
0x7101c8ac88,0048,_ZTVN4sead15FixedSafeStringILi38EEE
0x7101c8acf8,0048,_ZTVN4sead19FixedSafeStringBaseIcLi38EEE
0x7101c8ad28,0504,_ZTV12DonkeyKong2D
0x7101c8af60,0304,_ZTC12DonkeyKong2D0_N2al9LiveActorE
0x7101c8b090,0056,_ZTC12DonkeyKong2D24_N2al15IUseStageSwitchE
0x7101c8b128,0008,_ZN12_GLOBAL__N_14WaitE
0x7101c8b1e8,0008,_ZN12_GLOBAL__N_15ThrowE
0x7101c8b208,0024,_ZTVN2al16DeriveActorGroupI8Barrel2DEE
0x7101c8b238,0016,_ZN12_GLOBAL__N_115NrvDonkeyKong2DE
0x7101c8b248,0472,_ZTV7Donsuke
0x7101c8b460,0304,_ZTC7Donsuke0_N2al9LiveActorE
0x7101c8b590,0056,_ZTC7Donsuke24_N2al15IUseStageSwitchE
0x7101c8b788,0008,_ZN12_GLOBAL__N_14FindE
0x7101c8b7c8,0008,_ZN12_GLOBAL__N_113AttackEndSignE
0x7101c8b808,0008,_ZN12_GLOBAL__N_19AttackEndE
0x7101c8b848,0008,_ZN12_GLOBAL__N_110ReviveWaitE
0x7101c8b888,0008,_ZN12_GLOBAL__N_110AppearSignE
0x7101c8ba70,0104,_ZN12_GLOBAL__N_110NrvDonsukeE
0x7101c8bad8,0472,_ZTV12ElectricBall
0x7101c8bcf0,0304,_ZTC12ElectricBall0_N2al9LiveActorE
0x7101c8be20,0056,_ZTC12ElectricBall24_N2al15IUseStageSwitchE
0x7101c8be98,0008,_ZN12_GLOBAL__N_14WaitE
0x7101c8beb8,0472,_ZTV17ElectricExplosion
0x7101c8c0d0,0304,_ZTC17ElectricExplosion0_N2al9LiveActorE
0x7101c8c200,0056,_ZTC17ElectricExplosion24_N2al15IUseStageSwitchE
0x7101c8c278,0008,_ZN12_GLOBAL__N_14WaitE
0x7101c8c2b8,0008,_ZN12_GLOBAL__N_16AttackE
0x7101c8c2d8,0472,_ZTV8EnemyCap
0x7101c8c4f0,0304,_ZTC8EnemyCap0_N2al9LiveActorE
0x7101c8c620,0056,_ZTC8EnemyCap24_N2al15IUseStageSwitchE
0x7101c8c6f8,0016,_ZN12_GLOBAL__N_111NrvEnemyCapE
0x7101c8c708,0080,_ZTV19EnemyStateDamageCap
0x7101c8c798,0008,_ZN12_GLOBAL__N_14WaitE
0x7101c8c7d8,0008,_ZN12_GLOBAL__N_19DamageCapE
0x7101c8c818,0080,_ZTV19EnemyStateHackStart
0x7101c8c8a8,0008,_ZN12_GLOBAL__N_16DiveInE
0x7101c8c8e8,0008,_ZN12_GLOBAL__N_19HackStartE
0x7101c8c908,0080,_ZTV15EnemyStateReset
0x7101c8c998,0008,_ZN12_GLOBAL__N_118NrvEnemyStateResetE
0x7101c8c9b8,0080,_ZTV28EnemyStateReviveInsideScreen
0x7101c8cac8,0008,_ZN12_GLOBAL__N_110AppearSignE
0x7101c8cae8,0016,_ZN12_GLOBAL__N_131NrvEnemyStateReviveInsideScreenE
0x7101c8caf8,0080,_ZTV17EnemyStateRunAway
0x7101c8cb88,0008,_ZN12_GLOBAL__N_13RunE
0x7101c8cbc8,0008,_ZN12_GLOBAL__N_18PanicRunE
0x7101c8cc08,0008,_ZN12_GLOBAL__N_116PanicRunCollidedE
0x7101c8cc28,0080,_ZTV15EnemyStateSwoon
0x7101c8ccb8,0008,_ZN12_GLOBAL__N_110SwoonStartE
0x7101c8cd38,0008,_ZN12_GLOBAL__N_113SwoonTrampledE
0x7101c8ce60,0040,_ZN12_GLOBAL__N_118NrvEnemyStateSwoonE
0x7101c8ce88,0080,_ZTV16EnemyStateWander
0x7101c8cfc0,0024,_ZN12_GLOBAL__N_119NrvEnemyStateWanderE
0x7101c8cfd8,0536,_ZTV8FireBros
0x7101c8d250,0368,_ZTC8FireBros0_12BrosHackBase
0x7101c8d3c0,0304,_ZTC8FireBros0_N2al9LiveActorE
0x7101c8d4f0,0056,_ZTC8FireBros24_N2al15IUseStageSwitchE
0x7101c8d548,0048,_ZTVN2al10FunctorV0MIP8FireBrosMS1_FvvEEE
0x7101c8d598,0520,_ZTV16FireBrosFireBall
0x7101c8d800,0352,_ZTC16FireBrosFireBall0_14BrosWeaponBase
0x7101c8d960,0304,_ZTC16FireBrosFireBall0_N2al9LiveActorE
0x7101c8da90,0056,_ZTC16FireBrosFireBall24_N2al15IUseStageSwitchE
0x7101c8db88,0008,_ZN12_GLOBAL__N_16AttachE
0x7101c8dba8,0016,_ZN12_GLOBAL__N_119NrvFireBrosFireBallE
0x7101c8dbb8,0080,_ZTV16FlyerStateWander
0x7101c8dc48,0008,_ZN12_GLOBAL__N_16WanderE
0x7101c8dc88,0008,_ZN12_GLOBAL__N_14WaitE
0x7101c8dca8,0472,_ZTV7GabuZou
0x7101c8dec0,0304,_ZTC7GabuZou0_N2al9LiveActorE
0x7101c8dff0,0056,_ZTC7GabuZou24_N2al15IUseStageSwitchE
0x7101c8e048,0056,_ZTV18GabuZouRootSercher
0x7101c8e2a0,0064,_ZN12_GLOBAL__N_110NrvGabuZouE
0x7101c8e2f8,0472,_ZTV12GabuZouGroup
0x7101c8e510,0304,_ZTC12GabuZouGroup0_N2al9LiveActorE
0x7101c8e640,0056,_ZTC12GabuZouGroup24_N2al15IUseStageSwitchE
0x7101c8e698,0024,_ZTVN2al16DeriveActorGroupI7GabuZouEE
0x7101c8e6c8,0472,_ZTV6Gamane
0x7101c8e8e0,0304,_ZTC6Gamane0_N2al9LiveActorE
0x7101c8ea10,0056,_ZTC6Gamane24_N2al15IUseStageSwitchE
0x7101c8ed08,0008,_ZN12_GLOBAL__N_14LandE
0x7101c8ed30,0080,_ZN12_GLOBAL__N_19NrvGamaneE
0x7101c8ed80,0472,_ZTV12GamaneBullet
0x7101c8efa0,0304,_ZTC12GamaneBullet0_N2al9LiveActorE
0x7101c8f0d0,0056,_ZTC12GamaneBullet24_N2al15IUseStageSwitchE
0x7101c8f148,0008,_ZN12_GLOBAL__N_18StraightE
0x7101c8f188,0008,_ZN12_GLOBAL__N_13HitE
0x7101c8f1c8,0008,_ZN12_GLOBAL__N_15BrakeE
0x7101c8f208,0008,_ZN12_GLOBAL__N_14FallE
0x7101c8f228,0080,_ZTV15GamaneHackState
0x7101c8f3b8,0008,_ZN12_GLOBAL__N_13EndE
0x7101c8f4a0,0056,_ZN12_GLOBAL__N_118NrvGamaneHackStateE
0x7101c8f4d8,0472,_ZTV9Gotogoton
0x7101c8f6f0,0304,_ZTC9Gotogoton0_N2al9LiveActorE
0x7101c8f820,0056,_ZTC9Gotogoton24_N2al15IUseStageSwitchE
0x7101c8fa98,0008,_ZN12_GLOBAL__N_13EndE
0x7101c8fac0,0064,_ZN12_GLOBAL__N_112NrvGotogotonE
0x7101c8fb00,0472,_ZTV9GrowerBug
0x7101c8fd20,0304,_ZTC9GrowerBug0_N2al9LiveActorE
0x7101c8fe50,0056,_ZTC9GrowerBug24_N2al15IUseStageSwitchE
0x7101c8ffc8,0008,_ZN12_GLOBAL__N_14FindE
0x7101c90008,0008,_ZN12_GLOBAL__N_110AttackSignE
0x7101c90128,0048,_ZTVN2al10FunctorV0MIP9GrowerBugMS1_FvvEEE
0x7101c90180,0064,_ZN12_GLOBAL__N_112NrvGrowerBugE
0x7101c901c0,0472,_ZTV10GrowerWorm
0x7101c903e0,0304,_ZTC10GrowerWorm0_N2al9LiveActorE
0x7101c90510,0056,_ZTC10GrowerWorm24_N2al15IUseStageSwitchE
0x7101c90648,0008,_ZN12_GLOBAL__N_16AppearE
0x7101c907c8,0008,_ZN12_GLOBAL__N_14BornE
0x7101c908a8,0048,_ZTVN2al10FunctorV0MIP10GrowerWormMS1_FvvEEE
0x7101c90900,0088,_ZN12_GLOBAL__N_113NrvGrowerWormE
0x7101c90958,0472,_ZTV8Gunetter
0x7101c90b70,0304,_ZTC8Gunetter0_N2al9LiveActorE
0x7101c90ca0,0056,_ZTC8Gunetter24_N2al15IUseStageSwitchE
0x7101c90dd8,0008,_ZN12_GLOBAL__N_15ChaseE
0x7101c90e00,0024,_ZN12_GLOBAL__N_111NrvGunetterE
0x7101c90e18,0472,_ZTV12GunetterBody
0x7101c91030,0304,_ZTC12GunetterBody0_N2al9LiveActorE
0x7101c91160,0056,_ZTC12GunetterBody24_N2al15IUseStageSwitchE
0x7101c911f8,0472,_ZTV12GunetterSpin
0x7101c91410,0304,_ZTC12GunetterSpin0_N2al9LiveActorE
0x7101c91540,0056,_ZTC12GunetterSpin24_N2al15IUseStageSwitchE
0x7101c91598,0024,_ZTVN2al16DeriveActorGroupI12GunetterBodyEE
0x7101c915c8,0048,_ZTVN2al10FunctorV0MIP12GunetterSpinMS1_FvvEEE
0x7101c91618,0536,_ZTV10HammerBros
0x7101c91890,0368,_ZTC10HammerBros0_12BrosHackBase
0x7101c91a00,0304,_ZTC10HammerBros0_N2al9LiveActorE
0x7101c91b30,0056,_ZTC10HammerBros24_N2al15IUseStageSwitchE
0x7101c91b88,0048,_ZTVN2al10FunctorV0MIP10HammerBrosMS1_FvvEEE
0x7101c91bd8,0504,_ZTV12HammerBros2D
0x7101c91e10,0304,_ZTC12HammerBros2D0_N2al9LiveActorE
0x7101c91f40,0056,_ZTC12HammerBros2D24_N2al15IUseStageSwitchE
0x7101c92078,0024,_ZTVN2al16DeriveActorGroupI18HammerBrosHammer2DEE
0x7101c920b0,0024,_ZN12_GLOBAL__N_115NrvHammerBros2DE
0x7101c920c8,0520,_ZTV16HammerBrosHammer
0x7101c92330,0352,_ZTC16HammerBrosHammer0_14BrosWeaponBase
0x7101c92490,0304,_ZTC16HammerBrosHammer0_N2al9LiveActorE
0x7101c925c0,0056,_ZTC16HammerBrosHammer24_N2al15IUseStageSwitchE
0x7101c92678,0008,_ZN12_GLOBAL__N_16AttachE
0x7101c926d8,0016,_ZN12_GLOBAL__N_119NrvHammerBrosHammerE
0x7101c926e8,0504,_ZTV18HammerBrosHammer2D
0x7101c92920,0304,_ZTC18HammerBrosHammer2D0_N2al9LiveActorE
0x7101c92a50,0056,_ZTC18HammerBrosHammer2D24_N2al15IUseStageSwitchE
0x7101c92ae8,0008,_ZN12_GLOBAL__N_16FlyingE
0x7101c92b28,0008,_ZN12_GLOBAL__N_16InHandE
0x7101c92b48,0472,_ZTV5Hosui
0x7101c92d60,0304,_ZTC5Hosui0_N2al9LiveActorE
0x7101c92e90,0056,_ZTC5Hosui24_N2al15IUseStageSwitchE
0x7101c93850,0288,_ZN12_GLOBAL__N_18NrvHosuiE
0x7101c939d0,0472,_ZTV10HosuiTrail
0x7101c93bf0,0304,_ZTC10HosuiTrail0_N2al9LiveActorE
0x7101c93d20,0056,_ZTC10HosuiTrail24_N2al15IUseStageSwitchE
0x7101c93d98,0008,_ZN12_GLOBAL__N_16AppearE
0x7101c93dd8,0008,_ZN12_GLOBAL__N_19DisappearE
0x7101c93df8,0056,_ZTV16HosuiTrailKeeper
0x7101c93e68,0472,_ZTV14HosuiWaterBall
0x7101c94080,0304,_ZTC14HosuiWaterBall0_N2al9LiveActorE
0x7101c941b0,0056,_ZTC14HosuiWaterBall24_N2al15IUseStageSwitchE
0x7101c94228,0008,_ZN12_GLOBAL__N_15ShootE
0x7101c94248,0056,_ZTV20HosuiWaterBallHolder
0x7101c94298,0472,_ZTV5Imomu
0x7101c944b0,0304,_ZTC5Imomu0_N2al9LiveActorE
0x7101c945e0,0056,_ZTC5Imomu24_N2al15IUseStageSwitchE
0x7101c94980,0104,_ZN12_GLOBAL__N_18NrvImomuE
0x7101c949e8,0080,_ZTV15ImomuEnemyState
0x7101c94ea0,0136,_ZN12_GLOBAL__N_118NrvImomuEnemyStateE
0x7101c94f28,0080,_ZTV18ImomuHackMoveState
0x7101c950e0,0040,_ZN12_GLOBAL__N_121NrvImomuHackMoveStateE
0x7101c95108,0064,_ZTV19ImomuDitherAnimator
0x7101c95148,0056,_ZTV26ImomuJointMtxControllerTmp
0x7101c95258,0472,_ZTV5Jango
0x7101c95470,0304,_ZTC5Jango0_N2al9LiveActorE
0x7101c955a0,0056,_ZTC5Jango24_N2al15IUseStageSwitchE
0x7101c95780,0048,_ZN12_GLOBAL__N_18NrvJangoE
0x7101c957b0,0504,_ZTV8JangoCap
0x7101c959f0,0304,_ZTC8JangoCap0_N2al9LiveActorE
0x7101c95b20,0056,_ZTC8JangoCap24_N2al15IUseStageSwitchE
0x7101c95cf8,0008,_ZN12_GLOBAL__N_115ReleaseDemoWaitE
0x7101c95d20,0040,_ZN12_GLOBAL__N_111NrvJangoCapE
0x7101c95d48,0112,_ZTV21JangoCapStateTalkDemo
0x7101c95e18,0008,_ZN12_GLOBAL__N_17WipeOutE
0x7101c95e58,0008,_ZN12_GLOBAL__N_111RequestDemoE
0x7101c95e98,0008,_ZN12_GLOBAL__N_18WipeWaitE
0x7101c95ed8,0008,_ZN12_GLOBAL__N_16WipeInE
0x7101c95ef8,0056,_ZTV13JangoDirector
0x7101c95f48,0080,_ZTV18JangoStateBlowDown
0x7101c95fd8,0008,_ZN12_GLOBAL__N_14MoveE
0x7101c96018,0008,_ZN12_GLOBAL__N_17WaitEndE
0x7101c96038,0080,_ZTV18JangoStateCapCatch
0x7101c96288,0008,_ZN12_GLOBAL__N_110EscapeWaitE
0x7101c96348,0008,_ZN12_GLOBAL__N_115EscapeNextPointE
0x7101c96388,0008,_ZN12_GLOBAL__N_18FallSignE
0x7101c963c8,0008,_ZN12_GLOBAL__N_18FallLoopE
0x7101c96430,0080,_ZN12_GLOBAL__N_121NrvJangoStateCapCatchE
0x7101c96480,0080,_ZTV20JangoStateCapGetDemo
0x7101c96588,0008,_ZN12_GLOBAL__N_19FlyNoFlapE
0x7101c965c8,0008,_ZN12_GLOBAL__N_113FlyCapGetSignE
0x7101c96608,0008,_ZN12_GLOBAL__N_19FlyCapGetE
0x7101c96648,0008,_ZN12_GLOBAL__N_113FlyReturnFlapE
0x7101c96688,0008,_ZN12_GLOBAL__N_18FallSignE
0x7101c966c8,0008,_ZN12_GLOBAL__N_116RailMoveFallLoopE
0x7101c96708,0008,_ZN12_GLOBAL__N_18FallLoopE
0x7101c96748,0008,_ZN12_GLOBAL__N_14LandE
0x7101c96788,0008,_ZN12_GLOBAL__N_14WaitE
0x7101c967c8,0008,_ZN12_GLOBAL__N_118ReturnPlayerCameraE
0x7101c96808,0008,_ZN12_GLOBAL__N_115PlayerCapSearchE
0x7101c96828,0016,_ZN12_GLOBAL__N_123NrvJangoStateCapGetDemoE
0x7101c96838,0080,_ZTV18JangoStateWaitTree
0x7101c968c8,0008,_ZN12_GLOBAL__N_112WaitOnSwitchE
0x7101c96908,0008,_ZN12_GLOBAL__N_17EndFindE
0x7101c969a8,0016,_ZN12_GLOBAL__N_121NrvJangoStateWaitTreeE
0x7101c969b8,0472,_ZTV4Joku
0x7101c96bd0,0304,_ZTC4Joku0_N2al9LiveActorE
0x7101c96d00,0056,_ZTC4Joku24_N2al15IUseStageSwitchE
0x7101c97138,0008,_ZN12_GLOBAL__N_16AttackE
0x7101c97178,0008,_ZN12_GLOBAL__N_114WaitBeforeMoveE
0x7101c971b8,0008,_ZN12_GLOBAL__N_114ItemAppearDemoE
0x7101c971f8,0008,_ZN12_GLOBAL__N_19AppearArmE
0x7101c97218,0024,_ZTVN2al16DeriveActorGroupI8JokuBombEE
0x7101c97248,0024,_ZTVN2al16DeriveActorGroupI10KuriboHackEE
0x7101c97280,0120,_ZN12_GLOBAL__N_17NrvJokuE
0x7101c972f8,0472,_ZTV7JokuArm
0x7101c97510,0304,_ZTC7JokuArm0_N2al9LiveActorE
0x7101c97640,0056,_ZTC7JokuArm24_N2al15IUseStageSwitchE
0x7101c976b8,0008,_ZN12_GLOBAL__N_14WaitE
0x7101c976f8,0008,_ZN12_GLOBAL__N_16DamageE
0x7101c97718,0472,_ZTV8JokuBomb
0x7101c97930,0304,_ZTC8JokuBomb0_N2al9LiveActorE
0x7101c97a60,0056,_ZTC8JokuBomb24_N2al15IUseStageSwitchE
0x7101c97ad8,0008,_ZN12_GLOBAL__N_14FallE
0x7101c97bc0,0024,_ZN12_GLOBAL__N_111NrvJokuBombE
0x7101c97bd8,0472,_ZTV10JokuBullet
0x7101c97df0,0304,_ZTC10JokuBullet0_N2al9LiveActorE
0x7101c97f20,0056,_ZTC10JokuBullet24_N2al15IUseStageSwitchE
0x7101c98018,0008,_ZN12_GLOBAL__N_13FlyE
0x7101c98058,0008,_ZN12_GLOBAL__N_111ExplodeSignE
0x7101c98078,0016,_ZN12_GLOBAL__N_113NrvJokuBulletE
0x7101c98088,0472,_ZTV8JokuHand
0x7101c982a0,0304,_ZTC8JokuHand0_N2al9LiveActorE
0x7101c983d0,0056,_ZTC8JokuHand24_N2al15IUseStageSwitchE
0x7101c98448,0008,_ZN12_GLOBAL__N_14WaitE
0x7101c98488,0008,_ZN12_GLOBAL__N_16DamageE
0x7101c984a8,0504,_ZTV12JugemFishing
0x7101c986e0,0304,_ZTC12JugemFishing0_N2al9LiveActorE
0x7101c98810,0056,_ZTC12JugemFishing24_N2al15IUseStageSwitchE
0x7101c98d48,0008,_ZN12_GLOBAL__N_112FishingStartE
0x7101c98d88,0008,_ZN12_GLOBAL__N_17FishingE
0x7101c98dc8,0008,_ZN12_GLOBAL__N_110FishingEndE
0x7101c98fc8,0008,_ZN12_GLOBAL__N_113HackEndAfter1E
0x7101c99008,0008,_ZN12_GLOBAL__N_113HackEndAfter2E
0x7101c99030,0152,_ZN12_GLOBAL__N_115NrvJugemFishingE
0x7101c990c8,0088,_ZTV27JugemFishingFloatOffsetCtrl
0x7101c99178,0008,_ZN12_GLOBAL__N_14WaitE
0x7101c991b8,0008,_ZN12_GLOBAL__N_112FishingStartE
0x7101c991f8,0008,_ZN12_GLOBAL__N_110FishingEndE
0x7101c99238,0008,_ZN12_GLOBAL__N_111FishingWaitE
0x7101c99258,0088,_ZTV26JugemFishingHookOffsetCtrl
0x7101c99308,0008,_ZN12_GLOBAL__N_14WaitE
0x7101c993c8,0008,_ZN12_GLOBAL__N_110FishingEndE
0x7101c99408,0008,_ZN12_GLOBAL__N_111FishingWaitE
0x7101c99428,0016,_ZN12_GLOBAL__N_129NrvJugemFishingHookOffsetCtrlE
0x7101c99438,0504,_ZTV5Kakku
0x7101c99670,0304,_ZTC5Kakku0_N2al9LiveActorE
0x7101c997a0,0056,_ZTC5Kakku24_N2al15IUseStageSwitchE
0x7101c99c78,0008,_ZN12_GLOBAL__N_111AppearStartE
0x7101c99d60,0160,_ZN12_GLOBAL__N_18NrvKakkuE
0x7101c99e00,0080,_ZTV18KakkuGlideAnimCtrl
0x7101c99fb0,0040,_ZN12_GLOBAL__N_121NrvKakkuGlideAnimCtrlE
0x7101c99fd8,0080,_ZTV15KakkuStateGlide
0x7101c9a138,0008,_ZN12_GLOBAL__N_110GlideStartE
0x7101c9a178,0008,_ZN12_GLOBAL__N_15GlideE
0x7101c9a218,0016,_ZN12_GLOBAL__N_118NrvKakkuStateGlideE
0x7101c9a228,0472,_ZTV9KaronWing
0x7101c9a440,0304,_ZTC9KaronWing0_N2al9LiveActorE
0x7101c9a570,0056,_ZTC9KaronWing24_N2al15IUseStageSwitchE
0x7101c9a910,0104,_ZN12_GLOBAL__N_112NrvKaronWingE
0x7101c9a978,0112,_ZTV18KaronWingStateHack
0x7101c9ac00,0056,_ZN12_GLOBAL__N_111NrvHostTypeE
0x7101c9ac38,0472,_ZTV6Killer
0x7101c9ae50,0304,_ZTC6Killer0_N2al9LiveActorE
0x7101c9af80,0056,_ZTC6Killer24_N2al15IUseStageSwitchE
0x7101c9b220,0072,_ZN12_GLOBAL__N_19NrvKillerE
0x7101c9b268,0504,_ZTV8Killer2D
0x7101c9b4a0,0304,_ZTC8Killer2D0_N2al9LiveActorE
0x7101c9b5d0,0056,_ZTC8Killer2D24_N2al15IUseStageSwitchE
0x7101c9b7d0,0048,_ZN12_GLOBAL__N_111NrvKiller2DE
0x7101c9b800,0472,_ZTV14KillerLauncher
0x7101c9ba20,0304,_ZTC14KillerLauncher0_N2al9LiveActorE
0x7101c9bb50,0056,_ZTC14KillerLauncher24_N2al15IUseStageSwitchE
0x7101c9bce8,0024,_ZTVN2al16DeriveActorGroupI6KillerEE
0x7101c9bd18,0048,_ZTVN2al10FunctorV0MIP14KillerLauncherMS1_FvvEEE
0x7101c9bd70,0040,_ZN12_GLOBAL__N_117NrvKillerLauncherE
0x7101c9bd98,0504,_ZTV17KillerLauncherDot
0x7101c9bfd0,0304,_ZTC17KillerLauncherDot0_N2al9LiveActorE
0x7101c9c100,0056,_ZTC17KillerLauncherDot24_N2al15IUseStageSwitchE
0x7101c9c278,0024,_ZTVN2al16DeriveActorGroupI8Killer2DEE
0x7101c9c2a8,0048,_ZTVN2al10FunctorV0MIP17KillerLauncherDotMS1_FvvEEE
0x7101c9c300,0032,_ZN12_GLOBAL__N_120NrvKillerLauncherDotE
0x7101c9c320,0080,_ZTV15KillerStateHack
0x7101c9c4b8,0016,_ZN12_GLOBAL__N_118NrvKillerStateHackE
0x7101c9c4c8,0504,_ZTV8Kuribo2D
0x7101c9c700,0304,_ZTC8Kuribo2D0_N2al9LiveActorE
0x7101c9c830,0056,_ZTC8Kuribo2D24_N2al15IUseStageSwitchE
0x7101c9c9e8,0048,_ZTVN2al10FunctorV0MIP8Kuribo2DMS1_FvvEEE
0x7101c9ca40,0040,_ZN12_GLOBAL__N_111NrvKuribo2DE
0x7101c9ca68,0504,_ZTV17KuriboGenerator2D
0x7101c9cca0,0304,_ZTC17KuriboGenerator2D0_N2al9LiveActorE
0x7101c9cdd0,0056,_ZTC17KuriboGenerator2D24_N2al15IUseStageSwitchE
0x7101c9cec8,0024,_ZTVN2al16DeriveActorGroupI8Kuribo2DEE
0x7101c9cef8,0016,_ZN12_GLOBAL__N_120NrvKuriboGenerator2DE
0x7101c9cf08,0472,_ZTV10KuriboHack
0x7101c9d120,0304,_ZTC10KuriboHack0_N2al9LiveActorE
0x7101c9d250,0056,_ZTC10KuriboHack24_N2al15IUseStageSwitchE
0x7101c9d828,0048,_ZTVN2al10FunctorV0MIP10KuriboHackMS1_FvvEEE
0x7101c9d880,0176,_ZN12_GLOBAL__N_113NrvKuriboHackE
0x7101c9d930,0488,_ZTV10KuriboMini
0x7101c9db60,0304,_ZTC10KuriboMini0_N2al9LiveActorE
0x7101c9dc90,0056,_ZTC10KuriboMini24_N2al15IUseStageSwitchE
0x7101c9e0e8,0048,_ZTVN2rs27SensorMsgCactusNeedleAttackE
0x7101c9e148,0024,_ZTVN4sead15RuntimeTypeInfo4RootE
0x7101c9e188,0024,_ZTVN4sead15RuntimeTypeInfo6DeriveIN2al9SensorMsgEEE
0x7101c9e1d8,0008,_ZN12_GLOBAL__N_18BlowLandE
0x7101c9e218,0008,_ZN12_GLOBAL__N_111BlowRecoverE
0x7101c9e3b8,0048,_ZTVN2al10FunctorV0MIP10KuriboMiniMS1_FvvEEE
0x7101c9e410,0176,_ZN12_GLOBAL__N_113NrvKuriboMiniE
0x7101c9e4c0,0080,_ZTV15KuriboStateHack
0x7101c9ea20,0128,_ZN12_GLOBAL__N_118NrvKuriboStateHackE
0x7101c9eaa0,0472,_ZTV10KuriboWing
0x7101c9ecc0,0304,_ZTC10KuriboWing0_N2al9LiveActorE
0x7101c9edf0,0056,_ZTC10KuriboWing24_N2al15IUseStageSwitchE
0x7101c9f268,0008,_ZN12_GLOBAL__N_111AppearStartE
0x7101c9f290,0128,_ZN12_GLOBAL__N_113NrvKuriboWingE
0x7101c9f358,0080,_ZTV19KuriboWingHackState
0x7101c9f590,0056,_ZN12_GLOBAL__N_122NrvKuriboWingHackStateE
0x7101c9f5c8,0472,_ZTV17KuromadoMagicBall
0x7101c9f7e0,0304,_ZTC17KuromadoMagicBall0_N2al9LiveActorE
0x7101c9f910,0056,_ZTC17KuromadoMagicBall24_N2al15IUseStageSwitchE
0x7101c9f968,0472,_ZTV4Long
0x7101c9fb80,0304,_ZTC4Long0_N2al9LiveActorE
0x7101c9fcb0,0056,_ZTC4Long24_N2al15IUseStageSwitchE
0x7101c9ff18,0008,_ZN12_GLOBAL__N_14TurnE
0x7101c9ff80,0056,_ZN12_GLOBAL__N_17NrvLongE
0x7101c9ffb8,0472,_ZTV13LongGenerator
0x7101ca01d0,0304,_ZTC13LongGenerator0_N2al9LiveActorE
0x7101ca0300,0056,_ZTC13LongGenerator24_N2al15IUseStageSwitchE
0x7101ca03f8,0008,_ZN12_GLOBAL__N_111GenerateAllE
0x7101ca0438,0008,_ZN12_GLOBAL__N_18GenerateE
0x7101ca0458,0024,_ZTVN2al16DeriveActorGroupI4LongEE
0x7101ca0488,0048,_ZTVN2al10FunctorV0MIP13LongGeneratorMS1_FvvEEE
0x7101ca04d8,0016,_ZN12_GLOBAL__N_116NrvLongGeneratorE
0x7101ca04e8,0472,_ZTV6Megane
0x7101ca0700,0304,_ZTC6Megane0_N2al9LiveActorE
0x7101ca0830,0056,_ZTC6Megane24_N2al15IUseStageSwitchE
0x7101ca0d08,0048,_ZTVN2al10FunctorV0MIP6MeganeMS1_FvvEEE
0x7101ca0d60,0144,_ZN12_GLOBAL__N_19NrvMeganeE
0x7101ca0e60,0472,_ZTV5Mummy
0x7101ca1080,0304,_ZTC5Mummy0_N2al9LiveActorE
0x7101ca11b0,0056,_ZTC5Mummy24_N2al15IUseStageSwitchE
0x7101ca1428,0008,_ZN12_GLOBAL__N_16AppearE
0x7101ca1548,0048,_ZTVN2al10FunctorV0MIP5MummyMS1_FvvEEE
0x7101ca15a0,0096,_ZN12_GLOBAL__N_18NrvMummyE
0x7101ca1600,0472,_ZTV14MummyGenerator
0x7101ca1820,0304,_ZTC14MummyGenerator0_N2al9LiveActorE
0x7101ca1950,0056,_ZTC14MummyGenerator24_N2al15IUseStageSwitchE
0x7101ca1a48,0008,_ZN12_GLOBAL__N_14WaitE
0x7101ca1aa8,0048,_ZTVN2al10FunctorV0MIP14MummyGeneratorMS1_FvvEEE
0x7101ca1b00,0024,_ZN12_GLOBAL__N_117NrvMummyGeneratorE
0x7101ca1b18,0472,_ZTV8Nokonoko
0x7101ca1d30,0304,_ZTC8Nokonoko0_N2al9LiveActorE
0x7101ca1e60,0056,_ZTC8Nokonoko24_N2al15IUseStageSwitchE
0x7101ca2098,0008,_ZN12_GLOBAL__N_115CaptureStartEndE
0x7101ca2380,0144,_ZN12_GLOBAL__N_111NrvNokonokoE
0x7101ca2410,0504,_ZTV10Nokonoko2D
0x7101ca2650,0304,_ZTC10Nokonoko2D0_N2al9LiveActorE
0x7101ca2780,0056,_ZTC10Nokonoko2D24_N2al15IUseStageSwitchE
0x7101ca2a38,0048,_ZTVN2al10FunctorV0MIP10Nokonoko2DMS1_FvvEEE
0x7101ca2a90,0072,_ZN12_GLOBAL__N_113NrvNokonoko2DE
0x7101ca2ad8,0472,_ZTV10PackunFire
0x7101ca2cf0,0304,_ZTC10PackunFire0_N2al9LiveActorE
0x7101ca2e20,0056,_ZTC10PackunFire24_N2al15IUseStageSwitchE
0x7101ca3578,0048,_ZTVN2al10FunctorV0MIP10PackunFireMS1_FvvEEE
0x7101ca35d0,0224,_ZN12_GLOBAL__N_113NrvPackunFireE
0x7101ca36b0,0480,_ZTV18PackunFireFireBall
0x7101ca38d0,0304,_ZTC18PackunFireFireBall0_N2al9LiveActorE
0x7101ca3a00,0056,_ZTC18PackunFireFireBall24_N2al15IUseStageSwitchE
0x7101ca3b20,0024,_ZN12_GLOBAL__N_121NrvPackunFireFireBallE
0x7101ca3b38,0472,_ZTV16PackunPoisonBall
0x7101ca3d50,0304,_ZTC16PackunPoisonBall0_N2al9LiveActorE
0x7101ca3e80,0056,_ZTC16PackunPoisonBall24_N2al15IUseStageSwitchE
0x7101ca3ef8,0008,_ZN12_GLOBAL__N_14MoveE
0x7101ca3f98,0016,_ZN12_GLOBAL__N_119NrvPackunPoisonBallE
0x7101ca3fa8,0472,_ZTV11PackunTrace
0x7101ca41c0,0304,_ZTC11PackunTrace0_N2al9LiveActorE
0x7101ca42f0,0056,_ZTC11PackunTrace24_N2al15IUseStageSwitchE
0x7101ca4348,0472,_ZTV5Pecho
0x7101ca4560,0304,_ZTC5Pecho0_N2al9LiveActorE
0x7101ca4690,0056,_ZTC5Pecho24_N2al15IUseStageSwitchE
0x7101ca4848,0008,_ZN12_GLOBAL__N_15ResetE
0x7101ca48c8,0008,_ZN12_GLOBAL__N_19LiquidEndE
0x7101ca4970,0064,_ZN12_GLOBAL__N_18NrvPechoE
0x7101ca49b0,0472,_ZTV4Popn
0x7101ca4bd0,0304,_ZTC4Popn0_N2al9LiveActorE
0x7101ca4d00,0056,_ZTC4Popn24_N2al15IUseStageSwitchE
0x7101ca4f38,0008,_ZN12_GLOBAL__N_17MoveEndE
0x7101ca4f60,0056,_ZN12_GLOBAL__N_17NrvPopnE
0x7101ca4f98,0472,_ZTV13PopnGenerator
0x7101ca51b0,0304,_ZTC13PopnGenerator0_N2al9LiveActorE
0x7101ca52e0,0056,_ZTC13PopnGenerator24_N2al15IUseStageSwitchE
0x7101ca5438,0024,_ZTVN2al16DeriveActorGroupI4PopnEE
0x7101ca5468,0048,_ZTVN2al10FunctorV0MIP13PopnGeneratorMS1_FvvEEE
0x7101ca54c0,0032,_ZN12_GLOBAL__N_116NrvPopnGeneratorE
0x7101ca54e0,0472,_ZTV8Pukupuku
0x7101ca5720,0304,_ZTC8Pukupuku0_N2al9LiveActorE
0x7101ca5850,0056,_ZTC8Pukupuku24_N2al15IUseStageSwitchE
0x7101ca6020,0224,_ZN12_GLOBAL__N_111NrvPukupukuE
0x7101ca6100,0472,_ZTV11ReflectBomb
0x7101ca6320,0304,_ZTC11ReflectBomb0_N2al9LiveActorE
0x7101ca6450,0056,_ZTC11ReflectBomb24_N2al15IUseStageSwitchE
0x7101ca65b0,0032,_ZN12_GLOBAL__N_114NrvReflectBombE
0x7101ca65d0,0472,_ZTV20ReflectBombGenerator
0x7101ca67f0,0304,_ZTC20ReflectBombGenerator0_N2al9LiveActorE
0x7101ca6920,0056,_ZTC20ReflectBombGenerator24_N2al15IUseStageSwitchE
0x7101ca6ab8,0048,_ZTVN2al10FunctorV0MIP20ReflectBombGeneratorMS1_FvvEEE
0x7101ca6b10,0040,_ZN12_GLOBAL__N_123NrvReflectBombGeneratorE
0x7101ca6b38,0472,_ZTV10SearchBomb
0x7101ca6d50,0304,_ZTC10SearchBomb0_N2al9LiveActorE
0x7101ca6e80,0056,_ZTC10SearchBomb24_N2al15IUseStageSwitchE
0x7101ca6fe0,0032,_ZN12_GLOBAL__N_113NrvSearchBombE
0x7101ca7000,0472,_ZTV6Senobi
0x7101ca7220,0304,_ZTC6Senobi0_N2al9LiveActorE
0x7101ca7350,0056,_ZTC6Senobi24_N2al15IUseStageSwitchE
0x7101ca7470,0024,_ZN12_GLOBAL__N_111NrvHostTypeE
0x7101ca7488,0040,_ZTV22SenobiComponentStretch
0x7101ca7610,0040,_ZN12_GLOBAL__N_111NrvHostTypeE
0x7101ca7638,0472,_ZTV19SenobiGeneratePoint
0x7101ca7850,0304,_ZTC19SenobiGeneratePoint0_N2al9LiveActorE
0x7101ca7980,0056,_ZTC19SenobiGeneratePoint24_N2al15IUseStageSwitchE
0x7101ca7a78,0008,_ZN12_GLOBAL__N_13EndE
0x7101ca7ab8,0008,_ZN12_GLOBAL__N_18GenerateE
0x7101ca7ad8,0016,_ZN12_GLOBAL__N_111NrvHostTypeE
0x7101ca7ae8,0472,_ZTV10SenobiLeaf
0x7101ca7d00,0304,_ZTC10SenobiLeaf0_N2al9LiveActorE
0x7101ca7e30,0056,_ZTC10SenobiLeaf24_N2al15IUseStageSwitchE
0x7101ca7e88,0080,_ZTV16SenobiStateEnemy
0x7101ca8278,0008,_ZN12_GLOBAL__N_14LandE
0x7101ca82f8,0008,_ZN12_GLOBAL__N_111StretchWaitE
0x7101ca8338,0008,_ZN12_GLOBAL__N_16ShrinkE
0x7101ca83a0,0120,_ZN12_GLOBAL__N_111NrvHostTypeE
0x7101ca8418,0080,_ZTV27SenobiStateEnemyStateWander
0x7101ca8590,0032,_ZN12_GLOBAL__N_111NrvHostTypeE
0x7101ca85b0,0112,_ZTV15SenobiStateHack
0x7101ca88f8,0008,_ZN12_GLOBAL__N_14LandE
0x7101ca89a0,0096,_ZN12_GLOBAL__N_111NrvHostTypeE
0x7101ca8a10,0080,_ZTV24SenobiStateHackStateMove
0x7101ca8b98,0008,_ZN12_GLOBAL__N_14LandE
0x7101ca8bc0,0032,_ZN12_GLOBAL__N_111NrvHostTypeE
0x7101ca8be0,0472,_ZTV4Tank
0x7101ca8e00,0304,_ZTC4Tank0_N2al9LiveActorE
0x7101ca8f30,0056,_ZTC4Tank24_N2al15IUseStageSwitchE
0x7101ca9368,0008,_ZN12_GLOBAL__N_18DemoWaitE
0x7101ca9388,0024,_ZTVN2al16DeriveActorGroupI10TankBulletEE
0x7101ca93b8,0048,_ZTVN2al10FunctorV0MIP4TankMS1_FvvEEE
0x7101ca9410,0120,_ZN12_GLOBAL__N_17NrvTankE
0x7101ca9488,0472,_ZTV10TankBullet
0x7101ca96a0,0304,_ZTC10TankBullet0_N2al9LiveActorE
0x7101ca97d0,0056,_ZTC10TankBullet24_N2al15IUseStageSwitchE
0x7101ca9948,0008,_ZN12_GLOBAL__N_14MoveE
0x7101ca9970,0032,_ZN12_GLOBAL__N_113NrvTankBulletE
0x7101ca9990,0472,_ZTV14TankReviveCtrl
0x7101ca9bb0,0304,_ZTC14TankReviveCtrl0_N2al9LiveActorE
0x7101ca9ce0,0056,_ZTC14TankReviveCtrl24_N2al15IUseStageSwitchE
0x7101ca9d38,0024,_ZTVN2al16DeriveActorGroupI4TankEE
0x7101ca9d68,0080,_ZTV13TankStateHack
0x7101ca9f78,0008,_ZN12_GLOBAL__N_15ShootE
0x7101ca9fa0,0048,_ZN12_GLOBAL__N_116NrvTankStateHackE
0x7101ca9fd0,0472,_ZTV15TestBgmBeatSync
0x7101caa1f0,0304,_ZTC15TestBgmBeatSync0_N2al9LiveActorE
0x7101caa320,0056,_ZTC15TestBgmBeatSync24_N2al15IUseStageSwitchE
0x7101caa398,0008,_ZN12_GLOBAL__N_14WaitE
0x7101caa3b8,0472,_ZTV18TestGraphMoveEnemy
0x7101caa5d0,0304,_ZTC18TestGraphMoveEnemy0_N2al9LiveActorE
0x7101caa700,0056,_ZTC18TestGraphMoveEnemy24_N2al15IUseStageSwitchE
0x7101caa778,0008,_ZN12_GLOBAL__N_17MoveEndE
0x7101caa7b8,0008,_ZN12_GLOBAL__N_14MoveE
0x7101caa7f8,0008,_ZN12_GLOBAL__N_18ReactionE
0x7101caa818,0472,_ZTV6Togezo
0x7101caaa30,0304,_ZTC6Togezo0_N2al9LiveActorE
0x7101caab60,0056,_ZTC6Togezo24_N2al15IUseStageSwitchE
0x7101caae18,0008,_ZN12_GLOBAL__N_14LandE
0x7101caae38,0048,_ZTVN2al10FunctorV0MIP6TogezoMS1_FvvEEE
0x7101caae90,0072,_ZN12_GLOBAL__N_19NrvTogezoE
0x7101caaed8,0504,_ZTV8Togezo2D
0x7101cab110,0304,_ZTC8Togezo2D0_N2al9LiveActorE
0x7101cab240,0056,_ZTC8Togezo2D24_N2al15IUseStageSwitchE
0x7101cab380,0024,_ZN12_GLOBAL__N_111NrvTogezo2DE
0x7101cab398,0504,_ZTV4TRex
0x7101cab630,0304,_ZTC4TRex0_N2al9LiveActorE
0x7101cab760,0056,_ZTC4TRex24_N2al15IUseStageSwitchE
0x7101cabc18,0008,_ZN12_GLOBAL__N_120ForceScrollStartFallE
0x7101cac968,0008,_ZN12_GLOBAL__N_110PatrolFallE
0x7101cacc68,0008,_ZN12_GLOBAL__N_118ForceScrollEndFallE
0x7101caccc0,0528,_ZN12_GLOBAL__N_17NrvTRexE
0x7101caced0,0120,_ZTV10TRexFootIK
0x7101cacfb8,0008,_ZN12_GLOBAL__N_14WaitE
0x7101cacff8,0008,_ZN12_GLOBAL__N_17InvalidE
0x7101cad038,0008,_ZN12_GLOBAL__N_15StartE
0x7101cad058,0056,_ZTV20TRexGroundHeightCtrl
0x7101cad090,0056,_ZTV20TRexNeckDynamicsCtrl
0x7101cad0c8,0056,_ZTV19TRexNeckUpswingCtrl
0x7101cad100,0056,_ZTV22TRexNeckSwingWatchCtrl
0x7101cad138,0056,_ZTV18TRexNeckRumbleCtrl
0x7101cad170,0056,_ZTV25TRexNeckAnimInterpoleCtrl
0x7101cad1a8,0056,_ZTV28TRexSmallGroundJointAnimator
0x7101cad2b8,0040,_ZTV19TRexPartialAnimCtrl
0x7101cad400,0032,_ZN12_GLOBAL__N_122NrvTRexPartialAnimCtrlE
0x7101cad420,0080,_ZTV20TRexStatePatrolChase
0x7101cad4c8,0008,_ZN12_GLOBAL__N_19FindMarioE
0x7101cad508,0008,_ZN12_GLOBAL__N_119SwoonStartDashClashE
0x7101cad930,0128,_ZN12_GLOBAL__N_123NrvTRexStatePatrolChaseE
0x7101cad9b0,0080,_ZTV14TRexStateSleep
0x7101cada38,0008,_ZN12_GLOBAL__N_15SleepE
0x7101cada78,0008,_ZN12_GLOBAL__N_120SleepReactionHipDropE
0x7101cada98,0472,_ZTV7Tsukkun
0x7101cadcb0,0304,_ZTC7Tsukkun0_N2al9LiveActorE
0x7101cadde0,0056,_ZTC7Tsukkun24_N2al15IUseStageSwitchE
0x7101cae2d8,0008,_ZN12_GLOBAL__N_16AppearE
0x7101cae2f8,0048,_ZTVN2al10FunctorV0MIP7TsukkunMS1_FvvEEE
0x7101cae350,0144,_ZN12_GLOBAL__N_110NrvTsukkunE
0x7101cae3e0,0080,_ZTV16TsukkunStateHack
0x7101cae888,0008,_ZN12_GLOBAL__N_14SpinE
0x7101cae8b0,0128,_ZN12_GLOBAL__N_119NrvTsukkunStateHackE
0x7101cae930,0056,_ZTV18TsukkunTraceHolder
0x7101cae988,0472,_ZTV6Utsubo
0x7101caeba0,0304,_ZTC6Utsubo0_N2al9LiveActorE
0x7101caecd0,0056,_ZTC6Utsubo24_N2al15IUseStageSwitchE
0x7101caefb0,0080,_ZN12_GLOBAL__N_19NrvUtsuboE
0x7101caf000,0472,_ZTV13UtsuboWatcher
0x7101caf220,0304,_ZTC13UtsuboWatcher0_N2al9LiveActorE
0x7101caf350,0056,_ZTC13UtsuboWatcher24_N2al15IUseStageSwitchE
0x7101caf3c8,0008,_ZN12_GLOBAL__N_14WaitE
0x7101caf3e8,0472,_ZTV6Wanwan
0x7101caf600,0304,_ZTC6Wanwan0_N2al9LiveActorE
0x7101caf730,0056,_ZTC6Wanwan24_N2al15IUseStageSwitchE
0x7101cafc28,0008,_ZN12_GLOBAL__N_19AttackEndE
0x7101cafca8,0008,_ZN12_GLOBAL__N_16HitEndE
0x7101cafd08,0048,_ZTVN2al10FunctorV0MIP6WanwanMS1_FvvEEE
0x7101cafd60,0160,_ZN12_GLOBAL__N_19NrvWanwanE
0x7101cafe00,0472,_ZTV10WanwanHole
0x7101cb0020,0304,_ZTC10WanwanHole0_N2al9LiveActorE
0x7101cb0150,0056,_ZTC10WanwanHole24_N2al15IUseStageSwitchE
0x7101cb0228,0016,_ZN12_GLOBAL__N_113NrvWanwanHoleE
0x7101cb0238,0080,_ZTV15WanwanStateHack
0x7101cb05a8,0008,_ZN12_GLOBAL__N_14DeadE
0x7101cb05d0,0088,_ZN12_GLOBAL__N_118NrvWanwanStateHackE
0x7101cb0638,0104,_ZTV29EventActorMovementRailTraffic
0x7101cb0738,0008,_ZN12_GLOBAL__N_14MoveE
0x7101cb0778,0008,_ZN12_GLOBAL__N_114StopByOtherNpcE
0x7101cb07b8,0008,_ZN12_GLOBAL__N_19StopAfterE
0x7101cb07d8,0104,_ZTV22EventActorMovementTurn
0x7101cb0a60,0056,_ZN12_GLOBAL__N_125NrvEventActorMovementTurnE
0x7101cb0a98,0080,_ZTV23EventActorStateDemoTalk
0x7101cb0ba8,0008,_ZN12_GLOBAL__N_19TalkAfterE
0x7101cb0bc8,0016,_ZN12_GLOBAL__N_126NrvEventActorStateDemoTalkE
0x7101cb0bd8,0080,_ZTV25EventActorStateDemoTalkGK
0x7101cb0ce8,0008,_ZN12_GLOBAL__N_19TalkAfterE
0x7101cb0d08,0016,_ZN12_GLOBAL__N_128NrvEventActorStateDemoTalkGKE
0x7101cb0d18,0080,_ZTV24EventActorStateGiveShine
0x7101cb0e08,0016,_ZN12_GLOBAL__N_127NrvEventActorStateGiveShineE
0x7101cb0e18,0056,_ZTV13EventDemoCtrl
0x7101cb0e68,0160,_ZTV30EventFlowNodeAmiiboTouchLayout
0x7101cb0fa8,0008,_ZN12_GLOBAL__N_119RequestAppearLayoutE
0x7101cb10d0,0032,_ZN12_GLOBAL__N_133NrvEventFlowNodeAmiiboTouchLayoutE
0x7101cb10f0,0160,_ZTV32EventFlowNodeAppearMapAmiiboHint
0x7101cb1248,0008,_ZN12_GLOBAL__N_110WaitAppearE
0x7101cb1268,0016,_ZN12_GLOBAL__N_135NrvEventFlowNodeAppearMapAmiiboHintE
0x7101cb1278,0160,_ZTV20EventFlowNodeBgmCtrl
0x7101cb1338,0160,_ZTV33EventFlowNodeCapManHeroTalkAppear
0x7101cb14c0,0024,_ZN12_GLOBAL__N_136NrvEventFlowNodeCapManHeroTalkAppearE
0x7101cb14d8,0160,_ZTV32EventFlowNodeCapManHeroTalkFocus
0x7101cb1598,0160,_ZTV37EventFlowNodeCapManHeroTalkPlayerTurn
0x7101cb1658,0160,_ZTV33EventFlowNodeCapManHeroTalkReturn
0x7101cb1738,0008,_ZN12_GLOBAL__N_16ReturnE
0x7101cb1778,0008,_ZN12_GLOBAL__N_112TurnToPlayerE
0x7101cb17b8,0008,_ZN12_GLOBAL__N_113ReactionCapOnE
0x7101cb17f8,0008,_ZN12_GLOBAL__N_17EndWaitE
0x7101cb1818,0160,_ZTV41EventFlowNodeCapManHeroTalkSetDemoEndPose
0x7101cb18f8,0008,_ZN12_GLOBAL__N_113TurnToEndPoseE
0x7101cb1918,0160,_ZTV43EventFlowNodeCapManHeroTalkSetDemoStartPose
0x7101cb19d8,0160,_ZTV23EventFlowNodeCapMessage
0x7101cb1a98,0160,_ZTV24EventFlowNodeChangeStage
0x7101cb1b58,0160,_ZTV35EventFlowNodeChangeWorldDemoMessage
0x7101cb1c38,0008,_ZN12_GLOBAL__N_113TalkPrevWorldE
0x7101cb1c78,0008,_ZN12_GLOBAL__N_114BossAttackHomeE
0x7101cb1cb8,0008,_ZN12_GLOBAL__N_114TalkTipsBeforeE
0x7101cb1cf8,0008,_ZN12_GLOBAL__N_18TalkTipsE
0x7101cb1d38,0008,_ZN12_GLOBAL__N_113TalkTipsAfterE
0x7101cb1dd8,0016,_ZN12_GLOBAL__N_138NrvEventFlowNodeChangeWorldDemoMessageE
0x7101cb1de8,0160,_ZTV25EventFlowNodeCheckCostume
0x7101cb1e88,0160,_ZTV29EventFlowNodeCheckCostumePair
0x7101cb1f28,0160,_ZTV38EventFlowNodeCheckCostumeMissMatchPart
0x7101cb1fc8,0160,_ZTV34EventFlowNodeCheckCostumeInvisible
0x7101cb20e8,0160,_ZTV23EventFlowNodeCheckCount
0x7101cb21a8,0048,_ZTVN4sead15FixedSafeStringILi155EEE
0x7101cb2218,0048,_ZTVN4sead19FixedSafeStringBaseIcLi155EEE
0x7101cb2248,0160,_ZTV22EventFlowNodeCheckFlag
0x7101cb22e8,0160,_ZTV30EventFlowNodeCheckOpenDoorSnow
0x7101cb2388,0160,_ZTV35EventFlowNodeCheckPlayingCollectBgm
0x7101cb2428,0160,_ZTV37EventFlowNodeCheckFirstTalkCollectBgm
0x7101cb24c8,0160,_ZTV38EventFlowNodeFirstTalkEndCollectBgmNpc
0x7101cb2568,0160,_ZTV34EventFlowNodeCheckClear3CollectBgm
0x7101cb2608,0160,_ZTV36EventFlowNodeCheckCompleteCollectBgm
0x7101cb26a8,0160,_ZTV33EventFlowNodeGetCollectBgmBonus01
0x7101cb2748,0160,_ZTV33EventFlowNodeGetCollectBgmBonus02
0x7101cb2908,0160,_ZTV30EventFlowNodeCheckGetLinkShine
0x7101cb29c8,0160,_ZTV28EventFlowNodeCheckLifeUpItem
0x7101cb2a88,0160,_ZTV22EventFlowNodeCheckLink
0x7101cb2b48,0160,_ZTV32EventFlowNodeCheckMoonLockOpened
0x7101cb2c08,0160,_ZTV32EventFlowNodeCheckPlayerOnGround
0x7101cb2cc8,0160,_ZTV36EventFlowNodeCheckYukimaruRaceResult
0x7101cb2d88,0160,_ZTV24EventFlowNodeCoinPayment
0x7101cb2e48,0160,_ZTV22EventFlowNodeDemoStart
0x7101cb2ee8,0160,_ZTV30EventFlowNodeBindKeepDemoStart
0x7101cb2f88,0160,_ZTV31EventFlowNodeNormalDemoTryStart
0x7101cb3028,0160,_ZTV30EventFlowNodeCutSceneDemoStart
0x7101cb30c8,0160,_ZTV27EventFlowNodeDemoForceStart
0x7101cb3168,0160,_ZTV35EventFlowNodeDemoForceStartOnGround
0x7101cb3208,0160,_ZTV30EventFlowNodeForcePutOnDemoCap
0x7101cb32a8,0160,_ZTV36EventFlowNodeDemoResetPlayerDynamics
0x7101cb3348,0160,_ZTV20EventFlowNodeDemoEnd
0x7101cb3508,0160,_ZTV31EventFlowNodeDirectGetLinkShine
0x7101cb3648,0016,_ZN12_GLOBAL__N_134NrvEventFlowNodeDirectGetLinkShineE
0x7101cb3658,0160,_ZTV23EventFlowNodeEnableHint
0x7101cb3718,0160,_ZTV29EventFlowNodeGetAmiiboCostume
0x7101cb37d8,0160,_ZTV38EventFlowNodeGetAmiiboNotSearchHintNum
0x7101cb3898,0160,_ZTV28EventFlowNodeGetSearchAmiibo
0x7101cb3958,0160,_ZTV28EventFlowNodeIsCostumeAmiibo
0x7101cb3a18,0160,_ZTV33EventFlowNodeIsEnableSearchAmiibo
0x7101cb3ad8,0160,_ZTV29EventFlowNodeIsTalkAmiiboHelp
0x7101cb3b98,0160,_ZTV22EventFlowNodeKakkuTurn
0x7101cb3c58,0160,_ZTV27EventFlowNodeMessageBalloon
0x7101cb3cf8,0160,_ZTV24EventFlowNodeMessageTalk
0x7101cb3d98,0160,_ZTV38EventFlowNodeMessageTalkSpecialPurpose
0x7101cb3eb0,0160,_ZTV28EventFlowNodeNextTalkMessage
0x7101cb3f50,0160,_ZTV29EventFlowNodeCloseTalkMessage
0x7101cb4150,0024,_ZN12_GLOBAL__N_130NrvEventFlowNodeMessageBalloonE
0x7101cb4168,0160,_ZTV26EventFlowNodeNpcMoveToLink
0x7101cb4228,0160,_ZTV25EventFlowNodePlayerAction
0x7101cb42e8,0160,_ZTV23EventFlowNodePlayerTurn
0x7101cb43a8,0160,_ZTV20EventFlowNodePopItem
0x7101cb4448,0160,_ZTV25EventFlowNodePopLinkShine
0x7101cb4528,0160,_ZTV26EventFlowNodeReplacePlayer
0x7101cb45e8,0160,_ZTV24EventFlowNodeOpenBgmList
0x7101cb46a8,0160,_ZTV25EventFlowNodeSelectChoice
0x7101cb4768,0160,_ZTV24EventFlowNodeSelectYesNo
0x7101cb4828,0160,_ZTV32EventFlowNodeSessionWaitMusician
0x7101cb48e8,0160,_ZTV32EventFlowNodeSetDemoInfoDemoName
0x7101cb49a8,0160,_ZTV23EventFlowNodeUnlockHint
0x7101cb4ae8,0016,_ZN12_GLOBAL__N_126NrvEventFlowNodeUnlockHintE
0x7101cb4af8,0160,_ZTV23EventFlowNodeWaitSimple
0x7101cb4bd8,0008,_ZN12_GLOBAL__N_14WaitE
0x7101cb4bf8,0160,_ZTV28EventFlowNodeWaitWipeOpenEnd
0x7101cb4cd8,0008,_ZN12_GLOBAL__N_14WaitE
0x7101cb4cf8,0160,_ZTV31EventFlowNodeWipeFadeBlackClose
0x7101cb4d98,0160,_ZTV30EventFlowNodeWipeFadeBlackOpen
0x7101cb4e38,0160,_ZTV27EventFlowNodeSceneWipeClose
0x7101cb4f38,0120,_ZTV18EventFlowScareCtrl
0x7101cb50e8,0008,_ZN12_GLOBAL__N_110ScareAfterE
0x7101cb5108,0016,_ZN12_GLOBAL__N_121NrvEventFlowScareCtrlE
0x7101cb5118,0040,_ZTV25EventFlowSceneExecuteCtrl
0x7101cb51b8,0008,_ZN12_GLOBAL__N_133ReceiveEventRequestGetShineDirectE
0x7101cb51f8,0008,_ZN12_GLOBAL__N_130ReceiveEventRequestOpenBgmListE
0x7101cb5238,0008,_ZN12_GLOBAL__N_132ReceiveEventRequestOpenShineListE
0x7101cb5278,0008,_ZN12_GLOBAL__N_133ReceiveEventRequestGetAchievementE
0x7101cb52b8,0008,_ZN12_GLOBAL__N_112SceneExecuteE
0x7101cb5318,0016,_ZN12_GLOBAL__N_128NrvEventFlowSceneExecuteCtrlE
0x7101cb5328,0472,_ZTV4Coin
0x7101cb5540,0304,_ZTC4Coin0_N2al9LiveActorE
0x7101cb5670,0056,_ZTC4Coin24_N2al15IUseStageSwitchE
0x7101cb5b68,0008,_ZN12_GLOBAL__N_111BlowUpDelayE
0x7101cb5b90,0144,_ZN12_GLOBAL__N_17NrvCoinE
0x7101cb5c20,0504,_ZTV6Coin2D
0x7101cb5e60,0304,_ZTC6Coin2D0_N2al9LiveActorE
0x7101cb5f90,0056,_ZTC6Coin2D24_N2al15IUseStageSwitchE
0x7101cb6128,0008,_ZN12_GLOBAL__N_19GotNoCoinE
0x7101cb6148,0048,_ZTVN2al10FunctorV0MIP6Coin2DMS1_FvvEEE
0x7101cb61a0,0032,_ZN12_GLOBAL__N_19NrvCoin2DE
0x7101cb61c0,0504,_ZTV10Coin2DCity
0x7101cb6400,0304,_ZTC10Coin2DCity0_N2al9LiveActorE
0x7101cb6530,0056,_ZTC10Coin2DCity24_N2al15IUseStageSwitchE
0x7101cb65c8,0008,_ZN12_GLOBAL__N_14WaitE
0x7101cb66b0,0024,_ZN12_GLOBAL__N_113NrvCoin2DCityE
0x7101cb66c8,0472,_ZTV18Coin2DCityDirector
0x7101cb68e0,0304,_ZTC18Coin2DCityDirector0_N2al9LiveActorE
0x7101cb6a10,0056,_ZTC18Coin2DCityDirector24_N2al15IUseStageSwitchE
0x7101cb6a88,0008,_ZN12_GLOBAL__N_121NrvCoin2DCityDirectorE
0x7101cb6aa8,0472,_ZTV8CoinBlow
0x7101cb6cc0,0304,_ZTC8CoinBlow0_N2al9LiveActorE
0x7101cb6df0,0056,_ZTC8CoinBlow24_N2al15IUseStageSwitchE
0x7101cb6e48,0048,_ZTVN2al10FunctorV0MIP8CoinBlowMS1_FvvEEE
0x7101cb6e98,0472,_ZTV13CoinChameleon
0x7101cb70b0,0304,_ZTC13CoinChameleon0_N2al9LiveActorE
0x7101cb71e0,0056,_ZTC13CoinChameleon24_N2al15IUseStageSwitchE
0x7101cb7300,0024,_ZN12_GLOBAL__N_116NrvCoinChameleonE
0x7101cb7318,0472,_ZTV19CoinCirclePlacement
0x7101cb7530,0304,_ZTC19CoinCirclePlacement0_N2al9LiveActorE
0x7101cb7660,0056,_ZTC19CoinCirclePlacement24_N2al15IUseStageSwitchE
0x7101cb76d8,0008,_ZN12_GLOBAL__N_122NrvCoinCirclePlacementE
0x7101cb76f8,0048,_ZTVN2al10FunctorV0MIP19CoinCirclePlacementMS1_FvvEEE
0x7101cb7748,0472,_ZTV11CoinCollect
0x7101cb7960,0304,_ZTC11CoinCollect0_N2al9LiveActorE
0x7101cb7a90,0056,_ZTC11CoinCollect24_N2al15IUseStageSwitchE
0x7101cb7c28,0048,_ZTVN2al10FunctorV0MIP11CoinCollectMS1_FvvEEE
0x7101cb7c80,0040,_ZN12_GLOBAL__N_114NrvCoinCollectE
0x7101cb7ca8,0504,_ZTV13CoinCollect2D
0x7101cb7ee0,0304,_ZTC13CoinCollect2D0_N2al9LiveActorE
0x7101cb8010,0056,_ZTC13CoinCollect2D24_N2al15IUseStageSwitchE
0x7101cb8150,0024,_ZN12_GLOBAL__N_116NrvCoinCollect2DE
0x7101cb8168,0472,_ZTV16CoinCollectDummy
0x7101cb8380,0304,_ZTC16CoinCollectDummy0_N2al9LiveActorE
0x7101cb84b0,0056,_ZTC16CoinCollectDummy24_N2al15IUseStageSwitchE
0x7101cb8528,0008,_ZN12_GLOBAL__N_14HintE
0x7101cb8548,0472,_ZTV16CoinCollectEmpty
0x7101cb8760,0304,_ZTC16CoinCollectEmpty0_N2al9LiveActorE
0x7101cb8890,0056,_ZTC16CoinCollectEmpty24_N2al15IUseStageSwitchE
0x7101cb89b0,0024,_ZN12_GLOBAL__N_119NrvCoinCollectEmptyE
0x7101cb89c8,0504,_ZTV18CoinCollectEmpty2D
0x7101cb8c00,0304,_ZTC18CoinCollectEmpty2D0_N2al9LiveActorE
0x7101cb8d30,0056,_ZTC18CoinCollectEmpty2D24_N2al15IUseStageSwitchE
0x7101cb8e28,0016,_ZN12_GLOBAL__N_121NrvCoinCollectEmpty2DE
0x7101cb8e38,0080,_ZTV20CoinCollectHintState
0x7101cb8ec8,0008,_ZN12_GLOBAL__N_123NrvCoinCollectHintStateE
0x7101cb8ee8,0056,_ZTV17CoinCollectHolder
0x7101cb8f38,0056,_ZTV18CoinCollectWatcher
0x7101cb8fa8,0472,_ZTV8CoinLead
0x7101cb91c0,0304,_ZTC8CoinLead0_N2al9LiveActorE
0x7101cb92f0,0056,_ZTC8CoinLead24_N2al15IUseStageSwitchE
0x7101cb9368,0008,_ZN12_GLOBAL__N_14WaitE
0x7101cb93a8,0008,_ZN12_GLOBAL__N_117FirstCoinGotDelayE
0x7101cb93e8,0008,_ZN12_GLOBAL__N_14MoveE
0x7101cb9428,0008,_ZN12_GLOBAL__N_110WaitAllGetE
0x7101cb9448,0024,_ZTVN2al35RailPlacementCallFunctorClassMemberIP8CoinLeadMS1_FvRKN4sead7Vector3IfEEifEEE
0x7101cb9488,0472,_ZTV8CoinRail
0x7101cb96a0,0304,_ZTC8CoinRail0_N2al9LiveActorE
0x7101cb97d0,0056,_ZTC8CoinRail24_N2al15IUseStageSwitchE
0x7101cb98a8,0016,_ZN12_GLOBAL__N_111NrvCoinRailE
0x7101cb98b8,0472,_ZTV8CoinRing
0x7101cb9ad0,0304,_ZTC8CoinRing0_N2al9LiveActorE
0x7101cb9c00,0056,_ZTC8CoinRing24_N2al15IUseStageSwitchE
0x7101cb9d98,0048,_ZTVN2al10FunctorV0MIP8CoinRingMS1_FvvEEE
0x7101cb9df0,0040,_ZN12_GLOBAL__N_111NrvCoinRingE
0x7101cb9e18,0488,_ZTV9CoinStack
0x7101cba040,0304,_ZTC9CoinStack0_N2al9LiveActorE
0x7101cba170,0056,_ZTC9CoinStack24_N2al15IUseStageSwitchE
0x7101cba228,0008,_ZN12_GLOBAL__N_19CollectedE
0x7101cba2a8,0008,_ZN12_GLOBAL__N_14LandE
0x7101cba310,0024,_ZN12_GLOBAL__N_112NrvCoinStackE
0x7101cba328,0472,_ZTV14CoinStackBound
0x7101cba540,0304,_ZTC14CoinStackBound0_N2al9LiveActorE
0x7101cba670,0056,_ZTC14CoinStackBound24_N2al15IUseStageSwitchE
0x7101cba6e8,0008,_ZN12_GLOBAL__N_15AliveE
0x7101cba728,0008,_ZN12_GLOBAL__N_19CollectedE
0x7101cba7a8,0008,_ZN12_GLOBAL__N_16AppearE
0x7101cba850,0024,_ZN12_GLOBAL__N_117NrvCoinStackBoundE
0x7101cba868,0472,_ZTV14CoinStackGroup
0x7101cbaa80,0304,_ZTC14CoinStackGroup0_N2al9LiveActorE
0x7101cbabb0,0056,_ZTC14CoinStackGroup24_N2al15IUseStageSwitchE
0x7101cbac08,0048,_ZTVN2al10FunctorV0MIP14CoinStackGroupMS1_FvvEEE
0x7101cbac58,0080,_ZTV21CoinStateAppearRotate
0x7101cbace8,0008,_ZN12_GLOBAL__N_16RotateE
0x7101cbad08,0080,_ZTV16CoinStateCountUp
0x7101cbad98,0008,_ZN12_GLOBAL__N_17CountUpE
0x7101cbadd8,0008,_ZN12_GLOBAL__N_13GotE
0x7101cbadf8,0472,_ZTV16DotCharacterRare
0x7101cbb010,0304,_ZTC16DotCharacterRare0_N2al9LiveActorE
0x7101cbb140,0056,_ZTC16DotCharacterRare24_N2al15IUseStageSwitchE
0x7101cbb1b8,0008,_ZN12_GLOBAL__N_15PopUpE
0x7101cbb1d8,0040,_ZTV24ItemAppearanceController
0x7101cbb2b8,0008,_ZN12_GLOBAL__N_16AppearE
0x7101cbb2f8,0008,_ZN12_GLOBAL__N_14DoneE
0x7101cbb318,0016,_ZN12_GLOBAL__N_111NrvHostTypeE
0x7101cbb328,0472,_ZTV13LifeMaxUpItem
0x7101cbb540,0304,_ZTC13LifeMaxUpItem0_N2al9LiveActorE
0x7101cbb670,0056,_ZTC13LifeMaxUpItem24_N2al15IUseStageSwitchE
0x7101cbb890,0056,_ZN12_GLOBAL__N_116NrvLifeMaxUpItemE
0x7101cbb8c8,0504,_ZTV15LifeMaxUpItem2D
0x7101cbbb00,0304,_ZTC15LifeMaxUpItem2D0_N2al9LiveActorE
0x7101cbbc30,0056,_ZTC15LifeMaxUpItem2D24_N2al15IUseStageSwitchE
0x7101cbbe70,0056,_ZN12_GLOBAL__N_118NrvLifeMaxUpItem2DE
0x7101cbbea8,0472,_ZTV10LifeUpItem
0x7101cbc0c0,0304,_ZTC10LifeUpItem0_N2al9LiveActorE
0x7101cbc1f0,0056,_ZTC10LifeUpItem24_N2al15IUseStageSwitchE
0x7101cbc328,0008,_ZN12_GLOBAL__N_13GetE
0x7101cbc3e8,0008,_ZN12_GLOBAL__N_19LandWaterE
0x7101cbc428,0008,_ZN12_GLOBAL__N_110FloatWaterE
0x7101cbc450,0040,_ZN12_GLOBAL__N_113NrvLifeUpItemE
0x7101cbc478,0504,_ZTV12LifeUpItem2D
0x7101cbc6b0,0304,_ZTC12LifeUpItem2D0_N2al9LiveActorE
0x7101cbc7e0,0056,_ZTC12LifeUpItem2D24_N2al15IUseStageSwitchE
0x7101cbc938,0008,_ZN12_GLOBAL__N_13GetE
0x7101cbc960,0024,_ZN12_GLOBAL__N_115NrvLifeUpItem2DE
0x7101cbc978,0552,_ZTV25LifeUpItemGenerateWatcher
0x7101cbcbe0,0304,_ZTC25LifeUpItemGenerateWatcher0_N2al9LiveActorE
0x7101cbcd10,0056,_ZTC25LifeUpItemGenerateWatcher24_N2al15IUseStageSwitchE
0x7101cbcd88,0080,_ZTV22LifeUpItemStateAutoGet
0x7101cbce18,0008,_ZN12_GLOBAL__N_15PopupE
0x7101cbce38,0472,_ZTV9MayorItem
0x7101cbd050,0304,_ZTC9MayorItem0_N2al9LiveActorE
0x7101cbd180,0056,_ZTC9MayorItem24_N2al15IUseStageSwitchE
0x7101cbd320,0040,_ZN12_GLOBAL__N_112NrvMayorItemE
0x7101cbd348,0056,_ZTV18RandomItemSelector
0x7101cbd398,0504,_ZTV5Shine
0x7101cbd5d0,0304,_ZTC5Shine0_N2al9LiveActorE
0x7101cbd700,0056,_ZTC5Shine24_N2al15IUseStageSwitchE
0x7101cbe3b8,0008,_ZN12_GLOBAL__N_114AppearSlotDownE
0x7101cbe418,0048,_ZTVN2al10FunctorV0MIP5ShineMS1_FvvEEE
0x7101cbe468,0048,_ZTVN2al9StringTmpILi512EEE
0x7101cbe500,0256,_ZN12_GLOBAL__N_18NrvShineE
0x7101cbe600,0472,_ZTV9ShineChip
0x7101cbe820,0304,_ZTC9ShineChip0_N2al9LiveActorE
0x7101cbe950,0056,_ZTC9ShineChip24_N2al15IUseStageSwitchE
0x7101cbeac8,0008,_ZN12_GLOBAL__N_18GoAppearE
0x7101cbeaf0,0032,_ZN12_GLOBAL__N_111NrvHostTypeE
0x7101cbeb10,0472,_ZTV16ShineChipWatcher
0x7101cbed30,0304,_ZTC16ShineChipWatcher0_N2al9LiveActorE
0x7101cbee60,0056,_ZTC16ShineChipWatcher24_N2al15IUseStageSwitchE
0x7101cbeed8,0008,_ZN12_GLOBAL__N_14WaitE
0x7101cbef18,0008,_ZN12_GLOBAL__N_14DoneE
0x7101cbefd8,0008,_ZN12_GLOBAL__N_115WaitAppearShineE
0x7101cbeff8,0016,_ZN12_GLOBAL__N_111NrvHostTypeE
0x7101cbf008,0056,_ZTV22ShineChipWatcherHolder
0x7101cbf058,0472,_ZTV21ShineFukankunWatchObj
0x7101cbf270,0304,_ZTC21ShineFukankunWatchObj0_N2al9LiveActorE
0x7101cbf3a0,0056,_ZTC21ShineFukankunWatchObj24_N2al15IUseStageSwitchE
0x7101cbf418,0008,_ZN12_GLOBAL__N_14WaitE
0x7101cbf438,0472,_ZTV13ShineTowerKey
0x7101cbf650,0304,_ZTC13ShineTowerKey0_N2al9LiveActorE
0x7101cbf780,0056,_ZTC13ShineTowerKey24_N2al15IUseStageSwitchE
0x7101cbf7f8,0008,_ZN12_GLOBAL__N_14WaitE
0x7101cbf818,0472,_ZTV10YoshiFruit
0x7101cbfa30,0304,_ZTC10YoshiFruit0_N2al9LiveActorE
0x7101cbfb60,0056,_ZTC10YoshiFruit24_N2al15IUseStageSwitchE
0x7101cbfbd8,0008,_ZN12_GLOBAL__N_14WaitE
0x7101cbfd38,0048,_ZTVN2al10FunctorV0MIP10YoshiFruitMS1_FvvEEE
0x7101cbfd90,0040,_ZN12_GLOBAL__N_113NrvYoshiFruitE
0x7101cbfdb8,0472,_ZTV21YoshiFruitShineHolder
0x7101cbffd0,0304,_ZTC21YoshiFruitShineHolder0_N2al9LiveActorE
0x7101cc0100,0056,_ZTC21YoshiFruitShineHolder24_N2al15IUseStageSwitchE
0x7101cc0158,0560,_ZTV17YoshiFruitWatcher
0x7101cc03d0,0304,_ZTC17YoshiFruitWatcher0_N2al9LiveActorE
0x7101cc0500,0056,_ZTC17YoshiFruitWatcher24_N2al15IUseStageSwitchE
0x7101cc0698,0008,_ZN12_GLOBAL__N_18GaugeEndE
0x7101cc06d8,0008,_ZN12_GLOBAL__N_19DemoGaugeE
0x7101cc0718,0008,_ZN12_GLOBAL__N_19DemoShineE
0x7101cc0740,0032,_ZN12_GLOBAL__N_120NrvYoshiFruitWatcherE
0x7101cc0760,0352,_ZTV12AimingCursor
0x7101cc0920,0232,_ZTC12AimingCursor0_N2al11LayoutActorE
0x7101cc0a10,0048,_ZTC12AimingCursor8_N2al10IUseLayoutE
0x7101cc0a70,0080,_ZTC12AimingCursor16_N2al16IUseLayoutActionE
0x7101cc0b28,0008,_ZN12_GLOBAL__N_16AppearE
0x7101cc0b68,0008,_ZN12_GLOBAL__N_13EndE
0x7101cc0ba8,0008,_ZN12_GLOBAL__N_14WaitE
0x7101cc0bc8,0352,_ZTV15AmiiboNpcLayout
0x7101cc0d90,0232,_ZTC15AmiiboNpcLayout0_N2al11LayoutActorE
0x7101cc0e80,0048,_ZTC15AmiiboNpcLayout8_N2al10IUseLayoutE
0x7101cc0eb0,0080,_ZTC15AmiiboNpcLayout16_N2al16IUseLayoutActionE
0x7101cc0f38,0008,_ZN12_GLOBAL__N_16AppearE
0x7101cc0f78,0008,_ZN12_GLOBAL__N_16DecideE
0x7101cc0fb8,0008,_ZN12_GLOBAL__N_13EndE
0x7101cc0ff8,0008,_ZN12_GLOBAL__N_14WaitE
0x7101cc1018,0352,_ZTV12BalloonEmote
0x7101cc11e0,0232,_ZTC12BalloonEmote0_N2al11LayoutActorE
0x7101cc12d0,0048,_ZTC12BalloonEmote8_N2al10IUseLayoutE
0x7101cc1300,0080,_ZTC12BalloonEmote16_N2al16IUseLayoutActionE
0x7101cc1488,0008,_ZN12_GLOBAL__N_14HideE
0x7101cc14b0,0032,_ZN12_GLOBAL__N_115NrvBalloonEmoteE
0x7101cc14d0,0352,_ZTV11BalloonIcon
0x7101cc1690,0232,_ZTC11BalloonIcon0_N2al11LayoutActorE
0x7101cc1780,0048,_ZTC11BalloonIcon8_N2al10IUseLayoutE
0x7101cc17b0,0080,_ZTC11BalloonIcon16_N2al16IUseLayoutActionE
0x7101cc1998,0048,_ZTVN2al10FunctorV0MIP11BalloonIconMS1_FvvEEE
0x7101cc19f0,0048,_ZN12_GLOBAL__N_114NrvBalloonIconE
0x7101cc1a20,0352,_ZTV10BootLayout
0x7101cc1be0,0232,_ZTC10BootLayout0_N2al11LayoutActorE
0x7101cc1cd0,0048,_ZTC10BootLayout8_N2al10IUseLayoutE
0x7101cc1d00,0080,_ZTC10BootLayout16_N2al16IUseLayoutActionE
0x7101cc1d88,0008,_ZN12_GLOBAL__N_16AppearE
0x7101cc1dc8,0008,_ZN12_GLOBAL__N_19StartWipeE
0x7101cc1e08,0008,_ZN12_GLOBAL__N_17EndWipeE
0x7101cc1e48,0008,_ZN12_GLOBAL__N_13EndE
0x7101cc1e88,0008,_ZN12_GLOBAL__N_14WaitE
0x7101cc1ea8,0352,_ZTV14ButtonMiiverse
0x7101cc2070,0232,_ZTC14ButtonMiiverse0_N2al11LayoutActorE
0x7101cc2160,0048,_ZTC14ButtonMiiverse8_N2al10IUseLayoutE
0x7101cc2190,0080,_ZTC14ButtonMiiverse16_N2al16IUseLayoutActionE
0x7101cc2380,0048,_ZN12_GLOBAL__N_117NrvButtonMiiverseE
0x7101cc23b0,0352,_ZTV16CapMessageLayout
0x7101cc2570,0232,_ZTC16CapMessageLayout0_N2al11LayoutActorE
0x7101cc2660,0048,_ZTC16CapMessageLayout8_N2al10IUseLayoutE
0x7101cc2690,0080,_ZTC16CapMessageLayout16_N2al16IUseLayoutActionE
0x7101cc2718,0008,_ZN12_GLOBAL__N_16AppearE
0x7101cc2818,0008,_ZN12_GLOBAL__N_14WaitE
0x7101cc2838,0048,_ZTVN4sead15FixedSafeStringILi256EEE
0x7101cc2868,0048,_ZTVN4sead19FixedSafeStringBaseIcLi256EEE
0x7101cc2898,0048,_ZTVN4sead16WFixedSafeStringILi256EEE
0x7101cc2910,0024,_ZN12_GLOBAL__N_119NrvCapMessageLayoutE
0x7101cc2948,0352,_ZTV13CinemaCaption
0x7101cc2b10,0232,_ZTC13CinemaCaption0_N2al11LayoutActorE
0x7101cc2c00,0048,_ZTC13CinemaCaption8_N2al10IUseLayoutE
0x7101cc2c30,0080,_ZTC13CinemaCaption16_N2al16IUseLayoutActionE
0x7101cc2cb8,0008,_ZN12_GLOBAL__N_16AppearE
0x7101cc2cf8,0008,_ZN12_GLOBAL__N_13EndE
0x7101cc2d38,0008,_ZN12_GLOBAL__N_14WaitE
0x7101cc2d58,0352,_ZTV17CoinCollectLayout
0x7101cc2f20,0232,_ZTC17CoinCollectLayout0_N2al11LayoutActorE
0x7101cc3010,0048,_ZTC17CoinCollectLayout8_N2al10IUseLayoutE
0x7101cc3040,0080,_ZTC17CoinCollectLayout16_N2al16IUseLayoutActionE
0x7101cc30c8,0008,_ZN12_GLOBAL__N_15StartE
0x7101cc3108,0008,_ZN12_GLOBAL__N_14WaitE
0x7101cc3148,0008,_ZN12_GLOBAL__N_13EndE
0x7101cc3168,0352,_ZTV11CoinCounter
0x7101cc3330,0232,_ZTC11CoinCounter0_N2al11LayoutActorE
0x7101cc3420,0048,_ZTC11CoinCounter8_N2al10IUseLayoutE
0x7101cc3450,0080,_ZTC11CoinCounter16_N2al16IUseLayoutActionE
0x7101cc3518,0008,_ZN12_GLOBAL__N_14WaitE
0x7101cc3680,0048,_ZN12_GLOBAL__N_114NrvCoinCounterE
0x7101cc36b0,0040,_ZTV20CommonHorizontalList
0x7101cc3798,0008,_ZN12_GLOBAL__N_19DecideEndE
0x7101cc37d8,0008,_ZN12_GLOBAL__N_19RejectEndE
0x7101cc3880,0032,_ZN12_GLOBAL__N_123NrvCommonHorizontalListE
0x7101cc38a0,0040,_ZTV17CommonSelectParts
0x7101cc3948,0008,_ZN12_GLOBAL__N_112AppearBeforeE
0x7101cc3968,0048,_ZTVN4sead15FixedSafeStringILi17EEE
0x7101cc39d8,0048,_ZTVN4sead19FixedSafeStringBaseIcLi17EEE
0x7101cc3aa8,0008,_ZN12_GLOBAL__N_16AppearE
0x7101cc3ae8,0008,_ZN12_GLOBAL__N_111AppearAfterE
0x7101cc3b28,0008,_ZN12_GLOBAL__N_112AppearCursorE
0x7101cc3b68,0008,_ZN12_GLOBAL__N_16SelectE
0x7101cc3c90,0056,_ZN12_GLOBAL__N_120NrvCommonSelectPartsE
0x7101cc3cc8,0040,_ZTV18CommonVerticalList
0x7101cc3da8,0008,_ZN12_GLOBAL__N_19DecideEndE
0x7101cc3de8,0008,_ZN12_GLOBAL__N_19RejectEndE
0x7101cc3e90,0032,_ZN12_GLOBAL__N_121NrvCommonVerticalListE
0x7101cc3eb0,0352,_ZTV7Compass
0x7101cc4070,0232,_ZTC7Compass0_N2al11LayoutActorE
0x7101cc4160,0048,_ZTC7Compass8_N2al10IUseLayoutE
0x7101cc4190,0080,_ZTC7Compass16_N2al16IUseLayoutActionE
0x7101cc4218,0008,_ZN12_GLOBAL__N_16AppearE
0x7101cc4258,0008,_ZN12_GLOBAL__N_13EndE
0x7101cc4298,0008,_ZN12_GLOBAL__N_14WaitE
0x7101cc42b8,0080,_ZTV27ControllerGuideSnapShotCtrl
0x7101cc44e8,0008,_ZN12_GLOBAL__N_112HideByButtonE
0x7101cc4510,0040,_ZN12_GLOBAL__N_130NrvControllerGuideSnapShotCtrlE
0x7101cc4538,0352,_ZTV11CounterLife
0x7101cc4700,0232,_ZTC11CounterLife0_N2al11LayoutActorE
0x7101cc47f0,0048,_ZTC11CounterLife8_N2al10IUseLayoutE
0x7101cc4820,0080,_ZTC11CounterLife16_N2al16IUseLayoutActionE
0x7101cc48a8,0008,_ZN12_GLOBAL__N_13EndE
0x7101cc48e8,0008,_ZN12_GLOBAL__N_14NoneE
0x7101cc49e8,0008,_ZN12_GLOBAL__N_19GaugeWaitE
0x7101cc4a10,0024,_ZN12_GLOBAL__N_114NrvCounterLifeE
0x7101cc4a28,0040,_ZTV15CounterLifeCtrl
0x7101cc4a88,0008,_ZN12_GLOBAL__N_14DeadE
0x7101cc4ac8,0008,_ZN12_GLOBAL__N_116CountStartFadeInE
0x7101cc4bc8,0008,_ZN12_GLOBAL__N_13EndE
0x7101cc4cc8,0008,_ZN12_GLOBAL__N_124DemoLifeMaxUpWaitForMoveE
0x7101cc4db0,0072,_ZN12_GLOBAL__N_118NrvCounterLifeCtrlE
0x7101cc4df8,0352,_ZTV13CounterLifeUp
0x7101cc4ff0,0232,_ZTC13CounterLifeUp0_N2al11LayoutActorE
0x7101cc50e0,0048,_ZTC13CounterLifeUp8_N2al10IUseLayoutE
0x7101cc5110,0080,_ZTC13CounterLifeUp16_N2al16IUseLayoutActionE
0x7101cc5198,0008,_ZN12_GLOBAL__N_14WaitE
0x7101cc51d8,0008,_ZN12_GLOBAL__N_15BreakE
0x7101cc5278,0016,_ZN12_GLOBAL__N_116NrvCounterLifeUpE
0x7101cc5288,0352,_ZTV12CounterParts
0x7101cc5480,0232,_ZTC12CounterParts0_N2al11LayoutActorE
0x7101cc5570,0048,_ZTC12CounterParts8_N2al10IUseLayoutE
0x7101cc55a0,0080,_ZTC12CounterParts16_N2al16IUseLayoutActionE
0x7101cc5628,0008,_ZN12_GLOBAL__N_14WaitE
0x7101cc56c8,0016,_ZN12_GLOBAL__N_115NrvCounterPartsE
0x7101cc56d8,0352,_ZTV11CursorParts
0x7101cc58a0,0232,_ZTC11CursorParts0_N2al11LayoutActorE
0x7101cc5990,0048,_ZTC11CursorParts8_N2al10IUseLayoutE
0x7101cc59c0,0080,_ZTC11CursorParts16_N2al16IUseLayoutActionE
0x7101cc5a88,0008,_ZN12_GLOBAL__N_13EndE
0x7101cc5b08,0008,_ZN12_GLOBAL__N_14WaitE
0x7101cc5b28,0016,_ZN12_GLOBAL__N_114NrvCursorPartsE
0x7101cc5b38,0040,_ZTV16DecideIconLayout
0x7101cc5b98,0008,_ZN12_GLOBAL__N_13EndE
0x7101cc5bd8,0008,_ZN12_GLOBAL__N_16AppearE
0x7101cc5c18,0008,_ZN12_GLOBAL__N_14WaitE
0x7101cc5c58,0008,_ZN12_GLOBAL__N_16DecideE
0x7101cc5c78,0352,_ZTV21DecideIconLayoutParts
0x7101cc5e40,0232,_ZTC21DecideIconLayoutParts0_N2al11LayoutActorE
0x7101cc5f30,0048,_ZTC21DecideIconLayoutParts8_N2al10IUseLayoutE
0x7101cc5f60,0080,_ZTC21DecideIconLayoutParts16_N2al16IUseLayoutActionE
0x7101cc5fe8,0008,_ZN12_GLOBAL__N_13EndE
0x7101cc6028,0008,_ZN12_GLOBAL__N_16AppearE
0x7101cc6068,0008,_ZN12_GLOBAL__N_14WaitE
0x7101cc60a8,0008,_ZN12_GLOBAL__N_16DecideE
0x7101cc60e8,0008,_ZN12_GLOBAL__N_111DecideAfterE
0x7101cc6108,0352,_ZTV9FilterFly
0x7101cc62d0,0232,_ZTC9FilterFly0_N2al11LayoutActorE
0x7101cc63c0,0048,_ZTC9FilterFly8_N2al10IUseLayoutE
0x7101cc63f0,0080,_ZTC9FilterFly16_N2al16IUseLayoutActionE
0x7101cc6478,0008,_ZN12_GLOBAL__N_14WaitE
0x7101cc64b8,0008,_ZN12_GLOBAL__N_17WaitEndE
0x7101cc64f8,0008,_ZN12_GLOBAL__N_14MoveE
0x7101cc6518,0352,_ZTV11FilterScope
0x7101cc66e0,0232,_ZTC11FilterScope0_N2al11LayoutActorE
0x7101cc67d0,0048,_ZTC11FilterScope8_N2al10IUseLayoutE
0x7101cc6800,0080,_ZTC11FilterScope16_N2al16IUseLayoutActionE
0x7101cc6888,0008,_ZN12_GLOBAL__N_16AppearE
0x7101cc68c8,0008,_ZN12_GLOBAL__N_13EndE
0x7101cc6908,0008,_ZN12_GLOBAL__N_14WaitE
0x7101cc6928,0352,_ZTV11FooterParts
0x7101cc6af0,0232,_ZTC11FooterParts0_N2al11LayoutActorE
0x7101cc6be0,0048,_ZTC11FooterParts8_N2al10IUseLayoutE
0x7101cc6c10,0080,_ZTC11FooterParts16_N2al16IUseLayoutActionE
0x7101cc6c98,0008,_ZN12_GLOBAL__N_14WaitE
0x7101cc6cd8,0008,_ZN12_GLOBAL__N_16FadeInE
0x7101cc6cf8,0352,_ZTV8GaugeAir
0x7101cc6ec0,0232,_ZTC8GaugeAir0_N2al11LayoutActorE
0x7101cc6fb0,0048,_ZTC8GaugeAir8_N2al10IUseLayoutE
0x7101cc6fe0,0080,_ZTC8GaugeAir16_N2al16IUseLayoutActionE
0x7101cc7068,0008,_ZN12_GLOBAL__N_16AppearE
0x7101cc7128,0008,_ZN12_GLOBAL__N_17FastEndE
0x7101cc7148,0016,_ZN12_GLOBAL__N_111NrvGaugeAirE
0x7101cc7158,0352,_ZTV14HackListLayout
0x7101cc7320,0232,_ZTC14HackListLayout0_N2al11LayoutActorE
0x7101cc7410,0048,_ZTC14HackListLayout8_N2al10IUseLayoutE
0x7101cc7440,0080,_ZTC14HackListLayout16_N2al16IUseLayoutActionE
0x7101cc74c8,0008,_ZN12_GLOBAL__N_16AppearE
0x7101cc7508,0008,_ZN12_GLOBAL__N_13EndE
0x7101cc75c8,0008,_ZN12_GLOBAL__N_19ChangeOutE
0x7101cc7608,0008,_ZN12_GLOBAL__N_18ChangeInE
0x7101cc7628,0048,_ZTVN4sead16WFixedSafeStringILi512EEE
0x7101cc7698,0016,_ZN12_GLOBAL__N_117NrvHackListLayoutE
0x7101cc76a8,0352,_ZTV13HardIconParts
0x7101cc7870,0232,_ZTC13HardIconParts0_N2al11LayoutActorE
0x7101cc7960,0048,_ZTC13HardIconParts8_N2al10IUseLayoutE
0x7101cc7990,0080,_ZTC13HardIconParts16_N2al16IUseLayoutActionE
0x7101cc7a18,0008,_ZN12_GLOBAL__N_14HideE
0x7101cc7a58,0008,_ZN12_GLOBAL__N_14WaitE
0x7101cc7a98,0008,_ZN12_GLOBAL__N_16AppearE
0x7101cc7ad8,0008,_ZN12_GLOBAL__N_13EndE
0x7101cc7af8,0352,_ZTV23InformationWindowLayout
0x7101cc7cc0,0232,_ZTC23InformationWindowLayout0_N2al11LayoutActorE
0x7101cc7db0,0048,_ZTC23InformationWindowLayout8_N2al10IUseLayoutE
0x7101cc7de0,0080,_ZTC23InformationWindowLayout16_N2al16IUseLayoutActionE
0x7101cc7e68,0008,_ZN12_GLOBAL__N_14WaitE
0x7101cc7ea8,0008,_ZN12_GLOBAL__N_16AppearE
0x7101cc7ee8,0008,_ZN12_GLOBAL__N_13EndE
0x7101cc7f08,0056,_ZTV22KidsModeLayoutAccessor
0x7101cc7f78,0040,_ZTV14LoadLayoutCtrl
0x7101cc8058,0008,_ZN12_GLOBAL__N_18WaitLoadE
0x7101cc8078,0016,_ZN12_GLOBAL__N_117NrvLoadLayoutCtrlE
0x7101cc8088,0112,_ZTV16LocationNameCtrl
0x7101cc8168,0008,_ZN12_GLOBAL__N_14HideE
0x7101cc81a8,0008,_ZN12_GLOBAL__N_15DelayE
0x7101cc81e8,0008,_ZN12_GLOBAL__N_14ShowE
0x7101cc8208,0432,_ZTV9MapLayout
0x7101cc8460,0232,_ZTC9MapLayout0_N2al11LayoutActorE
0x7101cc8550,0048,_ZTC9MapLayout8_N2al10IUseLayoutE
0x7101cc8580,0080,_ZTC9MapLayout16_N2al16IUseLayoutActionE
0x7101cc8808,0008,_ZN12_GLOBAL__N_19ChangeOutE
0x7101cc8b08,0008,_ZN12_GLOBAL__N_115HintPressDecideE
0x7101cc8b28,0048,_ZTVN2al10WStringTmpILi64EEE
0x7101cc8bb8,0048,_ZTVN2al10WStringTmpILi32EEE
0x7101cc8cb0,0128,_ZN12_GLOBAL__N_112NrvMapLayoutE
0x7101cc8d30,0352,_ZTV7MapMini
0x7101cc8ef0,0232,_ZTC7MapMini0_N2al11LayoutActorE
0x7101cc8fe0,0048,_ZTC7MapMini8_N2al10IUseLayoutE
0x7101cc9010,0080,_ZTC7MapMini16_N2al16IUseLayoutActionE
0x7101cc9098,0008,_ZN12_GLOBAL__N_14WaitE
0x7101cc90d8,0008,_ZN12_GLOBAL__N_16AppearE
0x7101cc9118,0008,_ZN12_GLOBAL__N_13EndE
0x7101cc9138,0352,_ZTV16MapSeaOfTreeIcon
0x7101cc9300,0232,_ZTC16MapSeaOfTreeIcon0_N2al11LayoutActorE
0x7101cc93f0,0048,_ZTC16MapSeaOfTreeIcon8_N2al10IUseLayoutE
0x7101cc9420,0080,_ZTC16MapSeaOfTreeIcon16_N2al16IUseLayoutActionE
0x7101cc94a8,0008,_ZN12_GLOBAL__N_14WaitE
0x7101cc94e8,0008,_ZN12_GLOBAL__N_16AppearE
0x7101cc9528,0008,_ZN12_GLOBAL__N_13EndE
0x7101cc9568,0008,_ZN12_GLOBAL__N_14DeadE
0x7101cc9588,0352,_ZTV16MapTerrainLayout
0x7101cc9750,0232,_ZTC16MapTerrainLayout0_N2al11LayoutActorE
0x7101cc9840,0048,_ZTC16MapTerrainLayout8_N2al10IUseLayoutE
0x7101cc9870,0080,_ZTC16MapTerrainLayout16_N2al16IUseLayoutActionE
0x7101cc98d8,0040,_ZTV15MenuSelectParts
0x7101cc9938,0008,_ZN12_GLOBAL__N_14HideE
0x7101cc9978,0008,_ZN12_GLOBAL__N_16AppearE
0x7101cc99f8,0008,_ZN12_GLOBAL__N_19DecideEndE
0x7101cc9ae0,0032,_ZN12_GLOBAL__N_118NrvMenuSelectPartsE
0x7101cc9b00,0352,_ZTV17MiniGameCueLayout
0x7101cc9cc0,0232,_ZTC17MiniGameCueLayout0_N2al11LayoutActorE
0x7101cc9db0,0048,_ZTC17MiniGameCueLayout8_N2al10IUseLayoutE
0x7101cc9de0,0080,_ZTC17MiniGameCueLayout16_N2al16IUseLayoutActionE
0x7101cc9e68,0008,_ZN12_GLOBAL__N_14WaitE
0x7101cc9ea8,0008,_ZN12_GLOBAL__N_16AppearE
0x7101cc9ec8,0352,_ZTV14MiniGameLayout
0x7101cca090,0232,_ZTC14MiniGameLayout0_N2al11LayoutActorE
0x7101cca180,0048,_ZTC14MiniGameLayout8_N2al10IUseLayoutE
0x7101cca1b0,0080,_ZTC14MiniGameLayout16_N2al16IUseLayoutActionE
0x7101cca238,0008,_ZN12_GLOBAL__N_16AppearE
0x7101cca278,0008,_ZN12_GLOBAL__N_13EndE
0x7101cca2b8,0008,_ZN12_GLOBAL__N_14WaitE
0x7101cca2d8,0040,_ZTV12MiniGameMenu
0x7101cca338,0008,_ZN12_GLOBAL__N_14WaitE
0x7101cca358,0048,_ZTVN4sead15FixedSafeStringILi20EEE
0x7101cca3c8,0048,_ZTVN4sead19FixedSafeStringBaseIcLi20EEE
0x7101cca418,0008,_ZN12_GLOBAL__N_17MenuEndE
0x7101cca458,0008,_ZN12_GLOBAL__N_16DecideE
0x7101cca478,0048,_ZTVN2al10WStringTmpILi128EEE
0x7101cca628,0048,_ZTVN4sead14SafeStringBaseIDsEE
0x7101cca658,0352,_ZTV21MiniGameRankingLayout
0x7101cca820,0232,_ZTC21MiniGameRankingLayout0_N2al11LayoutActorE
0x7101cca910,0048,_ZTC21MiniGameRankingLayout8_N2al10IUseLayoutE
0x7101cca940,0080,_ZTC21MiniGameRankingLayout16_N2al16IUseLayoutActionE
0x7101cca9c8,0008,_ZN12_GLOBAL__N_16AppearE
0x7101ccaa08,0008,_ZN12_GLOBAL__N_13EndE
0x7101ccab48,0008,_ZN12_GLOBAL__N_14WaitE
0x7101ccab70,0032,_ZN12_GLOBAL__N_111NrvHostTypeE
0x7101ccab90,0080,_ZTV12PlayGuideBgm
0x7101ccacd8,0008,_ZN12_GLOBAL__N_14ShowE
0x7101ccad00,0024,_ZN12_GLOBAL__N_115NrvPlayGuideBgmE
0x7101ccad18,0352,_ZTV15PlayGuideCamera
0x7101ccaee0,0232,_ZTC15PlayGuideCamera0_N2al11LayoutActorE
0x7101ccafd0,0048,_ZTC15PlayGuideCamera8_N2al10IUseLayoutE
0x7101ccb000,0080,_ZTC15PlayGuideCamera16_N2al16IUseLayoutActionE
0x7101ccb108,0008,_ZN12_GLOBAL__N_14WaitE
0x7101ccb170,0024,_ZN12_GLOBAL__N_118NrvPlayGuideCameraE
0x7101ccb188,0040,_ZTV12PlayGuideMap
0x7101ccb268,0008,_ZN12_GLOBAL__N_14ShowE
0x7101ccb288,0016,_ZN12_GLOBAL__N_115NrvPlayGuideMapE
0x7101ccb298,0352,_ZTV13PlayGuideSkip
0x7101ccb460,0232,_ZTC13PlayGuideSkip0_N2al11LayoutActorE
0x7101ccb550,0048,_ZTC13PlayGuideSkip8_N2al10IUseLayoutE
0x7101ccb580,0080,_ZTC13PlayGuideSkip16_N2al16IUseLayoutActionE
0x7101ccb608,0008,_ZN12_GLOBAL__N_16AppearE
0x7101ccb648,0008,_ZN12_GLOBAL__N_13EndE
0x7101ccb688,0008,_ZN12_GLOBAL__N_14WaitE
0x7101ccb6a8,0056,_ZTV26ProjectReplaceTagProcessor
0x7101ccb6f8,0352,_ZTV19RaceCountDownLayout
0x7101ccb8c0,0232,_ZTC19RaceCountDownLayout0_N2al11LayoutActorE
0x7101ccb9b0,0048,_ZTC19RaceCountDownLayout8_N2al10IUseLayoutE
0x7101ccb9e0,0080,_ZTC19RaceCountDownLayout16_N2al16IUseLayoutActionE
0x7101ccba68,0008,_ZN12_GLOBAL__N_14WaitE
0x7101ccbaa8,0008,_ZN12_GLOBAL__N_19CountDownE
0x7101ccbae8,0008,_ZN12_GLOBAL__N_16FinishE
0x7101ccbb28,0008,_ZN12_GLOBAL__N_112CountDownEndE
0x7101ccbb68,0008,_ZN12_GLOBAL__N_19FinishEndE
0x7101ccbb88,0352,_ZTV10RaceLayout
0x7101ccbd50,0232,_ZTC10RaceLayout0_N2al11LayoutActorE
0x7101ccbe40,0048,_ZTC10RaceLayout8_N2al10IUseLayoutE
0x7101ccbe70,0080,_ZTC10RaceLayout16_N2al16IUseLayoutActionE
0x7101ccbef8,0008,_ZN12_GLOBAL__N_14WaitE
0x7101ccbf38,0008,_ZN12_GLOBAL__N_16AppearE
0x7101ccbf78,0008,_ZN12_GLOBAL__N_14RaceE
0x7101ccbfb8,0008,_ZN12_GLOBAL__N_110RaceFinishE
0x7101ccbff8,0008,_ZN12_GLOBAL__N_110CancelRaceE
0x7101ccc038,0008,_ZN12_GLOBAL__N_111MiniGameEndE
0x7101ccc078,0008,_ZN12_GLOBAL__N_112ResultEndEndE
0x7101ccc0b8,0008,_ZN12_GLOBAL__N_113WaitCountDownE
0x7101ccc0f8,0008,_ZN12_GLOBAL__N_19CountDownE
0x7101ccc138,0008,_ZN12_GLOBAL__N_112ResultAppearE
0x7101ccc178,0008,_ZN12_GLOBAL__N_124ResultDecideButtonAppearE
0x7101ccc1b8,0008,_ZN12_GLOBAL__N_110ResultWaitE
0x7101ccc1f8,0008,_ZN12_GLOBAL__N_19ResultEndE
0x7101ccc218,0352,_ZTV14ScrollBarParts
0x7101ccc3e0,0232,_ZTC14ScrollBarParts0_N2al11LayoutActorE
0x7101ccc4d0,0048,_ZTC14ScrollBarParts8_N2al10IUseLayoutE
0x7101ccc500,0080,_ZTC14ScrollBarParts16_N2al16IUseLayoutActionE
0x7101ccc6b0,0040,_ZN12_GLOBAL__N_117NrvScrollBarPartsE
0x7101ccc6d8,0352,_ZTV20ShineChipLayoutParts
0x7101ccc8a0,0232,_ZTC20ShineChipLayoutParts0_N2al11LayoutActorE
0x7101ccc990,0048,_ZTC20ShineChipLayoutParts8_N2al10IUseLayoutE
0x7101ccc9c0,0080,_ZTC20ShineChipLayoutParts16_N2al16IUseLayoutActionE
0x7101cccbe0,0048,_ZN12_GLOBAL__N_111NrvHostTypeE
0x7101cccc10,0352,_ZTV12ShineCounter
0x7101cccdd0,0232,_ZTC12ShineCounter0_N2al11LayoutActorE
0x7101cccec0,0048,_ZTC12ShineCounter8_N2al10IUseLayoutE
0x7101cccef0,0080,_ZTC12ShineCounter16_N2al16IUseLayoutActionE
0x7101cccf78,0008,_ZN12_GLOBAL__N_13EndE
0x7101ccd018,0048,_ZTVN2al10WStringTmpILi2048EEE
0x7101ccd0c8,0008,_ZN12_GLOBAL__N_116ShineCountAppearE
0x7101ccd108,0008,_ZN12_GLOBAL__N_114ShineCountWaitE
0x7101ccd170,0024,_ZN12_GLOBAL__N_115NrvShineCounterE
0x7101ccd188,0352,_ZTV15ShineListLayout
0x7101ccd350,0232,_ZTC15ShineListLayout0_N2al11LayoutActorE
0x7101ccd440,0048,_ZTC15ShineListLayout8_N2al10IUseLayoutE
0x7101ccd470,0080,_ZTC15ShineListLayout16_N2al16IUseLayoutActionE
0x7101ccd678,0008,_ZN12_GLOBAL__N_18ChangeInE
0x7101ccd6a0,0048,_ZN12_GLOBAL__N_118NrvShineListLayoutE
0x7101ccd6d0,0352,_ZTV16ShopLayoutFooter
0x7101ccd890,0232,_ZTC16ShopLayoutFooter0_N2al11LayoutActorE
0x7101ccd980,0048,_ZTC16ShopLayoutFooter8_N2al10IUseLayoutE
0x7101ccd9b0,0080,_ZTC16ShopLayoutFooter16_N2al16IUseLayoutActionE
0x7101ccdab8,0008,_ZN12_GLOBAL__N_13EndE
0x7101ccdb38,0008,_ZN12_GLOBAL__N_17FadeOutE
0x7101ccdb60,0024,_ZN12_GLOBAL__N_119NrvShopLayoutFooterE
0x7101ccdb78,0048,_ZTVN4sead15FixedSafeStringILi44EEE
0x7101ccdbe8,0048,_ZTVN4sead19FixedSafeStringBaseIcLi44EEE
0x7101ccdc18,0080,_ZTV28ShopLayoutStateSelectInvalid
0x7101ccdca8,0008,_ZN12_GLOBAL__N_16DecideE
0x7101ccdce8,0008,_ZN12_GLOBAL__N_14WaitE
0x7101ccdd08,0352,_ZTV16SimpleLayoutMenu
0x7101ccded0,0232,_ZTC16SimpleLayoutMenu0_N2al11LayoutActorE
0x7101ccdfc0,0048,_ZTC16SimpleLayoutMenu8_N2al10IUseLayoutE
0x7101ccdff0,0080,_ZTC16SimpleLayoutMenu16_N2al16IUseLayoutActionE
0x7101cce160,0032,_ZN12_GLOBAL__N_111NrvHostTypeE
0x7101cce180,0352,_ZTV18SouvenirListLayout
0x7101cce340,0232,_ZTC18SouvenirListLayout0_N2al11LayoutActorE
0x7101cce430,0048,_ZTC18SouvenirListLayout8_N2al10IUseLayoutE
0x7101cce460,0080,_ZTC18SouvenirListLayout16_N2al16IUseLayoutActionE
0x7101cce4e8,0008,_ZN12_GLOBAL__N_16AppearE
0x7101cce528,0008,_ZN12_GLOBAL__N_13EndE
0x7101cce5a8,0008,_ZN12_GLOBAL__N_19ChangeOutE
0x7101cce5e8,0008,_ZN12_GLOBAL__N_18ChangeInE
0x7101cce648,0048,_ZTVN2al10WStringTmpILi256EEE
0x7101cce698,0016,_ZN12_GLOBAL__N_121NrvSouvenirListLayoutE
0x7101cce6a8,0080,_ZTV16StageSceneLayout
0x7101cce738,0008,_ZN12_GLOBAL__N_13EndE
0x7101cce778,0008,_ZN12_GLOBAL__N_16AppearE
0x7101cce7b8,0008,_ZN12_GLOBAL__N_114EndWithoutCoinE
0x7101cce7f8,0008,_ZN12_GLOBAL__N_14WaitE
0x7101cce838,0008,_ZN12_GLOBAL__N_113CoinCountAnimE
0x7101cce878,0008,_ZN12_GLOBAL__N_117ShineChipCompleteE
0x7101cce8b8,0008,_ZN12_GLOBAL__N_116ShineCountAppearE
0x7101cce8d8,0352,_ZTV11TalkMessage
0x7101cceaa0,0232,_ZTC11TalkMessage0_N2al11LayoutActorE
0x7101cceb90,0048,_ZTC11TalkMessage8_N2al10IUseLayoutE
0x7101ccebc0,0080,_ZTC11TalkMessage16_N2al16IUseLayoutActionE
0x7101ccedc8,0008,_ZN12_GLOBAL__N_18IconWaitE
0x7101ccef48,0008,_ZN12_GLOBAL__N_112IconPageNextE
0x7101ccef70,0088,_ZN12_GLOBAL__N_114NrvTalkMessageE
0x7101ccefc8,0352,_ZTV17TestFilterGlasses
0x7101ccf190,0232,_ZTC17TestFilterGlasses0_N2al11LayoutActorE
0x7101ccf280,0048,_ZTC17TestFilterGlasses8_N2al10IUseLayoutE
0x7101ccf2b0,0080,_ZTC17TestFilterGlasses16_N2al16IUseLayoutActionE
0x7101ccf338,0008,_ZN12_GLOBAL__N_16AppearE
0x7101ccf378,0008,_ZN12_GLOBAL__N_13EndE
0x7101ccf3b8,0008,_ZN12_GLOBAL__N_14WaitE
0x7101ccf3d8,0352,_ZTV18TestGrafittiLayout
0x7101ccf5a0,0232,_ZTC18TestGrafittiLayout0_N2al11LayoutActorE
0x7101ccf690,0048,_ZTC18TestGrafittiLayout8_N2al10IUseLayoutE
0x7101ccf6c0,0080,_ZTC18TestGrafittiLayout16_N2al16IUseLayoutActionE
0x7101ccf748,0008,_ZN12_GLOBAL__N_14WaitE
0x7101ccf788,0008,_ZN12_GLOBAL__N_16AppearE
0x7101ccf7c8,0008,_ZN12_GLOBAL__N_13EndE
0x7101ccf828,0352,_ZTV15TextInputLayout
0x7101ccfd60,0232,_ZTC15TextInputLayout0_N2al11LayoutActorE
0x7101ccfe50,0048,_ZTC15TextInputLayout8_N2al10IUseLayoutE
0x7101ccfe80,0080,_ZTC15TextInputLayout16_N2al16IUseLayoutActionE
0x7101ccff08,0008,_ZN12_GLOBAL__N_16AppearE
0x7101ccff48,0008,_ZN12_GLOBAL__N_13EndE
0x7101ccff88,0008,_ZN12_GLOBAL__N_15InputE
0x7101ccffc8,0008,_ZN12_GLOBAL__N_14WaitE
0x7101ccffe8,0080,_ZTV26TimeBalloonInsertionLayout
0x7101cd0098,0008,_ZN12_GLOBAL__N_113SyncPlayCountE
0x7101cd00d8,0008,_ZN12_GLOBAL__N_115SyncAchievementE
0x7101cd01f8,0048,_ZTVN2al10WStringTmpILi512EEE
0x7101cd0250,0032,_ZN12_GLOBAL__N_129NrvTimeBalloonInsertionLayoutE
0x7101cd0270,0040,_ZTV17WindowConfirmData
0x7101cd02d8,0008,_ZN12_GLOBAL__N_17DisableE
0x7101cd0318,0008,_ZN12_GLOBAL__N_16AppearE
0x7101cd0358,0008,_ZN12_GLOBAL__N_16VanishE
0x7101cd0398,0008,_ZN12_GLOBAL__N_16SelectE
0x7101cd03d8,0008,_ZN12_GLOBAL__N_14WaitE
0x7101cd03f8,0472,_ZTV9AirBubble
0x7101cd0610,0304,_ZTC9AirBubble0_N2al9LiveActorE
0x7101cd0740,0056,_ZTC9AirBubble24_N2al15IUseStageSwitchE
0x7101cd09e0,0072,_ZN12_GLOBAL__N_112NrvAirBubbleE
0x7101cd0a28,0472,_ZTV18AirBubbleGenerator
0x7101cd0c40,0304,_ZTC18AirBubbleGenerator0_N2al9LiveActorE
0x7101cd0d70,0056,_ZTC18AirBubbleGenerator24_N2al15IUseStageSwitchE
0x7101cd0e68,0008,_ZN12_GLOBAL__N_16CreateE
0x7101cd0e88,0024,_ZTVN2al16DeriveActorGroupI9AirBubbleEE
0x7101cd0eb8,0016,_ZN12_GLOBAL__N_121NrvAirBubbleGeneratorE
0x7101cd0ec8,0472,_ZTV10AirCurrent
0x7101cd10e0,0304,_ZTC10AirCurrent0_N2al9LiveActorE
0x7101cd1210,0056,_ZTC10AirCurrent24_N2al15IUseStageSwitchE
0x7101cd1468,0048,_ZTVN2al10FunctorV0MIP10AirCurrentMS1_FvvEEE
0x7101cd14b8,0472,_ZTV23AllDeadWatcherWithShine
0x7101cd16d0,0304,_ZTC23AllDeadWatcherWithShine0_N2al9LiveActorE
0x7101cd1800,0056,_ZTC23AllDeadWatcherWithShine24_N2al15IUseStageSwitchE
0x7101cd1878,0008,_ZN12_GLOBAL__N_15WatchE
0x7101cd18b8,0008,_ZN12_GLOBAL__N_14WaitE
0x7101cd18d8,0472,_ZTV15AnagramAlphabet
0x7101cd1af0,0304,_ZTC15AnagramAlphabet0_N2al9LiveActorE
0x7101cd1c20,0056,_ZTC15AnagramAlphabet24_N2al15IUseStageSwitchE
0x7101cd1c98,0008,_ZN12_GLOBAL__N_14WaitE
0x7101cd1cd8,0008,_ZN12_GLOBAL__N_18CompleteE
0x7101cd1cf8,0024,_ZTVN2al16DeriveActorGroupI24AnagramAlphabetCharacterEE
0x7101cd1d28,0472,_ZTV24AnagramAlphabetCharacter
0x7101cd1f40,0304,_ZTC24AnagramAlphabetCharacter0_N2al9LiveActorE
0x7101cd2070,0056,_ZTC24AnagramAlphabetCharacter24_N2al15IUseStageSwitchE
0x7101cd22e8,0008,_ZN12_GLOBAL__N_19HackStartE
0x7101cd2390,0080,_ZN12_GLOBAL__N_127NrvAnagramAlphabetCharacterE
0x7101cd23e0,0472,_ZTV24AppearSwitchFallMapParts
0x7101cd2600,0304,_ZTC24AppearSwitchFallMapParts0_N2al9LiveActorE
0x7101cd2730,0056,_ZTC24AppearSwitchFallMapParts24_N2al15IUseStageSwitchE
0x7101cd28c8,0472,_ZTV23AppearSwitchFixMapParts
0x7101cd2ae0,0304,_ZTC23AppearSwitchFixMapParts0_N2al9LiveActorE
0x7101cd2c10,0056,_ZTC23AppearSwitchFixMapParts24_N2al15IUseStageSwitchE
0x7101cd2c68,0040,_ZTV17AppearSwitchTimer
0x7101cd2e30,0048,_ZN12_GLOBAL__N_120NrvAppearSwitchTimerE
0x7101cd2e60,0504,_ZTV8Barrel2D
0x7101cd30a0,0304,_ZTC8Barrel2D0_N2al9LiveActorE
0x7101cd31d0,0056,_ZTC8Barrel2D24_N2al15IUseStageSwitchE
0x7101cd3268,0008,_ZN12_GLOBAL__N_14MoveE
0x7101cd32a8,0008,_ZN12_GLOBAL__N_14WaitE
0x7101cd32c8,0504,_ZTV17BarrelGenerator2D
0x7101cd3500,0304,_ZTC17BarrelGenerator2D0_N2al9LiveActorE
0x7101cd3630,0056,_ZTC17BarrelGenerator2D24_N2al15IUseStageSwitchE
0x7101cd3770,0024,_ZN12_GLOBAL__N_120NrvBarrelGenerator2DE
0x7101cd3788,0504,_ZTV13BarrelStack2D
0x7101cd39c0,0304,_ZTC13BarrelStack2D0_N2al9LiveActorE
0x7101cd3af0,0056,_ZTC13BarrelStack2D24_N2al15IUseStageSwitchE
0x7101cd3b88,0008,_ZN12_GLOBAL__N_14WaitE
0x7101cd3bc8,0008,_ZN12_GLOBAL__N_15BreakE
0x7101cd3be8,0472,_ZTV15BazookaElectric
0x7101cd3e00,0304,_ZTC15BazookaElectric0_N2al9LiveActorE
0x7101cd3f30,0056,_ZTC15BazookaElectric24_N2al15IUseStageSwitchE
0x7101cd4168,0008,_ZN12_GLOBAL__N_124LaunchPossessionDownDownE
0x7101cd41a8,0008,_ZN12_GLOBAL__N_114AppearDemoLandE
0x7101cd41e8,0008,_ZN12_GLOBAL__N_122AppearDemoPlayerGroundE
0x7101cd42d0,0080,_ZN12_GLOBAL__N_118NrvBazookaElectricE
0x7101cd4320,0472,_ZTV12BendLeafTree
0x7101cd4540,0304,_ZTC12BendLeafTree0_N2al9LiveActorE
0x7101cd4670,0056,_ZTC12BendLeafTree24_N2al15IUseStageSwitchE
0x7101cd46e8,0008,_ZN12_GLOBAL__N_14WaitE
0x7101cd4708,0472,_ZTV10BlockBrick
0x7101cd4920,0304,_ZTC10BlockBrick0_N2al9LiveActorE
0x7101cd4a50,0056,_ZTC10BlockBrick24_N2al15IUseStageSwitchE
0x7101cd4bb0,0032,_ZN12_GLOBAL__N_113NrvBlockBrickE
0x7101cd4bd0,0504,_ZTV12BlockBrick2D
0x7101cd4e10,0304,_ZTC12BlockBrick2D0_N2al9LiveActorE
0x7101cd4f40,0056,_ZTC12BlockBrick2D24_N2al15IUseStageSwitchE
0x7101cd50c0,0032,_ZN12_GLOBAL__N_115NrvBlockBrick2DE
0x7101cd50e0,0504,_ZTV15BlockBrickBig2D
0x7101cd5320,0304,_ZTC15BlockBrickBig2D0_N2al9LiveActorE
0x7101cd5450,0056,_ZTC15BlockBrickBig2D24_N2al15IUseStageSwitchE
0x7101cd54e8,0008,_ZN12_GLOBAL__N_118NrvBlockBrickBig2DE
0x7101cd5508,0048,_ZTVN2al10FunctorV0MIP15BlockBrickBig2DMS1_FvvEEE
0x7101cd5558,0472,_ZTV10BlockEmpty
0x7101cd5770,0304,_ZTC10BlockEmpty0_N2al9LiveActorE
0x7101cd58a0,0056,_ZTC10BlockEmpty24_N2al15IUseStageSwitchE
0x7101cd5918,0008,_ZN12_GLOBAL__N_14WaitE
0x7101cd5958,0008,_ZN12_GLOBAL__N_18ReactionE
0x7101cd5998,0008,_ZN12_GLOBAL__N_119ReactionTransparentE
0x7101cd59b8,0504,_ZTV12BlockEmpty2D
0x7101cd5bf0,0304,_ZTC12BlockEmpty2D0_N2al9LiveActorE
0x7101cd5d20,0056,_ZTC12BlockEmpty2D24_N2al15IUseStageSwitchE
0x7101cd5d98,0480,_ZTV9BlockHard
0x7101cd5fe0,0312,_ZTC9BlockHard0_N2al17BreakMapPartsBaseE
0x7101cd6120,0304,_ZTC9BlockHard0_N2al9LiveActorE
0x7101cd6250,0056,_ZTC9BlockHard24_N2al15IUseStageSwitchE
0x7101cd62a8,0472,_ZTV13BlockQuestion
0x7101cd64c0,0304,_ZTC13BlockQuestion0_N2al9LiveActorE
0x7101cd65f0,0056,_ZTC13BlockQuestion24_N2al15IUseStageSwitchE
0x7101cd66e8,0008,_ZN12_GLOBAL__N_14DeadE
0x7101cd6708,0048,_ZTVN2al10FunctorV0MIP13BlockQuestionMS1_FvvEEE
0x7101cd6758,0016,_ZN12_GLOBAL__N_116NrvBlockQuestionE
0x7101cd6768,0504,_ZTV15BlockQuestion2D
0x7101cd69a0,0304,_ZTC15BlockQuestion2D0_N2al9LiveActorE
0x7101cd6ad0,0056,_ZTC15BlockQuestion2D24_N2al15IUseStageSwitchE
0x7101cd6bc8,0016,_ZN12_GLOBAL__N_118NrvBlockQuestion2DE
0x7101cd6bd8,0080,_ZTV16BlockStateNoItem
0x7101cd6cc8,0016,_ZN12_GLOBAL__N_111NrvHostTypeE
0x7101cd6cd8,0080,_ZTV20BlockStateSingleItem
0x7101cd6e10,0024,_ZN12_GLOBAL__N_123NrvBlockStateSingleItemE
0x7101cd6e28,0080,_ZTV17BlockStateTenCoin
0x7101cd6eb8,0008,_ZN12_GLOBAL__N_14WaitE
0x7101cd6fa0,0024,_ZN12_GLOBAL__N_120NrvBlockStateTenCoinE
0x7101cd6fb8,0472,_ZTV16BlockTransparent
0x7101cd71d0,0304,_ZTC16BlockTransparent0_N2al9LiveActorE
0x7101cd7300,0056,_ZTC16BlockTransparent24_N2al15IUseStageSwitchE
0x7101cd7378,0008,_ZN12_GLOBAL__N_14WaitE
0x7101cd7418,0016,_ZN12_GLOBAL__N_119NrvBlockTransparentE
0x7101cd7428,0504,_ZTV18BlockTransparent2D
0x7101cd7660,0304,_ZTC18BlockTransparent2D0_N2al9LiveActorE
0x7101cd7790,0056,_ZTC18BlockTransparent2D24_N2al15IUseStageSwitchE
0x7101cd7808,0472,_ZTV7BlowObj
0x7101cd7a20,0304,_ZTC7BlowObj0_N2al9LiveActorE
0x7101cd7b50,0056,_ZTC7BlowObj24_N2al15IUseStageSwitchE
0x7101cd7d28,0048,_ZTVN2al10FunctorV0MIP7BlowObjMS1_FvvEEE
0x7101cd7d80,0048,_ZN12_GLOBAL__N_110NrvBlowObjE
0x7101cd7db0,0472,_ZTV14BossKnuckleFix
0x7101cd7fd0,0304,_ZTC14BossKnuckleFix0_N2al9LiveActorE
0x7101cd8100,0056,_ZTC14BossKnuckleFix24_N2al15IUseStageSwitchE
0x7101cd8220,0024,_ZN12_GLOBAL__N_117NrvBossKnuckleFixE
0x7101cd8238,0480,_ZTV13BreakablePole
0x7101cd8480,0312,_ZTC13BreakablePole0_N2al17BreakMapPartsBaseE
0x7101cd85c0,0304,_ZTC13BreakablePole0_N2al9LiveActorE
0x7101cd86f0,0056,_ZTC13BreakablePole24_N2al15IUseStageSwitchE
0x7101cd8748,0480,_ZTV13BreakMapParts
0x7101cd8990,0312,_ZTC13BreakMapParts0_N2al17BreakMapPartsBaseE
0x7101cd8ad0,0304,_ZTC13BreakMapParts0_N2al9LiveActorE
0x7101cd8c00,0056,_ZTC13BreakMapParts24_N2al15IUseStageSwitchE
0x7101cd8c58,0472,_ZTV14BubbleLauncher
0x7101cd8e70,0304,_ZTC14BubbleLauncher0_N2al9LiveActorE
0x7101cd8fa0,0056,_ZTC14BubbleLauncher24_N2al15IUseStageSwitchE
0x7101cd90f8,0048,_ZTVN2al10FunctorV0MIP14BubbleLauncherMS1_FvvEEE
0x7101cd9150,0032,_ZN12_GLOBAL__N_117NrvBubbleLauncherE
0x7101cd9170,0472,_ZTV6Cactus
0x7101cd9390,0304,_ZTC6Cactus0_N2al9LiveActorE
0x7101cd94c0,0056,_ZTC6Cactus24_N2al15IUseStageSwitchE
0x7101cd9538,0008,_ZN12_GLOBAL__N_14WaitE
0x7101cd9660,0032,_ZN12_GLOBAL__N_19NrvCactusE
0x7101cd9680,0472,_ZTV10CactusMini
0x7101cd98a0,0304,_ZTC10CactusMini0_N2al9LiveActorE
0x7101cd99d0,0056,_ZTC10CactusMini24_N2al15IUseStageSwitchE
0x7101cd9ae8,0024,_ZTVN2al12ComboCounterE
0x7101cd9b90,0040,_ZN12_GLOBAL__N_113NrvCactusMiniE
0x7101cd9bb8,0472,_ZTV9CageShine
0x7101cd9dd0,0304,_ZTC9CageShine0_N2al9LiveActorE
0x7101cd9f00,0056,_ZTC9CageShine24_N2al15IUseStageSwitchE
0x7101cd9f78,0008,_ZN12_GLOBAL__N_14WaitE
0x7101cd9fb8,0008,_ZN12_GLOBAL__N_15BreakE
0x7101cd9fd8,0472,_ZTV16CageShineWatcher
0x7101cda1f0,0304,_ZTC16CageShineWatcher0_N2al9LiveActorE
0x7101cda320,0056,_ZTC16CageShineWatcher24_N2al15IUseStageSwitchE
0x7101cda3d8,0008,_ZN12_GLOBAL__N_115WaitCameraStartE
0x7101cda418,0008,_ZN12_GLOBAL__N_115CameraInterpoleE
0x7101cda458,0008,_ZN12_GLOBAL__N_15BreakE
0x7101cda500,0024,_ZN12_GLOBAL__N_119NrvCageShineWatcherE
0x7101cda518,0472,_ZTV10CageSwitch
0x7101cda730,0304,_ZTC10CageSwitch0_N2al9LiveActorE
0x7101cda860,0056,_ZTC10CageSwitch24_N2al15IUseStageSwitchE
0x7101cda958,0008,_ZN12_GLOBAL__N_119WaitCameraInterpoleE
0x7101cda998,0008,_ZN12_GLOBAL__N_18OpenDemoE
0x7101cda9f8,0048,_ZTVN2al10FunctorV0MIP10CageSwitchMS1_FvvEEE
0x7101cdaa50,0024,_ZN12_GLOBAL__N_113NrvCageSwitchE
0x7101cdaa68,0472,_ZTV22CameraDemoGateMapParts
0x7101cdac80,0304,_ZTC22CameraDemoGateMapParts0_N2al9LiveActorE
0x7101cdadb0,0056,_ZTC22CameraDemoGateMapParts24_N2al15IUseStageSwitchE
0x7101cdaf48,0048,_ZTVN2al10FunctorV0MIP22CameraDemoGateMapPartsMS1_FvvEEE
0x7101cdaf98,0472,_ZTV25CameraDemoKeyMoveMapParts
0x7101cdb1b0,0304,_ZTC25CameraDemoKeyMoveMapParts0_N2al9LiveActorE
0x7101cdb2e0,0056,_ZTC25CameraDemoKeyMoveMapParts24_N2al15IUseStageSwitchE
0x7101cdb538,0048,_ZTVN2al10FunctorV0MIP25CameraDemoKeyMoveMapPartsMS1_FvvEEE
0x7101cdb588,0472,_ZTV9CameraSub
0x7101cdb7a0,0304,_ZTC9CameraSub0_N2al9LiveActorE
0x7101cdb8d0,0056,_ZTC9CameraSub24_N2al15IUseStageSwitchE
0x7101cdb948,0008,_ZN12_GLOBAL__N_14WaitE
0x7101cdb988,0008,_ZN12_GLOBAL__N_16ActiveE
0x7101cdb9a8,0048,_ZTVN2al10FunctorV0MIP9CameraSubMS1_FvvEEE
0x7101cdb9f8,0472,_ZTV3Can
0x7101cdbc10,0304,_ZTC3Can0_N2al9LiveActorE
0x7101cdbd40,0056,_ZTC3Can24_N2al15IUseStageSwitchE
0x7101cdbdb8,0008,_ZN12_GLOBAL__N_14HideE
0x7101cdbf38,0008,_ZN12_GLOBAL__N_15TrashE
0x7101cdbf60,0040,_ZN12_GLOBAL__N_16NrvCanE
0x7101cdbf88,0472,_ZTV11Candlestand
0x7101cdc1a0,0304,_ZTC11Candlestand0_N2al9LiveActorE
0x7101cdc2d0,0056,_ZTC11Candlestand24_N2al15IUseStageSwitchE
0x7101cdc3e8,0048,_ZTVN2al10FunctorV0MIP11CandlestandMS1_FvvEEE
0x7101cdc438,0472,_ZTV22CandlestandBgmDirector
0x7101cdc650,0304,_ZTC22CandlestandBgmDirector0_N2al9LiveActorE
0x7101cdc780,0056,_ZTC22CandlestandBgmDirector24_N2al15IUseStageSwitchE
0x7101cdc898,0048,_ZTVN2al10FunctorV0MIP22CandlestandBgmDirectorMS1_FvvEEE
0x7101cdc8f0,0024,_ZN12_GLOBAL__N_125NrvCandlestandBgmDirectorE
0x7101cdc908,0472,_ZTV22CandlestandInitializer
0x7101cdcb20,0304,_ZTC22CandlestandInitializer0_N2al9LiveActorE
0x7101cdcc50,0056,_ZTC22CandlestandInitializer24_N2al15IUseStageSwitchE
0x7101cdcca8,0472,_ZTV22CandlestandSaveWatcher
0x7101cdcec0,0304,_ZTC22CandlestandSaveWatcher0_N2al9LiveActorE
0x7101cdcff0,0056,_ZTC22CandlestandSaveWatcher24_N2al15IUseStageSwitchE
0x7101cdd0e8,0008,_ZN12_GLOBAL__N_110WaitOnDemoE
0x7101cdd128,0008,_ZN12_GLOBAL__N_113PlayingOnDemoE
0x7101cdd148,0024,_ZTVN2al16DeriveActorGroupI11CandlestandEE
0x7101cdd178,0024,_ZTVN2al16DeriveActorGroupINS_15KeyMoveMapPartsEEE
0x7101cdd1a8,0016,_ZN12_GLOBAL__N_125NrvCandlestandSaveWatcherE
0x7101cdd1b8,0472,_ZTV18CandlestandWatcher
0x7101cdd3d0,0304,_ZTC18CandlestandWatcher0_N2al9LiveActorE
0x7101cdd500,0056,_ZTC18CandlestandWatcher24_N2al15IUseStageSwitchE
0x7101cdd558,0472,_ZTV14CapAccelerator
0x7101cdd770,0304,_ZTC14CapAccelerator0_N2al9LiveActorE
0x7101cdd8a0,0056,_ZTC14CapAccelerator24_N2al15IUseStageSwitchE
0x7101cdd918,0008,_ZN12_GLOBAL__N_14WaitE
0x7101cdda00,0024,_ZN12_GLOBAL__N_117NrvCapAcceleratorE
0x7101cdda18,0472,_ZTVN2al29CapAcceleratorKeyMoveMapPartsE
0x7101cddc30,0304,_ZTCN2al29CapAcceleratorKeyMoveMapPartsE0_NS_9LiveActorE
0x7101cddd60,0056,_ZTCN2al29CapAcceleratorKeyMoveMapPartsE24_NS_15IUseStageSwitchE
0x7101cdde78,0472,_ZTV17CapAppearMapParts
0x7101cde090,0304,_ZTC17CapAppearMapParts0_N2al9LiveActorE
0x7101cde1c0,0056,_ZTC17CapAppearMapParts24_N2al15IUseStageSwitchE
0x7101cde278,0008,_ZN12_GLOBAL__N_111WaitForeverE
0x7101cde338,0008,_ZN12_GLOBAL__N_19AppearEndE
0x7101cde398,0048,_ZTVN2al10FunctorV0MIP17CapAppearMapPartsMS1_FvvEEE
0x7101cde3f0,0032,_ZN12_GLOBAL__N_120NrvCapAppearMapPartsE
0x7101cde410,0472,_ZTV15CapAppearTarget
0x7101cde630,0304,_ZTC15CapAppearTarget0_N2al9LiveActorE
0x7101cde760,0056,_ZTC15CapAppearTarget24_N2al15IUseStageSwitchE
0x7101cde818,0008,_ZN12_GLOBAL__N_16AppearE
0x7101cde8d8,0008,_ZN12_GLOBAL__N_14DeadE
0x7101cde900,0024,_ZN12_GLOBAL__N_118NrvCapAppearTargetE
0x7101cde918,0472,_ZTV9CapBeamer
0x7101cdeb30,0304,_ZTC9CapBeamer0_N2al9LiveActorE
0x7101cdec60,0056,_ZTC9CapBeamer24_N2al15IUseStageSwitchE
0x7101cdee18,0008,_ZN12_GLOBAL__N_19AttackEndE
0x7101cdee40,0040,_ZN12_GLOBAL__N_112NrvCapBeamerE
0x7101cdee80,0472,_ZTV13CapBeamerBeam
0x7101cdf0a0,0304,_ZTC13CapBeamerBeam0_N2al9LiveActorE
0x7101cdf1d0,0056,_ZTC13CapBeamerBeam24_N2al15IUseStageSwitchE
0x7101cdf248,0008,_ZN12_GLOBAL__N_18DeactiveE
0x7101cdf308,0008,_ZN12_GLOBAL__N_17FadeOutE
0x7101cdf328,0016,_ZN12_GLOBAL__N_116NrvCapBeamerBeamE
0x7101cdf338,0472,_ZTV7CapBomb
0x7101cdf550,0304,_ZTC7CapBomb0_N2al9LiveActorE
0x7101cdf680,0056,_ZTC7CapBomb24_N2al15IUseStageSwitchE
0x7101cdf758,0016,_ZN12_GLOBAL__N_110NrvCapBombE
0x7101cdf768,0472,_ZTV11CapCatapult
0x7101cdf980,0304,_ZTC11CapCatapult0_N2al9LiveActorE
0x7101cdfab0,0056,_ZTC11CapCatapult24_N2al15IUseStageSwitchE
0x7101cdfd10,0064,_ZN12_GLOBAL__N_114NrvCapCatapultE
0x7101cdfd50,0472,_ZTV9CapFlower
0x7101cdff70,0304,_ZTC9CapFlower0_N2al9LiveActorE
0x7101ce00a0,0056,_ZTC9CapFlower24_N2al15IUseStageSwitchE
0x7101ce01c0,0024,_ZN12_GLOBAL__N_112NrvCapFlowerE
0x7101ce01d8,0488,_ZTV14CapFlowerGroup
0x7101ce0400,0304,_ZTC14CapFlowerGroup0_N2al9LiveActorE
0x7101ce0530,0056,_ZTC14CapFlowerGroup24_N2al15IUseStageSwitchE
0x7101ce0668,0008,_ZN12_GLOBAL__N_15TimerE
0x7101ce0690,0024,_ZN12_GLOBAL__N_117NrvCapFlowerGroupE
0x7101ce06a8,0472,_ZTV9CapHanger
0x7101ce08c0,0304,_ZTC9CapHanger0_N2al9LiveActorE
0x7101ce09f0,0056,_ZTC9CapHanger24_N2al15IUseStageSwitchE
0x7101ce0b08,0048,_ZTVN2al10FunctorV0MIP9CapHangerMS1_FvvEEE
0x7101ce0b60,0024,_ZN12_GLOBAL__N_112NrvCapHangerE
0x7101ce0b78,0472,_ZTV26CapMessageAfterInformation
0x7101ce0d90,0304,_ZTC26CapMessageAfterInformation0_N2al9LiveActorE
0x7101ce0ec0,0056,_ZTC26CapMessageAfterInformation24_N2al15IUseStageSwitchE
0x7101ce0f38,0008,_ZN12_GLOBAL__N_14WaitE
0x7101ce0f78,0008,_ZN12_GLOBAL__N_14ShowE
0x7101ce0f98,0560,_ZTV18CapMessageDirector
0x7101ce1210,0304,_ZTC18CapMessageDirector0_N2al9LiveActorE
0x7101ce1340,0056,_ZTC18CapMessageDirector24_N2al15IUseStageSwitchE
0x7101ce1498,0008,_ZN12_GLOBAL__N_110ShowSystemE
0x7101ce1578,0024,_ZTVN2al16DeriveActorGroupI19CapMessagePlacementEE
0x7101ce15b0,0048,_ZN12_GLOBAL__N_121NrvCapMessageDirectorE
0x7101ce15e0,0032,_ZTV23CapMessageEnableChecker
0x7101ce1638,0048,_ZTVN4sead15FixedSafeStringILi757EEE
0x7101ce16a8,0048,_ZTVN4sead19FixedSafeStringBaseIcLi757EEE
0x7101ce16d8,0552,_ZTV22CapMessageMoonNotifier
0x7101ce1940,0304,_ZTC22CapMessageMoonNotifier0_N2al9LiveActorE
0x7101ce1a70,0056,_ZTC22CapMessageMoonNotifier24_N2al15IUseStageSwitchE
0x7101ce1b68,0016,_ZN12_GLOBAL__N_125NrvCapMessageMoonNotifierE
0x7101ce1b78,0472,_ZTV19CapMessagePlacement
0x7101ce1d90,0304,_ZTC19CapMessagePlacement0_N2al9LiveActorE
0x7101ce1ec0,0056,_ZTC19CapMessagePlacement24_N2al15IUseStageSwitchE
0x7101ce1f18,0048,_ZTVN2al10FunctorV0MIP19CapMessagePlacementMS1_FvvEEE
0x7101ce1fb8,0048,_ZTVN4sead15FixedSafeStringILi90EEE
0x7101ce2028,0048,_ZTVN4sead19FixedSafeStringBaseIcLi90EEE
0x7101ce2058,0472,_ZTV7CapRack
0x7101ce22b0,0304,_ZTC7CapRack0_N2al9LiveActorE
0x7101ce23e0,0056,_ZTC7CapRack24_N2al15IUseStageSwitchE
0x7101ce2578,0048,_ZTVN2al10FunctorV0MIP7CapRackMS1_FvvEEE
0x7101ce25d0,0040,_ZN12_GLOBAL__N_110NrvCapRackE
0x7101ce25f8,0472,_ZTV12CapRailMover
0x7101ce2810,0304,_ZTC12CapRailMover0_N2al9LiveActorE
0x7101ce2940,0056,_ZTC12CapRailMover24_N2al15IUseStageSwitchE
0x7101ce2a60,0024,_ZN12_GLOBAL__N_115NrvCapRailMoverE
0x7101ce2a78,0472,_ZTV17CapRotateMapParts
0x7101ce2c90,0304,_ZTC17CapRotateMapParts0_N2al9LiveActorE
0x7101ce2dc0,0056,_ZTC17CapRotateMapParts24_N2al15IUseStageSwitchE
0x7101ce2e38,0008,_ZN12_GLOBAL__N_14WaitE
0x7101ce2e58,0512,_ZTV11CapSlotBase
0x7101ce30b0,0304,_ZTC11CapSlotBase8_N2al9LiveActorE
0x7101ce31e0,0056,_ZTC11CapSlotBase32_N2al15IUseStageSwitchE
0x7101ce3268,0024,_ZTV19IItemExistanceJudge
0x7101ce32a0,0008,_ZN12_GLOBAL__N_14WaitE
0x7101ce32e8,0008,_ZN12_GLOBAL__N_110AppearItemE
0x7101ce3328,0008,_ZN12_GLOBAL__N_15StartE
0x7101ce3368,0008,_ZN12_GLOBAL__N_14MoveE
0x7101ce3428,0008,_ZN12_GLOBAL__N_15ResetE
0x7101ce3448,0016,_ZN12_GLOBAL__N_111NrvHostTypeE
0x7101ce3458,0472,_ZTV11CapSlotReel
0x7101ce3670,0304,_ZTC11CapSlotReel0_N2al9LiveActorE
0x7101ce37a0,0056,_ZTC11CapSlotReel24_N2al15IUseStageSwitchE
0x7101ce3818,0008,_ZN12_GLOBAL__N_19MoveStartE
0x7101ce3900,0024,_ZN12_GLOBAL__N_111NrvHostTypeE
0x7101ce3918,0472,_ZTV9CapSwitch
0x7101ce3b30,0304,_ZTC9CapSwitch0_N2al9LiveActorE
0x7101ce3c60,0056,_ZTC9CapSwitch24_N2al15IUseStageSwitchE
0x7101ce3e18,0008,_ZN12_GLOBAL__N_111HitReactionE
0x7101ce3e38,0048,_ZTVN2al10FunctorV0MIP9CapSwitchMS1_FvvEEE
0x7101ce3e90,0040,_ZN12_GLOBAL__N_112NrvCapSwitchE
0x7101ce3eb8,0472,_ZTV14CapSwitchTimer
0x7101ce40d0,0304,_ZTC14CapSwitchTimer0_N2al9LiveActorE
0x7101ce4200,0056,_ZTC14CapSwitchTimer24_N2al15IUseStageSwitchE
0x7101ce4338,0008,_ZN12_GLOBAL__N_111HitReactionE
0x7101ce4378,0008,_ZN12_GLOBAL__N_16OnWaitE
0x7101ce43b8,0008,_ZN12_GLOBAL__N_19ReturnOffE
0x7101ce43e0,0024,_ZN12_GLOBAL__N_117NrvCapSwitchTimerE
0x7101ce43f8,0472,_ZTV14CapTargetParts
0x7101ce4630,0304,_ZTC14CapTargetParts0_N2al10PartsModelE
0x7101ce4760,0304,_ZTC14CapTargetParts0_N2al9LiveActorE
0x7101ce4890,0056,_ZTC14CapTargetParts24_N2al15IUseStageSwitchE
0x7101ce48e8,0472,_ZTV13CapTrampoline
0x7101ce4b00,0304,_ZTC13CapTrampoline0_N2al9LiveActorE
0x7101ce4c30,0056,_ZTC13CapTrampoline24_N2al15IUseStageSwitchE
0x7101ce4e48,0048,_ZTVN2al10FunctorV0MIP13CapTrampolineMS1_FvvEEE
0x7101ce4ea0,0056,_ZN12_GLOBAL__N_116NrvCapTrampolineE
0x7101ce4ed8,0472,_ZTV3Car
0x7101ce50f0,0304,_ZTC3Car0_N2al9LiveActorE
0x7101ce5220,0056,_ZTC3Car24_N2al15IUseStageSwitchE
0x7101ce53b8,0048,_ZTVN2al10FunctorV0MIP3CarMS1_FvvEEE
0x7101ce5410,0040,_ZN12_GLOBAL__N_16NrvCarE
0x7101ce5438,0472,_ZTV12CardboardBox
0x7101ce5650,0304,_ZTC12CardboardBox0_N2al9LiveActorE
0x7101ce5780,0056,_ZTC12CardboardBox24_N2al15IUseStageSwitchE
0x7101ce5bd0,0056,_ZN12_GLOBAL__N_115NrvCardboardBoxE
0x7101ce5c08,0472,_ZTV10CarWatcher
0x7101ce5e20,0304,_ZTC10CarWatcher0_N2al9LiveActorE
0x7101ce5f50,0056,_ZTC10CarWatcher24_N2al15IUseStageSwitchE
0x7101ce5fa8,0472,_ZTV5Chair
0x7101ce61c0,0304,_ZTC5Chair0_N2al9LiveActorE
0x7101ce62f0,0056,_ZTC5Chair24_N2al15IUseStageSwitchE
0x7101ce6550,0064,_ZN12_GLOBAL__N_18NrvChairE
0x7101ce6590,0080,_ZTV21ChairStateBindSitDown
0x7101ce65e0,0080,_ZTV21ChairStateBindStandUp
0x7101ce6630,0080,_ZTV18ChairStateBindJump
0x7101ce6778,0008,_ZN12_GLOBAL__N_17SitDownE
0x7101ce67b8,0008,_ZN12_GLOBAL__N_17StandUpE
0x7101ce67f8,0008,_ZN12_GLOBAL__N_14JumpE
0x7101ce6818,0016,_ZN12_GLOBAL__N_124NrvChairStateBindSitDownE
0x7101ce6828,0504,_ZTV14CheckpointFlag
0x7101ce6a60,0304,_ZTC14CheckpointFlag0_N2al9LiveActorE
0x7101ce6b90,0056,_ZTC14CheckpointFlag24_N2al15IUseStageSwitchE
0x7101ce6c08,0024,_ZTVN2al17IUseMessageSystemE
0x7101ce6d20,0032,_ZN12_GLOBAL__N_117NrvCheckpointFlagE
0x7101ce6d40,0128,_ZTV21CheckpointFlagWatcher
0x7101ce6e18,0024,_ZTVN2al16DeriveActorGroupI14CheckpointFlagEE
0x7101ce6e48,0472,_ZTV10ChurchDoor
0x7101ce7060,0304,_ZTC10ChurchDoor0_N2al9LiveActorE
0x7101ce7190,0056,_ZTC10ChurchDoor24_N2al15IUseStageSwitchE
0x7101ce73c8,0008,_ZN12_GLOBAL__N_115DemoEnterChurchE
0x7101ce73f0,0056,_ZN12_GLOBAL__N_113NrvChurchDoorE
0x7101ce7428,0472,_ZTV12CityBuilding
0x7101ce7640,0304,_ZTC12CityBuilding0_N2al9LiveActorE
0x7101ce7770,0056,_ZTC12CityBuilding24_N2al15IUseStageSwitchE
0x7101ce7868,0008,_ZN12_GLOBAL__N_112MofumofuDemoE
0x7101ce78a8,0008,_ZN12_GLOBAL__N_18LightOffE
0x7101ce78e8,0008,_ZN12_GLOBAL__N_17LightUpE
0x7101ce7908,0048,_ZTVN2al10FunctorV0MIP12CityBuildingMS1_FvvEEE
0x7101ce7958,0016,_ZN12_GLOBAL__N_115NrvCityBuildingE
0x7101ce7968,0472,_ZTV8CitySign
0x7101ce7b80,0304,_ZTC8CitySign0_N2al9LiveActorE
0x7101ce7cb0,0056,_ZTC8CitySign24_N2al15IUseStageSwitchE
0x7101ce7d88,0016,_ZN12_GLOBAL__N_111NrvCitySignE
0x7101ce7d98,0472,_ZTV10CitySignal
0x7101ce7fb0,0304,_ZTC10CitySignal0_N2al9LiveActorE
0x7101ce80e0,0056,_ZTC10CitySignal24_N2al15IUseStageSwitchE
0x7101ce8200,0024,_ZN12_GLOBAL__N_113NrvCitySignalE
0x7101ce8218,0472,_ZTV15CityStreetlight
0x7101ce8430,0304,_ZTC15CityStreetlight0_N2al9LiveActorE
0x7101ce8560,0056,_ZTC15CityStreetlight24_N2al15IUseStageSwitchE
0x7101ce8638,0016,_ZN12_GLOBAL__N_118NrvCityStreetlightE
0x7101ce8648,0472,_ZTV13CityWorldSign
0x7101ce8930,0304,_ZTC13CityWorldSign0_N2al9LiveActorE
0x7101ce8a60,0056,_ZTC13CityWorldSign24_N2al15IUseStageSwitchE
0x7101ce8bc0,0032,_ZN12_GLOBAL__N_116NrvCityWorldSignE
0x7101ce8be0,0472,_ZTV27CityWorldUndergroundMachine
0x7101ce8e00,0304,_ZTC27CityWorldUndergroundMachine0_N2al9LiveActorE
0x7101ce8f30,0056,_ZTC27CityWorldUndergroundMachine24_N2al15IUseStageSwitchE
0x7101ce9028,0008,_ZN12_GLOBAL__N_18MoveSignE
0x7101ce9068,0008,_ZN12_GLOBAL__N_112StepMoveSignE
0x7101ce90a8,0008,_ZN12_GLOBAL__N_111ShineAppearE
0x7101ce90e8,0008,_ZN12_GLOBAL__N_18StepMoveE
0x7101ce9128,0008,_ZN12_GLOBAL__N_116StartDemoRequestE
0x7101ce9188,0048,_ZTVN2al10FunctorV0MIP27CityWorldUndergroundMachineMS1_FvvEEE
0x7101ce91e0,0024,_ZN12_GLOBAL__N_130NrvCityWorldUndergroundMachineE
0x7101ce91f8,0472,_ZTV6Closet
0x7101ce9410,0304,_ZTC6Closet0_N2al9LiveActorE
0x7101ce9540,0056,_ZTC6Closet24_N2al15IUseStageSwitchE
0x7101ce96e0,0040,_ZN12_GLOBAL__N_19NrvClosetE
0x7101ce9708,0472,_ZTV9CloudStep
0x7101ce9920,0304,_ZTC9CloudStep0_N2al9LiveActorE
0x7101ce9a50,0056,_ZTC9CloudStep24_N2al15IUseStageSwitchE
0x7101ce9bc8,0008,_ZN12_GLOBAL__N_16AppearE
0x7101ce9c30,0040,_ZN12_GLOBAL__N_111NrvHostTypeE
0x7101ce9c58,0472,_ZTV25CloudStepKeyMoveComponent
0x7101ce9e70,0304,_ZTC25CloudStepKeyMoveComponent0_N2al9LiveActorE
0x7101ce9fa0,0056,_ZTC25CloudStepKeyMoveComponent24_N2al15IUseStageSwitchE
0x7101cea0f8,0048,_ZTVN2al10FunctorV0MIP25CloudStepKeyMoveComponentMS1_FvvEEE
0x7101cea148,0472,_ZTV18CoinCollectHintObj
0x7101cea360,0304,_ZTC18CoinCollectHintObj0_N2al9LiveActorE
0x7101cea490,0056,_ZTC18CoinCollectHintObj24_N2al15IUseStageSwitchE
0x7101cea4e8,0472,_ZTV16CollapseSandHill
0x7101cea700,0304,_ZTC16CollapseSandHill0_N2al9LiveActorE
0x7101cea830,0056,_ZTC16CollapseSandHill24_N2al15IUseStageSwitchE
0x7101cea8a8,0008,_ZN12_GLOBAL__N_14WaitE
0x7101cea8e8,0008,_ZN12_GLOBAL__N_15DyingE
0x7101cea908,0472,_ZTV17CollectBgmSpeaker
0x7101ceab20,0304,_ZTC17CollectBgmSpeaker0_N2al9LiveActorE
0x7101ceac50,0056,_ZTC17CollectBgmSpeaker24_N2al15IUseStageSwitchE
0x7101ceacc8,0008,_ZN12_GLOBAL__N_14WaitE
0x7101cead08,0008,_ZN12_GLOBAL__N_14OpenE
0x7101cead48,0008,_ZN12_GLOBAL__N_15CloseE
0x7101cead68,0472,_ZTV14CollectionList
0x7101ceaf80,0304,_ZTC14CollectionList0_N2al9LiveActorE
0x7101ceb0b0,0056,_ZTC14CollectionList24_N2al15IUseStageSwitchE
0x7101ceb1d0,0024,_ZN12_GLOBAL__N_117NrvCollectionListE
0x7101ceb1e8,0472,_ZTV20CollisionCheckSphere
0x7101ceb400,0304,_ZTC20CollisionCheckSphere0_N2al9LiveActorE
0x7101ceb530,0056,_ZTC20CollisionCheckSphere24_N2al15IUseStageSwitchE
0x7101ceb588,0472,_ZTV16CrystalBreakable
0x7101ceb7c0,0304,_ZTC16CrystalBreakable0_N2al9LiveActorE
0x7101ceb8f0,0056,_ZTC16CrystalBreakable24_N2al15IUseStageSwitchE
0x7101ceb968,0008,_ZN12_GLOBAL__N_14WaitE
0x7101ceba08,0016,_ZN12_GLOBAL__N_119NrvCrystalBreakableE
0x7101ceba18,0472,_ZTV10DamageBall
0x7101cebc30,0304,_ZTC10DamageBall0_N2al9LiveActorE
0x7101cebd60,0056,_ZTC10DamageBall24_N2al15IUseStageSwitchE
0x7101cebed8,0008,_ZN12_GLOBAL__N_16AppearE
0x7101cebf40,0040,_ZN12_GLOBAL__N_113NrvDamageBallE
0x7101cebf68,0472,_ZTV15DamageBallBreak
0x7101cec180,0304,_ZTC15DamageBallBreak0_N2al9LiveActorE
0x7101cec2b0,0056,_ZTC15DamageBallBreak24_N2al15IUseStageSwitchE
0x7101cec308,0472,_ZTV19DamageBallGenerator
0x7101cec520,0304,_ZTC19DamageBallGenerator0_N2al9LiveActorE
0x7101cec650,0056,_ZTC19DamageBallGenerator24_N2al15IUseStageSwitchE
0x7101cec6f8,0048,_ZTVN2al10FunctorV2MIPK19DamageBallGeneratorMS1_KFvPN4sead8PtrArrayINS_17IBgmParamsChangerEEEPfES8_S9_EE
0x7101cec748,0048,_ZTVN2al10FunctorV1MIPK19DamageBallGeneratorMS1_KFvPN4sead8PtrArrayINS_17IBgmParamsChangerEEEES8_EE
0x7101cec858,0024,_ZTVN2al16DeriveActorGroupI10DamageBallEE
0x7101cec888,0048,_ZTVN2al10FunctorV0MIP19DamageBallGeneratorMS1_FvvEEE
0x7101cec8e0,0024,_ZN12_GLOBAL__N_122NrvDamageBallGeneratorE
0x7101cec8f8,0472,_ZTV11DelaySwitch
0x7101cecb10,0304,_ZTC11DelaySwitch0_N2al9LiveActorE
0x7101cecc40,0056,_ZTC11DelaySwitch24_N2al15IUseStageSwitchE
0x7101ceccb8,0008,_ZN12_GLOBAL__N_13RunE
0x7101ceccd8,0480,_ZTV19DemoChangeEffectObj
0x7101cecf20,0312,_ZTC19DemoChangeEffectObj0_N2al9EffectObjE
0x7101ced060,0304,_ZTC19DemoChangeEffectObj0_N2al9LiveActorE
0x7101ced190,0056,_ZTC19DemoChangeEffectObj24_N2al15IUseStageSwitchE
0x7101ced1e8,0472,_ZTV27DemoWorldMoveHomeBackGround
0x7101ced400,0304,_ZTC27DemoWorldMoveHomeBackGround0_N2al9LiveActorE
0x7101ced530,0056,_ZTC27DemoWorldMoveHomeBackGround24_N2al15IUseStageSwitchE
0x7101ced708,0472,_ZTV8DigPoint
0x7101ced920,0304,_ZTC8DigPoint0_N2al9LiveActorE
0x7101ceda50,0056,_ZTC8DigPoint24_N2al15IUseStageSwitchE
0x7101cedb80,0016,_ZN12_GLOBAL__N_111NrvDigPointE
0x7101cedb90,0504,_ZTV5Dokan
0x7101ceddd0,0304,_ZTC5Dokan0_N2al9LiveActorE
0x7101cedf00,0056,_ZTC5Dokan24_N2al15IUseStageSwitchE
0x7101cee118,0008,_ZN12_GLOBAL__N_16AppearE
0x7101cee200,0072,_ZN12_GLOBAL__N_18NrvDokanE
0x7101cee248,0472,_ZTV10DokanKoopa
0x7101cee460,0304,_ZTC10DokanKoopa0_N2al9LiveActorE
0x7101cee590,0056,_ZTC10DokanKoopa24_N2al15IUseStageSwitchE
0x7101cee8b8,0008,_ZN12_GLOBAL__N_12InE
0x7101cee8f8,0008,_ZN12_GLOBAL__N_16InWaitE
0x7101cee938,0008,_ZN12_GLOBAL__N_17OutSignE
0x7101cee978,0008,_ZN12_GLOBAL__N_13OutE
0x7101cee998,0016,_ZN12_GLOBAL__N_113NrvDokanKoopaE
0x7101cee9a8,0504,_ZTV9DokanMaze
0x7101ceebe0,0304,_ZTC9DokanMaze0_N2al9LiveActorE
0x7101ceed10,0056,_ZTC9DokanMaze24_N2al15IUseStageSwitchE
0x7101ceef28,0008,_ZN12_GLOBAL__N_16AppearE
0x7101ceefe8,0008,_ZN12_GLOBAL__N_110WaitAppearE
0x7101cef010,0064,_ZN12_GLOBAL__N_112NrvDokanMazeE
0x7101cef050,0472,_ZTV17DokanMazeDirector
0x7101cef270,0304,_ZTC17DokanMazeDirector0_N2al9LiveActorE
0x7101cef3a0,0056,_ZTC17DokanMazeDirector24_N2al15IUseStageSwitchE
0x7101cef418,0008,_ZN12_GLOBAL__N_17InLevelE
0x7101cef458,0008,_ZN12_GLOBAL__N_14WaitE
0x7101cef478,0080,_ZTV21DokanPuppetController
0x7101cef648,0008,_ZN12_GLOBAL__N_13OutE
0x7101cef670,0040,_ZN12_GLOBAL__N_124NrvDokanPuppetControllerE
0x7101cef698,0504,_ZTV16DokanStageChange
0x7101cef8d0,0304,_ZTC16DokanStageChange0_N2al9LiveActorE
0x7101cefa00,0056,_ZTC16DokanStageChange24_N2al15IUseStageSwitchE
0x7101cefc00,0048,_ZN12_GLOBAL__N_119NrvDokanStageChangeE
0x7101cefc30,0472,_ZTV14DoorAreaChange
0x7101cefe50,0304,_ZTC14DoorAreaChange0_N2al9LiveActorE
0x7101ceff80,0056,_ZTC14DoorAreaChange24_N2al15IUseStageSwitchE
0x7101cf0178,0008,_ZN12_GLOBAL__N_15CloseE
0x7101cf0198,0048,_ZTVN2al10FunctorV0MIP14DoorAreaChangeMS1_FvvEEE
0x7101cf01f0,0048,_ZN12_GLOBAL__N_117NrvDoorAreaChangeE
0x7101cf0220,0472,_ZTV17DoorAreaChangeCap
0x7101cf0440,0304,_ZTC17DoorAreaChangeCap0_N2al9LiveActorE
0x7101cf0570,0056,_ZTC17DoorAreaChangeCap24_N2al15IUseStageSwitchE
0x7101cf0710,0040,_ZN12_GLOBAL__N_120NrvDoorAreaChangeCapE
0x7101cf0738,0472,_ZTV8DoorCity
0x7101cf0950,0304,_ZTC8DoorCity0_N2al9LiveActorE
0x7101cf0a80,0056,_ZTC8DoorCity24_N2al15IUseStageSwitchE
0x7101cf0b78,0008,_ZN12_GLOBAL__N_14OpenE
0x7101cf0b98,0048,_ZTVN2al10FunctorV0MIP8DoorCityMS1_FvvEEE
0x7101cf0be8,0016,_ZN12_GLOBAL__N_111NrvDoorCityE
0x7101cf0bf8,0472,_ZTV8DoorSnow
0x7101cf0e10,0304,_ZTC8DoorSnow0_N2al9LiveActorE
0x7101cf0f40,0056,_ZTC8DoorSnow24_N2al15IUseStageSwitchE
0x7101cf0fb8,0008,_ZN12_GLOBAL__N_14WaitE
0x7101cf0ff8,0008,_ZN12_GLOBAL__N_14OpenE
0x7101cf1018,0472,_ZTV8DoorWarp
0x7101cf1230,0304,_ZTC8DoorWarp0_N2al9LiveActorE
0x7101cf1360,0056,_ZTC8DoorWarp24_N2al15IUseStageSwitchE
0x7101cf1558,0008,_ZN12_GLOBAL__N_16OpenInE
0x7101cf1598,0008,_ZN12_GLOBAL__N_17CloseInE
0x7101cf15d8,0008,_ZN12_GLOBAL__N_121WaitCameraInterpolateE
0x7101cf1618,0008,_ZN12_GLOBAL__N_17OpenOutE
0x7101cf1658,0008,_ZN12_GLOBAL__N_18CloseOutE
0x7101cf16b8,0048,_ZTVN2al10FunctorV0MIP8DoorWarpMS1_FvvEEE
0x7101cf1710,0056,_ZN12_GLOBAL__N_111NrvDoorWarpE
0x7101cf1748,0472,_ZTV12DoorWarpLock
0x7101cf1960,0304,_ZTC12DoorWarpLock0_N2al9LiveActorE
0x7101cf1a90,0056,_ZTC12DoorWarpLock24_N2al15IUseStageSwitchE
0x7101cf1b08,0008,_ZN12_GLOBAL__N_14LockE
0x7101cf1ba8,0016,_ZN12_GLOBAL__N_115NrvDoorWarpLockE
0x7101cf1bb8,0040,_ZTV24DoorWarpPuppetController
0x7101cf1c18,0008,_ZN12_GLOBAL__N_14WaitE
0x7101cf1c98,0008,_ZN12_GLOBAL__N_18OnlyWarpE
0x7101cf1cd8,0008,_ZN12_GLOBAL__N_13OutE
0x7101cf1d38,0016,_ZN12_GLOBAL__N_127NrvDoorWarpPuppetControllerE
0x7101cf1d48,0472,_ZTV19DoorWarpStageChange
0x7101cf1f60,0304,_ZTC19DoorWarpStageChange0_N2al9LiveActorE
0x7101cf2090,0056,_ZTC19DoorWarpStageChange24_N2al15IUseStageSwitchE
0x7101cf22c8,0008,_ZN12_GLOBAL__N_14OpenE
0x7101cf2308,0008,_ZN12_GLOBAL__N_15CloseE
0x7101cf2348,0008,_ZN12_GLOBAL__N_17OpenOutE
0x7101cf23a8,0048,_ZTVN2al10FunctorV0MIP19DoorWarpStageChangeMS1_FvvEEE
0x7101cf2400,0064,_ZN12_GLOBAL__N_122NrvDoorWarpStageChangeE
0x7101cf2440,0472,_ZTV5Doshi
0x7101cf2660,0304,_ZTC5Doshi0_N2al9LiveActorE
0x7101cf2790,0056,_ZTC5Doshi24_N2al15IUseStageSwitchE
0x7101cf28c8,0008,_ZN12_GLOBAL__N_18ReactionE
0x7101cf28e8,0048,_ZTVN2al10FunctorV0MIP5DoshiMS1_FvvEEE
0x7101cf2960,0024,_ZN12_GLOBAL__N_18NrvDoshiE
0x7101cf2978,0088,_ZTV26DoshiStateWanderBossBattle
0x7101cf2a28,0008,_ZN12_GLOBAL__N_129NrvDoshiStateWanderBossBattleE
0x7101cf2a48,0472,_ZTV17EchoBlockMapParts
0x7101cf2c60,0304,_ZTC17EchoBlockMapParts0_N2al9LiveActorE
0x7101cf2d90,0056,_ZTC17EchoBlockMapParts24_N2al15IUseStageSwitchE
0x7101cf2de8,0048,_ZTVN2al10FunctorV0MIP17EchoBlockMapPartsMS1_FvvEEE
0x7101cf2e38,0472,_ZTV11EchoEmitter
0x7101cf3050,0304,_ZTC11EchoEmitter0_N2al9LiveActorE
0x7101cf3180,0056,_ZTC11EchoEmitter24_N2al15IUseStageSwitchE
0x7101cf31f8,0008,_ZN12_GLOBAL__N_14WaitE
0x7101cf3238,0008,_ZN12_GLOBAL__N_14KeepE
0x7101cf3278,0008,_ZN12_GLOBAL__N_14StopE
0x7101cf3298,0120,_ZTV17EchoEmitterHolder
0x7101cf3358,0480,_ZTV14EffectObjAlpha
0x7101cf35a0,0312,_ZTC14EffectObjAlpha0_N2al9EffectObjE
0x7101cf36e0,0304,_ZTC14EffectObjAlpha0_N2al9LiveActorE
0x7101cf3810,0056,_ZTC14EffectObjAlpha24_N2al15IUseStageSwitchE
0x7101cf3868,0048,_ZTVN2al10FunctorV0MIP14EffectObjAlphaMS1_FvvEEE
0x7101cf38b8,0480,_ZTV22EffectObjQualityChange
0x7101cf3b00,0312,_ZTC22EffectObjQualityChange0_N2al9EffectObjE
0x7101cf3c40,0304,_ZTC22EffectObjQualityChange0_N2al9LiveActorE
0x7101cf3d70,0056,_ZTC22EffectObjQualityChange24_N2al15IUseStageSwitchE
0x7101cf3dc8,0472,_ZTV20ElectricAttackTarget
0x7101cf3fe0,0304,_ZTC20ElectricAttackTarget0_N2al9LiveActorE
0x7101cf4110,0056,_ZTC20ElectricAttackTarget24_N2al15IUseStageSwitchE
0x7101cf4188,0008,_ZN12_GLOBAL__N_14WaitE
0x7101cf41a8,0048,_ZTVN2al10FunctorV0MIP20ElectricAttackTargetMS1_FvvEEE
0x7101cf41f8,0472,_ZTV14ElectricSwitch
0x7101cf4410,0304,_ZTC14ElectricSwitch0_N2al9LiveActorE
0x7101cf4540,0056,_ZTC14ElectricSwitch24_N2al15IUseStageSwitchE
0x7101cf4638,0008,_ZN12_GLOBAL__N_111ReactionEndE
0x7101cf4658,0016,_ZN12_GLOBAL__N_117NrvElectricSwitchE
0x7101cf4668,0472,_ZTV12ElectricWire
0x7101cf4880,0024,_ZTV16ElectricWireEdge
0x7101cf48f0,0304,_ZTC12ElectricWire0_N2al9LiveActorE
0x7101cf4a20,0056,_ZTC12ElectricWire24_N2al15IUseStageSwitchE
0x7101cf4ab8,0024,_ZTVN2al5Graph7PosEdgeE
0x7101cf4d88,0048,_ZTVN2al10FunctorV0MIP12ElectricWireMS1_FvvEEE
0x7101cf4dd8,0048,_ZTVN2al10FunctorV0MIP18ElectricWireVertexMS1_FvvEEE
0x7101cf4e30,0096,_ZN12_GLOBAL__N_115NrvElectricWireE
0x7101cf4ea0,0056,_ZTV30ElectricWireCameraTicketHolder
0x7101cf4f18,0472,_ZTV17ElectricWireKoopa
0x7101cf5130,0304,_ZTC17ElectricWireKoopa0_N2al9LiveActorE
0x7101cf5260,0056,_ZTC17ElectricWireKoopa24_N2al15IUseStageSwitchE
0x7101cf53d8,0008,_ZN12_GLOBAL__N_17InStartE
0x7101cf5458,0008,_ZN12_GLOBAL__N_18InChargeE
0x7101cf54f8,0048,_ZTVN2al10FunctorV0MIP17ElectricWireKoopaMS1_FvvEEE
0x7101cf5550,0056,_ZN12_GLOBAL__N_120NrvElectricWireKoopaE
0x7101cf5588,0472,_ZTV16ElectricWireLine
0x7101cf57a0,0304,_ZTC16ElectricWireLine0_N2al9LiveActorE
0x7101cf58d0,0056,_ZTC16ElectricWireLine24_N2al15IUseStageSwitchE
0x7101cf5928,0472,_ZTV16ElectricWirePole
0x7101cf5b40,0304,_ZTC16ElectricWirePole0_N2al9LiveActorE
0x7101cf5c70,0056,_ZTC16ElectricWirePole24_N2al15IUseStageSwitchE
0x7101cf5d08,0472,_ZTV22ElectricWireRailKeeper
0x7101cf5f20,0304,_ZTC22ElectricWireRailKeeper0_N2al9LiveActorE
0x7101cf6050,0056,_ZTC22ElectricWireRailKeeper24_N2al15IUseStageSwitchE
0x7101cf60c8,0008,_ZN12_GLOBAL__N_14WaitE
0x7101cf6108,0008,_ZN12_GLOBAL__N_17StandbyE
0x7101cf6128,0048,_ZTVN2al10FunctorV0MIP22ElectricWireRailKeeperMS1_FvvEEE
0x7101cf6178,0472,_ZTV18ElectricWireTarget
0x7101cf6390,0304,_ZTC18ElectricWireTarget0_N2al9LiveActorE
0x7101cf64c0,0056,_ZTC18ElectricWireTarget24_N2al15IUseStageSwitchE
0x7101cf6518,0472,_ZTV8Fastener
0x7101cf6760,0024,_ZTV12FastenerEdge
0x7101cf67a0,0304,_ZTC8Fastener0_N2al9LiveActorE
0x7101cf68d0,0056,_ZTC8Fastener24_N2al15IUseStageSwitchE
0x7101cf6b28,0048,_ZTVN2al10FunctorV0MIP8FastenerMS1_FvvEEE
0x7101cf6b80,0064,_ZN12_GLOBAL__N_111NrvFastenerE
0x7101cf6bc0,0472,_ZTV14FastenerCorner
0x7101cf6de0,0304,_ZTC14FastenerCorner0_N2al9LiveActorE
0x7101cf6f10,0056,_ZTC14FastenerCorner24_N2al15IUseStageSwitchE
0x7101cf6f68,0472,_ZTV12FastenerKnob
0x7101cf7180,0304,_ZTC12FastenerKnob0_N2al9LiveActorE
0x7101cf72b0,0056,_ZTC12FastenerKnob24_N2al15IUseStageSwitchE
0x7101cf7328,0008,_ZN12_GLOBAL__N_14WaitE
0x7101cf7368,0008,_ZN12_GLOBAL__N_17HackEndE
0x7101cf73a8,0008,_ZN12_GLOBAL__N_15ResetE
0x7101cf73c8,0472,_ZTV12FastenerLine
0x7101cf75e0,0304,_ZTC12FastenerLine0_N2al9LiveActorE
0x7101cf7710,0056,_ZTC12FastenerLine24_N2al15IUseStageSwitchE
0x7101cf7768,0472,_ZTV11FastenerObj
0x7101cf7980,0304,_ZTC11FastenerObj0_N2al9LiveActorE
0x7101cf7ab0,0056,_ZTC11FastenerObj24_N2al15IUseStageSwitchE
0x7101cf7d28,0008,_ZN12_GLOBAL__N_17CleanupE
0x7101cf7e08,0048,_ZTVN2al10FunctorV0MIP11FastenerObjMS1_FvvEEE
0x7101cf7e60,0088,_ZN12_GLOBAL__N_114NrvFastenerObjE
0x7101cf7eb8,0472,_ZTV16FastenerObjParts
0x7101cf80d0,0304,_ZTC16FastenerObjParts0_N2al9LiveActorE
0x7101cf8200,0056,_ZTC16FastenerObjParts24_N2al15IUseStageSwitchE
0x7101cf82b8,0008,_ZN12_GLOBAL__N_19DisappearE
0x7101cf8318,0016,_ZN12_GLOBAL__N_119NrvFastenerObjPartsE
0x7101cf8328,0472,_ZTV16FastenerObjSpace
0x7101cf8540,0304,_ZTC16FastenerObjSpace0_N2al9LiveActorE
0x7101cf8670,0056,_ZTC16FastenerObjSpace24_N2al15IUseStageSwitchE
0x7101cf86e8,0008,_ZN12_GLOBAL__N_14WaitE
0x7101cf8728,0008,_ZN12_GLOBAL__N_19DisappearE
0x7101cf8748,0472,_ZTV18FastenerRailKeeper
0x7101cf8960,0304,_ZTC18FastenerRailKeeper0_N2al9LiveActorE
0x7101cf8a90,0056,_ZTC18FastenerRailKeeper24_N2al15IUseStageSwitchE
0x7101cf8b08,0008,_ZN12_GLOBAL__N_14WaitE
0x7101cf8b28,0048,_ZTVN2al10FunctorV0MIP18FastenerRailKeeperMS1_FvvEEE
0x7101cf8b78,0504,_ZTV10FireDrum2D
0x7101cf8db0,0304,_ZTC10FireDrum2D0_N2al9LiveActorE
0x7101cf8ee0,0056,_ZTC10FireDrum2D24_N2al15IUseStageSwitchE
0x7101cf8f78,0008,_ZN12_GLOBAL__N_14WaitE
0x7101cf8fb8,0008,_ZN12_GLOBAL__N_14BurnE
0x7101cf8fd8,0472,_ZTV11FireHydrant
0x7101cf91f0,0304,_ZTC11FireHydrant0_N2al9LiveActorE
0x7101cf9320,0056,_ZTC11FireHydrant24_N2al15IUseStageSwitchE
0x7101cf9498,0008,_ZN12_GLOBAL__N_110SquirtLoopE
0x7101cf94c0,0032,_ZN12_GLOBAL__N_114NrvFireHydrantE
0x7101cf94e0,0472,_ZTV10FireSwitch
0x7101cf9700,0304,_ZTC10FireSwitch0_N2al9LiveActorE
0x7101cf9830,0056,_ZTC10FireSwitch24_N2al15IUseStageSwitchE
0x7101cf99d0,0040,_ZN12_GLOBAL__N_113NrvFireSwitchE
0x7101cf9a00,0472,_ZTV11FishingFish
0x7101cf9c20,0304,_ZTC11FishingFish0_N2al9LiveActorE
0x7101cf9d50,0056,_ZTC11FishingFish24_N2al15IUseStageSwitchE
0x7101cfa1f0,0120,_ZN12_GLOBAL__N_114NrvFishingFishE
0x7101cfa268,0504,_ZTV12FishingUpObj
0x7101cfa4a0,0304,_ZTC12FishingUpObj0_N2al9LiveActorE
0x7101cfa5d0,0056,_ZTC12FishingUpObj24_N2al15IUseStageSwitchE
0x7101cfa750,0032,_ZN12_GLOBAL__N_115NrvFishingUpObjE
0x7101cfa770,0504,_ZTV13FixMapParts2D
0x7101cfa9b0,0304,_ZTC13FixMapParts2D0_N2al9LiveActorE
0x7101cfaae0,0056,_ZTC13FixMapParts2D24_N2al15IUseStageSwitchE
0x7101cfab58,0472,_ZTV26FixMapPartsAppearKillAsync
0x7101cfad70,0304,_ZTC26FixMapPartsAppearKillAsync0_N2al9LiveActorE
0x7101cfaea0,0056,_ZTC26FixMapPartsAppearKillAsync24_N2al15IUseStageSwitchE
0x7101cfaef8,0472,_ZTV26FixMapPartsBgmChangeAction
0x7101cfb110,0304,_ZTC26FixMapPartsBgmChangeAction0_N2al9LiveActorE
0x7101cfb240,0056,_ZTC26FixMapPartsBgmChangeAction24_N2al15IUseStageSwitchE
0x7101cfb318,0472,_ZTV20FixMapPartsCapHanger
0x7101cfb550,0304,_ZTC20FixMapPartsCapHanger0_N2al11FixMapPartsE
0x7101cfb680,0304,_ZTC20FixMapPartsCapHanger0_N2al9LiveActorE
0x7101cfb7b0,0056,_ZTC20FixMapPartsCapHanger24_N2al15IUseStageSwitchE
0x7101cfb808,0472,_ZTV23FixMapPartsDitherAppear
0x7101cfba20,0304,_ZTC23FixMapPartsDitherAppear0_N2al9LiveActorE
0x7101cfbb50,0056,_ZTC23FixMapPartsDitherAppear24_N2al15IUseStageSwitchE
0x7101cfbc28,0048,_ZTVN2al10FunctorV0MIP23FixMapPartsDitherAppearMS1_FvvEEE
0x7101cfbc78,0016,_ZN12_GLOBAL__N_126NrvFixMapPartsDitherAppearE
0x7101cfbc88,0472,_ZTV27FixMapPartsForceSafetyPoint
0x7101cfbec0,0304,_ZTC27FixMapPartsForceSafetyPoint0_N2al11FixMapPartsE
0x7101cfbff0,0304,_ZTC27FixMapPartsForceSafetyPoint0_N2al9LiveActorE
0x7101cfc120,0056,_ZTC27FixMapPartsForceSafetyPoint24_N2al15IUseStageSwitchE
0x7101cfc178,0472,_ZTV33FixMapPartsFukankunZoomCapMessage
0x7101cfc3b0,0304,_ZTC33FixMapPartsFukankunZoomCapMessage0_N2al11FixMapPartsE
0x7101cfc4e0,0304,_ZTC33FixMapPartsFukankunZoomCapMessage0_N2al9LiveActorE
0x7101cfc610,0056,_ZTC33FixMapPartsFukankunZoomCapMessage24_N2al15IUseStageSwitchE
0x7101cfc668,0472,_ZTV25FixMapPartsScenarioAction
0x7101cfc880,0304,_ZTC25FixMapPartsScenarioAction0_N2al9LiveActorE
0x7101cfc9b0,0056,_ZTC25FixMapPartsScenarioAction24_N2al15IUseStageSwitchE
0x7101cfca08,0472,_ZTV22ForestWorldEnergyStand
0x7101cfcc20,0304,_ZTC22ForestWorldEnergyStand0_N2al9LiveActorE
0x7101cfcd50,0056,_ZTC22ForestWorldEnergyStand24_N2al15IUseStageSwitchE
0x7101cfcda8,0472,_ZTV21ForestWorldFlowerCtrl
0x7101cfcfc0,0304,_ZTC21ForestWorldFlowerCtrl0_N2al9LiveActorE
0x7101cfd0f0,0056,_ZTC21ForestWorldFlowerCtrl24_N2al15IUseStageSwitchE
0x7101cfd1e8,0008,_ZN12_GLOBAL__N_19WaitAfterE
0x7101cfd228,0008,_ZN12_GLOBAL__N_17FadeOutE
0x7101cfd268,0008,_ZN12_GLOBAL__N_18FadeWaitE
0x7101cfd2a8,0008,_ZN12_GLOBAL__N_16FadeInE
0x7101cfd2e8,0008,_ZN12_GLOBAL__N_19WaitBloomE
0x7101cfd308,0016,_ZN12_GLOBAL__N_124NrvForestWorldFlowerCtrlE
0x7101cfd318,0472,_ZTV8FrailBox
0x7101cfd530,0304,_ZTC8FrailBox0_N2al9LiveActorE
0x7101cfd660,0056,_ZTC8FrailBox24_N2al15IUseStageSwitchE
0x7101cfd6d8,0008,_ZN12_GLOBAL__N_14WaitE
0x7101cfd840,0040,_ZN12_GLOBAL__N_111NrvFrailBoxE
0x7101cfd868,0472,_ZTV8Fukankun
0x7101cfda80,0304,_ZTC8Fukankun0_N2al9LiveActorE
0x7101cfdbb0,0056,_ZTC8Fukankun24_N2al15IUseStageSwitchE
0x7101cfdf08,0048,_ZTVN2al10FunctorV0MIP8FukankunMS1_FvvEEE
0x7101cfdf60,0096,_ZN12_GLOBAL__N_111NrvFukankunE
0x7101cfdfc0,0472,_ZTV25FukankunZoomCapMessageSun
0x7101cfe1e0,0304,_ZTC25FukankunZoomCapMessageSun0_N2al9LiveActorE
0x7101cfe310,0056,_ZTC25FukankunZoomCapMessageSun24_N2al15IUseStageSwitchE
0x7101cfe388,0008,_ZN12_GLOBAL__N_14WaitE
0x7101cfe3a8,0472,_ZTV15FukankunZoomObj
0x7101cfe5c0,0304,_ZTC15FukankunZoomObj0_N2al9LiveActorE
0x7101cfe6f0,0056,_ZTC15FukankunZoomObj24_N2al15IUseStageSwitchE
0x7101cfe768,0008,_ZN12_GLOBAL__N_118FukankunZoomObjE
0x7101cfe788,0048,_ZTVN2al10FunctorV0MIP15FukankunZoomObjMS1_FvvEEE
0x7101cfe7d8,0064,_ZTV21FukankunZoomObjHolder
0x7101cfe858,0080,_ZTV18FurnitureStateWait
0x7101cfe948,0016,_ZN12_GLOBAL__N_121NrvFurnitureStateWaitE
0x7101cfe958,0472,_ZTV8GoalMark
0x7101cfeb70,0304,_ZTC8GoalMark0_N2al9LiveActorE
0x7101cfeca0,0056,_ZTC8GoalMark24_N2al15IUseStageSwitchE
0x7101cfee78,0048,_ZTVN2al10FunctorV0MIP8GoalMarkMS1_FvvEEE
0x7101cfeec8,0472,_ZTV13GotogotonGoal
0x7101cff0e0,0304,_ZTC13GotogotonGoal0_N2al9LiveActorE
0x7101cff210,0056,_ZTC13GotogotonGoal24_N2al15IUseStageSwitchE
0x7101cff268,0472,_ZTV14GrowFlowerCoin
0x7101cff480,0304,_ZTC14GrowFlowerCoin0_N2al9LiveActorE
0x7101cff5b0,0056,_ZTC14GrowFlowerCoin24_N2al15IUseStageSwitchE
0x7101cff750,0040,_ZN12_GLOBAL__N_117NrvGrowFlowerCoinE
0x7101cff778,0472,_ZTV19GrowFlowerCoinBerry
0x7101cff990,0304,_ZTC19GrowFlowerCoinBerry0_N2al9LiveActorE
0x7101cffac0,0056,_ZTC19GrowFlowerCoinBerry24_N2al15IUseStageSwitchE
0x7101cffb18,0472,_ZTV18GrowFlowerCoinStem
0x7101cffd30,0304,_ZTC18GrowFlowerCoinStem0_N2al9LiveActorE
0x7101cffe60,0056,_ZTC18GrowFlowerCoinStem24_N2al15IUseStageSwitchE
0x7101cffeb8,0472,_ZTV13GrowFlowerPot
0x7101d000d0,0304,_ZTC13GrowFlowerPot0_N2al9LiveActorE
0x7101d00200,0056,_ZTC13GrowFlowerPot24_N2al15IUseStageSwitchE
0x7101d006a8,0008,_ZN12_GLOBAL__N_14GrowE
0x7101d00710,0072,_ZN12_GLOBAL__N_116NrvGrowFlowerPotE
0x7101d00758,0080,_ZTV31GrowFlowerPotStateReactionWater
0x7101d008f0,0032,_ZN12_GLOBAL__N_134NrvGrowFlowerPotStateReactionWaterE
0x7101d00910,0472,_ZTV14GrowFlowerSeed
0x7101d00b30,0304,_ZTC14GrowFlowerSeed0_N2al9LiveActorE
0x7101d00c60,0056,_ZTC14GrowFlowerSeed24_N2al15IUseStageSwitchE
0x7101d00e18,0008,_ZN12_GLOBAL__N_18InGroundE
0x7101d00ec0,0056,_ZN12_GLOBAL__N_117NrvGrowFlowerSeedE
0x7101d00ef8,0472,_ZTV14GrowFlowerStem
0x7101d01110,0304,_ZTC14GrowFlowerStem0_N2al9LiveActorE
0x7101d01240,0056,_ZTC14GrowFlowerStem24_N2al15IUseStageSwitchE
0x7101d01298,0472,_ZTV17GrowFlowerWatcher
0x7101d014b0,0304,_ZTC17GrowFlowerWatcher0_N2al9LiveActorE
0x7101d015e0,0056,_ZTC17GrowFlowerWatcher24_N2al15IUseStageSwitchE
0x7101d01638,0472,_ZTV9GrowPlant
0x7101d01850,0304,_ZTC9GrowPlant0_N2al9LiveActorE
0x7101d01980,0056,_ZTC9GrowPlant24_N2al15IUseStageSwitchE
0x7101d01b60,0048,_ZN12_GLOBAL__N_112NrvGrowPlantE
0x7101d01b90,0552,_ZTV17GrowPlantDirector
0x7101d01e00,0304,_ZTC17GrowPlantDirector0_N2al9LiveActorE
0x7101d01f30,0056,_ZTC17GrowPlantDirector24_N2al15IUseStageSwitchE
0x7101d01fa8,0472,_ZTV18GrowPlantGrowPlace
0x7101d021c0,0304,_ZTC18GrowPlantGrowPlace0_N2al9LiveActorE
0x7101d022f0,0056,_ZTC18GrowPlantGrowPlace24_N2al15IUseStageSwitchE
0x7101d02348,0472,_ZTV13GrowPlantLeaf
0x7101d02560,0304,_ZTC13GrowPlantLeaf0_N2al9LiveActorE
0x7101d02690,0056,_ZTC13GrowPlantLeaf24_N2al15IUseStageSwitchE
0x7101d026e8,0472,_ZTV14GrowPlantParts
0x7101d02900,0304,_ZTC14GrowPlantParts0_N2al9LiveActorE
0x7101d02a30,0056,_ZTC14GrowPlantParts24_N2al15IUseStageSwitchE
0x7101d02aa8,0008,_ZN12_GLOBAL__N_14WaitE
0x7101d02ae8,0008,_ZN12_GLOBAL__N_14GrowE
0x7101d02b28,0008,_ZN12_GLOBAL__N_17GrowEndE
0x7101d02b48,0576,_ZTV13GrowPlantSeed
0x7101d02df0,0304,_ZTC13GrowPlantSeed0_N2al9LiveActorE
0x7101d02f20,0056,_ZTC13GrowPlantSeed24_N2al15IUseStageSwitchE
0x7101d02f60,0128,_ZTC13GrowPlantSeed264_15RouteGuidePoint
0x7101d03260,0072,_ZN12_GLOBAL__N_116NrvGrowPlantSeedE
0x7101d032a8,0472,_ZTV19GrowPlantStartStage
0x7101d034c0,0304,_ZTC19GrowPlantStartStage0_N2al9LiveActorE
0x7101d035f0,0056,_ZTC19GrowPlantStartStage24_N2al15IUseStageSwitchE
0x7101d03668,0008,_ZN12_GLOBAL__N_14WaitE
0x7101d036a8,0008,_ZN12_GLOBAL__N_13SetE
0x7101d036e8,0008,_ZN12_GLOBAL__N_110JumpPlayerE
0x7101d03728,0008,_ZN12_GLOBAL__N_14DownE
0x7101d03748,0472,_ZTV16GrowPlantWatcher
0x7101d03960,0304,_ZTC16GrowPlantWatcher0_N2al9LiveActorE
0x7101d03a90,0056,_ZTC16GrowPlantWatcher24_N2al15IUseStageSwitchE
0x7101d03b08,0008,_ZN12_GLOBAL__N_15WatchE
0x7101d03b28,0080,_ZTV20GrowSeedStateRevival
0x7101d03bb8,0008,_ZN12_GLOBAL__N_111RevivalWaitE
0x7101d03bf8,0008,_ZN12_GLOBAL__N_17RevivalE
0x7101d03c18,0080,_ZTV17GrowSeedStateWait
0x7101d03ca8,0008,_ZN12_GLOBAL__N_19NoConnectE
0x7101d03ce8,0008,_ZN12_GLOBAL__N_110ConnectingE
0x7101d03d08,0472,_ZTV7HackCar
0x7101d03f20,0304,_ZTC7HackCar0_N2al9LiveActorE
0x7101d04050,0056,_ZTC7HackCar24_N2al15IUseStageSwitchE
0x7101d04330,0080,_ZN12_GLOBAL__N_110NrvHackCarE
0x7101d04380,0472,_ZTV8HackFork
0x7101d045a0,0304,_ZTC8HackFork0_N2al9LiveActorE
0x7101d046d0,0056,_ZTC8HackFork24_N2al15IUseStageSwitchE
0x7101d048f0,0056,_ZN12_GLOBAL__N_111NrvHackForkE
0x7101d04938,0472,_ZTV12HackMapParts
0x7101d04b50,0304,_ZTC12HackMapParts0_N2al9LiveActorE
0x7101d04c80,0056,_ZTC12HackMapParts24_N2al15IUseStageSwitchE
0x7101d04e60,0048,_ZN12_GLOBAL__N_115NrvHackMapPartsE
0x7101d04e90,0080,_ZTV25HackMapPartsStateFreeMove
0x7101d04f18,0008,_ZN12_GLOBAL__N_19WaitInputE
0x7101d04f58,0008,_ZN12_GLOBAL__N_14MoveE
0x7101d04f78,0080,_ZTV24HackMapPartsStateKeyMove
0x7101d050b0,0024,_ZN12_GLOBAL__N_127NrvHackMapPartsStateKeyMoveE
0x7101d050c8,0472,_ZTV9HintPhoto
0x7101d053c0,0304,_ZTC9HintPhoto0_N2al9LiveActorE
0x7101d054f0,0056,_ZTC9HintPhoto24_N2al15IUseStageSwitchE
0x7101d055c8,0016,_ZN12_GLOBAL__N_112NrvHintPhotoE
0x7101d055d8,0592,_ZTV19HintRouteGuidePoint
0x7101d05890,0304,_ZTC19HintRouteGuidePoint0_N2al9LiveActorE
0x7101d059c0,0056,_ZTC19HintRouteGuidePoint24_N2al15IUseStageSwitchE
0x7101d05a00,0128,_ZTC19HintRouteGuidePoint264_15RouteGuidePoint
0x7101d05c40,0048,_ZN12_GLOBAL__N_122NrvHintRouteGuidePointE
0x7101d05c70,0472,_ZTV15HipDropMoveLift
0x7101d05e90,0304,_ZTC15HipDropMoveLift0_N2al9LiveActorE
0x7101d05fc0,0056,_ZTC15HipDropMoveLift24_N2al15IUseStageSwitchE
0x7101d060d8,0472,_ZTV18HipDropRepairParts
0x7101d062f0,0304,_ZTC18HipDropRepairParts0_N2al9LiveActorE
0x7101d06420,0056,_ZTC18HipDropRepairParts24_N2al15IUseStageSwitchE
0x7101d06518,0008,_ZN12_GLOBAL__N_16OnWaitE
0x7101d06538,0048,_ZTVN2al10FunctorV0MIP18HipDropRepairPartsMS1_FvvEEE
0x7101d06588,0016,_ZN12_GLOBAL__N_121NrvHipDropRepairPartsE
0x7101d06598,0472,_ZTV13HipDropSwitch
0x7101d067b0,0304,_ZTC13HipDropSwitch0_N2al9LiveActorE
0x7101d068e0,0056,_ZTC13HipDropSwitch24_N2al15IUseStageSwitchE
0x7101d06a78,0048,_ZTVN2al10FunctorV0MIP13HipDropSwitchMS1_FvvEEE
0x7101d06ad0,0040,_ZN12_GLOBAL__N_116NrvHipDropSwitchE
0x7101d06af8,0472,_ZTV18HipDropSwitchTimer
0x7101d06d10,0304,_ZTC18HipDropSwitchTimer0_N2al9LiveActorE
0x7101d06e40,0056,_ZTC18HipDropSwitchTimer24_N2al15IUseStageSwitchE
0x7101d06fb8,0008,_ZN12_GLOBAL__N_13OffE
0x7101d06fe0,0032,_ZN12_GLOBAL__N_121NrvHipDropSwitchTimerE
0x7101d07000,0472,_ZTV11HipDropTile
0x7101d07220,0304,_ZTC11HipDropTile0_N2al9LiveActorE
0x7101d07350,0056,_ZTC11HipDropTile24_N2al15IUseStageSwitchE
0x7101d07488,0008,_ZN12_GLOBAL__N_112PlayerHopOffE
0x7101d074c8,0008,_ZN12_GLOBAL__N_19ShowPopupE
0x7101d07530,0032,_ZN12_GLOBAL__N_114NrvHipDropTileE
0x7101d07550,0536,_ZTV24HipDropTransformMapParts
0x7101d077c0,0304,_ZTC24HipDropTransformMapParts8_N2al9LiveActorE
0x7101d078f0,0056,_ZTC24HipDropTransformMapParts32_N2al15IUseStageSwitchE
0x7101d07978,0032,_ZTV24IUseHipDropTransformable
0x7101d07ae0,0040,_ZN12_GLOBAL__N_111NrvHostTypeE
0x7101d07b08,0528,_ZTV40HipDropTransformMapPartsDynamicCollision
0x7101d07d70,0304,_ZTC40HipDropTransformMapPartsDynamicCollision8_N2al9LiveActorE
0x7101d07ea0,0056,_ZTC40HipDropTransformMapPartsDynamicCollision32_N2al15IUseStageSwitchE
0x7101d08020,0032,_ZN12_GLOBAL__N_111NrvHostTypeE
0x7101d08040,0472,_ZTV28HipDropTransformPartsWatcher
0x7101d08260,0304,_ZTC28HipDropTransformPartsWatcher0_N2al9LiveActorE
0x7101d08390,0056,_ZTC28HipDropTransformPartsWatcher24_N2al15IUseStageSwitchE
0x7101d083e8,0472,_ZTV7HomeBed
0x7101d08600,0304,_ZTC7HomeBed0_N2al9LiveActorE
0x7101d08730,0056,_ZTC7HomeBed24_N2al15IUseStageSwitchE
0x7101d08990,0064,_ZN12_GLOBAL__N_110NrvHomeBedE
0x7101d089d0,0472,_ZTV9HomeChair
0x7101d08bf0,0304,_ZTC9HomeChair0_N2al9LiveActorE
0x7101d08d20,0056,_ZTC9HomeChair24_N2al15IUseStageSwitchE
0x7101d09018,0008,_ZN12_GLOBAL__N_114BindSleepStartE
0x7101d090c0,0096,_ZN12_GLOBAL__N_112NrvHomeChairE
0x7101d09120,0040,_ZTV28HomeChairPlayerEyeController
0x7101d09188,0008,_ZN12_GLOBAL__N_14WaitE
0x7101d091c8,0008,_ZN12_GLOBAL__N_117ReturnDefaultLookE
0x7101d09208,0008,_ZN12_GLOBAL__N_112ForceLookCapE
0x7101d092a8,0016,_ZN12_GLOBAL__N_131NrvHomeChairPlayerEyeControllerE
0x7101d092b8,0472,_ZTV10HomeInside
0x7101d094d0,0304,_ZTC10HomeInside0_N2al9LiveActorE
0x7101d09600,0056,_ZTC10HomeInside24_N2al15IUseStageSwitchE
0x7101d09658,0472,_ZTV8HomeShip
0x7101d09870,0304,_ZTC8HomeShip0_N2al9LiveActorE
0x7101d099a0,0056,_ZTC8HomeShip24_N2al15IUseStageSwitchE
0x7101d09a18,0008,_ZN12_GLOBAL__N_14WaitE
0x7101d09a38,0472,_ZTV10IcicleFall
0x7101d09c50,0304,_ZTC10IcicleFall0_N2al9LiveActorE
0x7101d09d80,0056,_ZTC10IcicleFall24_N2al15IUseStageSwitchE
0x7101d09df8,0008,_ZN12_GLOBAL__N_14WaitE
0x7101d09e38,0008,_ZN12_GLOBAL__N_14StopE
0x7101d09e78,0008,_ZN12_GLOBAL__N_18FallSignE
0x7101d09eb8,0008,_ZN12_GLOBAL__N_14FallE
0x7101d09ed8,0472,_ZTV9Indicator
0x7101d0a0f0,0304,_ZTC9Indicator0_N2al9LiveActorE
0x7101d0a220,0056,_ZTC9Indicator24_N2al15IUseStageSwitchE
0x7101d0a298,0008,_ZN12_GLOBAL__N_14WaitE
0x7101d0a2b8,0472,_ZTV17IndicatorDirector
0x7101d0a4d0,0304,_ZTC17IndicatorDirector0_N2al9LiveActorE
0x7101d0a600,0056,_ZTC17IndicatorDirector24_N2al15IUseStageSwitchE
0x7101d0a6b8,0008,_ZN12_GLOBAL__N_18WaitSyncE
0x7101d0a718,0016,_ZN12_GLOBAL__N_120NrvIndicatorDirectorE
0x7101d0a7e8,0472,_ZTV9KickStone
0x7101d0aa00,0304,_ZTC9KickStone0_N2al9LiveActorE
0x7101d0ab30,0056,_ZTC9KickStone24_N2al15IUseStageSwitchE
0x7101d0ad90,0064,_ZN12_GLOBAL__N_112NrvKickStoneE
0x7101d0add0,0472,_ZTV9KinokoUfo
0x7101d0aff0,0304,_ZTC9KinokoUfo0_N2al9LiveActorE
0x7101d0b120,0056,_ZTC9KinokoUfo24_N2al15IUseStageSwitchE
0x7101d0b178,0048,_ZTVN2al10FunctorV0MIP9KinokoUfoMS1_FvvEEE
0x7101d0b1c8,0472,_ZTV9KoopaShip
0x7101d0b550,0304,_ZTC9KoopaShip0_N2al9LiveActorE
0x7101d0b680,0056,_ZTC9KoopaShip24_N2al15IUseStageSwitchE
0x7101d0b808,0008,_ZN12_GLOBAL__N_14DemoE
0x7101d0b848,0008,_ZN12_GLOBAL__N_114DemoGateKeeperE
0x7101d0b8a8,0048,_ZTVN2al10FunctorV0MIP9KoopaShipMS1_FvvEEE
0x7101d0b900,0032,_ZN12_GLOBAL__N_112NrvKoopaShipE
0x7101d0ba10,0056,_ZTV22KoopaShipDemoRequester
0x7101d0ba68,0472,_ZTV17KuriboTowerSwitch
0x7101d0bc80,0304,_ZTC17KuriboTowerSwitch0_N2al9LiveActorE
0x7101d0bdb0,0056,_ZTC17KuriboTowerSwitch24_N2al15IUseStageSwitchE
0x7101d0bf50,0040,_ZN12_GLOBAL__N_120NrvKuriboTowerSwitchE
0x7101d0bf78,0472,_ZTV11LapRecorder
0x7101d0c190,0304,_ZTC11LapRecorder0_N2al9LiveActorE
0x7101d0c2c0,0056,_ZTC11LapRecorder24_N2al15IUseStageSwitchE
0x7101d0c338,0008,_ZN12_GLOBAL__N_14WaitE
0x7101d0c378,0008,_ZN12_GLOBAL__N_15WatchE
0x7101d0c398,0472,_ZTV13LavaFryingPan
0x7101d0c5b0,0304,_ZTC13LavaFryingPan0_N2al9LiveActorE
0x7101d0c6e0,0056,_ZTC13LavaFryingPan24_N2al15IUseStageSwitchE
0x7101d0c878,0472,_ZTV7LavaPan
0x7101d0ca90,0304,_ZTC7LavaPan0_N2al9LiveActorE
0x7101d0cbc0,0056,_ZTC7LavaPan24_N2al15IUseStageSwitchE
0x7101d0cc38,0008,_ZN12_GLOBAL__N_14WaitE
0x7101d0cc78,0008,_ZN12_GLOBAL__N_16RumbleE
0x7101d0cc98,0472,_ZTV13LavaStewVeget
0x7101d0ceb0,0304,_ZTC13LavaStewVeget0_N2al9LiveActorE
0x7101d0cfe0,0056,_ZTC13LavaStewVeget24_N2al15IUseStageSwitchE
0x7101d0d058,0008,_ZN12_GLOBAL__N_14WaitE
0x7101d0d098,0008,_ZN12_GLOBAL__N_15BreakE
0x7101d0d0b8,0632,_ZTV8LavaWave
0x7101d0d370,0304,_ZTC8LavaWave0_N2al9LiveActorE
0x7101d0d4a0,0056,_ZTC8LavaWave24_N2al15IUseStageSwitchE
0x7101d0d528,0096,_ZTVN2al16IUseFluidSurfaceE
0x7101d0d588,0472,_ZTV15LinkTargetPoint
0x7101d0d7a0,0304,_ZTC15LinkTargetPoint0_N2al9LiveActorE
0x7101d0d8d0,0056,_ZTC15LinkTargetPoint24_N2al15IUseStageSwitchE
0x7101d0d928,0560,_ZTV20LoginLotteryDirector
0x7101d0dba0,0304,_ZTC20LoginLotteryDirector0_N2al9LiveActorE
0x7101d0dcd0,0056,_ZTC20LoginLotteryDirector24_N2al15IUseStageSwitchE
0x7101d0dd68,0008,_ZN12_GLOBAL__N_14WaitE
0x7101d0de90,0032,_ZN12_GLOBAL__N_111NrvHostTypeE
0x7101d0dfb8,0472,_ZTV17MakeCollisionData
0x7101d0e1d0,0304,_ZTC17MakeCollisionData0_N2al9LiveActorE
0x7101d0e300,0056,_ZTC17MakeCollisionData24_N2al15IUseStageSwitchE
0x7101d0e378,0008,_ZN12_GLOBAL__N_14WaitE
0x7101d0e3b8,0008,_ZN12_GLOBAL__N_14StopE
0x7101d0e3d8,0080,_ZTV21MapObjStatePlayerHold
0x7101d0e468,0008,_ZN12_GLOBAL__N_14HoldE
0x7101d0e488,0472,_ZTV16MapPartsRoulette
0x7101d0e6a0,0304,_ZTC16MapPartsRoulette0_N2al9LiveActorE
0x7101d0e7d0,0056,_ZTC16MapPartsRoulette24_N2al15IUseStageSwitchE
0x7101d0e8a8,0048,_ZTVN2al10FunctorV0MIP16MapPartsRouletteMS1_FvvEEE
0x7101d0e8f8,0016,_ZN12_GLOBAL__N_119NrvMapPartsRouletteE
0x7101d0e908,0080,_ZTV22MapPartsStateCapRotate
0x7101d0e9f8,0016,_ZN12_GLOBAL__N_125NrvMapPartsStateCapRotateE
0x7101d0ea08,0472,_ZTV17MarchingCubeBlock
0x7101d0ec20,0304,_ZTC17MarchingCubeBlock0_N2al9LiveActorE
0x7101d0ed50,0056,_ZTC17MarchingCubeBlock24_N2al15IUseStageSwitchE
0x7101d0eda8,0472,_ZTV26MarchingCubeBlockCollision
0x7101d0efc0,0304,_ZTC26MarchingCubeBlockCollision0_N2al9LiveActorE
0x7101d0f0f0,0056,_ZTC26MarchingCubeBlockCollision24_N2al15IUseStageSwitchE
0x7101d0f1c8,0016,_ZN12_GLOBAL__N_129NrvMarchingCubeBlockCollisionE
0x7101d0f1d8,0472,_ZTV22MarchingCubeBlockParts
0x7101d0f3f0,0304,_ZTC22MarchingCubeBlockParts0_N2al9LiveActorE
0x7101d0f520,0056,_ZTC22MarchingCubeBlockParts24_N2al15IUseStageSwitchE
0x7101d0f578,0496,_ZTV21MeganeKeyMoveMapParts
0x7101d0f7d0,0328,_ZTC21MeganeKeyMoveMapParts0_N2al15KeyMoveMapPartsE
0x7101d0f920,0304,_ZTC21MeganeKeyMoveMapParts0_N2al9LiveActorE
0x7101d0fa50,0056,_ZTC21MeganeKeyMoveMapParts24_N2al15IUseStageSwitchE
0x7101d0faa8,0472,_ZTV16MeganeLiftExLift
0x7101d0fcc0,0304,_ZTC16MeganeLiftExLift0_N2al9LiveActorE
0x7101d0fdf0,0056,_ZTC16MeganeLiftExLift24_N2al15IUseStageSwitchE
0x7101d10108,0048,_ZTVN2al10FunctorV0MIP16MeganeLiftExLiftMS1_FvvEEE
0x7101d10158,0472,_ZTV14MeganeMapParts
0x7101d10370,0304,_ZTC14MeganeMapParts0_N2al9LiveActorE
0x7101d104a0,0056,_ZTC14MeganeMapParts24_N2al15IUseStageSwitchE
0x7101d10640,0040,_ZN12_GLOBAL__N_117NrvMeganeMapPartsE
0x7101d10668,0080,_ZTV16MeganePartsState
0x7101d107e0,0032,_ZN12_GLOBAL__N_119NrvMeganePartsStateE
0x7101d10800,0472,_ZTV6Mirror
0x7101d10a40,0304,_ZTC6Mirror0_N2al15MirrorActorBaseE
0x7101d10b70,0304,_ZTC6Mirror0_N2al9LiveActorE
0x7101d10ca0,0056,_ZTC6Mirror24_N2al15IUseStageSwitchE
0x7101d10d98,0008,_ZN12_GLOBAL__N_16AppearE
0x7101d10df8,0048,_ZTVN2al10FunctorV0MIP6MirrorMS1_FvvEEE
0x7101d10e50,0024,_ZN12_GLOBAL__N_19NrvMirrorE
0x7101d10e68,0472,_ZTV22MoonBasementBreakParts
0x7101d11080,0304,_ZTC22MoonBasementBreakParts0_N2al9LiveActorE
0x7101d111b0,0056,_ZTC22MoonBasementBreakParts24_N2al15IUseStageSwitchE
0x7101d11228,0008,_ZN12_GLOBAL__N_14WaitE
0x7101d11268,0008,_ZN12_GLOBAL__N_15BreakE
0x7101d11288,0520,_ZTV25MoonBasementClimaxWatcher
0x7101d11500,0304,_ZTC25MoonBasementClimaxWatcher0_N2al9LiveActorE
0x7101d11630,0056,_ZTC25MoonBasementClimaxWatcher24_N2al15IUseStageSwitchE
0x7101d116b8,0032,_ZTV34IMoonBasementPillarCameraRequester
0x7101d116d8,0472,_ZTV19MoonBasementFallObj
0x7101d118f0,0304,_ZTC19MoonBasementFallObj0_N2al9LiveActorE
0x7101d11a20,0056,_ZTC19MoonBasementFallObj24_N2al15IUseStageSwitchE
0x7101d11a98,0008,_ZN12_GLOBAL__N_14FallE
0x7101d11ab8,0024,_ZTVN2al16DeriveActorGroupI24MoonBasementFallObjPieceEE
0x7101d11ae8,0472,_ZTV29MoonBasementFallObjDecoration
0x7101d11d30,0304,_ZTC29MoonBasementFallObjDecoration0_N2al9LiveActorE
0x7101d11e60,0056,_ZTC29MoonBasementFallObjDecoration24_N2al15IUseStageSwitchE
0x7101d11ff8,0048,_ZTVN2al10FunctorV0MIP29MoonBasementFallObjDecorationMS1_FvvEEE
0x7101d12048,0472,_ZTV24MoonBasementFallObjPiece
0x7101d12260,0304,_ZTC24MoonBasementFallObjPiece0_N2al9LiveActorE
0x7101d12390,0056,_ZTC24MoonBasementFallObjPiece24_N2al15IUseStageSwitchE
0x7101d12408,0008,_ZN12_GLOBAL__N_15BoundE
0x7101d12448,0008,_ZN12_GLOBAL__N_14RollE
0x7101d12468,0472,_ZTV21MoonBasementFinalGate
0x7101d12890,0304,_ZTC21MoonBasementFinalGate0_N2al9LiveActorE
0x7101d129c0,0056,_ZTC21MoonBasementFinalGate24_N2al15IUseStageSwitchE
0x7101d12b38,0008,_ZN12_GLOBAL__N_111BreakPillarE
0x7101d12b60,0032,_ZN12_GLOBAL__N_124NrvMoonBasementFinalGateE
0x7101d12be8,0472,_ZTV17MoonBasementFloor
0x7101d12e00,0304,_ZTC17MoonBasementFloor0_N2al9LiveActorE
0x7101d12f30,0056,_ZTC17MoonBasementFloor24_N2al15IUseStageSwitchE
0x7101d13188,0048,_ZTVN2al10FunctorV0MIP17MoonBasementFloorMS1_FvvEEE
0x7101d131e0,0064,_ZN12_GLOBAL__N_120NrvMoonBasementFloorE
0x7101d13220,0520,_ZTV16MoonBasementGate
0x7101d134a0,0304,_ZTC16MoonBasementGate0_N2al9LiveActorE
0x7101d135d0,0056,_ZTC16MoonBasementGate24_N2al15IUseStageSwitchE
0x7101d13658,0032,_ZTV22IMoonBasementGateParts
0x7101d13698,0008,_ZN12_GLOBAL__N_17InvalidE
0x7101d137f8,0008,_ZN12_GLOBAL__N_112ClimaxCameraE
0x7101d13820,0024,_ZN12_GLOBAL__N_119NrvMoonBasementGateE
0x7101d13838,0520,_ZTV21MoonBasementGateParts
0x7101d13a80,0304,_ZTC21MoonBasementGateParts0_N2al9LiveActorE
0x7101d13bb0,0056,_ZTC21MoonBasementGateParts24_N2al15IUseStageSwitchE
0x7101d13cf0,0024,_ZN12_GLOBAL__N_124NrvMoonBasementGatePartsE
0x7101d13d08,0472,_ZTV25MoonBasementMeteorAreaObj
0x7101d13f20,0304,_ZTC25MoonBasementMeteorAreaObj0_N2al9LiveActorE
0x7101d14050,0056,_ZTC25MoonBasementMeteorAreaObj24_N2al15IUseStageSwitchE
0x7101d140a8,0024,_ZTVN2al16DeriveActorGroupI19MoonBasementFallObjEE
0x7101d140d8,0472,_ZTV26MoonBasementMeteorPointObj
0x7101d142f0,0304,_ZTC26MoonBasementMeteorPointObj0_N2al9LiveActorE
0x7101d14420,0056,_ZTC26MoonBasementMeteorPointObj24_N2al15IUseStageSwitchE
0x7101d14518,0008,_ZN12_GLOBAL__N_14StopE
0x7101d14538,0048,_ZTVN2al10FunctorV0MIP26MoonBasementMeteorPointObjMS1_FvvEEE
0x7101d14588,0016,_ZN12_GLOBAL__N_129NrvMoonBasementMeteorPointObjE
0x7101d14598,0472,_ZTV18MoonBasementPillar
0x7101d14830,0304,_ZTC18MoonBasementPillar0_N2al9LiveActorE
0x7101d14960,0056,_ZTC18MoonBasementPillar24_N2al15IUseStageSwitchE
0x7101d14b58,0008,_ZN12_GLOBAL__N_112BreakLastHitE
0x7101d14bc0,0056,_ZN12_GLOBAL__N_121NrvMoonBasementPillarE
0x7101d14c20,0472,_ZTV16MoonBasementRock
0x7101d14e40,0304,_ZTC16MoonBasementRock0_N2al9LiveActorE
0x7101d14f70,0056,_ZTC16MoonBasementRock24_N2al15IUseStageSwitchE
0x7101d150a8,0008,_ZN12_GLOBAL__N_14LandE
0x7101d150d0,0024,_ZN12_GLOBAL__N_119NrvMoonBasementRockE
0x7101d150e8,0472,_ZTV20MoonBasementSlideObj
0x7101d15300,0304,_ZTC20MoonBasementSlideObj0_N2al9LiveActorE
0x7101d15430,0056,_ZTC20MoonBasementSlideObj24_N2al15IUseStageSwitchE
0x7101d154a8,0008,_ZN12_GLOBAL__N_14WaitE
0x7101d154e8,0008,_ZN12_GLOBAL__N_15SlideE
0x7101d15508,0544,_ZTV8MoonRock
0x7101d15770,0304,_ZTC8MoonRock0_N2al9LiveActorE
0x7101d158a0,0056,_ZTC8MoonRock24_N2al15IUseStageSwitchE
0x7101d159f8,0008,_ZN12_GLOBAL__N_133ReadyRequestStartDemoMoonSetStartE
0x7101d15a78,0008,_ZN12_GLOBAL__N_128RequestStartDemoMoonSetStartE
0x7101d15ab8,0008,_ZN12_GLOBAL__N_116DemoMoonSetStartE
0x7101d15af8,0008,_ZN12_GLOBAL__N_119EndDemoMoonSetStartE
0x7101d15b38,0008,_ZN12_GLOBAL__N_111ChangeSceneE
0x7101d15b60,0032,_ZN12_GLOBAL__N_111NrvHostTypeE
0x7101d15b80,0472,_ZTV13MoonWorldBell
0x7101d15da0,0304,_ZTC13MoonWorldBell0_N2al9LiveActorE
0x7101d15ed0,0056,_ZTC13MoonWorldBell24_N2al15IUseStageSwitchE
0x7101d15f48,0008,_ZN12_GLOBAL__N_14WaitE
0x7101d15fe8,0016,_ZN12_GLOBAL__N_116NrvMoonWorldBellE
0x7101d15ff8,0472,_ZTV26MoonWorldCaptureParadeLift
0x7101d16210,0304,_ZTC26MoonWorldCaptureParadeLift0_N2al9LiveActorE
0x7101d16340,0056,_ZTC26MoonWorldCaptureParadeLift24_N2al15IUseStageSwitchE
0x7101d16438,0008,_ZN12_GLOBAL__N_14MoveE
0x7101d16478,0008,_ZN12_GLOBAL__N_15DelayE
0x7101d16498,0048,_ZTVN2al10FunctorV0MIP26MoonWorldCaptureParadeLiftMS1_FvvEEE
0x7101d164e8,0016,_ZN12_GLOBAL__N_129NrvMoonWorldCaptureParadeLiftE
0x7101d164f8,0504,_ZTV10Motorcycle
0x7101d16730,0304,_ZTC10Motorcycle0_N2al9LiveActorE
0x7101d16860,0056,_ZTC10Motorcycle24_N2al15IUseStageSwitchE
0x7101d16e28,0008,_ZN12_GLOBAL__N_115RideParkingSnapE
0x7101d16ee8,0008,_ZN12_GLOBAL__N_112RideRunClashE
0x7101d16fa8,0008,_ZN12_GLOBAL__N_116RideParkingStartE
0x7101d16fe8,0008,_ZN12_GLOBAL__N_111RideParkingE
0x7101d17028,0008,_ZN12_GLOBAL__N_116RideParkingAfterE
0x7101d17050,0176,_ZN12_GLOBAL__N_113NrvMotorcycleE
0x7101d17100,0472,_ZTV20MotorcycleParkingLot
0x7101d17320,0304,_ZTC20MotorcycleParkingLot0_N2al9LiveActorE
0x7101d17450,0056,_ZTC20MotorcycleParkingLot24_N2al15IUseStageSwitchE
0x7101d174a8,0040,_ZTV24MotorcyclePlayerAnimator
0x7101d17508,0008,_ZN12_GLOBAL__N_14NoneE
0x7101d17548,0008,_ZN12_GLOBAL__N_112BindKeepDemoE
0x7101d17588,0008,_ZN12_GLOBAL__N_110RideStartLE
0x7101d175c8,0008,_ZN12_GLOBAL__N_110RideStartRE
0x7101d17608,0008,_ZN12_GLOBAL__N_16RideOnE
0x7101d17648,0008,_ZN12_GLOBAL__N_14WaitE
0x7101d176c8,0008,_ZN12_GLOBAL__N_19RideClashE
0x7101d177b0,0032,_ZN12_GLOBAL__N_127NrvMotorcyclePlayerAnimatorE
0x7101d177d0,0472,_ZTV19MoviePlayerMapParts
0x7101d179f0,0304,_ZTC19MoviePlayerMapParts0_N2al9LiveActorE
0x7101d17b20,0056,_ZTC19MoviePlayerMapParts24_N2al15IUseStageSwitchE
0x7101d17b78,0472,_ZTV10NeedleTrap
0x7101d17d90,0304,_ZTC10NeedleTrap0_N2al9LiveActorE
0x7101d17ec0,0056,_ZTC10NeedleTrap24_N2al15IUseStageSwitchE
0x7101d17f38,0008,_ZN12_GLOBAL__N_17StandbyE
0x7101d17f78,0008,_ZN12_GLOBAL__N_14WaitE
0x7101d17fb8,0008,_ZN12_GLOBAL__N_14StopE
0x7101d17ff8,0008,_ZN12_GLOBAL__N_14SignE
0x7101d18038,0008,_ZN12_GLOBAL__N_16AttackE
0x7101d18078,0008,_ZN12_GLOBAL__N_13EndE
0x7101d18098,0048,_ZTVN2al10FunctorV0MIP10NeedleTrapMS1_FvvEEE
0x7101d180e8,0472,_ZTV7NoteObj
0x7101d18300,0304,_ZTC7NoteObj0_N2al9LiveActorE
0x7101d18430,0056,_ZTC7NoteObj24_N2al15IUseStageSwitchE
0x7101d184a8,0008,_ZN12_GLOBAL__N_14WaitE
0x7101d18590,0024,_ZN12_GLOBAL__N_110NrvNoteObjE
0x7101d185a8,0504,_ZTV9NoteObj2D
0x7101d187e0,0304,_ZTC9NoteObj2D0_N2al9LiveActorE
0x7101d18910,0056,_ZTC9NoteObj2D24_N2al15IUseStageSwitchE
0x7101d189a8,0008,_ZN12_GLOBAL__N_14WaitE
0x7101d18ad0,0032,_ZN12_GLOBAL__N_112NrvNoteObj2DE
0x7101d18af0,0472,_ZTV15NoteObjDirector
0x7101d18d10,0304,_ZTC15NoteObjDirector0_N2al9LiveActorE
0x7101d18e40,0056,_ZTC15NoteObjDirector24_N2al15IUseStageSwitchE
0x7101d18eb8,0008,_ZN12_GLOBAL__N_14InitE
0x7101d18f78,0008,_ZN12_GLOBAL__N_110WaitGetAllE
0x7101d18f98,0016,_ZN12_GLOBAL__N_118NrvNoteObjDirectorE
0x7101d18fa8,0472,_ZTV14OceanWaveActor
0x7101d191c0,0304,_ZTC14OceanWaveActor0_N2al9LiveActorE
0x7101d192f0,0056,_ZTC14OceanWaveActor24_N2al15IUseStageSwitchE
0x7101d19348,0088,_ZTVN2al18ParameterString256E
0x7101d193d8,0088,_ZTVN2al9ParameterIN4sead15FixedSafeStringILi256EEEEE
0x7101d19430,0048,_ZTVN4sead15FixedSafeStringILi180EEE
0x7101d19498,0048,_ZTVN4sead19FixedSafeStringBaseIcLi180EEE
0x7101d194c8,0088,_ZTVN2al12ParameterC4fE
0x7101d19558,0088,_ZTVN2al9ParameterIN4sead7Color4fEEE
0x7101d195b0,0088,_ZTVN2al12ParameterF32E
0x7101d19648,0088,_ZTVN2al9ParameterIfEE
0x7101d196a0,0088,_ZTVN2al12ParameterV4fE
0x7101d19738,0088,_ZTVN2al9ParameterIN4sead7Vector4IfEEEE
0x7101d19790,0088,_ZTVN2al12ParameterS32E
0x7101d19828,0088,_ZTVN2al9ParameterIiEE
0x7101d19880,0048,_ZTVN2al10FunctorV0MIP14OceanWaveActorMS1_FvvEEE
0x7101d198c8,0472,_ZTV14PadRumblePoint
0x7101d19ae0,0304,_ZTC14PadRumblePoint0_N2al9LiveActorE
0x7101d19c10,0056,_ZTC14PadRumblePoint24_N2al15IUseStageSwitchE
0x7101d19ca8,0496,_ZTV8PaintObj
0x7101d19ee0,0304,_ZTC8PaintObj0_N2al9LiveActorE
0x7101d1a010,0056,_ZTC8PaintObj24_N2al15IUseStageSwitchE
0x7101d1a088,0008,_ZN12_GLOBAL__N_14WaitE
0x7101d1a0a8,0032,_ZTVN3agl11GPUMemBlockIhEE
0x7101d1a108,0032,_ZTVN3agl12GPUMemBlockTIhEE
0x7101d1a128,0048,_ZTVN2al10FunctorV0MIP8PaintObjMS1_FvvEEE
0x7101d1a178,0064,_ZTV14PaintObjHolder
0x7101d1a1f8,0472,_ZTV14PeachCastleCap
0x7101d1a410,0304,_ZTC14PeachCastleCap0_N2al9LiveActorE
0x7101d1a540,0056,_ZTC14PeachCastleCap24_N2al15IUseStageSwitchE
0x7101d1a5b8,0008,_ZN12_GLOBAL__N_14WaitE
0x7101d1a5f8,0008,_ZN12_GLOBAL__N_19DemoStartE
0x7101d1a638,0008,_ZN12_GLOBAL__N_14DemoE
0x7101d1a678,0008,_ZN12_GLOBAL__N_19DemoAfterE
0x7101d1a698,0472,_ZTV10PeachTrunk
0x7101d1a8b0,0304,_ZTC10PeachTrunk0_N2al9LiveActorE
0x7101d1a9e0,0056,_ZTC10PeachTrunk24_N2al15IUseStageSwitchE
0x7101d1aa58,0008,_ZN12_GLOBAL__N_14WaitE
0x7101d1aa98,0008,_ZN12_GLOBAL__N_111ReactionCapE
0x7101d1aab8,0472,_ZTV14PeachWorldGate
0x7101d1acd0,0304,_ZTC14PeachWorldGate0_N2al9LiveActorE
0x7101d1ae00,0056,_ZTC14PeachWorldGate24_N2al15IUseStageSwitchE
0x7101d1af18,0048,_ZTVN2al10FunctorV0MIP14PeachWorldGateMS1_FvvEEE
0x7101d1af70,0024,_ZN12_GLOBAL__N_117NrvPeachWorldGateE
0x7101d1af88,0472,_ZTV19PeachWorldMoatWater
0x7101d1b1a0,0304,_ZTC19PeachWorldMoatWater0_N2al9LiveActorE
0x7101d1b2d0,0056,_ZTC19PeachWorldMoatWater24_N2al15IUseStageSwitchE
0x7101d1b4a8,0472,_ZTVN2al25PrePassLightPlacementBaseINS_11LppCausticsEEE
0x7101d1b698,0120,_ZTVN2al11LppCausticsE
0x7101d1b748,0120,_ZTVN2al12PrePassLightINS_16LppCausticsParamEEE
0x7101d1b7c0,0024,_ZTVN2al16DeriveActorGroupI5StakeEE
0x7101d1b7f8,0024,_ZTVN2al16DeriveActorGroupI20PrePassCausticsLightEE
0x7101d1b828,0472,_ZTV14PeachWorldTree
0x7101d1ba40,0304,_ZTC14PeachWorldTree0_N2al9LiveActorE
0x7101d1bb70,0056,_ZTC14PeachWorldTree24_N2al15IUseStageSwitchE
0x7101d1bbc8,0472,_ZTV3Pen
0x7101d1bde0,0304,_ZTC3Pen0_N2al9LiveActorE
0x7101d1bf10,0056,_ZTC3Pen24_N2al15IUseStageSwitchE
0x7101d1bf88,0008,_ZN12_GLOBAL__N_14WaitE
0x7101d1bfc8,0008,_ZN12_GLOBAL__N_19DisappearE
0x7101d1bfe8,0048,_ZTVN2al10FunctorV0MIP3PenMS1_FvvEEE
0x7101d1c038,0472,_ZTV20PictureNoStageChange
0x7101d1c250,0304,_ZTC20PictureNoStageChange0_N2al9LiveActorE
0x7101d1c380,0056,_ZTC20PictureNoStageChange24_N2al15IUseStageSwitchE
0x7101d1c3f8,0008,_ZN12_GLOBAL__N_14WaitE
0x7101d1c418,0472,_ZTV18PictureStageChange
0x7101d1c630,0304,_ZTC18PictureStageChange0_N2al9LiveActorE
0x7101d1c760,0056,_ZTC18PictureStageChange24_N2al15IUseStageSwitchE
0x7101d1c880,0024,_ZN12_GLOBAL__N_121NrvPictureStageChangeE
0x7101d1c898,0504,_ZTV18PillarKeyMoveParts
0x7101d1caf0,0328,_ZTC18PillarKeyMoveParts0_N2al15KeyMoveMapPartsE
0x7101d1cc40,0304,_ZTC18PillarKeyMoveParts0_N2al9LiveActorE
0x7101d1cd70,0056,_ZTC18PillarKeyMoveParts24_N2al15IUseStageSwitchE
0x7101d1cdc8,0472,_ZTV24PillarSwitchOpenMapParts
0x7101d1cfe0,0304,_ZTC24PillarSwitchOpenMapParts0_N2al9LiveActorE
0x7101d1d110,0056,_ZTC24PillarSwitchOpenMapParts24_N2al15IUseStageSwitchE
0x7101d1d2e8,0048,_ZTVN2al10FunctorV0MIP24PillarSwitchOpenMapPartsMS1_FvvEEE
0x7101d1d338,0472,_ZTV20PlayerMotionObserver
0x7101d1d550,0304,_ZTC20PlayerMotionObserver0_N2al9LiveActorE
0x7101d1d680,0056,_ZTC20PlayerMotionObserver24_N2al15IUseStageSwitchE
0x7101d1d7a0,0024,_ZN12_GLOBAL__N_123NrvPlayerMotionObserverE
0x7101d1d7b8,0088,_ZTV21PlayerStartInfoHolder
0x7101d1d858,0472,_ZTV14PlayerStartObj
0x7101d1da70,0304,_ZTC14PlayerStartObj0_N2al9LiveActorE
0x7101d1dba0,0056,_ZTC14PlayerStartObj24_N2al15IUseStageSwitchE
0x7101d1dcd8,0008,_ZN12_GLOBAL__N_14WaitE
0x7101d1dd40,0032,_ZN12_GLOBAL__N_117NrvPlayerStartObjE
0x7101d1dd60,0472,_ZTV29PlayerSubjectiveWatchCheckObj
0x7101d1df80,0304,_ZTC29PlayerSubjectiveWatchCheckObj0_N2al9LiveActorE
0x7101d1e0b0,0056,_ZTC29PlayerSubjectiveWatchCheckObj24_N2al15IUseStageSwitchE
0x7101d1e1c8,0504,_ZTV14PlayGuideBoard
0x7101d1e400,0304,_ZTC14PlayGuideBoard0_N2al9LiveActorE
0x7101d1e530,0056,_ZTC14PlayGuideBoard24_N2al15IUseStageSwitchE
0x7101d1e688,0008,_ZN12_GLOBAL__N_15EventE
0x7101d1e6b0,0024,_ZN12_GLOBAL__N_117NrvPlayGuideBoardE
0x7101d1e6c8,0472,_ZTV12PlayRecorder
0x7101d1e8e0,0304,_ZTC12PlayRecorder0_N2al9LiveActorE
0x7101d1ea10,0056,_ZTC12PlayRecorder24_N2al15IUseStageSwitchE
0x7101d1ea88,0008,_ZN12_GLOBAL__N_16RecordE
0x7101d1eaa8,0472,_ZTV14PoleClimbParts
0x7101d1ecc0,0304,_ZTC14PoleClimbParts0_N2al9LiveActorE
0x7101d1edf0,0056,_ZTC14PoleClimbParts24_N2al15IUseStageSwitchE
0x7101d1ef10,0024,_ZN12_GLOBAL__N_117NrvPoleClimbPartsE
0x7101d1ef28,0472,_ZTV12PoleGrabCeil
0x7101d1f140,0304,_ZTC12PoleGrabCeil0_N2al9LiveActorE
0x7101d1f270,0056,_ZTC12PoleGrabCeil24_N2al15IUseStageSwitchE
0x7101d1f390,0024,_ZN12_GLOBAL__N_115NrvPoleGrabCeilE
0x7101d1f3a8,0472,_ZTV13PosterWatcher
0x7101d1f5c0,0304,_ZTC13PosterWatcher0_N2al9LiveActorE
0x7101d1f6f0,0056,_ZTC13PosterWatcher24_N2al15IUseStageSwitchE
0x7101d1f748,0472,_ZTV20PrePassCausticsLight
0x7101d1f980,0304,_ZTC20PrePassCausticsLight0_N2al25PrePassLightPlacementBaseINS_11LppCausticsEEE
0x7101d1fab0,0304,_ZTC20PrePassCausticsLight0_N2al9LiveActorE
0x7101d1fbe0,0056,_ZTC20PrePassCausticsLight24_N2al15IUseStageSwitchE
0x7101d1fc38,0048,_ZTVN2al10FunctorV0MIP20PrePassCausticsLightMS1_FvvEEE
0x7101d1fc88,0600,_ZTV32ProjectGraphicsObjShadowMaskCube
0x7101d1ff30,0304,_ZTC32ProjectGraphicsObjShadowMaskCube240_N2al9LiveActorE
0x7101d20060,0056,_ZTC32ProjectGraphicsObjShadowMaskCube264_N2al15IUseStageSwitchE
0x7101d200d8,0048,_ZTVN2al10FunctorV0MIP32ProjectGraphicsObjShadowMaskCubeMS1_FvvEEE
0x7101d20128,0472,_ZTV21ProjectRaceCheckPoint
0x7101d20340,0304,_ZTC21ProjectRaceCheckPoint0_N2al9LiveActorE
0x7101d20470,0056,_ZTC21ProjectRaceCheckPoint24_N2al15IUseStageSwitchE
0x7101d204c8,0056,_ZTV27ProjectRaceCheckPointHolder
0x7101d20518,0056,_ZTV19PropellerRotateCtrl
0x7101d20568,0472,_ZTV11PulseSwitch
0x7101d20780,0304,_ZTC11PulseSwitch0_N2al9LiveActorE
0x7101d208b0,0056,_ZTC11PulseSwitch24_N2al15IUseStageSwitchE
0x7101d20968,0008,_ZN12_GLOBAL__N_13OffE
0x7101d209c8,0048,_ZTVN2al10FunctorV0MIP11PulseSwitchMS1_FvvEEE
0x7101d20a18,0016,_ZN12_GLOBAL__N_114NrvPulseSwitchE
0x7101d20a28,0472,_ZTV7Pyramid
0x7101d20c40,0304,_ZTC7Pyramid0_N2al9LiveActorE
0x7101d20d70,0056,_ZTC7Pyramid24_N2al15IUseStageSwitchE
0x7101d20f08,0024,_ZTVN2al16DeriveActorGroupINS_9LiveActorEEE
0x7101d20f38,0472,_ZTV8QuestObj
0x7101d21150,0304,_ZTC8QuestObj0_N2al9LiveActorE
0x7101d21280,0056,_ZTC8QuestObj24_N2al15IUseStageSwitchE
0x7101d212d8,0048,_ZTVN2al10FunctorV0MIP8QuestObjMS1_FvvEEE
0x7101d21328,0552,_ZTV11RaceWatcher
0x7101d21590,0304,_ZTC11RaceWatcher0_N2al9LiveActorE
0x7101d216c0,0056,_ZTC11RaceWatcher24_N2al15IUseStageSwitchE
0x7101d21758,0008,_ZN12_GLOBAL__N_14WaitE
0x7101d21798,0008,_ZN12_GLOBAL__N_14RaceE
0x7101d217d8,0008,_ZN12_GLOBAL__N_16FinishE
0x7101d217f8,0552,_ZTV18RadiConRaceWatcher
0x7101d21a60,0304,_ZTC18RadiConRaceWatcher0_N2al9LiveActorE
0x7101d21b90,0056,_ZTC18RadiConRaceWatcher24_N2al15IUseStageSwitchE
0x7101d21c68,0008,_ZN12_GLOBAL__N_19CountDownE
0x7101d21da8,0008,_ZN12_GLOBAL__N_14RaceE
0x7101d21dd0,0040,_ZN12_GLOBAL__N_111NrvHostTypeE
0x7101d21df8,0472,_ZTV13RadioCassette
0x7101d22060,0304,_ZTC13RadioCassette0_N2al9LiveActorE
0x7101d22190,0056,_ZTC13RadioCassette24_N2al15IUseStageSwitchE
0x7101d22358,0008,_ZN12_GLOBAL__N_116ReactionNoiseEndE
0x7101d22380,0032,_ZN12_GLOBAL__N_116NrvRadioCassetteE
0x7101d223c0,0472,_ZTV6Radish
0x7101d225e0,0304,_ZTC6Radish0_N2al9LiveActorE
0x7101d22710,0056,_ZTC6Radish24_N2al15IUseStageSwitchE
0x7101d22b70,0128,_ZN12_GLOBAL__N_19NrvRadishE
0x7101d22bf0,0472,_ZTV13RailCollision
0x7101d22e10,0304,_ZTC13RailCollision0_N2al9LiveActorE
0x7101d22f40,0056,_ZTC13RailCollision24_N2al15IUseStageSwitchE
0x7101d23018,0048,_ZTVN2al10FunctorV0MIP13RailCollisionMS1_FvvEEE
0x7101d23068,0016,_ZN12_GLOBAL__N_116NrvRailCollisionE
0x7101d23078,0472,_ZTV10RailDrawer
0x7101d23290,0304,_ZTC10RailDrawer0_N2al9LiveActorE
0x7101d233c0,0056,_ZTC10RailDrawer24_N2al15IUseStageSwitchE
0x7101d23438,0008,_ZN12_GLOBAL__N_14WaitE
0x7101d23458,0024,_ZTVN2al16DeriveActorGroupI16RailDrawerVertexEE
0x7101d23488,0024,_ZTVN2al16DeriveActorGroupI14RailDrawerEdgeEE
0x7101d234b8,0472,_ZTV14RailDrawerEdge
0x7101d236d0,0304,_ZTC14RailDrawerEdge0_N2al9LiveActorE
0x7101d23800,0056,_ZTC14RailDrawerEdge24_N2al15IUseStageSwitchE
0x7101d23878,0008,_ZN12_GLOBAL__N_14WaitE
0x7101d23898,0472,_ZTV16RailDrawerVertex
0x7101d23ab0,0304,_ZTC16RailDrawerVertex0_N2al9LiveActorE
0x7101d23be0,0056,_ZTC16RailDrawerVertex24_N2al15IUseStageSwitchE
0x7101d23c58,0008,_ZN12_GLOBAL__N_14WaitE
0x7101d23c78,0472,_ZTV16ReactionMapParts
0x7101d23e90,0304,_ZTC16ReactionMapParts0_N2al9LiveActorE
0x7101d23fc0,0056,_ZTC16ReactionMapParts24_N2al15IUseStageSwitchE
0x7101d24038,0008,_ZN12_GLOBAL__N_14WaitE
0x7101d24078,0008,_ZN12_GLOBAL__N_18ReactionE
0x7101d24238,0472,_ZTV14ReactionObject
0x7101d24450,0304,_ZTC14ReactionObject0_N2al9LiveActorE
0x7101d24580,0056,_ZTC14ReactionObject24_N2al15IUseStageSwitchE
0x7101d245f8,0008,_ZN12_GLOBAL__N_19CapAttackE
0x7101d24638,0008,_ZN12_GLOBAL__N_17TrampleE
0x7101d24678,0008,_ZN12_GLOBAL__N_17HipDropE
0x7101d246b8,0008,_ZN12_GLOBAL__N_19ExplosionE
0x7101d246f8,0008,_ZN12_GLOBAL__N_16ObjHitE
0x7101d24738,0008,_ZN12_GLOBAL__N_18FireBallE
0x7101d24778,0008,_ZN12_GLOBAL__N_111EnemyAttackE
0x7101d247b8,0008,_ZN12_GLOBAL__N_18EnemyHitE
0x7101d247f8,0008,_ZN12_GLOBAL__N_110UpperPunchE
0x7101d24838,0008,_ZN12_GLOBAL__N_17RollingE
0x7101d24878,0008,_ZN12_GLOBAL__N_19PlayerHitE
0x7101d248b8,0008,_ZN12_GLOBAL__N_14KickE
0x7101d248f8,0008,_ZN12_GLOBAL__N_18SwitchOnE
0x7101d249d8,0048,_ZTVN2al10FunctorV0MIP14ReactionObjectMS1_FvvEEE
0x7101d24a30,0024,_ZN12_GLOBAL__N_117NrvReactionObjectE
0x7101d24a48,0472,_ZTV26ReactionObjectCarBreakable
0x7101d24c80,0304,_ZTC26ReactionObjectCarBreakable0_14ReactionObject
0x7101d24db0,0304,_ZTC26ReactionObjectCarBreakable0_N2al9LiveActorE
0x7101d24ee0,0056,_ZTC26ReactionObjectCarBreakable24_N2al15IUseStageSwitchE
0x7101d24f38,0472,_ZTV20ReactionObjectPoster
0x7101d25170,0304,_ZTC20ReactionObjectPoster0_14ReactionObject
0x7101d252a0,0304,_ZTC20ReactionObjectPoster0_N2al9LiveActorE
0x7101d253d0,0056,_ZTC20ReactionObjectPoster24_N2al15IUseStageSwitchE
0x7101d25428,0472,_ZTV23ReactionObjectSkyRhythm
0x7101d25660,0304,_ZTC23ReactionObjectSkyRhythm0_14ReactionObject
0x7101d25790,0304,_ZTC23ReactionObjectSkyRhythm0_N2al9LiveActorE
0x7101d258c0,0056,_ZTC23ReactionObjectSkyRhythm24_N2al15IUseStageSwitchE
0x7101d25918,0080,_ZTV23ReactionObjectStateBlow
0x7101d25988,0576,_ZTV17RhyhtmInfoWatcher
0x7101d25c10,0304,_ZTC17RhyhtmInfoWatcher0_N2al9LiveActorE
0x7101d25d40,0056,_ZTC17RhyhtmInfoWatcher24_N2al15IUseStageSwitchE
0x7101d25db8,0472,_ZTV15RhythmSpotlight
0x7101d25fd0,0304,_ZTC15RhythmSpotlight0_N2al9LiveActorE
0x7101d26100,0056,_ZTC15RhythmSpotlight24_N2al15IUseStageSwitchE
0x7101d26178,0008,_ZN12_GLOBAL__N_18RotatingE
0x7101d261b8,0472,_ZTV12RiseMapParts
0x7101d263d0,0304,_ZTC12RiseMapParts0_N2al9LiveActorE
0x7101d26500,0056,_ZTC12RiseMapParts24_N2al15IUseStageSwitchE
0x7101d266c8,0472,_ZTV18RiseMapPartsHolder
0x7101d268e0,0304,_ZTC18RiseMapPartsHolder0_N2al9LiveActorE
0x7101d26a10,0056,_ZTC18RiseMapPartsHolder24_N2al15IUseStageSwitchE
0x7101d26be8,0024,_ZTVN2al16DeriveActorGroupI12RiseMapPartsEE
0x7101d26c18,0048,_ZTVN2al10FunctorV0MIP18RiseMapPartsHolderMS1_FvvEEE
0x7101d26c70,0048,_ZN12_GLOBAL__N_121NrvRiseMapPartsHolderE
0x7101d26ca0,0472,_ZTV15RiseMapPartsOld
0x7101d26ec0,0304,_ZTC15RiseMapPartsOld0_N2al9LiveActorE
0x7101d26ff0,0056,_ZTC15RiseMapPartsOld24_N2al15IUseStageSwitchE
0x7101d27068,0008,_ZN12_GLOBAL__N_14WaitE
0x7101d27108,0048,_ZTVN2al10FunctorV0MIP15RiseMapPartsOldMS1_FvvEEE
0x7101d27158,0016,_ZN12_GLOBAL__N_118NrvRiseMapPartsOldE
0x7101d27168,0472,_ZTV12RocketFlower
0x7101d27380,0304,_ZTC12RocketFlower0_N2al9LiveActorE
0x7101d274b0,0056,_ZTC12RocketFlower24_N2al15IUseStageSwitchE
0x7101d27650,0040,_ZN12_GLOBAL__N_115NrvRocketFlowerE
0x7101d27678,0552,_ZTV24RocketFlowerEquipWatcher
0x7101d278e0,0304,_ZTC24RocketFlowerEquipWatcher0_N2al9LiveActorE
0x7101d27a10,0056,_ZTC24RocketFlowerEquipWatcher24_N2al15IUseStageSwitchE
0x7101d27b08,0016,_ZN12_GLOBAL__N_127NrvRocketFlowerEquipWatcherE
0x7101d27b18,0472,_ZTV17RotateTargetParts
0x7101d27d30,0472,_ZTV12RotateTarget
0x7101d27f50,0304,_ZTC17RotateTargetParts0_N2al9LiveActorE
0x7101d28080,0056,_ZTC17RotateTargetParts24_N2al15IUseStageSwitchE
0x7101d280e0,0304,_ZTC12RotateTarget0_N2al9LiveActorE
0x7101d28210,0056,_ZTC12RotateTarget24_N2al15IUseStageSwitchE
0x7101d28368,0048,_ZTVN2al10FunctorV0MIP12RotateTargetMS1_FvvEEE
0x7101d283b8,0472,_ZTV14RouletteSwitch
0x7101d285d0,0304,_ZTC14RouletteSwitch0_N2al9LiveActorE
0x7101d28700,0056,_ZTC14RouletteSwitch24_N2al15IUseStageSwitchE
0x7101d28778,0008,_ZN12_GLOBAL__N_117NrvRouletteSwitchE
0x7101d28798,0592,_ZTV15RouteGuideArrow
0x7101d28a30,0304,_ZTC15RouteGuideArrow0_N2al9LiveActorE
0x7101d28b60,0056,_ZTC15RouteGuideArrow24_N2al15IUseStageSwitchE
0x7101d28bf8,0056,_ZTV19RouteGuideArrowBase
0x7101d28c30,0048,_ZTVN2al10FunctorV0MIP15RouteGuideArrowMS1_FvvEEE
0x7101d28c78,0024,_ZTV20RouteGuideAreaFinder
0x7101d28c90,0560,_ZTV18RouteGuideDirector
0x7101d28f30,0304,_ZTC18RouteGuideDirector0_N2al9LiveActorE
0x7101d29060,0056,_ZTC18RouteGuideDirector24_N2al15IUseStageSwitchE
0x7101d290f8,0008,_ZN12_GLOBAL__N_13OffE
0x7101d29138,0008,_ZN12_GLOBAL__N_12OnE
0x7101d29158,0472,_ZTV19RouteGuideHeadArrow
0x7101d29370,0304,_ZTC19RouteGuideHeadArrow0_N2al9LiveActorE
0x7101d294a0,0056,_ZTC19RouteGuideHeadArrow24_N2al15IUseStageSwitchE
0x7101d295c0,0024,_ZN12_GLOBAL__N_122NrvRouteGuideHeadArrowE
0x7101d295d8,0096,_ZTV15RouteGuidePoint
0x7101d29678,0096,_ZTV20RouteGuidePointTrans
0x7101d29700,0096,_ZTC20RouteGuidePointTrans0_15RouteGuidePoint
0x7101d29778,0096,_ZTV23RouteGuidePointTransPtr
0x7101d29800,0096,_ZTC23RouteGuidePointTransPtr0_15RouteGuidePoint
0x7101d29878,0096,_ZTV20RouteGuidePointActor
0x7101d29900,0096,_ZTC20RouteGuidePointActor0_15RouteGuidePoint
0x7101d29978,0472,_ZTV14RouteGuideRail
0x7101d29b90,0304,_ZTC14RouteGuideRail0_N2al9LiveActorE
0x7101d29cc0,0056,_ZTC14RouteGuideRail24_N2al15IUseStageSwitchE
0x7101d29d38,0008,_ZN12_GLOBAL__N_14KillE
0x7101d29d78,0008,_ZN12_GLOBAL__N_16AppearE
0x7101d29d98,0024,_ZTVN2al16DeriveActorGroupI19RouteGuideRailArrowEE
0x7101d29dc8,0024,_ZTVN2al35RailPlacementCallFunctorClassMemberIP14RouteGuideRailMS1_FvRKN4sead7Vector3IfEEifEEE
0x7101d29df8,0048,_ZTVN2al10FunctorV0MIP14RouteGuideRailMS1_FvvEEE
0x7101d29e48,0584,_ZTV19RouteGuideRailArrow
0x7101d2a0d0,0304,_ZTC19RouteGuideRailArrow0_N2al9LiveActorE
0x7101d2a200,0056,_ZTC19RouteGuideRailArrow24_N2al15IUseStageSwitchE
0x7101d2a288,0472,_ZTV10SandGeyser
0x7101d2a4a0,0304,_ZTC10SandGeyser0_N2al9LiveActorE
0x7101d2a5d0,0056,_ZTC10SandGeyser24_N2al15IUseStageSwitchE
0x7101d2a648,0008,_ZN12_GLOBAL__N_14WaitE
0x7101d2a688,0008,_ZN12_GLOBAL__N_17UpStartE
0x7101d2a6c8,0008,_ZN12_GLOBAL__N_16UpLoopE
0x7101d2a708,0008,_ZN12_GLOBAL__N_16UpWaitE
0x7101d2a748,0008,_ZN12_GLOBAL__N_15UpEndE
0x7101d2a788,0008,_ZN12_GLOBAL__N_19UpEndWaitE
0x7101d2a7a8,0472,_ZTV17SandWorldHomeLift
0x7101d2a9c0,0304,_ZTC17SandWorldHomeLift0_N2al9LiveActorE
0x7101d2aaf0,0056,_ZTC17SandWorldHomeLift24_N2al15IUseStageSwitchE
0x7101d2ae08,0048,_ZTVN2al10FunctorV0MIP17SandWorldHomeLiftMS1_FvvEEE
0x7101d2ae58,0472,_ZTV8SaucePan
0x7101d2b070,0304,_ZTC8SaucePan0_N2al9LiveActorE
0x7101d2b1a0,0056,_ZTC8SaucePan24_N2al15IUseStageSwitchE
0x7101d2b3c0,0056,_ZN12_GLOBAL__N_111NrvSaucePanE
0x7101d2b3f8,0472,_ZTV16SaveFlagCheckObj
0x7101d2b610,0304,_ZTC16SaveFlagCheckObj0_N2al9LiveActorE
0x7101d2b740,0056,_ZTC16SaveFlagCheckObj24_N2al15IUseStageSwitchE
0x7101d2b798,0472,_ZTV18SenobiMoveMapParts
0x7101d2b9b0,0304,_ZTC18SenobiMoveMapParts0_N2al9LiveActorE
0x7101d2bae0,0056,_ZTC18SenobiMoveMapParts24_N2al15IUseStageSwitchE
0x7101d2bb98,0008,_ZN12_GLOBAL__N_14MoveE
0x7101d2bc58,0008,_ZN12_GLOBAL__N_14BackE
0x7101d2bc80,0024,_ZN12_GLOBAL__N_111NrvHostTypeE
0x7101d2bc98,0472,_ZTV27SenobiMoveMapPartsConnector
0x7101d2beb0,0304,_ZTC27SenobiMoveMapPartsConnector0_N2al9LiveActorE
0x7101d2bfe0,0056,_ZTC27SenobiMoveMapPartsConnector24_N2al15IUseStageSwitchE
0x7101d2c038,0472,_ZTV16SequentialSwitch
0x7101d2c250,0304,_ZTC16SequentialSwitch0_N2al9LiveActorE
0x7101d2c380,0056,_ZTC16SequentialSwitch24_N2al15IUseStageSwitchE
0x7101d2c3d8,0048,_ZTVN2al10FunctorV0MIP16SequentialSwitchMS1_FvvEEE
0x7101d2c428,0472,_ZTV18ShineTowerBackDoor
0x7101d2c640,0304,_ZTC18ShineTowerBackDoor0_N2al9LiveActorE
0x7101d2c770,0056,_ZTC18ShineTowerBackDoor24_N2al15IUseStageSwitchE
0x7101d2c8d0,0032,_ZN12_GLOBAL__N_121NrvShineTowerBackDoorE
0x7101d2c8f0,0576,_ZTV16ShineTowerRocket
0x7101d2cba0,0304,_ZTC16ShineTowerRocket0_N2al9LiveActorE
0x7101d2ccd0,0056,_ZTC16ShineTowerRocket24_N2al15IUseStageSwitchE
0x7101d2cd58,0472,_ZTV11DamageModel
0x7101d2cf70,0304,_ZTC11DamageModel0_N2al9LiveActorE
0x7101d2d0a0,0056,_ZTC11DamageModel24_N2al15IUseStageSwitchE
0x7101d2d138,0472,_ZTV9DemoShine
0x7101d2d350,0304,_ZTC9DemoShine0_N2al9LiveActorE
0x7101d2d480,0056,_ZTC9DemoShine24_N2al15IUseStageSwitchE
0x7101d2d4d8,0472,_ZTV23ShineTowerGlobeAnimCtrl
0x7101d2d6f0,0304,_ZTC23ShineTowerGlobeAnimCtrl0_N2al9LiveActorE
0x7101d2d820,0056,_ZTC23ShineTowerGlobeAnimCtrl24_N2al15IUseStageSwitchE
0x7101d2dd58,0008,_ZN12_GLOBAL__N_124DemoWaitAfterAppearShineE
0x7101d2de18,0008,_ZN12_GLOBAL__N_111DemoScaleUpE
0x7101d2df18,0008,_ZN12_GLOBAL__N_111DemoMeterUpE
0x7101d2df58,0008,_ZN12_GLOBAL__N_115DemoMeterUpPostE
0x7101d2dfd8,0008,_ZN12_GLOBAL__N_111DemoUpLevelE
0x7101d2e018,0008,_ZN12_GLOBAL__N_117DemoInformPowerUpE
0x7101d2e058,0008,_ZN12_GLOBAL__N_124DemoInformPowerUpMessageE
0x7101d2e0d8,0008,_ZN12_GLOBAL__N_117DemoKoopaShipFadeE
0x7101d2e118,0008,_ZN12_GLOBAL__N_18WorldMapE
0x7101d2e158,0008,_ZN12_GLOBAL__N_119DemoUpLevelWaitFadeE
0x7101d2e198,0008,_ZN12_GLOBAL__N_119DemoUpLevelOpenFadeE
0x7101d2e1d8,0008,_ZN12_GLOBAL__N_117DemoInformNewHomeE
0x7101d2e298,0008,_ZN12_GLOBAL__N_131DemoInformCompleteShineFadeWaitE
0x7101d2e2d8,0008,_ZN12_GLOBAL__N_130DemoInformCompleteShineFadeOutE
0x7101d2e318,0008,_ZN12_GLOBAL__N_123DemoInformCompleteShineE
0x7101d2e398,0008,_ZN12_GLOBAL__N_129DemoAppearPlayerFromHomeAfterE
0x7101d2e418,0008,_ZN12_GLOBAL__N_124DemoAppearPlayerFromHomeE
0x7101d2e458,0008,_ZN12_GLOBAL__N_116DemoReturnToHomeE
0x7101d2e4b8,0024,_ZTVN2al16DeriveActorGroupI9CapHangerEE
0x7101d2e4e8,0048,_ZTVN2al10FunctorV0MIP16ShineTowerRocketMS1_FvvEEE
0x7101d2e538,0024,_ZTVN2al16DeriveActorGroupI9DemoShineEE
0x7101d2e570,0256,_ZN12_GLOBAL__N_119NrvShineTowerRocketE
0x7101d2e670,0064,_ZTV10ShopCamera
0x7101d2e7f0,0032,_ZN12_GLOBAL__N_113NrvShopCameraE
0x7101d2e810,0472,_ZTV8ShopMark
0x7101d2ea30,0304,_ZTC8ShopMark0_N2al9LiveActorE
0x7101d2eb60,0056,_ZTC8ShopMark24_N2al15IUseStageSwitchE
0x7101d2ebb8,0536,_ZTV15ShoppingWatcher
0x7101d2ee30,0304,_ZTC15ShoppingWatcher0_N2al9LiveActorE
0x7101d2ef60,0056,_ZTC15ShoppingWatcher24_N2al15IUseStageSwitchE
0x7101d2eff8,0024,_ZTVN2al20IEventFlowQueryJudgeE
0x7101d2f2a8,0008,_ZN12_GLOBAL__N_13EndE
0x7101d2f2d0,0072,_ZN12_GLOBAL__N_118NrvShoppingWatcherE
0x7101d2f318,0080,_ZTV24ShoppingWatcherStateWear
0x7101d2f448,0008,_ZN12_GLOBAL__N_16ActionE
0x7101d2f468,0016,_ZN12_GLOBAL__N_127NrvShoppingWatcherStateWearE
0x7101d2f478,0080,_ZTV15ShopStateInShop
0x7101d2f628,0008,_ZN12_GLOBAL__N_15HelloE
0x7101d2f668,0008,_ZN12_GLOBAL__N_19HelloWaitE
0x7101d2f728,0008,_ZN12_GLOBAL__N_116HelloNewItemWaitE
0x7101d2f768,0008,_ZN12_GLOBAL__N_16SelectE
0x7101d2f828,0008,_ZN12_GLOBAL__N_115CheckBuyExplainE
0x7101d2f868,0008,_ZN12_GLOBAL__N_18CheckBuyE
0x7101d2f8a8,0008,_ZN12_GLOBAL__N_115CheckBuyEndWaitE
0x7101d2f968,0008,_ZN12_GLOBAL__N_17BuyWaitE
0x7101d2fb68,0008,_ZN12_GLOBAL__N_18WearWaitE
0x7101d2fba8,0008,_ZN12_GLOBAL__N_19PreSelectE
0x7101d2fbe8,0008,_ZN12_GLOBAL__N_112ThankYouWaitE
0x7101d2fca8,0008,_ZN12_GLOBAL__N_19EndLayoutE
0x7101d2fcd0,0152,_ZN12_GLOBAL__N_118NrvShopStateInShopE
0x7101d2fd68,0080,_ZTV22ShopStateSelectInvalid
0x7101d2fe18,0008,_ZN12_GLOBAL__N_16DecideE
0x7101d2fe58,0008,_ZN12_GLOBAL__N_18ShowTextE
0x7101d2fe98,0008,_ZN12_GLOBAL__N_113AppearExplainE
0x7101d2feb8,0472,_ZTV9SignBoard
0x7101d300d0,0304,_ZTC9SignBoard0_N2al9LiveActorE
0x7101d30200,0056,_ZTC9SignBoard24_N2al15IUseStageSwitchE
0x7101d30278,0008,_ZN12_GLOBAL__N_14WaitE
0x7101d302b8,0008,_ZN12_GLOBAL__N_18ReactionE
0x7101d302d8,0472,_ZTV13SignBoardBlow
0x7101d304f0,0304,_ZTC13SignBoardBlow0_N2al9LiveActorE
0x7101d30620,0056,_ZTC13SignBoardBlow24_N2al15IUseStageSwitchE
0x7101d30698,0008,_ZN12_GLOBAL__N_14WaitE
0x7101d306d8,0008,_ZN12_GLOBAL__N_14BlowE
0x7101d306f8,0472,_ZTV15SignBoardDanger
0x7101d30910,0304,_ZTC15SignBoardDanger0_N2al9LiveActorE
0x7101d30a40,0056,_ZTC15SignBoardDanger24_N2al15IUseStageSwitchE
0x7101d30b60,0024,_ZN12_GLOBAL__N_118NrvSignBoardDangerE
0x7101d30b78,0472,_ZTV22SignBoardLayoutTexture
0x7101d30d90,0304,_ZTC22SignBoardLayoutTexture0_N2al9LiveActorE
0x7101d30ec0,0056,_ZTC22SignBoardLayoutTexture24_N2al15IUseStageSwitchE
0x7101d30f18,0048,_ZTVN2al10FunctorV0MIP22SignBoardLayoutTextureMS1_FvvEEE
0x7101d30f68,0472,_ZTV25SkyFukankunZoomCapMessage
0x7101d311a0,0304,_ZTC25SkyFukankunZoomCapMessage0_N2al3SkyE
0x7101d312d0,0304,_ZTC25SkyFukankunZoomCapMessage0_N2al9LiveActorE
0x7101d31400,0056,_ZTC25SkyFukankunZoomCapMessage24_N2al15IUseStageSwitchE
0x7101d31458,0472,_ZTV13SkyWorldCloud
0x7101d31670,0304,_ZTC13SkyWorldCloud0_N2al9LiveActorE
0x7101d317a0,0056,_ZTC13SkyWorldCloud24_N2al15IUseStageSwitchE
0x7101d31838,0472,_ZTV17SkyWorldKoopaFire
0x7101d31a50,0304,_ZTC17SkyWorldKoopaFire0_N2al9LiveActorE
0x7101d31b80,0056,_ZTC17SkyWorldKoopaFire24_N2al15IUseStageSwitchE
0x7101d31c58,0048,_ZTVN2al10FunctorV0MIP17SkyWorldKoopaFireMS1_FvvEEE
0x7101d31ca8,0472,_ZTV18SkyWorldKoopaFrame
0x7101d31ec0,0304,_ZTC18SkyWorldKoopaFrame0_N2al9LiveActorE
0x7101d31ff0,0056,_ZTC18SkyWorldKoopaFrame24_N2al15IUseStageSwitchE
0x7101d32128,0008,_ZN12_GLOBAL__N_114FallNoColliderE
0x7101d32168,0008,_ZN12_GLOBAL__N_111FallEndWaitE
0x7101d32190,0024,_ZN12_GLOBAL__N_121NrvSkyWorldKoopaFrameE
0x7101d321a8,0472,_ZTV23SkyWorldMiddleViewCloud
0x7101d323e0,0304,_ZTC23SkyWorldMiddleViewCloud0_N2al3SkyE
0x7101d32510,0304,_ZTC23SkyWorldMiddleViewCloud0_N2al9LiveActorE
0x7101d32640,0056,_ZTC23SkyWorldMiddleViewCloud24_N2al15IUseStageSwitchE
0x7101d32698,0472,_ZTV11SneakingMan
0x7101d328b0,0304,_ZTC11SneakingMan0_N2al9LiveActorE
0x7101d329e0,0056,_ZTC11SneakingMan24_N2al15IUseStageSwitchE
0x7101d32db8,0472,_ZTV10SnowVolume
0x7101d32fd0,0304,_ZTC10SnowVolume0_N2al9LiveActorE
0x7101d33100,0056,_ZTC10SnowVolume24_N2al15IUseStageSwitchE
0x7101d33158,0472,_ZTV16SnowVolumeEraser
0x7101d33370,0304,_ZTC16SnowVolumeEraser0_N2al9LiveActorE
0x7101d334a0,0056,_ZTC16SnowVolumeEraser24_N2al15IUseStageSwitchE
0x7101d33518,0008,_ZN12_GLOBAL__N_16AppearE
0x7101d33538,0048,_ZTVN2al10FunctorV0MIP16SnowVolumeEraserMS1_FvvEEE
0x7101d33588,0472,_ZTV18SnowWorldBigIcicle
0x7101d337a0,0304,_ZTC18SnowWorldBigIcicle0_N2al9LiveActorE
0x7101d338d0,0056,_ZTC18SnowWorldBigIcicle24_N2al15IUseStageSwitchE
0x7101d33aa8,0024,_ZTVN2al16DeriveActorGroupI10IcicleFallEE
0x7101d33ad8,0472,_ZTV29SnowWorldSequenceFlagCheckObj
0x7101d33cf0,0304,_ZTC29SnowWorldSequenceFlagCheckObj0_N2al9LiveActorE
0x7101d33e20,0056,_ZTC29SnowWorldSequenceFlagCheckObj24_N2al15IUseStageSwitchE
0x7101d33e98,0008,_ZN12_GLOBAL__N_14WaitE
0x7101d33eb8,0472,_ZTV8Souvenir
0x7101d340d0,0304,_ZTC8Souvenir0_N2al9LiveActorE
0x7101d34200,0056,_ZTC8Souvenir24_N2al15IUseStageSwitchE
0x7101d342d8,0016,_ZN12_GLOBAL__N_111NrvSouvenirE
0x7101d342e8,0472,_ZTV16SouvenirDirector
0x7101d34500,0304,_ZTC16SouvenirDirector0_N2al9LiveActorE
0x7101d34630,0056,_ZTC16SouvenirDirector24_N2al15IUseStageSwitchE
0x7101d346e0,0008,_ZN12_GLOBAL__N_14WaitE
0x7101d34700,0472,_ZTV12SpaceShuttle
0x7101d34920,0304,_ZTC12SpaceShuttle0_N2al9LiveActorE
0x7101d34a50,0056,_ZTC12SpaceShuttle24_N2al15IUseStageSwitchE
0x7101d34cb0,0064,_ZN12_GLOBAL__N_115NrvSpaceShuttleE
0x7101d34cf0,0472,_ZTV17SpaceShuttleChild
0x7101d34f10,0304,_ZTC17SpaceShuttleChild0_N2al9LiveActorE
0x7101d35040,0056,_ZTC17SpaceShuttleChild24_N2al15IUseStageSwitchE
0x7101d350b8,0008,_ZN12_GLOBAL__N_14WaitE
0x7101d350d8,0472,_ZTV20Special2KeyMoveParts
0x7101d352f0,0496,_ZTV19Special2KeyMoveLift
0x7101d35540,0304,_ZTC20Special2KeyMoveParts0_N2al9LiveActorE
0x7101d35670,0056,_ZTC20Special2KeyMoveParts24_N2al15IUseStageSwitchE
0x7101d356d0,0328,_ZTC19Special2KeyMoveLift0_N2al15KeyMoveMapPartsE
0x7101d35820,0304,_ZTC19Special2KeyMoveLift0_N2al9LiveActorE
0x7101d35950,0056,_ZTC19Special2KeyMoveLift24_N2al15IUseStageSwitchE
0x7101d35b28,0048,_ZTVN2al10FunctorV0MIP20Special2KeyMovePartsMS1_FvvEEE
0x7101d35b78,0472,_ZTV30SphinxRideMiniGameObjGenerator
0x7101d35d90,0304,_ZTC30SphinxRideMiniGameObjGenerator0_N2al9LiveActorE
0x7101d35ec0,0056,_ZTC30SphinxRideMiniGameObjGenerator24_N2al15IUseStageSwitchE
0x7101d35f38,0008,_ZN12_GLOBAL__N_14WaitE
0x7101d35f58,0472,_ZTV17SphinxTaxiWatcher
0x7101d36170,0304,_ZTC17SphinxTaxiWatcher0_N2al9LiveActorE
0x7101d362a0,0056,_ZTC17SphinxTaxiWatcher24_N2al15IUseStageSwitchE
0x7101d36318,0008,_ZN12_GLOBAL__N_14WaitE
0x7101d36358,0008,_ZN12_GLOBAL__N_110PlayerBindE
0x7101d36378,0472,_ZTV19StageSwitchSelector
0x7101d36590,0304,_ZTC19StageSwitchSelector0_N2al9LiveActorE
0x7101d366c0,0056,_ZTC19StageSwitchSelector24_N2al15IUseStageSwitchE
0x7101d367b8,0008,_ZN12_GLOBAL__N_118WaitDelaySwitchingE
0x7101d367d8,0016,_ZN12_GLOBAL__N_122NrvStageSwitchSelectorE
0x7101d367e8,0472,_ZTV5Stake
0x7101d36a00,0304,_ZTC5Stake0_N2al9LiveActorE
0x7101d36b30,0056,_ZTC5Stake24_N2al15IUseStageSwitchE
0x7101d36ca8,0008,_ZN12_GLOBAL__N_16OnWaitE
0x7101d36cc8,0048,_ZTVN2al10FunctorV0MIP5StakeMS1_FvvEEE
0x7101d36d20,0032,_ZN12_GLOBAL__N_18NrvStakeE
0x7101d36d40,0080,_ZTV18StateCarCalcCourse
0x7101d36d90,0004,_ZN22CarTireJointController13sJointCtrlNumE
0x7101d36e80,0024,_ZN12_GLOBAL__N_121NrvStateCarCalcCourseE
0x7101d36e98,0080,_ZTV23StateMapPartsForceReset
0x7101d36f28,0008,_ZN12_GLOBAL__N_18ResetEndE
0x7101d36f68,0008,_ZN12_GLOBAL__N_15ResetE
0x7101d36f88,0080,_ZTV21StateSimpleDemoCamera
0x7101d37018,0008,_ZN12_GLOBAL__N_119WaitCameraInterpoleE
0x7101d37038,0472,_ZTV6Statue
0x7101d37250,0304,_ZTC6Statue0_N2al9LiveActorE
0x7101d37380,0056,_ZTC6Statue24_N2al15IUseStageSwitchE
0x7101d37620,0008,_ZN12_GLOBAL__N_14WaitE
0x7101d37628,0064,_ZN12_GLOBAL__N_111NrvHostTypeE
0x7101d37668,0472,_ZTV14StatueSnapMark
0x7101d37880,0304,_ZTC14StatueSnapMark0_N2al9LiveActorE
0x7101d379b0,0056,_ZTC14StatueSnapMark24_N2al15IUseStageSwitchE
0x7101d37aa8,0008,_ZN12_GLOBAL__N_14DoneE
0x7101d37ac8,0016,_ZN12_GLOBAL__N_111NrvHostTypeE
0x7101d37ad8,0112,_ZTV15StatueStateHack
0x7101d37d58,0008,_ZN12_GLOBAL__N_16DamageE
0x7101d37d80,0048,_ZN12_GLOBAL__N_111NrvHostTypeE
0x7101d37db0,0472,_ZTV33SubActorLodFixPartsScenarioAction
0x7101d37fd0,0304,_ZTC33SubActorLodFixPartsScenarioAction0_N2al9LiveActorE
0x7101d38100,0056,_ZTC33SubActorLodFixPartsScenarioAction24_N2al15IUseStageSwitchE
0x7101d38158,0048,_ZTVN2al10FunctorV0MIP33SubActorLodFixPartsScenarioActionMS1_FvvEEE
0x7101d381a8,0472,_ZTV9SwitchAnd
0x7101d383c0,0304,_ZTC9SwitchAnd0_N2al9LiveActorE
0x7101d384f0,0056,_ZTC9SwitchAnd24_N2al15IUseStageSwitchE
0x7101d38548,0048,_ZTVN2al10FunctorV0MIP9SwitchAndMS1_FvvEEE
0x7101d38598,0472,_ZTVN2al21SwitchKeyMoveMapPartsE
0x7101d387b0,0304,_ZTCN2al21SwitchKeyMoveMapPartsE0_NS_9LiveActorE
0x7101d388e0,0056,_ZTCN2al21SwitchKeyMoveMapPartsE24_NS_15IUseStageSwitchE
0x7101d38ab8,0048,_ZTVN2al10FunctorV0MIPNS_21SwitchKeyMoveMapPartsEMS1_FvvEEE
0x7101d38b08,0200,_ZTV23TalkMessageInfoDirector
0x7101d38fd0,0112,_ZN12_GLOBAL__N_126NrvTalkMessageInfoDirectorE
0x7101d39040,0080,_ZTV41TalkMessageInfoDirectorStateAppearMessage
0x7101d39210,0040,_ZN12_GLOBAL__N_144NrvTalkMessageInfoDirectorStateAppearMessageE
0x7101d39238,0080,_ZTV48TalkMessageInfoDirectorStateAppearWaitEndMessage
0x7101d392c8,0008,_ZN12_GLOBAL__N_16AppearE
0x7101d39308,0008,_ZN12_GLOBAL__N_14WaitE
0x7101d39348,0008,_ZN12_GLOBAL__N_13EndE
0x7101d39368,0472,_ZTV19TalkMessageInfoMoon
0x7101d39580,0304,_ZTC19TalkMessageInfoMoon0_N2al9LiveActorE
0x7101d396b0,0056,_ZTC19TalkMessageInfoMoon24_N2al15IUseStageSwitchE
0x7101d39708,0024,_ZTV20TalkMessageInfoParam
0x7101d39758,0048,_ZTVN2al10FunctorV0MIP20TalkMessageInfoParamMS1_FvvEEE
0x7101d397a8,0504,_ZTV20TalkMessageInfoPoint
0x7101d399e0,0304,_ZTC20TalkMessageInfoPoint0_N2al9LiveActorE
0x7101d39b10,0056,_ZTC20TalkMessageInfoPoint24_N2al15IUseStageSwitchE
0x7101d39c28,0008,_ZN12_GLOBAL__N_126WaitDelayInformationWindowE
0x7101d39cd0,0032,_ZN12_GLOBAL__N_123NrvTalkMessageInfoPointE
0x7101d39cf0,0472,_ZTV34TalkMessageInfoPointCameraEyePoint
0x7101d39f10,0304,_ZTC34TalkMessageInfoPointCameraEyePoint0_N2al9LiveActorE
0x7101d3a040,0056,_ZTC34TalkMessageInfoPointCameraEyePoint24_N2al15IUseStageSwitchE
0x7101d3a098,0472,_ZTV27TalkMessageInfoPointSaveObj
0x7101d3a2b0,0304,_ZTC27TalkMessageInfoPointSaveObj0_N2al9LiveActorE
0x7101d3a3e0,0056,_ZTC27TalkMessageInfoPointSaveObj24_N2al15IUseStageSwitchE
0x7101d3a438,0472,_ZTV9TalkPoint
0x7101d3a650,0304,_ZTC9TalkPoint0_N2al9LiveActorE
0x7101d3a780,0056,_ZTC9TalkPoint24_N2al15IUseStageSwitchE
0x7101d3a7f8,0008,_ZN12_GLOBAL__N_14WaitE
0x7101d3a818,0536,_ZTV8TaxiStop
0x7101d3aa70,0304,_ZTC8TaxiStop0_N2al9LiveActorE
0x7101d3aba0,0056,_ZTC8TaxiStop24_N2al15IUseStageSwitchE
0x7101d3ae08,0008,_ZN12_GLOBAL__N_110PlayerBindE
0x7101d3ae30,0056,_ZN12_GLOBAL__N_111NrvTaxiStopE
0x7101d3ae68,0472,_ZTV13TestMusaBlock
0x7101d3b0d0,0304,_ZTC13TestMusaBlock0_N2al9LiveActorE
0x7101d3b200,0056,_ZTC13TestMusaBlock24_N2al15IUseStageSwitchE
0x7101d3bca0,0472,_ZTV22TestMusaBlockGenerator
0x7101d3bec0,0304,_ZTC22TestMusaBlockGenerator0_N2al9LiveActorE
0x7101d3bff0,0056,_ZTC22TestMusaBlockGenerator24_N2al15IUseStageSwitchE
0x7101d3c068,0008,_ZN12_GLOBAL__N_14WaitE
0x7101d3c0a8,0008,_ZN12_GLOBAL__N_14HideE
0x7101d3c0c8,0048,_ZTVN2al10FunctorV0MIP22TestMusaBlockGeneratorMS1_FvvEEE
0x7101d3c118,0472,_ZTV16TestMusaBlockObj
0x7101d3c330,0304,_ZTC16TestMusaBlockObj0_N2al9LiveActorE
0x7101d3c460,0056,_ZTC16TestMusaBlockObj24_N2al15IUseStageSwitchE
0x7101d3c4b8,0472,_ZTV13TestMusaGraph
0x7101d3c6d0,0304,_ZTC13TestMusaGraph0_N2al9LiveActorE
0x7101d3c800,0056,_ZTC13TestMusaGraph24_N2al15IUseStageSwitchE
0x7101d3c878,0008,_ZN12_GLOBAL__N_116NrvTestMusaGraphE
0x7101d3c898,0560,_ZTV21TestStageTimeDirector
0x7101d3cb10,0304,_ZTC21TestStageTimeDirector0_N2al9LiveActorE
0x7101d3cc40,0056,_ZTC21TestStageTimeDirector24_N2al15IUseStageSwitchE
0x7101d3ccb8,0496,_ZTV20TextureReplaceScreen
0x7101d3cef0,0304,_ZTC20TextureReplaceScreen0_N2al9LiveActorE
0x7101d3d020,0056,_ZTC20TextureReplaceScreen24_N2al15IUseStageSwitchE
0x7101d3d098,0008,_ZN12_GLOBAL__N_14WaitE
0x7101d3d0b8,0048,_ZTVN2al10FunctorV0MIP20TextureReplaceScreenMS1_FvvEEE
0x7101d3d108,0472,_ZTV18TimeBalloonBalloon
0x7101d3d320,0304,_ZTC18TimeBalloonBalloon0_N2al9LiveActorE
0x7101d3d450,0056,_ZTC18TimeBalloonBalloon24_N2al15IUseStageSwitchE
0x7101d3d5c8,0008,_ZN12_GLOBAL__N_15BreakE
0x7101d3d5f0,0032,_ZN12_GLOBAL__N_121NrvTimeBalloonBalloonE
0x7101d3d610,0040,_ZTV13TimeFlagTelop
0x7101d3d678,0008,_ZN12_GLOBAL__N_14WaitE
0x7101d3d6b8,0008,_ZN12_GLOBAL__N_113ScroolPrepareE
0x7101d3d6f8,0008,_ZN12_GLOBAL__N_16ScroolE
0x7101d3d718,0472,_ZTV4Tire
0x7101d3d930,0304,_ZTC4Tire0_N2al9LiveActorE
0x7101d3da60,0056,_ZTC4Tire24_N2al15IUseStageSwitchE
0x7101d3db80,0024,_ZN12_GLOBAL__N_17NrvTireE
0x7101d3db98,0088,_ZTV26TouchActionMessageDirector
0x7101d3dc38,0024,_ZTV17TouchTargetKeeper
0x7101d3dc88,0472,_ZTV11TrampleBush
0x7101d3dea0,0304,_ZTC11TrampleBush0_N2al9LiveActorE
0x7101d3dfd0,0056,_ZTC11TrampleBush24_N2al15IUseStageSwitchE
0x7101d3e0f0,0024,_ZN12_GLOBAL__N_114NrvTrampleBushE
0x7101d3e108,0472,_ZTV13TrampleSwitch
0x7101d3e320,0304,_ZTC13TrampleSwitch0_N2al9LiveActorE
0x7101d3e450,0056,_ZTC13TrampleSwitch24_N2al15IUseStageSwitchE
0x7101d3e608,0008,_ZN12_GLOBAL__N_16OnDemoE
0x7101d3e628,0048,_ZTVN2al10FunctorV0MIP13TrampleSwitchMS1_FvvEEE
0x7101d3e680,0040,_ZN12_GLOBAL__N_116NrvTrampleSwitchE
0x7101d3e6a8,0472,_ZTV18TrampleSwitchTimer
0x7101d3e8c0,0304,_ZTC18TrampleSwitchTimer0_N2al9LiveActorE
0x7101d3e9f0,0056,_ZTC18TrampleSwitchTimer24_N2al15IUseStageSwitchE
0x7101d3eae8,0008,_ZN12_GLOBAL__N_16OnWaitE
0x7101d3eb90,0032,_ZN12_GLOBAL__N_121NrvTrampleSwitchTimerE
0x7101d3ebb0,0472,_ZTV15TransparentWall
0x7101d3edd0,0304,_ZTC15TransparentWall0_N2al9LiveActorE
0x7101d3ef00,0056,_ZTC15TransparentWall24_N2al15IUseStageSwitchE
0x7101d3ef58,0472,_ZTV11TreasureBox
0x7101d3f170,0304,_ZTC11TreasureBox0_N2al9LiveActorE
0x7101d3f2a0,0056,_ZTC11TreasureBox24_N2al15IUseStageSwitchE
0x7101d3f500,0064,_ZN12_GLOBAL__N_114NrvTreasureBoxE
0x7101d3f540,0472,_ZTV14TreasureBoxKey
0x7101d3f760,0304,_ZTC14TreasureBoxKey0_N2al9LiveActorE
0x7101d3f890,0056,_ZTC14TreasureBoxKey24_N2al15IUseStageSwitchE
0x7101d3fa08,0008,_ZN12_GLOBAL__N_119WaitCameraInterpoleE
0x7101d3fa70,0040,_ZN12_GLOBAL__N_117NrvTreasureBoxKeyE
0x7101d3fa98,0480,_ZTV20TreasureBoxKeyOpener
0x7101d3fcc0,0304,_ZTC20TreasureBoxKeyOpener0_N2al9LiveActorE
0x7101d3fdf0,0056,_ZTC20TreasureBoxKeyOpener24_N2al15IUseStageSwitchE
0x7101d3fea8,0008,_ZN12_GLOBAL__N_16AppearE
0x7101d3ff08,0016,_ZN12_GLOBAL__N_123NrvTreasureBoxKeyOpenerE
0x7101d3ff18,0472,_ZTV21TreasureBoxSequential
0x7101d40130,0304,_ZTC21TreasureBoxSequential0_N2al9LiveActorE
0x7101d40260,0056,_ZTC21TreasureBoxSequential24_N2al15IUseStageSwitchE
0x7101d40398,0008,_ZN12_GLOBAL__N_18OpenWaitE
0x7101d403d8,0008,_ZN12_GLOBAL__N_14HideE
0x7101d40440,0032,_ZN12_GLOBAL__N_124NrvTreasureBoxSequentialE
0x7101d40460,0472,_ZTV29TreasureBoxSequentialDirector
0x7101d40680,0304,_ZTC29TreasureBoxSequentialDirector0_N2al9LiveActorE
0x7101d407b0,0056,_ZTC29TreasureBoxSequentialDirector24_N2al15IUseStageSwitchE
0x7101d408a8,0008,_ZN12_GLOBAL__N_14MissE
0x7101d408e8,0008,_ZN12_GLOBAL__N_17MissEndE
0x7101d40908,0016,_ZN12_GLOBAL__N_132NrvTreasureBoxSequentialDirectorE
0x7101d40918,0472,_ZTV23TRexScrollBreakMapParts
0x7101d40b30,0056,_ZTV33TRexScrollBreakMapPartsBreakJudge
0x7101d40b70,0304,_ZTC23TRexScrollBreakMapParts0_N2al9LiveActorE
0x7101d40ca0,0056,_ZTC23TRexScrollBreakMapParts24_N2al15IUseStageSwitchE
0x7101d40d38,0008,_ZN12_GLOBAL__N_14WaitE
0x7101d40d78,0008,_ZN12_GLOBAL__N_15BreakE
0x7101d40d98,0472,_ZTV11TsukkunHole
0x7101d40fb0,0304,_ZTC11TsukkunHole0_N2al9LiveActorE
0x7101d410e0,0056,_ZTC11TsukkunHole24_N2al15IUseStageSwitchE
0x7101d411b8,0016,_ZN12_GLOBAL__N_114NrvTsukkunHoleE
0x7101d411c8,0472,_ZTV10TwistChain
0x7101d413e0,0304,_ZTC10TwistChain0_N2al9LiveActorE
0x7101d41510,0056,_ZTC10TwistChain24_N2al15IUseStageSwitchE
0x7101d41588,0008,_ZN12_GLOBAL__N_15TwistE
0x7101d415c8,0008,_ZN12_GLOBAL__N_13FixE
0x7101d41608,0008,_ZN12_GLOBAL__N_14BlowE
0x7101d41628,0472,_ZTV14TwistChainList
0x7101d41840,0304,_ZTC14TwistChainList0_N2al9LiveActorE
0x7101d41970,0056,_ZTC14TwistChainList24_N2al15IUseStageSwitchE
0x7101d419e8,0008,_ZN12_GLOBAL__N_13FixE
0x7101d41a88,0024,_ZTVN2al16DeriveActorGroupI10TwistChainEE
0x7101d41ab8,0016,_ZN12_GLOBAL__N_117NrvTwistChainListE
0x7101d41ac8,0472,_ZTV14VolleyballBase
0x7101d41ce0,0304,_ZTC14VolleyballBase0_N2al9LiveActorE
0x7101d41e10,0056,_ZTC14VolleyballBase24_N2al15IUseStageSwitchE
0x7101d41e88,0008,_ZN12_GLOBAL__N_14WaitE
0x7101d41ec8,0008,_ZN12_GLOBAL__N_18ReactionE
0x7101d41ee8,0472,_ZTV13VolleyballNet
0x7101d42100,0304,_ZTC13VolleyballNet0_N2al9LiveActorE
0x7101d42230,0056,_ZTC13VolleyballNet24_N2al15IUseStageSwitchE
0x7101d422a8,0008,_ZN12_GLOBAL__N_14WaitE
0x7101d422e8,0008,_ZN12_GLOBAL__N_18ReactionE
0x7101d42308,0472,_ZTV30WaterfallWorldBigBreakableWall
0x7101d42520,0304,_ZTC30WaterfallWorldBigBreakableWall0_N2al9LiveActorE
0x7101d42650,0056,_ZTC30WaterfallWorldBigBreakableWall24_N2al15IUseStageSwitchE
0x7101d42748,0008,_ZN12_GLOBAL__N_14DemoE
0x7101d42768,0016,_ZN12_GLOBAL__N_133NrvWaterfallWorldBigBreakableWallE
0x7101d42778,0472,_ZTV28WaterfallWorldFallDownBridge
0x7101d42990,0304,_ZTC28WaterfallWorldFallDownBridge0_N2al9LiveActorE
0x7101d42ac0,0056,_ZTC28WaterfallWorldFallDownBridge24_N2al15IUseStageSwitchE
0x7101d42b38,0008,_ZN12_GLOBAL__N_14WaitE
0x7101d42b78,0008,_ZN12_GLOBAL__N_121WaitCameraInterpolateE
0x7101d42bb8,0008,_ZN12_GLOBAL__N_18FallDownE
0x7101d42bf8,0008,_ZN12_GLOBAL__N_14DemoE
0x7101d42c38,0008,_ZN12_GLOBAL__N_19DemoAfterE
0x7101d42c58,0472,_ZTV23WaterfallWorldWaterfall
0x7101d42e70,0304,_ZTC23WaterfallWorldWaterfall0_N2al9LiveActorE
0x7101d42fa0,0056,_ZTC23WaterfallWorldWaterfall24_N2al15IUseStageSwitchE
0x7101d43018,0008,_ZN12_GLOBAL__N_17WaitMaxE
0x7101d43058,0008,_ZN12_GLOBAL__N_114ChangeMaxToMinE
0x7101d43098,0008,_ZN12_GLOBAL__N_114ChangeMinToMaxE
0x7101d430d8,0008,_ZN12_GLOBAL__N_17WaitMinE
0x7101d430f8,0048,_ZTVN2al10FunctorV0MIP23WaterfallWorldWaterfallMS1_FvvEEE
0x7101d43148,0472,_ZTV17WaterLauncherCork
0x7101d43380,0304,_ZTC17WaterLauncherCork0_N2al9LiveActorE
0x7101d434b0,0056,_ZTC17WaterLauncherCork24_N2al15IUseStageSwitchE
0x7101d43528,0008,_ZN12_GLOBAL__N_14WaitE
0x7101d43568,0008,_ZN12_GLOBAL__N_111StartCameraE
0x7101d435a8,0008,_ZN12_GLOBAL__N_17BlowEndE
0x7101d435e8,0008,_ZN12_GLOBAL__N_14BlowE
0x7101d43608,0024,_ZTVN2al16DeriveActorGroupI14TwistChainListEE
0x7101d43638,0472,_ZTV9WaterRoad
0x7101d43850,0304,_ZTC9WaterRoad0_N2al9LiveActorE
0x7101d43980,0056,_ZTC9WaterRoad24_N2al15IUseStageSwitchE
0x7101d43b18,0048,_ZTVN2al10FunctorV0MIP9WaterRoadMS1_FvvEEE
0x7101d43b70,0040,_ZN12_GLOBAL__N_112NrvWaterRoadE
0x7101d43b98,0472,_ZTV16WaveSurfMapParts
0x7101d43db0,0304,_ZTC16WaveSurfMapParts0_N2al9LiveActorE
0x7101d43ee0,0056,_ZTC16WaveSurfMapParts24_N2al15IUseStageSwitchE
0x7101d43ff8,0472,_ZTV12WeightSwitch
0x7101d44210,0304,_ZTC12WeightSwitch0_N2al9LiveActorE
0x7101d44340,0056,_ZTC12WeightSwitch24_N2al15IUseStageSwitchE
0x7101d44478,0008,_ZN12_GLOBAL__N_127OnDemoWaitCameraInterpolingE
0x7101d444b8,0008,_ZN12_GLOBAL__N_16OnDemoE
0x7101d444f8,0008,_ZN12_GLOBAL__N_13OffE
0x7101d44560,0032,_ZN12_GLOBAL__N_115NrvWeightSwitchE
0x7101d44580,0472,_ZTV18WheelWaveSurfParts
0x7101d447a0,0304,_ZTC18WheelWaveSurfParts0_N2al9LiveActorE
0x7101d448d0,0056,_ZTC18WheelWaveSurfParts24_N2al15IUseStageSwitchE
0x7101d449a8,0472,_ZTV16WindBlowMapParts
0x7101d44bc0,0304,_ZTC16WindBlowMapParts0_N2al9LiveActorE
0x7101d44cf0,0056,_ZTC16WindBlowMapParts24_N2al15IUseStageSwitchE
0x7101d44f08,0472,_ZTV14WindBlowPuzzle
0x7101d45120,0304,_ZTC14WindBlowPuzzle0_N2al9LiveActorE
0x7101d45250,0056,_ZTC14WindBlowPuzzle24_N2al15IUseStageSwitchE
0x7101d452c8,0008,_ZN12_GLOBAL__N_14WaitE
0x7101d45308,0008,_ZN12_GLOBAL__N_18CompleteE
0x7101d45328,0472,_ZTV13WorldMapEarth
0x7101d45540,0304,_ZTC13WorldMapEarth0_N2al9LiveActorE
0x7101d45670,0056,_ZTC13WorldMapEarth24_N2al15IUseStageSwitchE
0x7101d456c8,0480,_ZTV17WorldMapKoopaShip
0x7101d45920,0312,_ZTC17WorldMapKoopaShip0_18WorldMapPartsFloat
0x7101d45a60,0312,_ZTC17WorldMapKoopaShip0_13WorldMapParts
0x7101d45ba0,0304,_ZTC17WorldMapKoopaShip0_N2al9LiveActorE
0x7101d45cd0,0056,_ZTC17WorldMapKoopaShip24_N2al15IUseStageSwitchE
0x7101d45d28,0480,_ZTV13WorldMapParts
0x7101d45f50,0480,_ZTV18WorldMapPartsFloat
0x7101d46190,0304,_ZTC13WorldMapParts0_N2al9LiveActorE
0x7101d462c0,0056,_ZTC13WorldMapParts24_N2al15IUseStageSwitchE
0x7101d46320,0312,_ZTC18WorldMapPartsFloat0_13WorldMapParts
0x7101d46460,0304,_ZTC18WorldMapPartsFloat0_N2al9LiveActorE
0x7101d46590,0056,_ZTC18WorldMapPartsFloat24_N2al15IUseStageSwitchE
0x7101d465e8,0480,_ZTV18WorldMapPlayerIcon
0x7101d46840,0312,_ZTC18WorldMapPlayerIcon0_18WorldMapPartsFloat
0x7101d46980,0312,_ZTC18WorldMapPlayerIcon0_13WorldMapParts
0x7101d46ac0,0304,_ZTC18WorldMapPlayerIcon0_N2al9LiveActorE
0x7101d46bf0,0056,_ZTC18WorldMapPlayerIcon24_N2al15IUseStageSwitchE
0x7101d46c48,0488,_ZTV13WorldMapRoute
0x7101d46e90,0312,_ZTC13WorldMapRoute0_13WorldMapParts
0x7101d46fd0,0304,_ZTC13WorldMapRoute0_N2al9LiveActorE
0x7101d47100,0056,_ZTC13WorldMapRoute24_N2al15IUseStageSwitchE
0x7101d47178,0008,_ZN12_GLOBAL__N_14WaitE
0x7101d471b8,0008,_ZN12_GLOBAL__N_14OpenE
0x7101d471d8,0472,_ZTV13WorldWarpHole
0x7101d473f0,0304,_ZTC13WorldWarpHole0_N2al9LiveActorE
0x7101d47520,0056,_ZTC13WorldWarpHole24_N2al15IUseStageSwitchE
0x7101d477d8,0008,_ZN12_GLOBAL__N_14BindE
0x7101d47858,0008,_ZN12_GLOBAL__N_17InAfterE
0x7101d47880,0080,_ZN12_GLOBAL__N_116NrvWorldWarpHoleE
0x7101d478d0,0824,_ZTV18YukimaruRacePlayer
0x7101d47c70,0536,_ZTC18YukimaruRacePlayer0_15PlayerActorBase
0x7101d47e90,0304,_ZTC18YukimaruRacePlayer0_N2al9LiveActorE
0x7101d47fc0,0056,_ZTC18YukimaruRacePlayer24_N2al15IUseStageSwitchE
0x7101d48048,0056,_ZTV13YukimaruInput
0x7101d48218,0008,_ZN12_GLOBAL__N_110ResultJumpE
0x7101d48258,0008,_ZN12_GLOBAL__N_16ResultE
0x7101d48280,0048,_ZN12_GLOBAL__N_121NrvYukimaruRacePlayerE
0x7101d482b0,0024,_ZTV23BalloonFindDataAccessor
0x7101d48318,0128,_ZTV29BalloonFindDataStoreConnector
0x7101d48408,0040,_ZTV22IUseDataStoreConnector
0x7101d48430,0024,_ZTVN2al25IUseNexNetworkStateHolderE
0x7101d48468,0008,_ZN12_GLOBAL__N_14WaitE
0x7101d48528,0008,_ZN12_GLOBAL__N_112StartProcessE
0x7101d48610,0040,_ZN12_GLOBAL__N_111NrvHostTypeE
0x7101d48638,0080,_ZTV33BalloonFindFetchMyInfosDownloader
0x7101d486c8,0032,_ZTVN2nn3nex27DataStoreFetchMyInfosResultE
0x7101d48738,0032,_ZTVN2nn3nex32_DDL_DataStoreFetchMyInfosResultE
0x7101d48758,0032,_ZTVN2nn3nex38DataStoreFetchMyInfosAchievementResultE
0x7101d487b8,0032,_ZTVN2nn3nex43_DDL_DataStoreFetchMyInfosAchievementResultE
0x7101d487d8,0024,_ZTVN2al13IUseDataStoreE
0x7101d48810,0008,_ZN12_GLOBAL__N_14WaitE
0x7101d48858,0008,_ZN12_GLOBAL__N_18DownloadE
0x7101d48878,0032,_ZTVN2nn3nex26DataStoreFetchMyInfosParamE
0x7101d488d8,0032,_ZTVN2nn3nex31_DDL_DataStoreFetchMyInfosParamE
0x7101d48978,0016,_ZN12_GLOBAL__N_111NrvHostTypeE
0x7101d48988,0120,_ZTV30BalloonFindMyAchievementHolder
0x7101d48a28,0080,_ZTV32BalloonFindMyAchievementUploader
0x7101d48ad8,0008,_ZN12_GLOBAL__N_14WaitE
0x7101d48bb8,0032,_ZTVN2nn3nex24DataStoreRatingInitParamE
0x7101d48c18,0032,_ZTVN2nn3nex29_DDL_DataStoreRatingInitParamE
0x7101d48c58,0008,_ZN12_GLOBAL__N_110CreateSlotE
0x7101d48cc0,0032,_ZN12_GLOBAL__N_111NrvHostTypeE
0x7101d48ce0,0104,_ZTV26BalloonFindMyBalloonServer
0x7101d48d98,0144,_ZTV31BalloonFindMyBalloonDummyHolder
0x7101d48e28,0208,_ZTV32BalloonFindMyBalloonServerHolder
0x7101d49018,0080,_ZTV28BalloonFindMyBalloonUploader
0x7101d490c8,0008,_ZN12_GLOBAL__N_14WaitE
0x7101d49108,0008,_ZN12_GLOBAL__N_16UploadE
0x7101d491a8,0016,_ZN12_GLOBAL__N_111NrvHostTypeE
0x7101d491b8,0248,_ZTV30BalloonFindSearchBalloonServer
0x7101d49308,0080,_ZTV34BalloonFindSearchBalloonDownloader
0x7101d493b8,0008,_ZN12_GLOBAL__N_14WaitE
0x7101d493f8,0008,_ZN12_GLOBAL__N_18DownloadE
0x7101d49418,0032,_ZTVN2nn3nex27DataStoreSearchBalloonParamE
0x7101d494f8,0032,_ZTVN2nn3nex31DataStoreSearchBalloonResultSetE
0x7101d49558,0032,_ZTVN2nn3nex36_DDL_DataStoreSearchBalloonResultSetE
0x7101d49578,0032,_ZTVN2nn3nex28DataStoreSearchBalloonResultE
0x7101d495d8,0032,_ZTVN2nn3nex33_DDL_DataStoreSearchBalloonResultE
0x7101d495f8,0032,_ZTVN2nn3nex19DataStoreRatingInfoE
0x7101d49658,0032,_ZTVN2nn3nex24_DDL_DataStoreRatingInfoE
0x7101d49678,0016,_ZN12_GLOBAL__N_111NrvHostTypeE
0x7101d49688,0104,_ZTV35BalloonFindSearchBalloonDummyHolder
0x7101d496f8,0104,_ZTV36BalloonFindSearchBalloonServerHolder
0x7101d498b8,0080,_ZTV31BalloonFindSearchBalloonUpdater
0x7101d49968,0008,_ZN12_GLOBAL__N_14WaitE
0x7101d499a8,0008,_ZN12_GLOBAL__N_16UpdateE
0x7101d49a48,0016,_ZN12_GLOBAL__N_111NrvHostTypeE
0x7101d49a58,0056,_ZTV18FriendsProfileData
0x7101d49a90,0032,_ZTV24FriendsProfileDataHolder
0x7101d49b18,0104,_ZTV34MockBalloonFindSearchBalloonHolder
0x7101d49b80,0144,_ZTV30MockBalloonFindMyBalloonHolder
0x7101d49c48,0120,_ZTV28MockBalloonFindSearchBalloon
0x7101d49cd8,0104,_ZTV24MockBalloonFindMyBalloon
0x7101d49d58,0168,_ZTV27MockBalloonFindSequenceInfo
0x7101d49e48,0120,_ZTV34MockBalloonFindMyAchievementHolder
0x7101d49ed8,0536,_ZTV26NexCachedRankingDownloader
0x7101d4a140,0304,_ZTC26NexCachedRankingDownloader8_N2al9LiveActorE
0x7101d4a270,0056,_ZTC26NexCachedRankingDownloader32_N2al15IUseStageSwitchE
0x7101d4a398,0008,_ZN12_GLOBAL__N_16FinishE
0x7101d4a3b8,0032,_ZTVN2nn3nex15RankingRankDataE
0x7101d4a418,0032,_ZTVN2nn3nex20_DDL_RankingRankDataE
0x7101d4a438,0016,_ZN12_GLOBAL__N_111NrvHostTypeE
0x7101d4a448,0512,_ZTV28NexDataStoreCustomizeTestObj
0x7101d4a6a0,0304,_ZTC28NexDataStoreCustomizeTestObj8_N2al9LiveActorE
0x7101d4a7d0,0056,_ZTC28NexDataStoreCustomizeTestObj32_N2al15IUseStageSwitchE
0x7101d4a868,0008,_ZN12_GLOBAL__N_113WaitConnectedE
0x7101d4a8a8,0008,_ZN12_GLOBAL__N_14WaitE
0x7101d4a8c8,0536,_ZTV20NexRankingDownloader
0x7101d4ab30,0304,_ZTC20NexRankingDownloader8_N2al9LiveActorE
0x7101d4ac60,0056,_ZTC20NexRankingDownloader32_N2al15IUseStageSwitchE
0x7101d4ad78,0008,_ZN12_GLOBAL__N_16FinishE
0x7101d4ad98,0016,_ZN12_GLOBAL__N_111NrvHostTypeE
0x7101d4ada8,0536,_ZTV18NexRankingUploader
0x7101d4b010,0304,_ZTC18NexRankingUploader8_N2al9LiveActorE
0x7101d4b140,0056,_ZTC18NexRankingUploader32_N2al15IUseStageSwitchE
0x7101d4b1b8,0032,_ZTVN2al11IUseRankingE
0x7101d4b318,0048,_ZTVN4sead16WFixedSafeStringILi128EEE
0x7101d4b350,0040,_ZN12_GLOBAL__N_111NrvHostTypeE
0x7101d4b378,0032,_ZTVN2nn3nex25DataStorePreparePostParamE
0x7101d4b3d8,0032,_ZTVN2nn3nex30_DDL_DataStorePreparePostParamE
0x7101d4b3f8,0032,_ZTVN2nn3nex32DataStoreRatingInitParamWithSlotE
0x7101d4b458,0032,_ZTVN2nn3nex37_DDL_DataStoreRatingInitParamWithSlotE
0x7101d4b478,0032,_ZTVN2nn3nex29DataStorePersistenceInitParamE
0x7101d4b4d8,0032,_ZTVN2nn3nex19DataStorePermissionE
0x7101d4b538,0032,_ZTVN2nn3nex24_DDL_DataStorePermissionE
0x7101d4b558,0032,_ZTVN2nn3nex16BufferQueueParamE
0x7101d4b5b8,0032,_ZTVN2nn3nex24DataStoreRateObjectParamE
0x7101d4b618,0032,_ZTVN2nn3nex29_DDL_DataStoreRateObjectParamE
0x7101d4b638,0032,_ZTVN2nn3nex21DataStoreRatingTargetE
0x7101d4b698,0032,_ZTVN2nn3nex26_DDL_DataStoreRatingTargetE
0x7101d4b6b8,0120,_ZTVN11TimeBalloon15AchievementDataE
0x7101d4b780,0352,_ZTV28TimeBalloonAchievementLayout
0x7101d4b960,0232,_ZTC28TimeBalloonAchievementLayout0_N2al25SimpleLayoutAppearWaitEndE
0x7101d4ba50,0232,_ZTC28TimeBalloonAchievementLayout0_N2al11LayoutActorE
0x7101d4bb40,0048,_ZTC28TimeBalloonAchievementLayout8_N2al10IUseLayoutE
0x7101d4bb70,0080,_ZTC28TimeBalloonAchievementLayout16_N2al16IUseLayoutActionE
0x7101d4bbd8,0032,_ZTVN11TimeBalloon17BalloonDataServerE
0x7101d4bc08,0032,_ZTVN11TimeBalloon11BalloonDataE
0x7101d4bc60,0472,_ZTV17TimeBalloonCircle
0x7101d4be80,0304,_ZTC17TimeBalloonCircle0_N2al9LiveActorE
0x7101d4bfb0,0056,_ZTC17TimeBalloonCircle24_N2al15IUseStageSwitchE
0x7101d4c028,0008,_ZN12_GLOBAL__N_14WaitE
0x7101d4c068,0008,_ZN12_GLOBAL__N_12InE
0x7101d4c0a8,0008,_ZN12_GLOBAL__N_13OutE
0x7101d4c0c8,0104,_ZTV23TimeBalloonDataAccessor
0x7101d4c4c8,0032,_ZTVN2nn3nex21DataStoreSearchResultE
0x7101d4c528,0032,_ZTVN2nn3nex26_DDL_DataStoreSearchResultE
0x7101d4c548,0032,_ZTVN2nn3nex17DataStoreMetaInfoE
0x7101d4c5a8,0032,_ZTVN2nn3nex22_DDL_DataStoreMetaInfoE
0x7101d4c5c8,0032,_ZTVN2nn3nex27DataStoreRatingInfoWithSlotE
0x7101d4c628,0032,_ZTVN2nn3nex32_DDL_DataStoreRatingInfoWithSlotE
0x7101d4c688,0032,_ZTVN2nn3nex21_DDL_BufferQueueParamE
0x7101d4c6e8,0032,_ZTVN2nn3nex21DataStoreGetMetaParamE
0x7101d4c748,0032,_ZTVN2nn3nex26_DDL_DataStoreGetMetaParamE
0x7101d4c768,0032,_ZTVN2nn3nex26DataStorePersistenceTargetE
0x7101d4c7c8,0032,_ZTVN2nn3nex31_DDL_DataStorePersistenceTargetE
0x7101d4c9f0,0184,_ZN12_GLOBAL__N_126NrvTimeBalloonDataAccessorE
0x7101d4caa8,0040,_ZTV31TimeBalloonDataAccessorExecutor
0x7101d4cd48,0008,_ZN12_GLOBAL__N_15ErrorE
0x7101d4cd70,0072,_ZN12_GLOBAL__N_134NrvTimeBalloonDataAccessorExecutorE
0x7101d4cdb8,0080,_ZTVN20TimeBalloonDataState40TimeBalloonDataAccessorExecutorStateBaseE
0x7101d4ce08,0032,_ZTVN20TimeBalloonDataState19UpdatePutBalloonOwn20StateNrvDeleteNoticeE
0x7101d4ce28,0008,_ZN20TimeBalloonDataState19UpdatePutBalloonOwn20StateNrvDeleteNotice9sInstanceE
0x7101d4ce30,0032,_ZTVN20TimeBalloonDataState19UpdatePutBalloonOwn20StateNrvCreateNoticeE
0x7101d4ce50,0008,_ZN20TimeBalloonDataState19UpdatePutBalloonOwn20StateNrvCreateNotice9sInstanceE
0x7101d4ce58,0032,_ZTVN20TimeBalloonDataState19UpdatePutBalloonOwn21StateNrvCreateBalloonE
0x7101d4ce78,0008,_ZN20TimeBalloonDataState19UpdatePutBalloonOwn21StateNrvCreateBalloon9sInstanceE
0x7101d4ce80,0080,_ZTVN20TimeBalloonDataState19UpdatePutBalloonOwn5StateE
0x7101d4ced0,0032,_ZTVN20TimeBalloonDataState25DownloadAllBalloonDataOwn17StateNrvSearchAllE
0x7101d4cef0,0008,_ZN20TimeBalloonDataState25DownloadAllBalloonDataOwn17StateNrvSearchAll9sInstanceE
0x7101d4cef8,0032,_ZTVN20TimeBalloonDataState25DownloadAllBalloonDataOwn30StateNrvDownloadBufferQueueAllE
0x7101d4cf18,0008,_ZN20TimeBalloonDataState25DownloadAllBalloonDataOwn30StateNrvDownloadBufferQueueAll9sInstanceE
0x7101d4cf20,0080,_ZTVN20TimeBalloonDataState25DownloadAllBalloonDataOwn5StateE
0x7101d4cf70,0032,_ZTVN20TimeBalloonDataState19DownloadFindBalloon21StateNrvSearchBalloonE
0x7101d4cf90,0008,_ZN20TimeBalloonDataState19DownloadFindBalloon21StateNrvSearchBalloon9sInstanceE
0x7101d4cf98,0032,_ZTVN20TimeBalloonDataState19DownloadFindBalloon30StateNrvDownloadAchievementAllE
0x7101d4cfb8,0008,_ZN20TimeBalloonDataState19DownloadFindBalloon30StateNrvDownloadAchievementAll9sInstanceE
0x7101d4cfc0,0080,_ZTVN20TimeBalloonDataState19DownloadFindBalloon5StateE
0x7101d4d010,0032,_ZTVN20TimeBalloonDataState13RateUpBalloon20StateNrvUpdateRatingE
0x7101d4d030,0008,_ZN20TimeBalloonDataState13RateUpBalloon20StateNrvUpdateRating9sInstanceE
0x7101d4d038,0032,_ZTVN20TimeBalloonDataState13RateUpBalloon31StateNrvUpdateBufferQueuePlayedE
0x7101d4d058,0008,_ZN20TimeBalloonDataState13RateUpBalloon31StateNrvUpdateBufferQueuePlayed9sInstanceE
0x7101d4d060,0080,_ZTVN20TimeBalloonDataState13RateUpBalloon5StateE
0x7101d4d0b0,0032,_ZTVN20TimeBalloonDataState16UpdateGetBalloon20StateNrvUpdateRatingE
0x7101d4d0d0,0008,_ZN20TimeBalloonDataState16UpdateGetBalloon20StateNrvUpdateRating9sInstanceE
0x7101d4d0d8,0032,_ZTVN20TimeBalloonDataState16UpdateGetBalloon20StateNrvUpdateNoticeE
0x7101d4d0f8,0008,_ZN20TimeBalloonDataState16UpdateGetBalloon20StateNrvUpdateNotice9sInstanceE
0x7101d4d100,0080,_ZTVN20TimeBalloonDataState16UpdateGetBalloon5StateE
0x7101d4d150,0032,_ZTVN20TimeBalloonDataState24UpdateGetBalloonTutorial20StateNrvUpdateRatingE
0x7101d4d170,0008,_ZN20TimeBalloonDataState24UpdateGetBalloonTutorial20StateNrvUpdateRating9sInstanceE
0x7101d4d178,0080,_ZTVN20TimeBalloonDataState24UpdateGetBalloonTutorial5StateE
0x7101d4d1c8,0032,_ZTVN20TimeBalloonDataState24TryCreateAchievementData17StateNrvGetDataIdE
0x7101d4d1e8,0008,_ZN20TimeBalloonDataState24TryCreateAchievementData17StateNrvGetDataId9sInstanceE
0x7101d4d1f0,0032,_ZTVN20TimeBalloonDataState24TryCreateAchievementData14StateNrvCreateE
0x7101d4d210,0008,_ZN20TimeBalloonDataState24TryCreateAchievementData14StateNrvCreate9sInstanceE
0x7101d4d218,0080,_ZTVN20TimeBalloonDataState24TryCreateAchievementData5StateE
0x7101d4d548,0080,_ZTV39TimeBalloonDataAccessorStateAchievement
0x7101d4d5d8,0032,_ZTVN2nn3nex24DataStorePersistenceInfoE
0x7101d4d658,0008,_ZN12_GLOBAL__N_16CreateE
0x7101d4d698,0008,_ZN12_GLOBAL__N_111PersistenceE
0x7101d4d6d8,0008,_ZN12_GLOBAL__N_13GetE
0x7101d4d6f8,0080,_ZTV35TimeBalloonDataAccessorStateBalloon
0x7101d4d788,0008,_ZN12_GLOBAL__N_18DownloadE
0x7101d4d7c8,0008,_ZN12_GLOBAL__N_16UpdateE
0x7101d4d808,0008,_ZN12_GLOBAL__N_16CreateE
0x7101d4d848,0008,_ZN12_GLOBAL__N_120UpdateBufferQueueGotE
0x7101d4d888,0008,_ZN12_GLOBAL__N_123UpdateBufferQueuePlayedE
0x7101d4d8c8,0008,_ZN12_GLOBAL__N_114DownloadRatingE
0x7101d4d908,0008,_ZN12_GLOBAL__N_16DeleteE
0x7101d4d928,0080,_ZTV34TimeBalloonDataAccessorStateNotice
0x7101d4d9b8,0008,_ZN12_GLOBAL__N_16CreateE
0x7101d4d9f8,0008,_ZN12_GLOBAL__N_16DeleteE
0x7101d4da38,0008,_ZN12_GLOBAL__N_13GotE
0x7101d4da78,0008,_ZN12_GLOBAL__N_16PlayedE
0x7101d4da98,0024,_ZTV28TimeBalloonDataStoreAccessor
0x7101d4dae8,4584,cDebugDataList
0x7101d4ecd0,0096,_ZTV19TimeBalloonDirector
0x7101d4ed98,0008,_ZN12_GLOBAL__N_17StandbyE
0x7101d4ee18,0352,_ZTV25TimeBalloonDistanceLayout
0x7101d4f000,0232,_ZTC25TimeBalloonDistanceLayout0_N2al25SimpleLayoutAppearWaitEndE
0x7101d4f0f0,0232,_ZTC25TimeBalloonDistanceLayout0_N2al11LayoutActorE
0x7101d4f1e0,0048,_ZTC25TimeBalloonDistanceLayout8_N2al10IUseLayoutE
0x7101d4f210,0080,_ZTC25TimeBalloonDistanceLayout16_N2al16IUseLayoutActionE
0x7101d4f278,0048,_ZTVN4sead16WFixedSafeStringILi64EEE
0x7101d4f2a8,0048,_ZTVN4sead22WFormatFixedSafeStringILi4EEE
0x7101d4f338,0352,_ZTV24TimeBalloonGotInfoLayout
0x7101d4f520,0232,_ZTC24TimeBalloonGotInfoLayout0_N2al25SimpleLayoutAppearWaitEndE
0x7101d4f610,0232,_ZTC24TimeBalloonGotInfoLayout0_N2al11LayoutActorE
0x7101d4f700,0048,_ZTC24TimeBalloonGotInfoLayout8_N2al10IUseLayoutE
0x7101d4f730,0080,_ZTC24TimeBalloonGotInfoLayout16_N2al16IUseLayoutActionE
0x7101d4f798,0472,_ZTV20TimeBalloonHintArrow
0x7101d4f9b0,0304,_ZTC20TimeBalloonHintArrow0_N2al9LiveActorE
0x7101d4fae0,0056,_ZTC20TimeBalloonHintArrow24_N2al15IUseStageSwitchE
0x7101d4fb58,0008,_ZN12_GLOBAL__N_14WaitE
0x7101d4fb98,0008,_ZN12_GLOBAL__N_15AlphaE
0x7101d4fbd8,0008,_ZN12_GLOBAL__N_115WaitBeforeAlphaE
0x7101d4fbf8,0024,_ZTV21TimeBalloonJudgeQuery
0x7101d4fc58,0472,_ZTV16TimeBalloonModel
0x7101d4fe70,0304,_ZTC16TimeBalloonModel0_N2al9LiveActorE
0x7101d4ffa0,0056,_ZTC16TimeBalloonModel24_N2al15IUseStageSwitchE
0x7101d50098,0008,_ZN12_GLOBAL__N_17PlaySetE
0x7101d500d8,0008,_ZN12_GLOBAL__N_17FailureE
0x7101d500f8,0016,_ZN12_GLOBAL__N_119NrvTimeBalloonModelE
0x7101d50108,0352,_ZTV23TimeBalloonMyRankLayout
0x7101d502f0,0232,_ZTC23TimeBalloonMyRankLayout0_N2al25SimpleLayoutAppearWaitEndE
0x7101d503e0,0232,_ZTC23TimeBalloonMyRankLayout0_N2al11LayoutActorE
0x7101d504d0,0048,_ZTC23TimeBalloonMyRankLayout8_N2al10IUseLayoutE
0x7101d50500,0080,_ZTC23TimeBalloonMyRankLayout16_N2al16IUseLayoutActionE
0x7101d50568,0040,_ZTV27TimeBalloonNetworkConnector
0x7101d50628,0016,_ZN12_GLOBAL__N_130NrvTimeBalloonNetworkConnectorE
0x7101d50638,0040,_ZTV37TimeBalloonNoticeDataAccessorExecutor
0x7101d50698,0008,_ZN12_GLOBAL__N_14WaitE
0x7101d506b8,0352,_ZTV19TimeBalloonNotifier
0x7101d508a0,0232,_ZTC19TimeBalloonNotifier0_N2al25SimpleLayoutAppearWaitEndE
0x7101d50990,0232,_ZTC19TimeBalloonNotifier0_N2al11LayoutActorE
0x7101d50a80,0048,_ZTC19TimeBalloonNotifier8_N2al10IUseLayoutE
0x7101d50ab0,0080,_ZTC19TimeBalloonNotifier16_N2al16IUseLayoutActionE
0x7101d50b18,0064,_ZTV27TimeBalloonNotifierDirector
0x7101d50cc8,0008,_ZN12_GLOBAL__N_112UpdatePlayedE
0x7101d50e30,0072,_ZN12_GLOBAL__N_130NrvTimeBalloonNotifierDirectorE
0x7101d50e78,0096,_ZTV20TimeBalloonPlayAudio
0x7101d50f58,0032,_ZTV23TimeBalloonPlayerPlayer
0x7101d50fd8,0008,_ZN12_GLOBAL__N_14PlayE
0x7101d51098,0008,_ZN12_GLOBAL__N_13EndE
0x7101d510b8,0016,_ZN12_GLOBAL__N_126NrvTimeBalloonPlayerPlayerE
0x7101d510c8,0040,_ZTV20TimeBalloonPlayInput
0x7101d51138,0280,_ZTV21TimeBalloonPlayLayout
0x7101d512a8,0144,_ZTV22TimeBalloonPlayObjects
0x7101d51388,0048,_ZTV20TimeBalloonPlayTimer
0x7101d513e8,0168,_ZTV23TimeBalloonSequenceInfo
0x7101d514c8,0080,_ZTV27TimeBalloonStateFindBalloon
0x7101d51578,0008,_ZN12_GLOBAL__N_17StandbyE
0x7101d515b8,0008,_ZN12_GLOBAL__N_14PlayE
0x7101d51678,0008,_ZN12_GLOBAL__N_112ExplainStartE
0x7101d51698,0016,_ZN12_GLOBAL__N_130NrvTimeBalloonStateFindBalloonE
0x7101d516a8,0080,_ZTV33TimeBalloonStateFindBalloonFailed
0x7101d51738,0008,_ZN12_GLOBAL__N_110FailedWaitE
0x7101d51778,0008,_ZN12_GLOBAL__N_19FailedEndE
0x7101d517b8,0008,_ZN12_GLOBAL__N_125ViewAroundStageDecideWaitE
0x7101d517f8,0008,_ZN12_GLOBAL__N_118ViewAroundStageEndE
0x7101d51838,0008,_ZN12_GLOBAL__N_128ViewAroundStageDefaultCameraE
0x7101d51858,0080,_ZTV34TimeBalloonStateFindBalloonSuccess
0x7101d518e8,0008,_ZN12_GLOBAL__N_116FindSuccessStartE
0x7101d51928,0008,_ZN12_GLOBAL__N_111FindSuccessE
0x7101d51968,0008,_ZN12_GLOBAL__N_13EndE
0x7101d51988,0080,_ZTV21TimeBalloonStatePause
0x7101d51b60,0040,_ZN12_GLOBAL__N_124NrvTimeBalloonStatePauseE
0x7101d51b88,0080,_ZTV26TimeBalloonStatePutBalloon
0x7101d51c18,0008,_ZN12_GLOBAL__N_17ExplainE
0x7101d51c58,0008,_ZN12_GLOBAL__N_14PlayE
0x7101d51d18,0008,_ZN12_GLOBAL__N_17StandbyE
0x7101d51d38,0016,_ZN12_GLOBAL__N_129NrvTimeBalloonStatePutBalloonE
0x7101d51d48,0112,_ZTV29TimeBalloonStateSelectBalloon
0x7101d51e38,0008,_ZN12_GLOBAL__N_17ExplainE
0x7101d51e78,0008,_ZN12_GLOBAL__N_113WaitPageSetupE
0x7101d51f38,0008,_ZN12_GLOBAL__N_16SelectE
0x7101d52078,0008,_ZN12_GLOBAL__N_14WaitE
0x7101d520b8,0008,_ZN12_GLOBAL__N_16CancelE
0x7101d520f8,0008,_ZN12_GLOBAL__N_111SelectStartE
0x7101d52138,0008,_ZN12_GLOBAL__N_118DecideLackCoinWaitE
0x7101d52178,0008,_ZN12_GLOBAL__N_110CancelWaitE
0x7101d521a0,0048,_ZN12_GLOBAL__N_132NrvTimeBalloonStateSelectBalloonE
0x7101d521d0,0080,_ZTV31TimeBalloonStateShowAchievement
0x7101d52258,0008,_ZN12_GLOBAL__N_14ShowE
0x7101d52278,0080,_ZTV26TimeBalloonStateShowResult
0x7101d52308,0008,_ZN12_GLOBAL__N_16AppearE
0x7101d52348,0008,_ZN12_GLOBAL__N_14WaitE
0x7101d52388,0008,_ZN12_GLOBAL__N_13EndE
0x7101d523a8,0080,_ZTV32TimeBalloonStateWatchFindBalloon
0x7101d52438,0008,_ZN12_GLOBAL__N_15ReadyE
0x7101d52478,0008,_ZN12_GLOBAL__N_14PlayE
0x7101d524b8,0008,_ZN12_GLOBAL__N_13EndE
0x7101d524d8,0080,_ZTV28TimeBalloonTalkMessageChoice
0x7101d52568,0008,_ZN12_GLOBAL__N_16SelectE
0x7101d52588,0352,_ZTV21TimeBalloonTimerCount
0x7101d52750,0232,_ZTC21TimeBalloonTimerCount0_N2al11LayoutActorE
0x7101d52840,0048,_ZTC21TimeBalloonTimerCount8_N2al10IUseLayoutE
0x7101d52870,0080,_ZTC21TimeBalloonTimerCount16_N2al16IUseLayoutActionE
0x7101d528f8,0008,_ZN12_GLOBAL__N_15CountE
0x7101d52918,0536,_ZTV14AchievementNpc
0x7101d52b70,0304,_ZTC14AchievementNpc0_N2al9LiveActorE
0x7101d52ca0,0056,_ZTC14AchievementNpc24_N2al15IUseStageSwitchE
0x7101d52e28,0024,_ZTVN14AchievementNpc15MessageAccessorE
0x7101d52fa0,0072,_ZN12_GLOBAL__N_117NrvAchievementNpcE
0x7101d52fe8,0504,_ZTV13AmiiboHelpNpc
0x7101d53220,0304,_ZTC13AmiiboHelpNpc0_N2al9LiveActorE
0x7101d53350,0056,_ZTC13AmiiboHelpNpc24_N2al15IUseStageSwitchE
0x7101d53490,0024,_ZN12_GLOBAL__N_116NrvAmiiboHelpNpcE
0x7101d534a8,0504,_ZTV9AmiiboNpc
0x7101d536e0,0304,_ZTC9AmiiboNpc0_N2al9LiveActorE
0x7101d53810,0056,_ZTC9AmiiboNpc24_N2al15IUseStageSwitchE
0x7101d53a90,0064,_ZN12_GLOBAL__N_112NrvAmiiboNpcE
0x7101d53ad0,0080,_ZTV27AmiiboNpcStateChangeCostume
0x7101d53b38,0096,_ZTV19BigBirdStateFlyAway
0x7101d53c98,0008,_ZN12_GLOBAL__N_112FlyAwayStartE
0x7101d53cd8,0008,_ZN12_GLOBAL__N_17FlyAwayE
0x7101d53d00,0024,_ZN12_GLOBAL__N_122NrvBigBirdStateFlyAwayE
0x7101d53d18,0088,_ZTV16BigBirdStateWait
0x7101d53f30,0048,_ZN12_GLOBAL__N_119NrvBigBirdStateWaitE
0x7101d53f60,0472,_ZTV4Bird
0x7101d54180,0304,_ZTC4Bird0_N2al9LiveActorE
0x7101d542b0,0056,_ZTC4Bird24_N2al15IUseStageSwitchE
0x7101d54428,0008,_ZN12_GLOBAL__N_15DelayE
0x7101d54568,0008,_ZN12_GLOBAL__N_15ResetE
0x7101d54590,0064,_ZN12_GLOBAL__N_17NrvBirdE
0x7101d545d0,0040,_ZTV16BirdMtxGlideCtrl
0x7101d54638,0008,_ZN12_GLOBAL__N_15ValidE
0x7101d54678,0008,_ZN12_GLOBAL__N_17InvalidE
0x7101d54698,0552,_ZTV19BirdPlayerGlideCtrl
0x7101d54900,0304,_ZTC19BirdPlayerGlideCtrl0_N2al9LiveActorE
0x7101d54a30,0056,_ZTC19BirdPlayerGlideCtrl24_N2al15IUseStageSwitchE
0x7101d54be8,0040,_ZTVN4sead10StrTreeMapILi32ENS_7Vector3IfEEE4NodeE
0x7101d54c40,0040,_ZN12_GLOBAL__N_122NrvBirdPlayerGlideCtrlE
0x7101d54c68,0096,_ZTV20BirdStateFlyAwayBase
0x7101d54ce8,0536,_ZTV10CapSlotNpc
0x7101d54f40,0304,_ZTC10CapSlotNpc0_N2al9LiveActorE
0x7101d55070,0056,_ZTC10CapSlotNpc24_N2al15IUseStageSwitchE
0x7101d55178,0016,_ZN12_GLOBAL__N_111NrvHostTypeE
0x7101d55188,0056,_ZTV30CapWorldNpcTailJointController
0x7101d551d8,0472,_ZTV13CollectAnimal
0x7101d553f0,0304,_ZTC13CollectAnimal0_N2al9LiveActorE
0x7101d55520,0056,_ZTC13CollectAnimal24_N2al15IUseStageSwitchE
0x7101d55618,0008,_ZN12_GLOBAL__N_16AppearE
0x7101d55980,0120,_ZN12_GLOBAL__N_111NrvHostTypeE
0x7101d559f8,0472,_ZTV20CollectAnimalWatcher
0x7101d55c10,0304,_ZTC20CollectAnimalWatcher0_N2al9LiveActorE
0x7101d55d40,0056,_ZTC20CollectAnimalWatcher24_N2al15IUseStageSwitchE
0x7101d55db8,0008,_ZN12_GLOBAL__N_14WaitE
0x7101d55df8,0008,_ZN12_GLOBAL__N_120AllAnimalsInTheFenceE
0x7101d55e38,0008,_ZN12_GLOBAL__N_111AppearShineE
0x7101d55e58,0472,_ZTV18EffectObjNpcManFar
0x7101d56070,0304,_ZTC18EffectObjNpcManFar0_N2al9LiveActorE
0x7101d561a0,0056,_ZTC18EffectObjNpcManFar24_N2al15IUseStageSwitchE
0x7101d56278,0016,_ZN12_GLOBAL__N_121NrvEffectObjNpcManFarE
0x7101d56288,0472,_ZTV18FigureWalkingJudge
0x7101d564a0,0304,_ZTC18FigureWalkingJudge0_N2al9LiveActorE
0x7101d565d0,0056,_ZTC18FigureWalkingJudge24_N2al15IUseStageSwitchE
0x7101d56648,0008,_ZN12_GLOBAL__N_14WaitE
0x7101d56688,0008,_ZN12_GLOBAL__N_14PlayE
0x7101d566c8,0008,_ZN12_GLOBAL__N_111StartResultE
0x7101d56708,0008,_ZN12_GLOBAL__N_19EndResultE
0x7101d567a8,0024,_ZTVN2al16DeriveActorGroupINS_12WaitEndActorEEE
0x7101d567d8,0016,_ZN12_GLOBAL__N_121NrvFigureWalkingJudgeE
0x7101d567e8,0536,_ZTV16FigureWalkingNpc
0x7101d56a40,0304,_ZTC16FigureWalkingNpc0_N2al9LiveActorE
0x7101d56b70,0056,_ZTC16FigureWalkingNpc24_N2al15IUseStageSwitchE
0x7101d56cc0,0024,_ZN12_GLOBAL__N_119NrvFigureWalkingNpcE
0x7101d56cd8,0056,_ZTV23FukanKunInteractionBase
0x7101d56d10,0056,_ZTV21FukanKunMessageHolder
0x7101d56d48,0056,_ZTV19FukanKunShineHolder
0x7101d56d80,0504,_ZTV9FlyObject
0x7101d56fc0,0048,_ZTV7OnRails
0x7101d57018,0048,_ZTV10Stationary
0x7101d570e0,0304,_ZTC9FlyObject0_N2al9LiveActorE
0x7101d57210,0056,_ZTC9FlyObject24_N2al15IUseStageSwitchE
0x7101d572a8,0008,_ZN12_GLOBAL__N_19DisappearE
0x7101d572c8,0048,_ZTV24FukanKunInteractionEmpty
0x7101d57318,0008,_ZN12_GLOBAL__N_13FlyE
0x7101d57338,0472,_ZTV13ForestManSeed
0x7101d57550,0304,_ZTC13ForestManSeed0_N2al9LiveActorE
0x7101d57680,0056,_ZTC13ForestManSeed24_N2al15IUseStageSwitchE
0x7101d57860,0048,_ZN12_GLOBAL__N_116NrvForestManSeedE
0x7101d57890,0472,_ZTV4Frog
0x7101d57ab0,0304,_ZTC4Frog0_N2al9LiveActorE
0x7101d57be0,0056,_ZTC4Frog24_N2al15IUseStageSwitchE
0x7101d58000,0120,_ZN12_GLOBAL__N_111NrvHostTypeE
0x7101d58080,0080,_ZTV13FrogStateHack
0x7101d58650,0168,_ZN12_GLOBAL__N_111NrvHostTypeE
0x7101d586f8,0080,_ZTV17FrogStateWaitJump
0x7101d588f0,0048,_ZN12_GLOBAL__N_111NrvHostTypeE
0x7101d58920,0080,_ZTV19FrogStateWaitWander
0x7101d58a50,0024,_ZN12_GLOBAL__N_111NrvHostTypeE
0x7101d58a68,0472,_ZTV18FukuwaraiFaceParts
0x7101d58c80,0304,_ZTC18FukuwaraiFaceParts0_N2al9LiveActorE
0x7101d58db0,0056,_ZTC18FukuwaraiFaceParts24_N2al15IUseStageSwitchE
0x7101d58e28,0008,_ZN12_GLOBAL__N_16AppearE
0x7101d58fe8,0008,_ZN12_GLOBAL__N_16VanishE
0x7101d590e8,0008,_ZN12_GLOBAL__N_116CaptureHackStartE
0x7101d59110,0072,_ZN12_GLOBAL__N_121NrvFukuwaraiFacePartsE
0x7101d59278,0536,_ZTV12FukuwaraiNpc
0x7101d594d0,0304,_ZTC12FukuwaraiNpc0_N2al9LiveActorE
0x7101d59600,0056,_ZTC12FukuwaraiNpc24_N2al15IUseStageSwitchE
0x7101d59a90,0128,_ZN12_GLOBAL__N_115NrvFukuwaraiNpcE
0x7101d59b10,0472,_ZTV16FukuwaraiWatcher
0x7101d59d30,0304,_ZTC16FukuwaraiWatcher0_N2al9LiveActorE
0x7101d59e60,0056,_ZTC16FukuwaraiWatcher24_N2al15IUseStageSwitchE
0x7101d59ed8,0008,_ZN12_GLOBAL__N_14WaitE
0x7101d59f18,0008,_ZN12_GLOBAL__N_116SetStartPositionE
0x7101d59f58,0008,_ZN12_GLOBAL__N_18MemorizeE
0x7101d59f98,0008,_ZN12_GLOBAL__N_14PlayE
0x7101d59fd8,0008,_ZN12_GLOBAL__N_118WaitStartResultEndE
0x7101d5a018,0008,_ZN12_GLOBAL__N_110ResultWaitE
0x7101d5a058,0008,_ZN12_GLOBAL__N_117ResultAppearPartsE
0x7101d5a098,0008,_ZN12_GLOBAL__N_13EndE
0x7101d5a0b8,0024,_ZTVN2al16DeriveActorGroupI18FukuwaraiFacePartsEE
0x7101d5a0e8,0472,_ZTV11GhostPlayer
0x7101d5a300,0304,_ZTC11GhostPlayer0_N2al9LiveActorE
0x7101d5a430,0056,_ZTC11GhostPlayer24_N2al15IUseStageSwitchE
0x7101d5a4c8,0048,_ZTVN4sead15FixedSafeStringILi66EEE
0x7101d5a538,0048,_ZTVN4sead19FixedSafeStringBaseIcLi66EEE
0x7101d5a5c8,0008,_ZN12_GLOBAL__N_13EndE
0x7101d5a608,0008,_ZN12_GLOBAL__N_110AttachJumpE
0x7101d5a6b0,0032,_ZN12_GLOBAL__N_114NrvGhostPlayerE
0x7101d5a6d0,0536,_ZTV7HelpNpc
0x7101d5a930,0304,_ZTC7HelpNpc0_N2al9LiveActorE
0x7101d5aa60,0056,_ZTC7HelpNpc24_N2al15IUseStageSwitchE
0x7101d5abb0,0024,_ZN12_GLOBAL__N_110NrvHelpNpcE
0x7101d5abc8,0472,_ZTV17HideAndSeekCapMan
0x7101d5ae00,0304,_ZTC17HideAndSeekCapMan0_N2al10PartsModelE
0x7101d5af30,0304,_ZTC17HideAndSeekCapMan0_N2al9LiveActorE
0x7101d5b060,0056,_ZTC17HideAndSeekCapMan24_N2al15IUseStageSwitchE
0x7101d5b0d8,0008,_ZN12_GLOBAL__N_14HideE
0x7101d5b1d8,0008,_ZN12_GLOBAL__N_16AppearE
0x7101d5b200,0024,_ZN12_GLOBAL__N_120NrvHideAndSeekCapManE
0x7101d5b218,0536,_ZTV7HintNpc
0x7101d5b470,0304,_ZTC7HintNpc0_N2al9LiveActorE
0x7101d5b5a0,0056,_ZTC7HintNpc24_N2al15IUseStageSwitchE
0x7101d5b6a8,0016,_ZN12_GLOBAL__N_110NrvHintNpcE
0x7101d5b6b8,0472,_ZTV7HomeCap
0x7101d5b8d0,0304,_ZTC7HomeCap0_N2al9LiveActorE
0x7101d5ba00,0056,_ZTC7HomeCap24_N2al15IUseStageSwitchE
0x7101d5bb38,0008,_ZN12_GLOBAL__N_114WaitOtherChairE
0x7101d5bbf8,0008,_ZN12_GLOBAL__N_19SleepWaitE
0x7101d5bc38,0008,_ZN12_GLOBAL__N_110SleepStartE
0x7101d5bc78,0008,_ZN12_GLOBAL__N_15SleepE
0x7101d5bcb8,0008,_ZN12_GLOBAL__N_18SleepEndE
0x7101d5bce0,0040,_ZN12_GLOBAL__N_110NrvHomeCapE
0x7101d5bd08,0080,_ZTV21HomeCapStateMoveChair
0x7101d5bd98,0008,_ZN12_GLOBAL__N_14MoveE
0x7101d5bdb8,0080,_ZTV24HomeCapStateMoveSouvenir
0x7101d5bf08,0008,_ZN12_GLOBAL__N_115TurnSouvenirDirE
0x7101d5bf48,0008,_ZN12_GLOBAL__N_117WaitSouvenirFrontE
0x7101d5bf88,0008,_ZN12_GLOBAL__N_119ActionSouvenirFrontE
0x7101d5c048,0008,_ZN12_GLOBAL__N_111ReturnChairE
0x7101d5c088,0008,_ZN12_GLOBAL__N_114TurnChairFrontE
0x7101d5c0b0,0040,_ZN12_GLOBAL__N_127NrvHomeCapStateMoveSouvenirE
0x7101d5c0d8,0040,_ZTV17JumpingRopeLayout
0x7101d5c178,0008,_ZN12_GLOBAL__N_14GameE
0x7101d5c1f8,0008,_ZN12_GLOBAL__N_13EndE
0x7101d5c260,0024,_ZN12_GLOBAL__N_120NrvJumpingRopeLayoutE
0x7101d5c278,0472,_ZTV14JumpingRopeNpc
0x7101d5c490,0304,_ZTC14JumpingRopeNpc0_N2al9LiveActorE
0x7101d5c5c0,0056,_ZTC14JumpingRopeNpc24_N2al15IUseStageSwitchE
0x7101d5cc80,0048,_ZN12_GLOBAL__N_117NrvJumpingRopeNpcE
0x7101d5ccb0,0472,_ZTV10KuriboGirl
0x7101d5ced0,0304,_ZTC10KuriboGirl0_N2al9LiveActorE
0x7101d5d000,0056,_ZTC10KuriboGirl24_N2al15IUseStageSwitchE
0x7101d5d1b8,0008,_ZN12_GLOBAL__N_19DisappearE
0x7101d5d1f8,0008,_ZN12_GLOBAL__N_14HideE
0x7101d5d278,0008,_ZN12_GLOBAL__N_18LoveFindE
0x7101d5d2b8,0008,_ZN12_GLOBAL__N_116AppearShineStartE
0x7101d5d2f8,0008,_ZN12_GLOBAL__N_111AppearShineE
0x7101d5d338,0008,_ZN12_GLOBAL__N_114AppearShineEndE
0x7101d5d420,0072,_ZN12_GLOBAL__N_113NrvKuriboGirlE
0x7101d5d468,0472,_ZTV11MoveHomeNpc
0x7101d5d680,0304,_ZTC11MoveHomeNpc0_N2al9LiveActorE
0x7101d5d7b0,0056,_ZTC11MoveHomeNpc24_N2al15IUseStageSwitchE
0x7101d5d828,0008,_ZN12_GLOBAL__N_14TalkE
0x7101d5d868,0008,_ZN12_GLOBAL__N_17TalkEndE
0x7101d5d888,0056,_ZTV16NpcEventCtrlInfo
0x7101d5d8d8,0048,_ZTVN2al10WStringTmpILi1024EEE
0x7101d5d968,0216,_ZTV16NpcEventDirector
0x7101d5e2a8,0048,_ZTVN4sead16WFixedSafeStringILi1024EEE
0x7101d5e2d8,0048,_ZTVN4sead19FixedSafeStringBaseIDsLi1024EEE
0x7101d5e3a8,0008,_ZN12_GLOBAL__N_14DemoE
0x7101d5e4a8,0008,_ZN12_GLOBAL__N_116DemoSelectChoiceE
0x7101d5e500,0048,_ZN12_GLOBAL__N_119NrvNpcEventDirectorE
0x7101d5e530,0080,_ZTV18NpcEventStateScare
0x7101d5e660,0024,_ZN12_GLOBAL__N_121NrvNpcEventStateScareE
0x7101d5e678,0112,_ZTV16NpcStateReaction
0x7101d5e748,0008,_ZN12_GLOBAL__N_18ReactionE
0x7101d5e788,0008,_ZN12_GLOBAL__N_111CapReactionE
0x7101d5e7a8,0088,_ZTV16NpcStateTurnBase
0x7101d5e858,0088,_ZTV20NpcStateTurnSeparate
0x7101d5e8e8,0008,_ZN12_GLOBAL__N_14TurnE
0x7101d5e950,0080,_ZTV12NpcStateWait
0x7101d5eab8,0048,_ZTVN2al10FunctorV0MIP12NpcStateWaitMS1_FvvEEE
0x7101d5eb10,0032,_ZN12_GLOBAL__N_115NrvNpcStateWaitE
0x7101d5eb30,0472,_ZTV21SimpleActionLiveActor
0x7101d5ed50,0472,_ZTV22SimpleActionPartsModel
0x7101d5ef88,0584,_ZTV27OpeningStageStartCapManHero
0x7101d5f230,0304,_ZTC21SimpleActionLiveActor0_N2al9LiveActorE
0x7101d5f360,0056,_ZTC21SimpleActionLiveActor24_N2al15IUseStageSwitchE
0x7101d5f3c0,0304,_ZTC22SimpleActionPartsModel0_N2al10PartsModelE
0x7101d5f4f0,0304,_ZTC22SimpleActionPartsModel0_N2al9LiveActorE
0x7101d5f620,0056,_ZTC22SimpleActionPartsModel24_N2al15IUseStageSwitchE
0x7101d5f680,0304,_ZTC27OpeningStageStartCapManHero0_14CapManHeroBase
0x7101d5f7b0,0304,_ZTC27OpeningStageStartCapManHero0_N2al9LiveActorE
0x7101d5f8e0,0056,_ZTC27OpeningStageStartCapManHero24_N2al15IUseStageSwitchE
0x7101d5fc68,0048,_ZTVN2al10FunctorV0MIP27OpeningStageStartCapManHeroMS1_FvvEEE
0x7101d5fcc0,0096,_ZN12_GLOBAL__N_130NrvOpeningStageStartCapManHeroE
0x7101d5fd20,0504,_ZTV17PaulineAtCeremony
0x7101d60140,0304,_ZTC17PaulineAtCeremony0_N2al9LiveActorE
0x7101d60270,0056,_ZTC17PaulineAtCeremony24_N2al15IUseStageSwitchE
0x7101d603e8,0048,_ZTVN2al10FunctorV0MIP17PaulineAtCeremonyMS1_FvvEEE
0x7101d60440,0032,_ZN12_GLOBAL__N_120NrvPaulineAtCeremonyE
0x7101d60460,0472,_ZTV15PaulineAudience
0x7101d606c0,0304,_ZTC15PaulineAudience0_N2al9LiveActorE
0x7101d607f0,0056,_ZTC15PaulineAudience24_N2al15IUseStageSwitchE
0x7101d608e8,0008,_ZN12_GLOBAL__N_14SabiE
0x7101d60908,0016,_ZN12_GLOBAL__N_118NrvPaulineAudienceE
0x7101d60918,0472,_ZTV5Peach
0x7101d60b30,0304,_ZTC5Peach0_N2al9LiveActorE
0x7101d60c60,0056,_ZTC5Peach24_N2al15IUseStageSwitchE
0x7101d60cd8,0008,_ZN12_GLOBAL__N_14WaitE
0x7101d60d18,0008,_ZN12_GLOBAL__N_113WaitKoopaShipE
0x7101d60d58,0008,_ZN12_GLOBAL__N_122WaitKoopaShipWithKoopaE
0x7101d60d98,0008,_ZN12_GLOBAL__N_110WaitChurchE
0x7101d60dd8,0008,_ZN12_GLOBAL__N_18WaitDemoE
0x7101d60df8,0056,_ZTV25PeachOnKoopaAnimRequester
0x7101d60e48,0472,_ZTV20PeachOnKoopaShoulder
0x7101d61080,0304,_ZTC20PeachOnKoopaShoulder0_N2al10PartsModelE
0x7101d611b0,0304,_ZTC20PeachOnKoopaShoulder0_N2al9LiveActorE
0x7101d612e0,0056,_ZTC20PeachOnKoopaShoulder24_N2al15IUseStageSwitchE
0x7101d61418,0008,_ZN12_GLOBAL__N_17CarriedE
0x7101d61458,0008,_ZN12_GLOBAL__N_14DeadE
0x7101d61540,0048,_ZN12_GLOBAL__N_123NrvPeachOnKoopaShoulderE
0x7101d61570,0040,_ZTV13PlayerRecoder
0x7101d615d8,0008,_ZN12_GLOBAL__N_14WaitE
0x7101d61618,0008,_ZN12_GLOBAL__N_16RecodeE
0x7101d61658,0008,_ZN12_GLOBAL__N_13EndE
0x7101d61678,0472,_ZTV14PochiHintPhoto
0x7101d61890,0304,_ZTC14PochiHintPhoto0_N2al9LiveActorE
0x7101d619c0,0056,_ZTC14PochiHintPhoto24_N2al15IUseStageSwitchE
0x7101d61a38,0008,_ZN12_GLOBAL__N_14WaitE
0x7101d61a58,0504,_ZTV7Poetter
0x7101d61c90,0304,_ZTC7Poetter0_N2al9LiveActorE
0x7101d61dc0,0056,_ZTC7Poetter24_N2al15IUseStageSwitchE
0x7101d61f40,0032,_ZN12_GLOBAL__N_110NrvPoetterE
0x7101d61f60,0472,_ZTV6Rabbit
0x7101d62180,0304,_ZTC6Rabbit0_N2al9LiveActorE
0x7101d622b0,0056,_ZTC6Rabbit24_N2al15IUseStageSwitchE
0x7101d62888,0048,_ZTVN2al10FunctorV0MIP6RabbitMS1_FvvEEE
0x7101d628e0,0176,_ZN12_GLOBAL__N_19NrvRabbitE
0x7101d62990,0472,_ZTV11RabbitGraph
0x7101d62bb0,0024,_ZTV15RabbitGraphEdge
0x7101d62be8,0024,_ZTV19RabbitGraphEdgeMoon
0x7101d62c20,0304,_ZTC11RabbitGraph0_N2al9LiveActorE
0x7101d62d50,0056,_ZTC11RabbitGraph24_N2al15IUseStageSwitchE
0x7101d62dc8,0008,_ZN12_GLOBAL__N_17StandbyE
0x7101d62de8,0472,_ZTV21RabbitGraphRailKeeper
0x7101d63000,0304,_ZTC21RabbitGraphRailKeeper0_N2al9LiveActorE
0x7101d63130,0056,_ZTC21RabbitGraphRailKeeper24_N2al15IUseStageSwitchE
0x7101d631a8,0008,_ZN12_GLOBAL__N_124NrvRabbitGraphRailKeeperE
0x7101d631c8,0048,_ZTVN2al10FunctorV0MIP21RabbitGraphRailKeeperMS1_FvvEEE
0x7101d63218,0472,_ZTV15RaceAudienceNpc
0x7101d63430,0304,_ZTC15RaceAudienceNpc0_N2al9LiveActorE
0x7101d63560,0056,_ZTC15RaceAudienceNpc24_N2al15IUseStageSwitchE
0x7101d636c0,0032,_ZN12_GLOBAL__N_118NrvRaceAudienceNpcE
0x7101d636e0,0472,_ZTV11RaceManGoal
0x7101d63920,0304,_ZTC11RaceManGoal0_N2al9LiveActorE
0x7101d63a50,0056,_ZTC11RaceManGoal24_N2al15IUseStageSwitchE
0x7101d63b28,0016,_ZN12_GLOBAL__N_114NrvRaceManGoalE
0x7101d63b38,0584,_ZTV11RaceManRace
0x7101d63dc0,0304,_ZTC11RaceManRace0_N2al9LiveActorE
0x7101d63ef0,0056,_ZTC11RaceManRace24_N2al15IUseStageSwitchE
0x7101d63f98,0008,_ZN12_GLOBAL__N_19StartWaitE
0x7101d64018,0008,_ZN12_GLOBAL__N_116WaitReEnterStageE
0x7101d640d8,0008,_ZN12_GLOBAL__N_110GoalNpcWinE
0x7101d64118,0008,_ZN12_GLOBAL__N_110StartRetryE
0x7101d64158,0008,_ZN12_GLOBAL__N_110EventRetryE
0x7101d64198,0008,_ZN12_GLOBAL__N_112WaitEndStageE
0x7101d641d8,0008,_ZN12_GLOBAL__N_116AttachJumpPlayerE
0x7101d64218,0008,_ZN12_GLOBAL__N_119AttachJumpPlayerEndE
0x7101d64258,0008,_ZN12_GLOBAL__N_110ResultTurnE
0x7101d64298,0008,_ZN12_GLOBAL__N_16ResultE
0x7101d642c0,0024,_ZN12_GLOBAL__N_114NrvRaceManRaceE
0x7101d642d8,0472,_ZTV12RaceManShell
0x7101d644f0,0304,_ZTC12RaceManShell0_N2al9LiveActorE
0x7101d64620,0056,_ZTC12RaceManShell24_N2al15IUseStageSwitchE
0x7101d64678,0536,_ZTV12RaceManStart
0x7101d648d0,0304,_ZTC12RaceManStart0_N2al9LiveActorE
0x7101d64a00,0056,_ZTC12RaceManStart24_N2al15IUseStageSwitchE
0x7101d64c28,0008,_ZN12_GLOBAL__N_110AppearCoinE
0x7101d64c68,0008,_ZN12_GLOBAL__N_113AppearCoinEndE
0x7101d64ca8,0008,_ZN12_GLOBAL__N_14TalkE
0x7101d64d68,0008,_ZN12_GLOBAL__N_19EventLoseE
0x7101d64dd0,0072,_ZN12_GLOBAL__N_115NrvRaceManStartE
0x7101d64e18,0472,_ZTV15RaceManThrowCap
0x7101d65030,0304,_ZTC15RaceManThrowCap0_N2al9LiveActorE
0x7101d65160,0056,_ZTC15RaceManThrowCap24_N2al15IUseStageSwitchE
0x7101d651b8,0472,_ZTV10RadiconCar
0x7101d653d0,0304,_ZTC10RadiconCar0_N2al9LiveActorE
0x7101d65500,0056,_ZTC10RadiconCar24_N2al15IUseStageSwitchE
0x7101d657a0,0072,_ZN12_GLOBAL__N_111NrvHostTypeE
0x7101d657e8,0080,_ZTV23RadiconCarStateAutoMove
0x7101d65898,0008,_ZN12_GLOBAL__N_14MoveE
0x7101d658d8,0008,_ZN12_GLOBAL__N_14WaitE
0x7101d658f8,0472,_ZTV10RadiconNpc
0x7101d65b10,0304,_ZTC10RadiconNpc0_N2al9LiveActorE
0x7101d65c40,0056,_ZTC10RadiconNpc24_N2al15IUseStageSwitchE
0x7101d65e60,0056,_ZN12_GLOBAL__N_111NrvHostTypeE
0x7101d65ea8,0040,_ZTV19RandomActionUpdater
0x7101d66030,0040,_ZN12_GLOBAL__N_122NrvRandomActionUpdaterE
0x7101d66058,0056,_ZTV17RankingNameHolder
0x7101d660a8,0640,_ZTV10RankingNpc
0x7101d66370,0304,_ZTC10RankingNpc0_N2al9LiveActorE
0x7101d664a0,0056,_ZTC10RankingNpc24_N2al15IUseStageSwitchE
0x7101d66628,0008,_ZN12_GLOBAL__N_17EndTalkE
0x7101d66650,0024,_ZN12_GLOBAL__N_111NrvHostTypeE
0x7101d66668,0504,_ZTV10RunAwayNpc
0x7101d668b0,0304,_ZTC10RunAwayNpc0_N2al9LiveActorE
0x7101d669e0,0056,_ZTC10RunAwayNpc24_N2al15IUseStageSwitchE
0x7101d66d60,0096,_ZN12_GLOBAL__N_113NrvRunAwayNpcE
0x7101d66e08,0504,_ZTV15SessionMayorNpc
0x7101d67040,0304,_ZTC15SessionMayorNpc0_N2al9LiveActorE
0x7101d67170,0056,_ZTC15SessionMayorNpc24_N2al15IUseStageSwitchE
0x7101d67268,0048,_ZTVN4sead15FixedSafeStringILi170EEE
0x7101d672d8,0048,_ZTVN4sead19FixedSafeStringBaseIcLi170EEE
0x7101d67378,0016,_ZN12_GLOBAL__N_111NrvHostTypeE
0x7101d67388,0040,_ZTV28SessionMusicianBgmController
0x7101d673b0,0472,_ZTV17SessionBgmCtrlObj
0x7101d675d0,0304,_ZTC17SessionBgmCtrlObj0_N2al9LiveActorE
0x7101d67700,0056,_ZTC17SessionBgmCtrlObj24_N2al15IUseStageSwitchE
0x7101d67798,0008,_ZN12_GLOBAL__N_14WaitE
0x7101d677d8,0008,_ZN12_GLOBAL__N_16InAreaE
0x7101d67818,0008,_ZN12_GLOBAL__N_17OutAreaE
0x7101d67838,0552,_ZTV22SessionMusicianManager
0x7101d67aa0,0304,_ZTC22SessionMusicianManager0_N2al9LiveActorE
0x7101d67bd0,0056,_ZTC22SessionMusicianManager24_N2al15IUseStageSwitchE
0x7101d67c68,0008,_ZN12_GLOBAL__N_14WaitE
0x7101d67ca8,0008,_ZN12_GLOBAL__N_18CompleteE
0x7101d67d00,0536,_ZTV18SessionMusicianNpc
0x7101d67f60,0304,_ZTC18SessionMusicianNpc0_N2al9LiveActorE
0x7101d68090,0056,_ZTC18SessionMusicianNpc24_N2al15IUseStageSwitchE
0x7101d68198,0120,_ZTVNSt3__118basic_stringstreamIcNS_11char_traitsIcEENS_9allocatorIcEEEE
0x7101d68260,0120,_ZTCNSt3__118basic_stringstreamIcNS_11char_traitsIcEENS_9allocatorIcEEEE0_NS_14basic_iostreamIcS2_EE
0x7101d682e0,0080,_ZTCNSt3__118basic_stringstreamIcNS_11char_traitsIcEENS_9allocatorIcEEEE0_NS_13basic_istreamIcS2_EE
0x7101d68330,0080,_ZTCNSt3__118basic_stringstreamIcNS_11char_traitsIcEENS_9allocatorIcEEEE16_NS_13basic_ostreamIcS2_EE
0x7101d68398,0128,_ZTVNSt3__115basic_stringbufIcNS_11char_traitsIcEENS_9allocatorIcEEEE
0x7101d68478,0048,_ZTVN4sead15FixedSafeStringILi33EEE
0x7101d684e8,0048,_ZTVN4sead19FixedSafeStringBaseIcLi33EEE
0x7101d68558,0008,_ZN12_GLOBAL__N_19WarpStartE
0x7101d68578,0048,_ZTVN4sead15FixedSafeStringILi62EEE
0x7101d685e8,0048,_ZTVN4sead19FixedSafeStringBaseIcLi62EEE
0x7101d68678,0008,_ZN12_GLOBAL__N_17WarpEndE
0x7101d686b8,0008,_ZN12_GLOBAL__N_14WarpE
0x7101d686d8,0048,_ZTVN2al10FunctorV0MIP18SessionMusicianNpcMS1_FvvEEE
0x7101d68730,0032,_ZN12_GLOBAL__N_111NrvHostTypeE
0x7101d68750,0112,_ZTV23ShellActorStateReaction
0x7101d68960,0048,_ZN12_GLOBAL__N_126NrvShellActorStateReactionE
0x7101d68990,0472,_ZTV8Shibaken
0x7101d68bb0,0304,_ZTC8Shibaken0_N2al9LiveActorE
0x7101d68ce0,0056,_ZTC8Shibaken24_N2al15IUseStageSwitchE
0x7101d690d8,0008,_ZN12_GLOBAL__N_18FindTurnE
0x7101d69198,0008,_ZN12_GLOBAL__N_14FindE
0x7101d69218,0008,_ZN12_GLOBAL__N_15SleepE
0x7101d69258,0008,_ZN12_GLOBAL__N_18SleepEndE
0x7101d69280,0104,_ZN12_GLOBAL__N_111NrvShibakenE
0x7101d692e8,0040,_ZTV20ShibakenMoveAnimCtrl
0x7101d69348,0008,_ZN12_GLOBAL__N_14MoveE
0x7101d69430,0024,_ZN12_GLOBAL__N_123NrvShibakenMoveAnimCtrlE
0x7101d69448,0080,_ZTV17ShibakenStateBark
0x7101d695f8,0008,_ZN12_GLOBAL__N_14BarkE
0x7101d69638,0008,_ZN12_GLOBAL__N_14WaitE
0x7101d69660,0032,_ZN12_GLOBAL__N_120NrvShibakenStateBarkE
0x7101d69680,0080,_ZTV21ShibakenStateCapCatch
0x7101d697f0,0032,_ZN12_GLOBAL__N_124NrvShibakenStateCapCatchE
0x7101d69810,0080,_ZTV17ShibakenStateJump
0x7101d69980,0032,_ZN12_GLOBAL__N_120NrvShibakenStateJumpE
0x7101d699a0,0080,_ZTV23ShibakenStatePointChase
0x7101d69d10,0096,_ZN12_GLOBAL__N_126NrvShibakenStatePointChaseE
0x7101d69d70,0080,_ZTV16ShibakenStateSit
0x7101d69f38,0008,_ZN12_GLOBAL__N_16SitBowE
0x7101d69f60,0040,_ZN12_GLOBAL__N_119NrvShibakenStateSitE
0x7101d69f88,0080,_ZTV17ShibakenStateTurn
0x7101d6a180,0048,_ZN12_GLOBAL__N_120NrvShibakenStateTurnE
0x7101d6a1b0,0080,_ZTV17ShibakenStateWait
0x7101d6a238,0008,_ZN12_GLOBAL__N_14WaitE
0x7101d6a320,0024,_ZN12_GLOBAL__N_120NrvShibakenStateWaitE
0x7101d6a338,0080,_ZTV20ShibakenStateWaitFar
0x7101d6a428,0016,_ZN12_GLOBAL__N_123NrvShibakenStateWaitFarE
0x7101d6a438,0472,_ZTV13ShineTowerNpc
0x7101d6a650,0304,_ZTC13ShineTowerNpc0_N2al9LiveActorE
0x7101d6a780,0056,_ZTC13ShineTowerNpc24_N2al15IUseStageSwitchE
0x7101d6a878,0008,_ZN12_GLOBAL__N_19NoBalloonE
0x7101d6a898,0016,_ZN12_GLOBAL__N_116NrvShineTowerNpcE
0x7101d6a8a8,0096,_ZTV21SmallBirdStateFlyAway
0x7101d6a9f0,0024,_ZN12_GLOBAL__N_124NrvSmallBirdStateFlyAwayE
0x7101d6aa08,0088,_ZTV18SmallBirdStateWait
0x7101d6aa98,0008,_ZN12_GLOBAL__N_14WaitE
0x7101d6aad8,0008,_ZN12_GLOBAL__N_14TurnE
0x7101d6aaf8,0536,_ZTV14SnowManRaceNpc
0x7101d6ad50,0304,_ZTC14SnowManRaceNpc0_N2al9LiveActorE
0x7101d6ae80,0056,_ZTC14SnowManRaceNpc24_N2al15IUseStageSwitchE
0x7101d6b350,0136,_ZN12_GLOBAL__N_117NrvSnowManRaceNpcE
0x7101d6b3d8,0504,_ZTV10SphinxQuiz
0x7101d6b630,0304,_ZTC10SphinxQuiz0_N2al9LiveActorE
0x7101d6b760,0056,_ZTC10SphinxQuiz24_N2al15IUseStageSwitchE
0x7101d6b8b8,0008,_ZN12_GLOBAL__N_17KeyMoveE
0x7101d6b8d8,0048,_ZTVN4sead19FixedSafeStringBaseIDsLi64EEE
0x7101d6b910,0024,_ZN12_GLOBAL__N_113NrvSphinxQuizE
0x7101d6b928,0056,_ZTV27SphinxQuizRouteKillExecutor
0x7101d6b978,0536,_ZTV10SphinxRide
0x7101d6bc60,0304,_ZTC10SphinxRide0_N2al9LiveActorE
0x7101d6bd90,0056,_ZTC10SphinxRide24_N2al15IUseStageSwitchE
0x7101d6c178,0008,_ZN12_GLOBAL__N_15GetOnE
0x7101d6c1b8,0008,_ZN12_GLOBAL__N_14LandE
0x7101d6c2d8,0032,_ZTVN4sead12AnyDelegateRIbE11UnbindDummyE
0x7101d6c430,0136,_ZN12_GLOBAL__N_113NrvSphinxRideE
0x7101d6c4b8,0536,_ZTV15SphinxRideEvent
0x7101d6c710,0304,_ZTC15SphinxRideEvent0_N2al9LiveActorE
0x7101d6c840,0056,_ZTC15SphinxRideEvent24_N2al15IUseStageSwitchE
0x7101d6c8e8,0008,_ZN12_GLOBAL__N_111CheckInAreaE
0x7101d6c988,0016,_ZN12_GLOBAL__N_118NrvSphinxRideEventE
0x7101d6c998,0472,_ZTV21SphinxRideMiniGameNpc
0x7101d6cbb0,0304,_ZTC21SphinxRideMiniGameNpc0_N2al9LiveActorE
0x7101d6cce0,0056,_ZTC21SphinxRideMiniGameNpc24_N2al15IUseStageSwitchE
0x7101d6cd58,0008,_ZN12_GLOBAL__N_18TalkWaitE
0x7101d6cd98,0008,_ZN12_GLOBAL__N_17TalkEndE
0x7101d6cdb8,0080,_ZTV22SphinxRideStateRevival
0x7101d6ce68,0008,_ZN12_GLOBAL__N_17RevivalE
0x7101d6ce88,0080,_ZTV19SphinxRideStateStop
0x7101d6cf18,0008,_ZN12_GLOBAL__N_19StopStartE
0x7101d6cfb8,0016,_ZN12_GLOBAL__N_122NrvSphinxRideStateStopE
0x7101d6cfc8,0472,_ZTV8Squirrel
0x7101d6d1e0,0304,_ZTC8Squirrel0_N2al9LiveActorE
0x7101d6d310,0056,_ZTC8Squirrel24_N2al15IUseStageSwitchE
0x7101d6d4c8,0008,_ZN12_GLOBAL__N_17RunawayE
0x7101d6d508,0008,_ZN12_GLOBAL__N_114RestartPrepareE
0x7101d6d530,0040,_ZN12_GLOBAL__N_111NrvSquirrelE
0x7101d6d558,0504,_ZTV7TalkNpc
0x7101d6d790,0304,_ZTC7TalkNpc0_N2al9LiveActorE
0x7101d6d8c0,0056,_ZTC7TalkNpc24_N2al15IUseStageSwitchE
0x7101d6dab8,0008,_ZN12_GLOBAL__N_19DemoKoopaE
0x7101d6dad8,0048,_ZTVN2al10FunctorV0MIP7TalkNpcMS1_FvvEEE
0x7101d6db30,0024,_ZN12_GLOBAL__N_110NrvTalkNpcE
0x7101d6e778,0024,_ZTV21TalkNpcActionAnimInfo
0x7101d6e7f8,0472,_ZTV10TalkNpcCap
0x7101d6ea10,0304,_ZTC10TalkNpcCap0_N2al9LiveActorE
0x7101d6eb40,0056,_ZTC10TalkNpcCap24_N2al15IUseStageSwitchE
0x7101d6eb98,0472,_ZTV13TalkNpcFreeze
0x7101d6edb0,0304,_ZTC13TalkNpcFreeze0_N2al9LiveActorE
0x7101d6eee0,0056,_ZTC13TalkNpcFreeze24_N2al15IUseStageSwitchE
0x7101d6ef38,0056,_ZTV18TalkNpcParamHolder
0x7101d6efa8,0040,_ZTV22TalkNpcPartialAnimCtrl
0x7101d6f008,0008,_ZN12_GLOBAL__N_14NoneE
0x7101d6f048,0008,_ZN12_GLOBAL__N_111ReactionCapE
0x7101d6f088,0008,_ZN12_GLOBAL__N_18ReactionE
0x7101d6f0c8,0008,_ZN12_GLOBAL__N_16ByeByeE
0x7101d6f0e8,0056,_ZTV25TalkNpcSceneEventSwitcher
0x7101d6f158,0080,_ZTV17TalkNpcStateEvent
0x7101d6f228,0008,_ZN12_GLOBAL__N_18ReactionE
0x7101d6f3d0,0056,_ZN12_GLOBAL__N_120NrvTalkNpcStateEventE
0x7101d6f408,0056,_ZTV25TalkNpcSwitchActionPlayer
0x7101d6f460,0056,_ZTV26TalkNpcSwitchWaitActionObj
0x7101d6f4c0,0056,_ZTC25TalkNpcSwitchActionPlayer0_N2al15IUseStageSwitchE
0x7101d6f540,0056,_ZTC26TalkNpcSwitchWaitActionObj0_N2al15IUseStageSwitchE
0x7101d6f5b8,0048,_ZTVN2al10FunctorV0MIP25TalkNpcSwitchActionPlayerMS1_FvvEEE
0x7101d6f608,0048,_ZTVN2al10FunctorV0MIP26TalkNpcSwitchWaitActionObjMS1_FvvEEE
0x7101d6f658,0472,_ZTV13TestAndoNpcIk
0x7101d6f870,0304,_ZTC13TestAndoNpcIk0_N2al9LiveActorE
0x7101d6f9a0,0056,_ZTC13TestAndoNpcIk24_N2al15IUseStageSwitchE
0x7101d6f9f8,0472,_ZTV14TestAndoNpcIk2
0x7101d6fc10,0304,_ZTC14TestAndoNpcIk20_N2al9LiveActorE
0x7101d6fd40,0056,_ZTC14TestAndoNpcIk224_N2al15IUseStageSwitchE
0x7101d6fd98,0032,_ZTVN4sead9Delegate1I14TestAndoNpcIk2P28SkeletonDynamicsCallbackInfoEE
0x7101d6fe08,0032,_ZTVN4sead12DelegateBaseI14TestAndoNpcIk2MS1_FvP28SkeletonDynamicsCallbackInfoENS_10IDelegate1IS3_EEEE
0x7101d6fe28,0472,_ZTV5Tiara
0x7101d70040,0304,_ZTC5Tiara0_N2al9LiveActorE
0x7101d70170,0056,_ZTC5Tiara24_N2al15IUseStageSwitchE
0x7101d702a8,0008,_ZN12_GLOBAL__N_14TalkE
0x7101d702e8,0008,_ZN12_GLOBAL__N_14StopE
0x7101d70328,0008,_ZN12_GLOBAL__N_110TurnToHostE
0x7101d70368,0008,_ZN12_GLOBAL__N_110StopActionE
0x7101d703a8,0008,_ZN12_GLOBAL__N_18FindTurnE
0x7101d703e8,0008,_ZN12_GLOBAL__N_135WaitInitPeachWorldHomeCastleCapDemoE
0x7101d70428,0008,_ZN12_GLOBAL__N_136ShakeHandPeachWorldHomeCastleCapDemoE
0x7101d70468,0008,_ZN12_GLOBAL__N_110StopToHostE
0x7101d704a8,0008,_ZN12_GLOBAL__N_19ShakeHandE
0x7101d704e8,0008,_ZN12_GLOBAL__N_136WaitAfterPeachWorldHomeCastleCapDemoE
0x7101d70510,0024,_ZN12_GLOBAL__N_18NrvTiaraE
0x7101d70528,0472,_ZTV9TiaraEyes
0x7101d70760,0304,_ZTC9TiaraEyes0_N2al10PartsModelE
0x7101d70890,0304,_ZTC9TiaraEyes0_N2al9LiveActorE
0x7101d709c0,0056,_ZTC9TiaraEyes24_N2al15IUseStageSwitchE
0x7101d70a38,0008,_ZN12_GLOBAL__N_16AppearE
0x7101d70a78,0008,_ZN12_GLOBAL__N_110WaitPanicLE
0x7101d70ab8,0008,_ZN12_GLOBAL__N_110WaitPanicRE
0x7101d70af8,0008,_ZN12_GLOBAL__N_110MovePanicLE
0x7101d70b38,0008,_ZN12_GLOBAL__N_110MovePanicRE
0x7101d70b78,0008,_ZN12_GLOBAL__N_18ReactionE
0x7101d70bb8,0008,_ZN12_GLOBAL__N_111ReactionCapE
0x7101d70bf8,0008,_ZN12_GLOBAL__N_14WaitE
0x7101d70c38,0008,_ZN12_GLOBAL__N_19DisappearE
0x7101d70c78,0008,_ZN12_GLOBAL__N_14HideE
0x7101d70c98,0472,_ZTV14TimeBalloonNpc
0x7101d70eb0,0304,_ZTC14TimeBalloonNpc0_N2al9LiveActorE
0x7101d70fe0,0056,_ZTC14TimeBalloonNpc24_N2al15IUseStageSwitchE
0x7101d71100,0024,_ZN12_GLOBAL__N_117NrvTimeBalloonNpcE
0x7101d71118,0504,_ZTV16TokimekiMayorNpc
0x7101d71350,0304,_ZTC16TokimekiMayorNpc0_N2al9LiveActorE
0x7101d71480,0056,_ZTC16TokimekiMayorNpc24_N2al15IUseStageSwitchE
0x7101d71578,0024,_ZTVN2al16DeriveActorGroupI9MayorItemEE
0x7101d715a8,0016,_ZN12_GLOBAL__N_119NrvTokimekiMayorNpcE
0x7101d715b8,0056,_ZTV26TrafficRailWatcherDirector
0x7101d71628,0472,_ZTV9VocalMike
0x7101d71840,0304,_ZTC9VocalMike0_N2al9LiveActorE
0x7101d71970,0056,_ZTC9VocalMike24_N2al15IUseStageSwitchE
0x7101d719c8,0472,_ZTV14VolleyballBall
0x7101d71be0,0304,_ZTC14VolleyballBall0_N2al9LiveActorE
0x7101d71d10,0056,_ZTC14VolleyballBall24_N2al15IUseStageSwitchE
0x7101d71f88,0008,_ZN12_GLOBAL__N_14TossE
0x7101d72008,0008,_ZN12_GLOBAL__N_19ReturnEndE
0x7101d72048,0008,_ZN12_GLOBAL__N_17TossEndE
0x7101d72070,0072,_ZN12_GLOBAL__N_117NrvVolleyballBallE
0x7101d720b8,0040,_ZTV16VolleyballLayout
0x7101d72280,0048,_ZN12_GLOBAL__N_119NrvVolleyballLayoutE
0x7101d722b0,0504,_ZTV13VolleyballNpc
0x7101d724f0,0304,_ZTC13VolleyballNpc0_N2al9LiveActorE
0x7101d72620,0056,_ZTC13VolleyballNpc24_N2al15IUseStageSwitchE
0x7101d728f8,0008,_ZN12_GLOBAL__N_110AttackSignE
0x7101d72938,0008,_ZN12_GLOBAL__N_117AttackWithNewBallE
0x7101d72a58,0024,_ZTVN2al16DeriveActorGroupI14VolleyballBallEE
0x7101d72a90,0104,_ZN12_GLOBAL__N_116NrvVolleyballNpcE
0x7101d72af8,0504,_ZTV17WorldTravelingNpc
0x7101d72d30,0304,_ZTC17WorldTravelingNpc0_N2al9LiveActorE
0x7101d72e60,0056,_ZTC17WorldTravelingNpc24_N2al15IUseStageSwitchE
0x7101d72ef8,0008,_ZN12_GLOBAL__N_15EventE
0x7101d72f18,0048,_ZTVN4sead19FixedSafeStringBaseIDsLi32EEE
0x7101d72f48,0472,_ZTV21WorldTravelingPartner
0x7101d73160,0304,_ZTC21WorldTravelingPartner0_N2al9LiveActorE
0x7101d73290,0056,_ZTC21WorldTravelingPartner24_N2al15IUseStageSwitchE
0x7101d73388,0008,_ZN12_GLOBAL__N_14TalkE
0x7101d733c8,0008,_ZN12_GLOBAL__N_16ScaredE
0x7101d733e8,0016,_ZN12_GLOBAL__N_124NrvWorldTravelingPartnerE
0x7101d733f8,0504,_ZTV19WorldTravelingPeach
0x7101d73630,0304,_ZTC19WorldTravelingPeach0_N2al9LiveActorE
0x7101d73760,0056,_ZTC19WorldTravelingPeach24_N2al15IUseStageSwitchE
0x7101d73828,0008,_ZN12_GLOBAL__N_15EventE
0x7101d73848,0048,_ZTVN2al10FunctorV0MIP19WorldTravelingPeachMS1_FvvEEE
0x7101d73898,0104,_ZTV28WorldTravelingPeachWaitState
0x7101d73ab8,0008,_ZN12_GLOBAL__N_19AdlibTalkE
0x7101d73af8,0008,_ZN12_GLOBAL__N_19ShakeHandE
0x7101d73b38,0008,_ZN12_GLOBAL__N_136ShakeHandPeachWorldHomeCastleCapDemoE
0x7101d73b78,0008,_ZN12_GLOBAL__N_136WaitAfterPeachWorldHomeCastleCapDemoE
0x7101d73ba0,0048,_ZN12_GLOBAL__N_131NrvWorldTravelingPeachWaitStateE
0x7101d73bd0,0504,_ZTV8Yukimaru
0x7101d73e10,0304,_ZTC8Yukimaru0_N2al9LiveActorE
0x7101d73f40,0056,_ZTC8Yukimaru24_N2al15IUseStageSwitchE
0x7101d740c0,0032,_ZN12_GLOBAL__N_111NrvYukimaruE
0x7101d740e0,0552,_ZTV13YukimaruRacer
0x7101d74350,0304,_ZTC13YukimaruRacer0_N2al9LiveActorE
0x7101d74480,0056,_ZTC13YukimaruRacer24_N2al15IUseStageSwitchE
0x7101d74578,0016,_ZN12_GLOBAL__N_116NrvYukimaruRacerE
0x7101d74588,0552,_ZTV18YukimaruRacerTiago
0x7101d747f0,0304,_ZTC18YukimaruRacerTiago0_N2al9LiveActorE
0x7101d74920,0056,_ZTC18YukimaruRacerTiago24_N2al15IUseStageSwitchE
0x7101d74a18,0016,_ZN12_GLOBAL__N_121NrvYukimaruRacerTiagoE
0x7101d74a28,0160,_ZTV17YukimaruStateHack
0x7101d74b88,0008,_ZN12_GLOBAL__N_114WaitEnterMarioE
0x7101d74cc8,0008,_ZN12_GLOBAL__N_19HackStartE
0x7101d74cf0,0040,_ZN12_GLOBAL__N_120NrvYukimaruStateHackE
0x7101d74d18,0080,_ZTV17YukimaruStateMove
0x7101d74e68,0008,_ZN12_GLOBAL__N_17JumpEndE
0x7101d74e90,0024,_ZN12_GLOBAL__N_120NrvYukimaruStateMoveE
0x7101d74ea8,0032,_ZTVN4sead9Delegate1I19CollisionMultiShapePN2al14CollisionPartsEEE
0x7101d74f08,0032,_ZTVN4sead12DelegateBaseI19CollisionMultiShapeMS1_FvPN2al14CollisionPartsEENS_10IDelegate1IS4_EEEE
0x7101d74f28,0032,_ZTVN4sead9Delegate2I19CollisionMultiShapePKN2al11KCPrismDataEPKNS2_13KCPrismHeaderEEE
0x7101d74f98,0032,_ZTVN4sead12DelegateBaseI19CollisionMultiShapeMS1_FvPKN2al11KCPrismDataEPKNS2_13KCPrismHeaderEENS_10IDelegate2IS5_S8_EEEE
0x7101d74fb8,0088,_ZTV22CollisionShapeInfoBase
0x7101d75010,0088,_ZTV23CollisionShapeInfoArrow
0x7101d75068,0088,_ZTV24CollisionShapeInfoSphere
0x7101d750c0,0088,_ZTV22CollisionShapeInfoDisk
0x7101d75198,0472,_ZTV7HackCap
0x7101d753b0,0304,_ZTC7HackCap0_N2al9LiveActorE
0x7101d754e0,0056,_ZTC7HackCap24_N2al15IUseStageSwitchE
0x7101d75ab8,0032,_ZTVN4sead14Delegate2RFuncIPN2al9HitSensorES3_bEE
0x7101d75b28,0032,_ZTVN4sead12DelegateBaseIvPFbPN2al9HitSensorES3_ENS_11IDelegate2RIS3_S3_bEEEE
0x7101d75b50,0176,_ZN12_GLOBAL__N_110NrvHackCapE
0x7101d75c00,0040,_ZTV28HackCapJudgeHoldHoveringJump
0x7101d75c58,0040,_ZTV32HackCapJudgePreInputHoveringJump
0x7101d75cb8,0040,_ZTV32HackCapJudgePreInputSeparateJump
0x7101d75d18,0040,_ZTV33HackCapJudgePreInputSeparateThrow
0x7101d75d78,0080,_ZTV16HackCapStateHide
0x7101d75e68,0016,_ZN12_GLOBAL__N_119NrvHackCapStateHideE
0x7101d75e78,0080,_ZTV21HackCapStateThrowStay
0x7101d76188,0008,_ZN12_GLOBAL__N_116SeparateApproachE
0x7101d761c8,0008,_ZN12_GLOBAL__N_119SeparateApproachEndE
0x7101d761f0,0080,_ZN12_GLOBAL__N_124NrvHackCapStateThrowStayE
0x7101d76240,0040,_ZTV21HackerJudgeNormalFall
0x7101d762a8,0040,_ZTV20HackerJudgeStartJump
0x7101d76328,0040,_ZTV19HackerJudgeStartRun
0x7101d76368,0080,_ZTV15HackerStateBase
0x7101d763d8,0080,_ZTV15HackerStateFall
0x7101d76468,0008,_ZN12_GLOBAL__N_14FallE
0x7101d76488,0080,_ZTV24HackerStateHorizontalFly
0x7101d76640,0040,_ZN12_GLOBAL__N_127NrvHackerStateHorizontalFlyE
0x7101d76668,0080,_ZTV15HackerStateJump
0x7101d76758,0016,_ZN12_GLOBAL__N_118NrvHackerStateJumpE
0x7101d76768,0080,_ZTV21HackerStateNormalJump
0x7101d76858,0016,_ZN12_GLOBAL__N_124NrvHackerStateNormalJumpE
0x7101d76868,0080,_ZTV21HackerStateNormalMove
0x7101d76a20,0040,_ZN12_GLOBAL__N_124NrvHackerStateNormalMoveE
0x7101d76a48,0080,_ZTV19HackerStateRaceMove
0x7101d76b80,0024,_ZN12_GLOBAL__N_122NrvHackerStateRaceMoveE
0x7101d76b98,0080,_ZTV20HackerStateSlideDive
0x7101d76c28,0008,_ZN12_GLOBAL__N_14DiveE
0x7101d76d50,0032,_ZN12_GLOBAL__N_123NrvHackerStateSlideDiveE
0x7101d76d70,0080,_ZTV18HackerStateWingFly
0x7101d76fa0,0056,_ZN12_GLOBAL__N_111NrvHostTypeE
0x7101d76fd8,0472,_ZTV6Player
0x7101d771f0,0304,_ZTC6Player0_N2al9LiveActorE
0x7101d77320,0056,_ZTC6Player24_N2al15IUseStageSwitchE
0x7101d77498,0008,_ZN12_GLOBAL__N_16DamageE
0x7101d774c0,0032,_ZN12_GLOBAL__N_19NrvPlayerE
0x7101d774e0,0728,_ZTV15PlayerActorBase
0x7101d77800,0304,_ZTC15PlayerActorBase0_N2al9LiveActorE
0x7101d77930,0056,_ZTC15PlayerActorBase24_N2al15IUseStageSwitchE
0x7101d779b8,0024,_ZTV14IUsePlayerHack
0x7101d779d0,0760,_ZTV19PlayerActorHakoniwa
0x7101d77d30,0536,_ZTC19PlayerActorHakoniwa0_15PlayerActorBase
0x7101d77f50,0304,_ZTC19PlayerActorHakoniwa0_N2al9LiveActorE
0x7101d78080,0056,_ZTC19PlayerActorHakoniwa24_N2al15IUseStageSwitchE
0x7101d788b8,0048,_ZTVN2al10FunctorV0MIP19PlayerActorHakoniwaMS1_FvvEEE
0x7101d78910,0248,_ZN12_GLOBAL__N_122NrvPlayerActorHakoniwaE
0x7101d78a48,0040,_ZTV27PlayerCapManHeroEyesControl
0x7101d78aa8,0008,_ZN12_GLOBAL__N_14DeadE
0x7101d78b68,0008,_ZN12_GLOBAL__N_19DisappearE
0x7101d78ba8,0008,_ZN12_GLOBAL__N_14DemoE
0x7101d78bc8,0016,_ZN12_GLOBAL__N_130NrvPlayerCapManHeroEyesControlE
0x7101d78bd8,0032,_ZTV16PlayerCapUpdater
0x7101d78c38,0040,_ZTV17PlayerCarryKeeper
0x7101d78dd8,0008,_ZN12_GLOBAL__N_15CarryE
0x7101d78e00,0040,_ZN12_GLOBAL__N_120NrvPlayerCarryKeeperE
0x7101d78e28,0024,_ZTV14PlayerCollider
0x7101d78e78,0192,_ZTV18PlayerCollider2D3D
0x7101d78fd8,0024,_ZTV18PlayerColliderDisk
0x7101d79028,0024,_ZTV21PlayerColliderHackCap
0x7101d79078,0216,_ZTV22PlayerColliderHakoniwa
0x7101d791d0,0184,_ZTV19PlayerColliderYoshi
0x7101d79300,0024,_ZTV30PlayerCollisionCheckSphereMove
0x7101d79338,0032,_ZTVN4sead9Delegate1I30PlayerCollisionCheckSphereMovePN2al14CollisionPartsEEE
0x7101d79398,0032,_ZTVN4sead12DelegateBaseI30PlayerCollisionCheckSphereMoveMS1_FvPN2al14CollisionPartsEENS_10IDelegate1IS4_EEEE
0x7101d793b8,4936,_ZTV11PlayerConst
0x7101d7a760,0472,_ZTV18PlayerFireBall2D3D
0x7101d7a980,0304,_ZTC18PlayerFireBall2D3D0_N2al9LiveActorE
0x7101d7aab0,0056,_ZTC18PlayerFireBall2D3D24_N2al15IUseStageSwitchE
0x7101d7ab88,0016,_ZN12_GLOBAL__N_121NrvPlayerFireBall2D3DE
0x7101d7ab98,0032,_ZTV22PlayerFireBallLauncher
0x7101d7abe8,0024,_ZTVN2al16DeriveActorGroupI18PlayerFireBall2D3DEE
0x7101d7ad48,0056,_ZTV24PlayerHackStartTexKeeper
0x7101d7ad98,0056,_ZTV26PlayerJointControlCapThrow
0x7101d7ade8,0056,_ZTV30PlayerJointControlFollowMtxPtr
0x7101d7ae38,0056,_ZTV26PlayerJointControlGrabPose
0x7101d7ae88,0056,_ZTV28PlayerJointControlGroundPose
0x7101d7af58,0056,_ZTV30PlayerJointControlPartsFitting
0x7101d7afa8,0056,_ZTV31PlayerJointControlPoleClimbPose
0x7101d7aff8,0056,_ZTV31PlayerJointControlSpineDynamics
0x7101d7b048,0056,_ZTV26PlayerJointControlSwimPose
0x7101d7b098,0040,_ZTV26PlayerJudgeAbyssDeadStatus
0x7101d7b0d8,0040,_ZTV33PlayerJudgeActiveCameraSubjective
0x7101d7b118,0040,_ZTV24PlayerJudgeAirForceCount
0x7101d7b178,0040,_ZTV24PlayerJudgeCameraInWater
0x7101d7b1b8,0040,_ZTV27PlayerJudgeCameraSubjective
0x7101d7b1f8,0040,_ZTV19PlayerJudgeCapCatch
0x7101d7b238,0040,_ZTV22PlayerJudgeCapCatchPop
0x7101d7b278,0040,_ZTV22PlayerJudgeCollideWall
0x7101d7b2d8,0040,_ZTV15PlayerJudgeDead
0x7101d7b318,0040,_ZTV23PlayerJudgeDeadSceneEnd
0x7101d7b358,0040,_ZTV24PlayerJudgeDeadWipeStart
0x7101d7b398,0040,_ZTV24PlayerJudgeDirectRolling
0x7101d7b3d8,0040,_ZTV22PlayerJudgeDiveInWater
0x7101d7b438,0040,_ZTV22PlayerJudgeDrawForward
0x7101d7b478,0040,_ZTV27PlayerJudgeEnableGuideArrow
0x7101d7b4b8,0040,_ZTV28PlayerJudgeEnablePeachAmiibo
0x7101d7b4f8,0040,_ZTV24PlayerJudgeEnableStandUp
0x7101d7b538,0040,_ZTV34PlayerJudgeFailureCameraSubjective
0x7101d7b578,0040,_ZTV20PlayerJudgeForceLand
0x7101d7b5b8,0040,_ZTV23PlayerJudgeForceRolling
0x7101d7b5f8,0040,_ZTV26PlayerJudgeForceSlopeSlide
0x7101d7b658,0040,_ZTV19PlayerJudgeGrabCeil
0x7101d7b6b8,0040,_ZTV30PlayerJudgeInvalidateInputFall
0x7101d7b6f8,0040,_ZTV18PlayerJudgeInWater
0x7101d7b758,0040,_ZTV18PlayerJudgeIsNerve
0x7101d7b798,0040,_ZTV19PlayerJudgeLongFall
0x7101d7b7d8,0040,_ZTV21PlayerJudgeNormalFall
0x7101d7b838,0040,_ZTV13PlayerJudgeOr
0x7101d7b878,0040,_ZTV21PlayerJudgeOutInWater
0x7101d7b8b8,0040,_ZTV35PlayerJudgePlaySwitchOnAreaWaitAnim
0x7101d7b8f8,0040,_ZTV20PlayerJudgePoleClimb
0x7101d7b958,0040,_ZTV27PlayerJudgePreInputCapThrow
0x7101d7b998,0040,_ZTV29PlayerJudgePreInputHackAction
0x7101d7b9f8,0040,_ZTV23PlayerJudgePreInputJump
0x7101d7ba58,0040,_ZTV33PlayerJudgePreInputPoleClimbSwing
0x7101d7ba98,0040,_ZTV27PlayerJudgeRecoveryLifeFast
0x7101d7baf8,0040,_ZTV23PlayerJudgeReduceOxygen
0x7101d7bb38,0040,_ZTV30PlayerJudgeSafetyPointRecovery
0x7101d7bb78,0040,_ZTV20PlayerJudgeSameNerve
0x7101d7bbb8,0040,_ZTV19PlayerJudgeSandSink
0x7101d7bc18,0040,_ZTV16PlayerJudgeSleep
0x7101d7bc58,0040,_ZTV21PlayerJudgeSlopeSlide
0x7101d7bcb8,0040,_ZTV24PlayerJudgeSlopeSlideRun
0x7101d7bd18,0040,_ZTV25PlayerJudgeSpeedCheckFall
0x7101d7bd78,0040,_ZTV20PlayerJudgeStartDash
0x7101d7bdb8,0040,_ZTV26PlayerJudgeStartGroundSpin
0x7101d7bdf8,0040,_ZTV23PlayerJudgeStartHipDrop
0x7101d7be58,0040,_ZTV28PlayerJudgeStartJumpHakoniwa
0x7101d7be98,0040,_ZTV20PlayerJudgeStartRise
0x7101d7bed8,0040,_ZTV23PlayerJudgeStartRolling
0x7101d7bf18,0040,_ZTV19PlayerJudgeStartRun
0x7101d7bf58,0040,_ZTV22PlayerJudgeStartRunOld
0x7101d7bf98,0040,_ZTV21PlayerJudgeStartSquat
0x7101d7bfd8,0040,_ZTV24PlayerJudgeStartSwimJump
0x7101d7c018,0040,_ZTV31PlayerJudgeStartWaterSurfaceRun
0x7101d7c058,0040,_ZTV26PlayerJudgeStatusPoleClimb
0x7101d7c098,0040,_ZTV21PlayerJudgeTalkGround
0x7101d7c0f8,0040,_ZTV19PlayerJudgeTalkSwim
0x7101d7c158,0040,_ZTV20PlayerJudgeTouchMove
0x7101d7c1b8,0040,_ZTV20PlayerJudgeWallCatch
0x7101d7c218,0040,_ZTV28PlayerJudgeWallCatchInputDir
0x7101d7c278,0040,_ZTV22PlayerJudgeWallHitDown
0x7101d7c2b8,0040,_ZTV30PlayerJudgeWallHitDownForceRun
0x7101d7c2f8,0040,_ZTV29PlayerJudgeWallHitDownRolling
0x7101d7c338,0040,_ZTV19PlayerJudgeWallKeep
0x7101d7c398,0040,_ZTV19PlayerJudgeWallPush
0x7101d7c3d8,0040,_ZTV26PlayerJudgeWaterSurfaceRun
0x7101d7c418,0120,_ZTV22PlayerModelChanger2D3D
0x7101d7c518,0120,_ZTV26PlayerModelChangerHakoniwa
0x7101d7c5c8,0120,_ZTV23PlayerModelChangerYoshi
0x7101d7c678,0472,_ZTV16PlayerPowerGlove
0x7101d7c890,0304,_ZTC16PlayerPowerGlove0_N2al9LiveActorE
0x7101d7c9c0,0056,_ZTC16PlayerPowerGlove24_N2al15IUseStageSwitchE
0x7101d7ca18,0320,_ZTV12PlayerPuppet
0x7101d7cdf0,0080,_ZTV16PlayerStateAbyss
0x7101d7ced8,0016,_ZN12_GLOBAL__N_119NrvPlayerStateAbyssE
0x7101d7cee8,0080,_ZTV19PlayerStateAutoDash
0x7101d7cfd8,0016,_ZN12_GLOBAL__N_122NrvPlayerStateAutoDashE
0x7101d7cfe8,0080,_ZTV15PlayerStateBind
0x7101d7d1a0,0040,_ZN12_GLOBAL__N_118NrvPlayerStateBindE
0x7101d7d1c8,0080,_ZTV27PlayerStateCameraSubjective
0x7101d7d258,0008,_ZN12_GLOBAL__N_14WaitE
0x7101d7d298,0008,_ZN12_GLOBAL__N_15StartE
0x7101d7d2d8,0008,_ZN12_GLOBAL__N_13EndE
0x7101d7d2f8,0080,_ZTV22PlayerStateCapCatchPop
0x7101d7d388,0008,_ZN12_GLOBAL__N_13PopE
0x7101d7d3a8,0080,_ZTV22PlayerStateCeilingKeep
0x7101d7d438,0008,_ZN12_GLOBAL__N_14KeepE
0x7101d7d478,0008,_ZN12_GLOBAL__N_15LeaveE
0x7101d7d498,0080,_ZTV21PlayerStateDamageFire
0x7101d7d628,0008,_ZN12_GLOBAL__N_17Jump2ndE
0x7101d7d650,0032,_ZN12_GLOBAL__N_124NrvPlayerStateDamageFireE
0x7101d7d670,0080,_ZTV21PlayerStateDamageLife
0x7101d7d7a0,0024,_ZN12_GLOBAL__N_124NrvPlayerStateDamageLifeE
0x7101d7d7b8,0080,_ZTV21PlayerStateDamageSwim
0x7101d7d9b0,0048,_ZN12_GLOBAL__N_124NrvPlayerStateDamageSwimE
0x7101d7d9e0,0080,_ZTV18PlayerStateEndHack
0x7101d7da68,0008,_ZN12_GLOBAL__N_14JumpE
0x7101d7da88,0080,_ZTV23PlayerStateFallHakoniwa
0x7101d7db18,0008,_ZN12_GLOBAL__N_14FallE
0x7101d7db38,0080,_ZTV18PlayerStateFreeRun
0x7101d7dc08,0008,_ZN12_GLOBAL__N_15BrakeE
0x7101d7dc68,0016,_ZN12_GLOBAL__N_121NrvPlayerStateFreeRunE
0x7101d7dc78,0080,_ZTV19PlayerStateGrabCeil
0x7101d7dd08,0008,_ZN12_GLOBAL__N_15StartE
0x7101d7de30,0032,_ZN12_GLOBAL__N_122NrvPlayerStateGrabCeilE
0x7101d7de50,0080,_ZTV21PlayerStateGroundSpin
0x7101d7ded8,0008,_ZN12_GLOBAL__N_110GroundSpinE
0x7101d7def8,0080,_ZTV15PlayerStateHack
0x7101d7df88,0008,_ZN12_GLOBAL__N_13EndE
0x7101d7e070,0024,_ZN12_GLOBAL__N_118NrvPlayerStateHackE
0x7101d7e088,0080,_ZTV22PlayerStateHeadSliding
0x7101d7e118,0008,_ZN12_GLOBAL__N_14DiveE
0x7101d7e138,0080,_ZTV18PlayerStateHipDrop
0x7101d7e208,0008,_ZN12_GLOBAL__N_14LandE
0x7101d7e268,0016,_ZN12_GLOBAL__N_121NrvPlayerStateHipDropE
0x7101d7e278,0080,_ZTV15PlayerStateJump
0x7101d7e530,0072,_ZN12_GLOBAL__N_118NrvPlayerStateJumpE
0x7101d7e578,0080,_ZTV19PlayerStateJump2D3D
0x7101d7e608,0008,_ZN12_GLOBAL__N_14JumpE
0x7101d7e648,0080,_ZTV19PlayerStateLongJump
0x7101d7e6d8,0008,_ZN12_GLOBAL__N_14JumpE
0x7101d7e6f8,0080,_ZTV21PlayerStateNormalFall
0x7101d7e788,0008,_ZN12_GLOBAL__N_14FallE
0x7101d7e7a8,0080,_ZTV21PlayerStateNormalJump
0x7101d7e838,0008,_ZN12_GLOBAL__N_14JumpE
0x7101d7e858,0080,_ZTV21PlayerStateNormalWait
0x7101d7e8e8,0008,_ZN12_GLOBAL__N_14WaitE
0x7101d7e908,0080,_ZTV25PlayerStateNormalWallJump
0x7101d7e998,0008,_ZN12_GLOBAL__N_14JumpE
0x7101d7e9b8,0080,_ZTV26PlayerStateNormalWallSlide
0x7101d7ea48,0008,_ZN12_GLOBAL__N_14KeepE
0x7101d7ea88,0008,_ZN12_GLOBAL__N_15SlideE
0x7101d7eaa8,0080,_ZTV20PlayerStatePoleClimb
0x7101d7ede0,0088,_ZN12_GLOBAL__N_123NrvPlayerStatePoleClimbE
0x7101d7ee38,0080,_ZTV16PlayerStatePress
0x7101d7eec8,0008,_ZN12_GLOBAL__N_15PressE
0x7101d7eee8,0080,_ZTV23PlayerStateRecoveryDead
0x7101d7ef78,0008,_ZN12_GLOBAL__N_15StartE
0x7101d7efb8,0008,_ZN12_GLOBAL__N_14FallE
0x7101d7eff8,0008,_ZN12_GLOBAL__N_18RecoveryE
0x7101d7f048,0080,_ZTV15PlayerStateRise
0x7101d7f0d8,0008,_ZN12_GLOBAL__N_14RiseE
0x7101d7f0f8,0080,_ZTV18PlayerStateRolling
0x7101d7f348,0008,_ZN12_GLOBAL__N_14LandE
0x7101d7f3b0,0064,_ZN12_GLOBAL__N_121NrvPlayerStateRollingE
0x7101d7f3f0,0080,_ZTV14PlayerStateRun
0x7101d7f560,0032,_ZN12_GLOBAL__N_117NrvPlayerStateRunE
0x7101d7f580,0080,_ZTV16PlayerStateRun2D
0x7101d7f6b0,0024,_ZN12_GLOBAL__N_119NrvPlayerStateRun2DE
0x7101d7f6c8,0080,_ZTV18PlayerStateRun2D3D
0x7101d7f7b8,0016,_ZN12_GLOBAL__N_121NrvPlayerStateRun2D3DE
0x7101d7f7c8,0080,_ZTV22PlayerStateRunHakoniwa
0x7101d7f9c0,0048,_ZN12_GLOBAL__N_125NrvPlayerStateRunHakoniwaE
0x7101d7f9f0,0080,_ZTV26PlayerStateRunHakoniwa2D3D
0x7101d7fb20,0024,_ZN12_GLOBAL__N_129NrvPlayerStateRunHakoniwa2D3DE
0x7101d7fb38,0080,_ZTV19PlayerStateSandSink
0x7101d7fc48,0008,_ZN12_GLOBAL__N_14DeadE
0x7101d7fcf0,0032,_ZN12_GLOBAL__N_122NrvPlayerStateSandSinkE
0x7101d7fd10,0080,_ZTV16PlayerStateSlope
0x7101d7fd98,0008,_ZN12_GLOBAL__N_15SlideE
0x7101d7fdb8,0080,_ZTV18PlayerStateSpinCap
0x7101d7ff70,0040,_ZN12_GLOBAL__N_121NrvPlayerStateSpinCapE
0x7101d7ff98,0080,_ZTV16PlayerStateSquat
0x7101d80068,0008,_ZN12_GLOBAL__N_15BrakeE
0x7101d80110,0024,_ZN12_GLOBAL__N_119NrvPlayerStateSquatE
0x7101d80128,0080,_ZTV15PlayerStateSwim
0x7101d80678,0008,_ZN12_GLOBAL__N_118SwimSpinCapSurfaceE
0x7101d806b8,0008,_ZN12_GLOBAL__N_111SwimSpinCapE
0x7101d80720,0160,_ZN12_GLOBAL__N_118NrvPlayerStateSwimE
0x7101d807c0,0080,_ZTV22PlayerStateSwordAttack
0x7101d80848,0008,_ZN12_GLOBAL__N_16AttackE
0x7101d80868,0080,_ZTV21PlayerStateTargetJump
0x7101d808f8,0008,_ZN12_GLOBAL__N_14JumpE
0x7101d80918,0080,_ZTV20PlayerStateTouchMove
0x7101d809a8,0008,_ZN12_GLOBAL__N_14JumpE
0x7101d809c8,0080,_ZTV15PlayerStateWait
0x7101d80cd8,0008,_ZN12_GLOBAL__N_19WaitRelaxE
0x7101d80d58,0008,_ZN12_GLOBAL__N_115RequestAnimWaitE
0x7101d80d80,0088,_ZN12_GLOBAL__N_118NrvPlayerStateWaitE
0x7101d80dd8,0080,_ZTV18PlayerStateWallAir
0x7101d80ec8,0016,_ZN12_GLOBAL__N_121NrvPlayerStateWallAirE
0x7101d80ed8,0080,_ZTV20PlayerStateWallCatch
0x7101d80f68,0008,_ZN12_GLOBAL__N_15StartE
0x7101d81150,0056,_ZN12_GLOBAL__N_123NrvPlayerStateWallCatchE
0x7101d81188,0472,_ZTV11PlayerSword
0x7101d813b0,0304,_ZTC11PlayerSword0_N2al9LiveActorE
0x7101d814e0,0056,_ZTC11PlayerSword24_N2al15IUseStageSwitchE
0x7101d81538,0472,_ZTV10PlayerWhip
0x7101d81750,0304,_ZTC10PlayerWhip0_N2al9LiveActorE
0x7101d81880,0056,_ZTC10PlayerWhip24_N2al15IUseStageSwitchE
0x7101d818d8,0056,_ZTV25PlayerWhipJointController
0x7101d81928,0472,_ZTV5Yoshi
0x7101d81b40,0304,_ZTC5Yoshi0_N2al9LiveActorE
0x7101d81c70,0056,_ZTC5Yoshi24_N2al15IUseStageSwitchE
0x7101d81d90,0024,_ZN12_GLOBAL__N_18NrvYoshiE
0x7101d81da8,0472,_ZTV8YoshiEgg
0x7101d81fc0,0304,_ZTC8YoshiEgg0_N2al9LiveActorE
0x7101d820f0,0056,_ZTC8YoshiEgg24_N2al15IUseStageSwitchE
0x7101d821a8,0008,_ZN12_GLOBAL__N_16AppearE
0x7101d82208,0016,_ZN12_GLOBAL__N_111NrvYoshiEggE
0x7101d82218,0056,_ZTV31YoshiJointControlHeadCorrection
0x7101d82268,0040,_ZTV24YoshiJudgeFallFromGround
0x7101d822a8,0040,_ZTV23YoshiJudgeStartJumpFlap
0x7101d822e8,0040,_ZTV29YoshiJudgeStartTongueClingFix
0x7101d82348,0040,_ZTV27YoshiJudgeStartTongueShrink
0x7101d82388,0040,_ZTV19YoshiJudgeWallCling
0x7101d823c8,0040,_ZTV21YoshiJudgeWallHitDown
0x7101d82408,0080,_ZTV13YoshiStateEgg
0x7101d824f8,0016,_ZN12_GLOBAL__N_116NrvYoshiStateEggE
0x7101d82508,0080,_ZTV14YoshiStateHack
0x7101d82618,0008,_ZN12_GLOBAL__N_113DemoHackStartE
0x7101d82680,0024,_ZN12_GLOBAL__N_117NrvYoshiStateHackE
0x7101d826a8,0080,_ZTV18YoshiStateHackDown
0x7101d82738,0008,_ZN12_GLOBAL__N_14DownE
0x7101d82778,0008,_ZN12_GLOBAL__N_14LandE
0x7101d82798,0080,_ZTV18YoshiStateHackFall
0x7101d82828,0008,_ZN12_GLOBAL__N_14FallE
0x7101d82848,0080,_ZTV18YoshiStateHackJump
0x7101d82938,0016,_ZN12_GLOBAL__N_121NrvYoshiStateHackJumpE
0x7101d82948,0080,_ZTV22YoshiStateHackJumpFlap
0x7101d829d8,0008,_ZN12_GLOBAL__N_14RiseE
0x7101d82a18,0008,_ZN12_GLOBAL__N_14FallE
0x7101d82a38,0080,_ZTV18YoshiStateHackPlay
0x7101d82cf0,0072,_ZN12_GLOBAL__N_121NrvYoshiStateHackPlayE
0x7101d82d38,0080,_ZTV17YoshiStateHackRun
0x7101d82ef0,0040,_ZN12_GLOBAL__N_120NrvYoshiStateHackRunE
0x7101d82f18,0080,_ZTV26YoshiStateHackTongueShrink
0x7101d830d0,0040,_ZN12_GLOBAL__N_129NrvYoshiStateHackTongueShrinkE
0x7101d830f8,0080,_ZTV18YoshiStateHackWait
0x7101d83208,0008,_ZN12_GLOBAL__N_18EatStartE
0x7101d83248,0008,_ZN12_GLOBAL__N_16EatEndE
0x7101d83288,0008,_ZN12_GLOBAL__N_13EatE
0x7101d832a8,0016,_ZN12_GLOBAL__N_121NrvYoshiStateHackWaitE
0x7101d832b8,0080,_ZTV21YoshiStateHackWallAir
0x7101d833a8,0016,_ZN12_GLOBAL__N_124NrvYoshiStateHackWallAirE
0x7101d833b8,0080,_ZTV23YoshiStateHackWallCling
0x7101d83448,0008,_ZN12_GLOBAL__N_15ClingE
0x7101d83468,0080,_ZTV22YoshiStateHackWallJump
0x7101d834f8,0008,_ZN12_GLOBAL__N_14JumpE
0x7101d83518,0080,_ZTV23YoshiStateHackWallPopUp
0x7101d835a8,0008,_ZN12_GLOBAL__N_15PopUpE
0x7101d835c8,0080,_ZTV13YoshiStateNpc
0x7101d83658,0008,_ZN12_GLOBAL__N_14WaitE
0x7101d83718,0008,_ZN12_GLOBAL__N_14TurnE
0x7101d83758,0008,_ZN12_GLOBAL__N_18ReactionE
0x7101d83778,0016,_ZN12_GLOBAL__N_116NrvYoshiStateNpcE
0x7101d83788,0472,_ZTV11YoshiTongue
0x7101d839a0,0304,_ZTC11YoshiTongue0_N2al9LiveActorE
0x7101d83ad0,0056,_ZTC11YoshiTongue24_N2al15IUseStageSwitchE
0x7101d83d70,0072,_ZN12_GLOBAL__N_114NrvYoshiTongueE
0x7101d83db8,0024,_ZTV19YoshiTongueCollider
0x7101d83e08,0056,_ZTV30YoshiTongueJointControlStretch
0x7101d83e58,0096,_ZTV25BirdGatheringSpotDirector
0x7101d84058,0192,_ZTV20DemoChangeWorldScene
0x7101d842b0,0040,_ZN12_GLOBAL__N_123NrvDemoChangeWorldSceneE
0x7101d84338,0208,_ZTV9DemoScene
0x7101d844a8,0016,_ZN12_GLOBAL__N_112NrvDemoSceneE
0x7101d844b8,0080,_ZTV22DemoSceneStateSkipDemo
0x7101d84610,0024,_ZN12_GLOBAL__N_125NrvDemoSceneStateSkipDemoE
0x7101d84628,0208,_ZTV26DemoSceneWithCinemaCaption
0x7101d84718,0208,_ZTV11EndingScene
0x7101d84888,0016,_ZN12_GLOBAL__N_114NrvEndingSceneE
0x7101d84898,0192,_ZTV18FirstSequenceScene
0x7101d849f8,0016,_ZN12_GLOBAL__N_121NrvFirstSequenceSceneE
0x7101d84a08,0056,_ZTV18GuidePosInfoHolder
0x7101d84a78,0056,_ZTV21HintPhotoLayoutHolder
0x7101d84ac8,0056,_ZTV19HtmlViewerRequester
0x7101d84b18,0192,_ZTV25InformAfterGameClearScene
0x7101d84c18,0008,_ZN12_GLOBAL__N_110PeachWorldE
0x7101d84c38,0128,_ZTV23InformationMovieUpdater
0x7101d84d48,0008,_ZN12_GLOBAL__N_14StopE
0x7101d84d88,0008,_ZN12_GLOBAL__N_17PrepareE
0x7101d84dc8,0008,_ZN12_GLOBAL__N_16AppearE
0x7101d84e08,0008,_ZN12_GLOBAL__N_14WaitE
0x7101d84e48,0008,_ZN12_GLOBAL__N_13EndE
0x7101d84e68,0192,_ZTV30InformationWindowAreaRequester
0x7101d84ff8,0008,_ZN12_GLOBAL__N_19WaitEnterE
0x7101d85078,0008,_ZN12_GLOBAL__N_110WaitAcceptE
0x7101d85098,0016,_ZN12_GLOBAL__N_133NrvInformationWindowAreaRequesterE
0x7101d850a8,0104,_ZTV30InformationWindowBindRequester
0x7101d852d0,0048,_ZN12_GLOBAL__N_133NrvInformationWindowBindRequesterE
0x7101d85300,0104,_ZTV32InformationWindowCapMsgRequester
0x7101d853c8,0008,_ZN12_GLOBAL__N_14StopE
0x7101d85408,0008,_ZN12_GLOBAL__N_120AppearCapMsgCapThrowE
0x7101d85428,0104,_ZTV25InformationWindowDirector
0x7101d854d8,0128,_ZTV30InformationWindowHackRequester
0x7101d857b0,0064,_ZN12_GLOBAL__N_133NrvInformationWindowHackRequesterE
0x7101d857f0,0072,_ZTV37InformationWindowInvalidAreaRequester
0x7101d85858,0032,_ZTVN2al41InformationWindowKoopaCapRequesterNrvStopE
0x7101d85878,0008,_ZN2al41InformationWindowKoopaCapRequesterNrvStop9sInstanceE
0x7101d85880,0032,_ZTVN2al41InformationWindowKoopaCapRequesterNrvHideE
0x7101d858a0,0008,_ZN2al41InformationWindowKoopaCapRequesterNrvHide9sInstanceE
0x7101d858a8,0032,_ZTVN2al48InformationWindowKoopaCapRequesterNrvCountAppearE
0x7101d858c8,0008,_ZN2al48InformationWindowKoopaCapRequesterNrvCountAppear9sInstanceE
0x7101d858d0,0032,_ZTVN2al50InformationWindowKoopaCapRequesterNrvCountReappearE
0x7101d858f0,0008,_ZN2al50InformationWindowKoopaCapRequesterNrvCountReappear9sInstanceE
0x7101d858f8,0032,_ZTVN2al49InformationWindowKoopaCapRequesterNrvShowReappearE
0x7101d85918,0008,_ZN2al49InformationWindowKoopaCapRequesterNrvShowReappear9sInstanceE
0x7101d85920,0032,_ZTVN2al55InformationWindowKoopaCapRequesterNrvCountReappearCloseE
0x7101d85940,0008,_ZN2al55InformationWindowKoopaCapRequesterNrvCountReappearClose9sInstanceE
0x7101d85948,0096,_ZTV34InformationWindowKoopaCapRequester
0x7101d85aa8,0096,_ZTV32InformationWindowObjectRequester
0x7101d85b68,0008,_ZN12_GLOBAL__N_14ShowE
0x7101d85ba8,0008,_ZN12_GLOBAL__N_14HideE
0x7101d85bc8,0064,_ZTV38InformationWindowPlayerActionRequester
0x7101d85c28,0064,_ZTV26InformationWindowRequester
0x7101d85c88,0096,_ZTV38InformationWindowSeparatePlayRequester
0x7101d85d48,0008,_ZN12_GLOBAL__N_15FirstE
0x7101d85e48,0008,_ZN12_GLOBAL__N_17InvalidE
0x7101d85ec8,0008,_ZN12_GLOBAL__N_118CountReappearCloseE
0x7101d85ef0,0032,_ZN12_GLOBAL__N_141NrvInformationWindowSeparatePlayRequesterE
0x7101d85f10,0088,_ZTV24InformationWindowUpdater
0x7101d86228,0008,_ZN12_GLOBAL__N_16FadeInE
0x7101d86290,0080,_ZN12_GLOBAL__N_127NrvInformationWindowUpdaterE
0x7101d862e0,0048,_ZTVN18MovieDecoderPlayer14ThreadDelegateE
0x7101d86378,0032,_ZTVN4sead9Delegate2I18MovieDecoderPlayerPNS_6ThreadElEE
0x7101d86398,0032,_ZTVN4sead12DelegateBaseI18MovieDecoderPlayerMS1_FvPNS_6ThreadElENS_10IDelegate2IS3_lEEEE
0x7101d863b8,0048,_ZTVN4sead15FixedSafeStringILi16EEE
0x7101d86428,0024,_ZTV13PlayerFactory
0x7101d86488,0024,_ZTV19ProjectActorFactory
0x7101d88888,0472,_ZTVN2al25PrePassLightPlacementBaseINS_8LppPointEEE
0x7101d88a78,0120,_ZTVN2al8LppPointE
0x7101d88b28,0120,_ZTVN2al12PrePassLightINS_13LppPointParamEEE
0x7101d88ba0,0472,_ZTVN2al16PrePassProjLightE
0x7101d88de0,0304,_ZTCN2al16PrePassProjLightE0_NS_25PrePassLightPlacementBaseINS_7LppProjEEE
0x7101d88f30,0304,_ZTCN2al16PrePassProjLightE0_NS_9LiveActorE
0x7101d89060,0056,_ZTCN2al16PrePassProjLightE24_NS_15IUseStageSwitchE
0x7101d890b8,0472,_ZTVN2al25PrePassLightPlacementBaseINS_7LppProjEEE
0x7101d89290,0120,_ZTVN2al7LppProjE
0x7101d89348,0120,_ZTVN2al12PrePassLightINS_12LppProjParamEEE
0x7101d893c0,0472,_ZTVN2al21PrePassProjOrthoLightE
0x7101d89600,0304,_ZTCN2al21PrePassProjOrthoLightE0_NS_25PrePassLightPlacementBaseINS_12LppProjOrthoEEE
0x7101d89750,0304,_ZTCN2al21PrePassProjOrthoLightE0_NS_9LiveActorE
0x7101d89880,0056,_ZTCN2al21PrePassProjOrthoLightE24_NS_15IUseStageSwitchE
0x7101d898d8,0472,_ZTVN2al25PrePassLightPlacementBaseINS_12LppProjOrthoEEE
0x7101d89ab0,0120,_ZTVN2al12LppProjOrthoE
0x7101d89b68,0120,_ZTVN2al12PrePassLightINS_17LppProjOrthoParamEEE
0x7101d89be0,0472,_ZTVN2al25PrePassLightPlacementBaseINS_7LppSpotEEE
0x7101d89dd8,0120,_ZTVN2al7LppSpotE
0x7101d89e88,0120,_ZTVN2al12PrePassLightINS_12LppSpotParamEEE
0x7101d89f00,0024,_ZTV26ProjectAppearSwitchFactory
0x7101d8a068,0024,_ZTV18ProjectAreaFactory
0x7101d8a8b8,0032,_ZTV25ProjectCameraPoserFactory
0x7101d8aa88,0024,_ZTV27ProjectEventFlowNodeFactory
0x7101d8b128,0048,_ZTV19ProjectItemDirector
0x7101d8b1a8,0024,_ZTVN2al16DeriveActorGroupI4CoinEE
0x7101d8b1d8,0024,_ZTVN2al16DeriveActorGroupI14CoinStackBoundEE
0x7101d8b208,0024,_ZTVN2al16DeriveActorGroupI6Coin2DEE
0x7101d8b238,0024,_ZTVN2al16DeriveActorGroupI15LifeMaxUpItem2DEE
0x7101d8b268,0024,_ZTVN2al16DeriveActorGroupI13LifeMaxUpItemEE
0x7101d8b298,0024,_ZTVN2al16DeriveActorGroupI12LifeUpItem2DEE
0x7101d8b2c8,0024,_ZTVN2al16DeriveActorGroupI16DotCharacterRareEE
0x7101d8b2f8,0024,_ZTV19ProjectSceneFactory
0x7101d8b3e8,0024,_ZTV9QuestInfo
0x7101d8b418,0056,_ZTV15QuestInfoHolder
0x7101d8b488,0024,_ZTV25SceneEventFunctorListener
0x7101d8b4c8,0056,_ZTV18SceneEventNotifier
0x7101d8b558,0056,_ZTV31ReactionObjectActionIndexHolder
0x7101d8b5a8,0112,_ZTV20SceneStateSelectMode
0x7101d8b678,0008,_ZN12_GLOBAL__N_16AppearE
0x7101d8b6b8,0008,_ZN12_GLOBAL__N_14WaitE
0x7101d8b778,0008,_ZN12_GLOBAL__N_110DecideWaitE
0x7101d8b7e0,0024,_ZN12_GLOBAL__N_123NrvSceneStateSelectModeE
0x7101d8b7f8,0232,_ZTV14StaffRollScene
0x7101d8bad8,0008,_ZN12_GLOBAL__N_17ConfirmE
0x7101d8bb18,0008,_ZN12_GLOBAL__N_18SkipWipeE
0x7101d8bb40,0048,_ZN12_GLOBAL__N_117NrvStaffRollSceneE
0x7101d8bb70,0192,_ZTV10StageScene
0x7101d8bc58,0024,_ZTVN4sead15RuntimeTypeInfo6DeriveINS_15GameFrameworkNxEEE
0x7101d8bc88,0024,_ZTVN4sead15RuntimeTypeInfo6DeriveINS_13GameFrameworkEEE
0x7101d8bcb8,0024,_ZTVN4sead15RuntimeTypeInfo6DeriveINS_9FrameworkEEE
0x7101d8caa8,0048,_ZTVN2al10FunctorV0MIP10StageSceneMS1_FvvEEE
0x7101d8caf8,0024,_ZTVN2al16DeriveActorGroupI15ShoppingWatcherEE
0x7101d8cb28,0024,_ZTVN2al16DeriveActorGroupI5DoshiEE
0x7101d8cb60,0432,_ZN12_GLOBAL__N_113NrvStageSceneE
0x7101d8cd10,0080,_ZTV29StageSceneStateBreakCageShine
0x7101d8cd98,0008,_ZN12_GLOBAL__N_14WaitE
0x7101d8cdb8,0024,_ZTVN2al16DeriveActorGroupI16CageShineWatcherEE
0x7101d8cde8,0080,_ZTV24StageSceneStateCarryMeat
0x7101d8cf60,0032,_ZN12_GLOBAL__N_127NrvStageSceneStateCarryMeatE
0x7101d8cf80,0080,_ZTV29StageSceneStateCheckpointWarp
0x7101d8d028,0008,_ZN12_GLOBAL__N_13FlyE
0x7101d8d068,0008,_ZN12_GLOBAL__N_14LandE
0x7101d8d0a8,0008,_ZN12_GLOBAL__N_18FlyToEndE
0x7101d8d0e8,0008,_ZN12_GLOBAL__N_13EndE
0x7101d8d108,0080,_ZTV21StageSceneStateCloset
0x7101d8d218,0008,_ZN12_GLOBAL__N_16SelectE
0x7101d8d280,0024,_ZN12_GLOBAL__N_124NrvStageSceneStateClosetE
0x7101d8d298,0080,_ZTV25StageSceneStateCollectBgm
0x7101d8d3a8,0008,_ZN12_GLOBAL__N_19ChangeOutE
0x7101d8d3e8,0008,_ZN12_GLOBAL__N_14WaitE
0x7101d8d488,0024,_ZTVN2al16DeriveActorGroupI17CollectBgmSpeakerEE
0x7101d8d4c0,0032,_ZN12_GLOBAL__N_128NrvStageSceneStateCollectBgmE
0x7101d8d4e0,0080,_ZTV29StageSceneStateCollectionList
0x7101d8d710,0056,_ZN12_GLOBAL__N_132NrvStageSceneStateCollectionListE
0x7101d8d748,0080,_ZTV30StageSceneStateEndSeparatePlay
0x7101d8d878,0008,_ZN12_GLOBAL__N_16AppletE
0x7101d8d8e0,0024,_ZN12_GLOBAL__N_133NrvStageSceneStateEndSeparatePlayE
0x7101d8d8f8,0080,_ZTV31StageSceneStateGetLifeMaxUpItem
0x7101d8d988,0008,_ZN12_GLOBAL__N_120DemoGetLifeMaxUpItemE
0x7101d8d9a8,0080,_ZTV23StageSceneStateGetShine
0x7101d8dc30,0064,_ZN12_GLOBAL__N_126NrvStageSceneStateGetShineE
0x7101d8dc70,0080,_ZTV28StageSceneStateGetShineGrand
0x7101d8dcf8,0008,_ZN12_GLOBAL__N_112DemoGetFirstE
0x7101d8dd38,0008,_ZN12_GLOBAL__N_112DemoGetStartE
0x7101d8ddf8,0008,_ZN12_GLOBAL__N_112DemoWipeWaitE
0x7101d8de38,0008,_ZN12_GLOBAL__N_112DemoWipeOpenE
0x7101d8de78,0008,_ZN12_GLOBAL__N_17DemoEndE
0x7101d8de98,0016,_ZN12_GLOBAL__N_131NrvStageSceneStateGetShineGrandE
0x7101d8dea8,0080,_ZTV27StageSceneStateGetShineMain
0x7101d8df38,0008,_ZN12_GLOBAL__N_119WaitPlayerAnimFirstE
0x7101d8dfb8,0008,_ZN12_GLOBAL__N_112DemoGetStartE
0x7101d8e138,0008,_ZN12_GLOBAL__N_18DemoLandE
0x7101d8e238,0008,_ZN12_GLOBAL__N_17DemoEndE
0x7101d8e260,0072,_ZN12_GLOBAL__N_130NrvStageSceneStateGetShineMainE
0x7101d8e2a8,0080,_ZTV31StageSceneStateGetShineMainLast
0x7101d8e338,0008,_ZN12_GLOBAL__N_14WaitE
0x7101d8e358,0080,_ZTV36StageSceneStateGetShineMainSandWorld
0x7101d8e3e8,0008,_ZN12_GLOBAL__N_112DemoGetShineE
0x7101d8e4a8,0008,_ZN12_GLOBAL__N_17DemoEndE
0x7101d8e548,0024,_ZTVN2al16DeriveActorGroupI17SandWorldHomeLiftEE
0x7101d8e580,0032,_ZN12_GLOBAL__N_139NrvStageSceneStateGetShineMainSandWorldE
0x7101d8e5a0,0080,_ZTV41StageSceneStateGetShineMainWaterfallWorld
0x7101d8e628,0008,_ZN12_GLOBAL__N_112DemoGetShineE
0x7101d8e6e8,0008,_ZN12_GLOBAL__N_17DemoEndE
0x7101d8e728,0008,_ZN12_GLOBAL__N_114DemoDownBridgeE
0x7101d8e768,0008,_ZN12_GLOBAL__N_130DemoCapManHeroTalkFirstMoonGetE
0x7101d8e788,0016,_ZN12_GLOBAL__N_144NrvStageSceneStateGetShineMainWaterfallWorldE
0x7101d8e798,0080,_ZTV40StageSceneStateGetShineMainWithCageShine
0x7101d8e950,0040,_ZN12_GLOBAL__N_143NrvStageSceneStateGetShineMainWithCageShineE
0x7101d8ebb8,0080,_ZTV30StageSceneStateMiniGameRanking
0x7101d8ec88,0008,_ZN12_GLOBAL__N_121ViewRankingVolleyballE
0x7101d8ecc8,0008,_ZN12_GLOBAL__N_122ViewRankingRadiConRaceE
0x7101d8ed08,0008,_ZN12_GLOBAL__N_125ViewRankingYukimaruRace01E
0x7101d8ed48,0008,_ZN12_GLOBAL__N_125ViewRankingYukimaruRace02E
0x7101d8ed88,0008,_ZN12_GLOBAL__N_125ViewRankingRaceManRaceCapE
0x7101d8edc8,0008,_ZN12_GLOBAL__N_131ViewRankingRaceManRaceWaterfallE
0x7101d8ee08,0008,_ZN12_GLOBAL__N_126ViewRankingRaceManRaceSandE
0x7101d8ee48,0008,_ZN12_GLOBAL__N_128ViewRankingRaceManRaceForestE
0x7101d8ee88,0008,_ZN12_GLOBAL__N_126ViewRankingRaceManRaceLakeE
0x7101d8eec8,0008,_ZN12_GLOBAL__N_127ViewRankingRaceManRaceClashE
0x7101d8ef08,0008,_ZN12_GLOBAL__N_126ViewRankingRaceManRaceCityE
0x7101d8ef48,0008,_ZN12_GLOBAL__N_125ViewRankingRaceManRaceSeaE
0x7101d8ef88,0008,_ZN12_GLOBAL__N_126ViewRankingRaceManRaceSnowE
0x7101d8efc8,0008,_ZN12_GLOBAL__N_126ViewRankingRaceManRaceLavaE
0x7101d8f008,0008,_ZN12_GLOBAL__N_125ViewRankingRaceManRaceSkyE
0x7101d8f048,0008,_ZN12_GLOBAL__N_126ViewRankingRaceManRaceMoonE
0x7101d8f088,0008,_ZN12_GLOBAL__N_127ViewRankingRaceManRacePeachE
0x7101d8f0c8,0008,_ZN12_GLOBAL__N_130DownloadRankingDataJumpingRopeE
0x7101d8f108,0008,_ZN12_GLOBAL__N_129DownloadRankingDataVolleyballE
0x7101d8f148,0008,_ZN12_GLOBAL__N_130DownloadRankingDataRadiConRaceE
0x7101d8f188,0008,_ZN12_GLOBAL__N_133DownloadRankingDataYukimaruRace01E
0x7101d8f1c8,0008,_ZN12_GLOBAL__N_133DownloadRankingDataYukimaruRace02E
0x7101d8f208,0008,_ZN12_GLOBAL__N_133DownloadRankingDataRaceManRaceCapE
0x7101d8f248,0008,_ZN12_GLOBAL__N_139DownloadRankingDataRaceManRaceWaterfallE
0x7101d8f288,0008,_ZN12_GLOBAL__N_134DownloadRankingDataRaceManRaceSandE
0x7101d8f2c8,0008,_ZN12_GLOBAL__N_136DownloadRankingDataRaceManRaceForestE
0x7101d8f308,0008,_ZN12_GLOBAL__N_134DownloadRankingDataRaceManRaceLakeE
0x7101d8f348,0008,_ZN12_GLOBAL__N_135DownloadRankingDataRaceManRaceClashE
0x7101d8f388,0008,_ZN12_GLOBAL__N_134DownloadRankingDataRaceManRaceCityE
0x7101d8f3c8,0008,_ZN12_GLOBAL__N_133DownloadRankingDataRaceManRaceSeaE
0x7101d8f408,0008,_ZN12_GLOBAL__N_134DownloadRankingDataRaceManRaceSnowE
0x7101d8f448,0008,_ZN12_GLOBAL__N_134DownloadRankingDataRaceManRaceLavaE
0x7101d8f488,0008,_ZN12_GLOBAL__N_133DownloadRankingDataRaceManRaceSkyE
0x7101d8f4c8,0008,_ZN12_GLOBAL__N_134DownloadRankingDataRaceManRaceMoonE
0x7101d8f508,0008,_ZN12_GLOBAL__N_135DownloadRankingDataRaceManRacePeachE
0x7101d8f588,0008,_ZN12_GLOBAL__N_117ConnectToInternetE
0x7101d8f648,0008,_ZN12_GLOBAL__N_16AppearE
0x7101d8f7f0,0080,_ZN12_GLOBAL__N_111NrvHostTypeE
0x7101d8f840,0080,_ZTV38StageSceneStateMiniGameRankingDownload
0x7101d8fa30,0048,_ZN12_GLOBAL__N_111NrvHostTypeE
0x7101d8fa60,0080,_ZTV36StageSceneStateMiniGameRankingUpload
0x7101d8fae8,0008,_ZN12_GLOBAL__N_14WaitE
0x7101d8fb28,0008,_ZN12_GLOBAL__N_114UploadNicknameE
0x7101d8fc10,0024,_ZN12_GLOBAL__N_111NrvHostTypeE
0x7101d8fc28,0080,_ZTV19StageSceneStateMiss
0x7101d8fcb8,0008,_ZN12_GLOBAL__N_14MissE
0x7101d8fcf8,0008,_ZN12_GLOBAL__N_18MissWipeE
0x7101d8fd88,0112,_ZTV21StageSceneStateOption
0x7101d90038,0008,_ZN12_GLOBAL__N_16ConfigE
0x7101d90078,0008,_ZN12_GLOBAL__N_115LanguageSettingE
0x7101d903e8,0008,_ZN12_GLOBAL__N_113SaveDataSavedE
0x7101d905a8,0008,_ZN12_GLOBAL__N_117DeleteDataDeletedE
0x7101d905e8,0008,_ZN12_GLOBAL__N_115WaitEndAutoSaveE
0x7101d90688,0040,_ZTVN4sead10StrTreeMapILi32EPN2nn4ui2d11TextureInfoEE4NodeE
0x7101d906d0,0168,_ZN12_GLOBAL__N_124NrvStageSceneStateOptionE
0x7101d90778,0080,_ZTV24StageSceneStatePauseMenu
0x7101d90b08,0008,_ZN12_GLOBAL__N_19StartHelpE
0x7101d90b70,0104,_ZN12_GLOBAL__N_127NrvStageSceneStatePauseMenuE
0x7101d90bd8,0080,_ZTV28StageSceneStateRaceCountDown
0x7101d90c68,0008,_ZN12_GLOBAL__N_19StartWaitE
0x7101d90d08,0016,_ZN12_GLOBAL__N_131NrvStageSceneStateRaceCountDownE
0x7101d90d18,0080,_ZTV30StageSceneStateRaceIntroCamera
0x7101d90da8,0008,_ZN12_GLOBAL__N_14MoveE
0x7101d90dc8,0080,_ZTV26StageSceneStateRaceManRace
0x7101d91098,0008,_ZN12_GLOBAL__N_14RaceE
0x7101d91280,0128,_ZN12_GLOBAL__N_129NrvStageSceneStateRaceManRaceE
0x7101d91300,0080,_ZTV24StageSceneStateRacePause
0x7101d91388,0008,_ZN12_GLOBAL__N_16SelectE
0x7101d91470,0024,_ZN12_GLOBAL__N_127NrvStageSceneStateRacePauseE
0x7101d91488,0080,_ZTV22StageSceneStateRadicon
0x7101d91600,0032,_ZN12_GLOBAL__N_125NrvStageSceneStateRadiconE
0x7101d91620,0080,_ZTV26StageSceneStateRecoverLife
0x7101d916a8,0008,_ZN12_GLOBAL__N_115DemoLifeRecoverE
0x7101d91788,0080,_ZTV29StageSceneStateScenarioCamera
0x7101d91898,0008,_ZN12_GLOBAL__N_112CameraSecondE
0x7101d918b8,0016,_ZN12_GLOBAL__N_132NrvStageSceneStateScenarioCameraE
0x7101d918c8,0080,_ZTV19StageSceneStateShop
0x7101d91958,0008,_ZN12_GLOBAL__N_16InShopE
0x7101d919f8,0016,_ZN12_GLOBAL__N_122NrvStageSceneStateShopE
0x7101d91a08,0080,_ZTV23StageSceneStateSkipDemo
0x7101d91b58,0008,_ZN12_GLOBAL__N_111WaitSkipEndE
0x7101d91b80,0024,_ZN12_GLOBAL__N_126NrvStageSceneStateSkipDemoE
0x7101d91b98,0080,_ZTV23StageSceneStateSnapShot
0x7101d91c28,0008,_ZN12_GLOBAL__N_14WaitE
0x7101d91c48,0080,_ZTV23StageSceneStateStageMap
0x7101d92058,0008,_ZN12_GLOBAL__N_19ChangeOutE
0x7101d92080,0112,_ZN12_GLOBAL__N_126NrvStageSceneStateStageMapE
0x7101d920f0,0080,_ZTV32StageSceneStateStartSeparatePlay
0x7101d922b8,0008,_ZN12_GLOBAL__N_14WaitE
0x7101d922f8,0008,_ZN12_GLOBAL__N_16AppletE
0x7101d92320,0040,_ZN12_GLOBAL__N_135NrvStageSceneStateStartSeparatePlayE
0x7101d92348,0080,_ZTV19StageSceneStateTalk
0x7101d92600,0072,_ZN12_GLOBAL__N_122NrvStageSceneStateTalkE
0x7101d92648,0208,_ZTV26StageSceneStateTimeBalloon
0x7101d92ce8,0008,_ZN12_GLOBAL__N_128DemoShowAchievementRankUpEndE
0x7101d92e10,0192,_ZN12_GLOBAL__N_129NrvStageSceneStateTimeBalloonE
0x7101d92ed0,0352,_ZTV29StageSceneStateTimeBalloonNew
0x7101d938c8,0048,_ZTVN4sead15FixedSafeStringILi224EEE
0x7101d93938,0048,_ZTVN4sead19FixedSafeStringBaseIcLi224EEE
0x7101d939c8,0008,_ZN12_GLOBAL__N_117PlayGetSelectWaitE
0x7101d93a08,0008,_ZN12_GLOBAL__N_124PlayGetFailureViewAroundE
0x7101d93b90,0008,_ZN12_GLOBAL__N_14WaitE
0x7101d93b98,0008,_ZN12_GLOBAL__N_114DummyStateWaitE
0x7101d93ba0,0008,_ZN12_GLOBAL__N_113StatePauseRunE
0x7101d93ba8,0128,_ZN12_GLOBAL__N_132NrvStageSceneStateTimeBalloonNewE
0x7101d93c28,0080,_ZTV33StageSceneStateTimeBalloonPlayGet
0x7101d93e60,0056,_ZN12_GLOBAL__N_136NrvStageSceneStateTimeBalloonPlayGetE
0x7101d93e98,0048,_ZTV38StageSceneStateTimeBalloonPlayGetAddon
0x7101d93f08,0080,_ZTV33StageSceneStateTimeBalloonPlaySet
0x7101d94100,0048,_ZN12_GLOBAL__N_136NrvStageSceneStateTimeBalloonPlaySetE
0x7101d94130,0048,_ZTV38StageSceneStateTimeBalloonPlaySetAddon
0x7101d941a8,0160,_ZTV39StageSceneStateTimeBalloonSelectBalloon
0x7101d942b8,0024,_ZTV27IBalloonFindBalloonGettable
0x7101d942f0,0008,_ZN12_GLOBAL__N_16SelectE
0x7101d94338,0008,_ZN12_GLOBAL__N_113WaitPageSetupE
0x7101d94520,0056,_ZN12_GLOBAL__N_111NrvHostTypeE
0x7101d94558,0160,_ZTV47StageSceneStateTimeBalloonSelectBalloonNoLayout
0x7101d94638,0008,_ZN12_GLOBAL__N_14WaitE
0x7101d94720,0024,_ZN12_GLOBAL__N_111NrvHostTypeE
0x7101d94738,0144,_ZTV41StageSceneStateTimeBalloonShowAchievement
0x7101d94838,0008,_ZN12_GLOBAL__N_14ShowE
0x7101d94878,0008,_ZN12_GLOBAL__N_13EndE
0x7101d94898,0080,_ZTV24StageSceneStateTitleLogo
0x7101d94928,0008,_ZN12_GLOBAL__N_14WaitE
0x7101d94948,0080,_ZTV19StageSceneStateWarp
0x7101d949d8,0008,_ZN12_GLOBAL__N_19StartWarpE
0x7101d94a18,0008,_ZN12_GLOBAL__N_18WaitWarpE
0x7101d94a58,0008,_ZN12_GLOBAL__N_17EndWarpE
0x7101d94a78,0152,_ZTV31StageSceneStateWorldIntroCamera
0x7101d94b48,0472,_ZTV16WorldIntroCamera
0x7101d94d60,0304,_ZTC16WorldIntroCamera0_N2al9LiveActorE
0x7101d94e90,0056,_ZTC16WorldIntroCamera24_N2al15IUseStageSwitchE
0x7101d94f88,0008,_ZN12_GLOBAL__N_110PlaySecondE
0x7101d94fa8,0016,_ZN12_GLOBAL__N_134NrvStageSceneStateWorldIntroCameraE
0x7101d94fb8,0080,_ZTV23StageSceneStateWorldMap
0x7101d95328,0008,_ZN12_GLOBAL__N_18DemoPrepE
0x7101d954a8,0008,_ZN12_GLOBAL__N_13EndE
0x7101d954d0,0104,_ZN12_GLOBAL__N_126NrvStageSceneStateWorldMapE
0x7101d95538,0080,_ZTV27StageSceneStateYukimaruRace
0x7101d956c8,0008,_ZN12_GLOBAL__N_14RaceE
0x7101d95748,0008,_ZN12_GLOBAL__N_16ResultE
0x7101d95788,0008,_ZN12_GLOBAL__N_19ResultEndE
0x7101d957b0,0040,_ZN12_GLOBAL__N_130NrvStageSceneStateYukimaruRaceE
0x7101d957d8,0080,_ZTV35StageSceneStateYukimaruRaceTutorial
0x7101d95928,0008,_ZN12_GLOBAL__N_14PlayE
0x7101d959d0,0040,_ZN12_GLOBAL__N_138NrvStageSceneStateYukimaruRaceTutorialE
0x7101d959f8,0192,_ZTV14TitleMenuScene
0x7101d95bb8,0008,_ZN12_GLOBAL__N_18LoadWaitE
0x7101d95c20,0032,_ZN12_GLOBAL__N_117NrvTitleMenuSceneE
0x7101d95c40,0056,_ZTV19WipeHolderRequester
0x7101d95c98,0040,_ZTV14WorldMapCamera
0x7101d95cf8,0008,_ZN12_GLOBAL__N_14WaitE
0x7101d95d38,0008,_ZN12_GLOBAL__N_13EndE
0x7101d95d78,0008,_ZN12_GLOBAL__N_111InterpolateE
0x7101d95d98,0160,_ZTVN3agl3utl14ParameterCurveILj1EEE
0x7101d95e58,0032,_ZTVN4sead6hostio5CurveIfEE
0x7101d95ea8,0032,_ZZNK3agl3utl14ParameterCurveILj1EE10writeToXMLEPN4sead10XmlElementEPNS3_4HeapEE9cTypeName
0x7101d95ec8,0032,_ZZN3agl3utl14ParameterCurveILj1EE11readFromXMLERKN4sead10XmlElementEbE9cTypeName
0x7101d95ee8,0040,_ZTV20WorldMapMovieUpdater
0x7101d96158,0008,_ZN12_GLOBAL__N_14PlayE
0x7101d96180,0032,_ZN12_GLOBAL__N_123NrvWorldMapMovieUpdaterE
0x7101d961a0,0192,_ZTV18WorldWarpHoleScene
0x7101d96380,0032,_ZN12_GLOBAL__N_121NrvWorldWarpHoleSceneE
0x7101d963a0,0032,_ZTV16E3ResourceLoader
0x7101d963d0,0048,_ZTVN2al10FunctorV0MIP16E3ResourceLoaderMS1_FvvEEE
0x7101d96418,0192,_ZTV10E3Sequence
0x7101d96b78,0008,_ZN12_GLOBAL__N_121LoadStationedResourceE
0x7101d96f18,0048,_ZTVN2al10FunctorV0MIP10E3SequenceMS1_FvvEEE
0x7101d96f70,0112,_ZN12_GLOBAL__N_113NrvE3SequenceE
0x7101d96fe0,0192,_ZTV16HakoniwaSequence
0x7101d97698,0008,_ZN12_GLOBAL__N_111MissCoinSubE
0x7101d976d8,0008,_ZN12_GLOBAL__N_17MissEndE
0x7101d97718,0008,_ZN12_GLOBAL__N_112WaitLoadDataE
0x7101d97758,0008,_ZN12_GLOBAL__N_122WaitLoadDataModeChangeE
0x7101d97778,0048,_ZTVN2al10FunctorV0MIP16HakoniwaSequenceMS1_FvvEEE
0x7101d977d0,0184,_ZN12_GLOBAL__N_119NrvHakoniwaSequenceE
0x7101d97888,0080,_ZTV25HakoniwaStateBootLoadData
0x7101d979f8,0008,_ZN12_GLOBAL__N_110BootLayoutE
0x7101d97a38,0008,_ZN12_GLOBAL__N_14MenuE
0x7101d97a60,0024,_ZN12_GLOBAL__N_111NrvHostTypeE
0x7101d97a78,0080,_ZTV24HakoniwaStateDeleteScene
0x7101d97b28,0008,_ZN12_GLOBAL__N_17PrepareE
0x7101d97bc8,0048,_ZTVN2al10FunctorV0MIP24HakoniwaStateDeleteSceneMS1_FvvEEE
0x7101d97c18,0016,_ZN12_GLOBAL__N_127NrvHakoniwaStateDeleteSceneE
0x7101d97c28,0080,_ZTV23HakoniwaStateDemoEnding
0x7101d97db8,0008,_ZN12_GLOBAL__N_123LoadWorldResourceSecondE
0x7101d97df8,0008,_ZN12_GLOBAL__N_110DemoEndingE
0x7101d97e38,0008,_ZN12_GLOBAL__N_113LoadStaffRollE
0x7101d97e78,0008,_ZN12_GLOBAL__N_113DemoStaffRollE
0x7101d97ea0,0032,_ZN12_GLOBAL__N_111NrvHostTypeE
0x7101d97ec0,0080,_ZTV24HakoniwaStateDemoOpening
0x7101d98008,0008,_ZN12_GLOBAL__N_117LoadFirstSequenceE
0x7101d98048,0008,_ZN12_GLOBAL__N_113FirstSequenceE
0x7101d98108,0008,_ZN12_GLOBAL__N_110TextAppearE
0x7101d98148,0008,_ZN12_GLOBAL__N_14TextE
0x7101d98188,0008,_ZN12_GLOBAL__N_110FadeToDemoE
0x7101d981c8,0008,_ZN12_GLOBAL__N_111DemoOpeningE
0x7101d981f0,0040,_ZN12_GLOBAL__N_111NrvHostTypeE
0x7101d98218,0080,_ZTV26HakoniwaStateDemoWorldWarp
0x7101d983a8,0008,_ZN12_GLOBAL__N_120DemoWorldWarpHoleEndE
0x7101d983d0,0032,_ZN12_GLOBAL__N_111NrvHostTypeE
0x7101d983f0,0080,_ZTV23HakoniwaStateSimpleDemo
0x7101d984f8,0008,_ZN12_GLOBAL__N_14DemoE
0x7101d98518,0016,_ZN12_GLOBAL__N_111NrvHostTypeE
0x7101d98548,0032,_ZTV19WorldResourceLoader
0x7101d98588,0048,_ZTVN2al10FunctorV0MIP19WorldResourceLoaderMS1_FvvEEE
0x7101d985d8,0032,_ZTV19AchievementSaveData
0x7101d98618,0032,_ZTVN11Application18SingletonDisposer_E
0x7101d98658,0032,_ZTV12BossSaveData
0x7101d98698,0072,_ZN10CollectBgm18cSituationNameListE
0x7101d986e0,0008,_ZN10CollectBgm23cCeremonyCollectBgmNameE
0x7101d986e8,0008,_ZN10CollectBgm22cBonusCollectBgmName01E
0x7101d986f0,0008,_ZN10CollectBgm22cBonusCollectBgmName02E
0x7101d986f8,0008,_ZN10CollectBgm31cBonusCollectBgmSituationName02E
0x7101d98700,3280,cCollectBgmList
0x7101d993d0,0640,cCollectBgmBailoutInfoTable
0x7101d99650,0032,_ZTV14GameConfigData
0x7101d996b8,0088,_ZTV14GameDataHolder
0x7101d997e0,0032,_ZTV16GameProgressData
0x7101d99818,0056,_ZTV10GameSystem
0x7101d99888,0008,_ZN12_GLOBAL__N_14PlayE
0x7101d998d8,0032,_ZTV13HintPhotoData
0x7101d99918,0032,_ZTV12MoonRockData
0x7101d99958,0032,_ZTV17NetworkUploadFlag
0x7101d99998,0032,_ZTV18PlayerHitPointData
0x7101d999d8,0048,_ZTV18ProjectNfpDirector
0x7101d99a28,0032,_ZTV10RaceRecord
0x7101d99a68,0208,_ZTV8RootTask
0x7101d99b58,0024,_ZTVN4sead6hostio4NodeE
0x7101d99bf8,0024,_ZTVN4sead15RuntimeTypeInfo6DeriveINS_8TaskBaseEEE
0x7101d99c28,0024,_ZTVN4sead15RuntimeTypeInfo6DeriveINS_14DirectResourceEEE
0x7101d99c58,0024,_ZTVN4sead15RuntimeTypeInfo6DeriveINS_8ResourceEEE
0x7101d99c88,0040,_ZTV22SaveDataAccessSequence
0x7101d99d28,0008,_ZN12_GLOBAL__N_14InitE
0x7101d99e50,0040,_ZN12_GLOBAL__N_125NrvSaveDataAccessSequenceE
0x7101d99e78,0040,_ZTV32SaveDataAccessSequenceLayoutCtrl
0x7101d99f18,0008,_ZN12_GLOBAL__N_19WriteGameE
0x7101d99f58,0008,_ZN12_GLOBAL__N_119WriteGameWithWindowE
0x7101d99f98,0008,_ZN12_GLOBAL__N_114WaitSaveLayoutE
0x7101d99fd8,0008,_ZN12_GLOBAL__N_114SaveDoneLayoutE
0x7101d9a018,0008,_ZN12_GLOBAL__N_113SaveLayoutEndE
0x7101d9a0c0,0024,_ZN12_GLOBAL__N_135NrvSaveDataAccessSequenceLayoutCtrlE
0x7101d9a0d8,0032,_ZTV20SequenceDemoSkipData
0x7101d9a118,0032,_ZTV12ShopTalkData
0x7101d9a158,0032,_ZTV14SphinxQuizData
0x7101d9a198,0032,_ZTVN4sead9Delegate1INS_10StrTreeMapILi32EbEEPNS_11TreeMapNodeINS_14SafeStringBaseIcEEEEEE
0x7101d9a208,0032,_ZTVN4sead12DelegateBaseINS_10StrTreeMapILi32EbEEMS2_FvPNS_11TreeMapNodeINS_14SafeStringBaseIcEEEEENS_10IDelegate1IS7_EEEE
0x7101d9a228,0040,_ZTVN4sead10StrTreeMapILi32EbE4NodeE
0x7101d9a268,0032,_ZTV19TimeBalloonSaveData
0x7101d9a2a8,0032,_ZTV14VisitStageData
0x7101d9a2e8,0040,_ZTVN4sead10StrTreeMapILi128EP12StagePosInfoE4NodeE
0x7101d9a328,0032,_ZTV17WorldWarpTalkData
0x7101d9a368,0024,_ZTVN2al29CollisionPartsFilterMergePairE
0x7101d9a398,0056,_ZTV27ActorJointControlGroundPose
0x7101d9a3e8,0080,_ZTV20ActorStateSandGeyser
0x7101d9a478,0008,_ZN12_GLOBAL__N_110SandGeyserE
0x7101d9a520,0024,_ZTV12ColliderDisk
0x7101d9a578,0008,_ZN8DemoName23cHackStartFirstTimeFrogE
0x7101d9a580,0008,_ZN8DemoName24cHackStartFirstTimeKoopaE
0x7101d9a588,0008,_ZN8DemoName27cGiantWanderBossBattleStartE
0x7101d9a590,0112,_ZTV22DynamicCollisionKeeper
0x7101d9a638,0040,_ZTV11HackerJudge
0x7101d9a7a8,0088,_ZTV11MoviePlayer
0x7101d9b068,0024,_ZTVN2al18TriangleFilterFuncE
0x7101d9b1f0,0024,_ZTVN4sead15RuntimeTypeInfo6DeriveINS_13ControlDeviceEEE
0x7101d9b228,0048,_ZTVN2rs22SensorMsgAckCheckpointE
0x7101d9b278,0048,_ZTVN2rs20SensorMsgAckGetShineE
0x7101d9b2c8,0048,_ZTVN2rs18SensorMsgAckLifeUpE
0x7101d9b318,0048,_ZTVN2rs21SensorMsgAckLifeMaxUpE
0x7101d9b368,0048,_ZTVN2rs25SensorMsgAskRailCollisionE
0x7101d9b3b8,0048,_ZTVN2rs24SensorMsgBreakPartsBreakE
0x7101d9b408,0048,_ZTVN2rs20SensorMsgBirdFlyAwayE
0x7101d9b458,0048,_ZTVN2rs38SensorMsgCameraAngleElevationResetFastE
0x7101d9b4a8,0048,_ZTVN2rs23SensorMsgChorobonAttackE
0x7101d9b4f8,0048,_ZTVN2rs25SensorMsgConductLightningE
0x7101d9b548,0048,_ZTVN2rs25SensorMsgDamageBallAttackE
0x7101d9b598,0048,_ZTVN2rs29SensorMsgDamageBallBodyAttackE
0x7101d9b5e8,0048,_ZTVN2rs22SensorMsgDonsukeAttackE
0x7101d9b638,0048,_ZTVN2rs28SensorMsgDonsukeGroundAttackE
0x7101d9b688,0048,_ZTVN2rs20SensorMsgDonsukePushE
0x7101d9b6d8,0048,_ZTVN2rs21SensorMsgDragonAttackE
0x7101d9b728,0048,_ZTVN2rs21SensorMsgEatExplosionE
0x7101d9b778,0048,_ZTVN2rs36SensorMsgElectricWireNoLimitDistanceE
0x7101d9b7c8,0048,_ZTVN2rs22SensorMsgEnemyAttack2DE
0x7101d9b818,0048,_ZTVN2rs22SensorMsgEnemyAttack3DE
0x7101d9b868,0048,_ZTVN2rs24SensorMsgEnemyAttackDashE
0x7101d9b8b8,0048,_ZTVN2rs23SensorMsgHackAttackFireE
0x7101d9b908,0048,_ZTVN2rs33SensorMsgEnemyAttackFireCollisionE
0x7101d9b958,0048,_ZTVN2rs26SensorMsgEnemyAttackPoisonE
0x7101d9b9a8,0048,_ZTVN2rs24SensorMsgEnemyAttackTRexE
0x7101d9b9f8,0048,_ZTVN2rs25SensorMsgHackAttackPoisonE
0x7101d9ba48,0048,_ZTVN2rs24SensorMsgConfirmPaintObjE
0x7101d9ba98,0048,_ZTVN2rs31SensorMsgConfirmPaintObjForSeedE
0x7101d9bae8,0048,_ZTVN2rs26SensorMsgPaintAttackPoisonE
0x7101d9bb38,0048,_ZTVN2rs18SensorMsgEnemyKickE
0x7101d9bb88,0048,_ZTVN2rs19SensorMsgRabbitKickE
0x7101d9bbd8,0048,_ZTVN2rs22SensorMsgFishingAttackE
0x7101d9bc28,0048,_ZTVN2rs22SensorMsgFishingCancelE
0x7101d9bc78,0048,_ZTVN2rs28SensorMsgFishingFishApproachE
0x7101d9bcc8,0048,_ZTVN2rs30SensorMsgFishingFishFloatTouchE
0x7101d9bd18,0048,_ZTVN2rs23SensorMsgFishingItemGetE
0x7101d9bd68,0048,_ZTVN2rs25SensorMsgFishingLineTouchE
0x7101d9bdb8,0048,_ZTVN2rs21SensorMsgFishingStartE
0x7101d9be08,0048,_ZTVN2rs36SensorMsgFishingUpImmediatelyPrepareE
0x7101d9be58,0048,_ZTVN2rs32SensorMsgFireBrosFireBallCollideE
0x7101d9bea8,0048,_ZTVN2rs23SensorMsgFireSwitchFireE
0x7101d9bef8,0048,_ZTVN2rs24SensorMsgFrogHackTrampleE
0x7101d9bf48,0048,_ZTVN2rs25SensorMsgGhostRecordStartE
0x7101d9bf98,0048,_ZTVN2rs23SensorMsgGhostRecordEndE
0x7101d9bfe8,0048,_ZTVN2rs18SensorMsgGhostPlayE
0x7101d9c038,0048,_ZTVN2rs18SensorMsgGhostStopE
0x7101d9c088,0048,_ZTVN2rs30SensorMsgGiantWanderBossAttackE
0x7101d9c0d8,0048,_ZTVN2rs36SensorMsgGiantWanderBossBulletAttackE
0x7101d9c128,0048,_ZTVN2rs34SensorMsgGiantWanderBossBulletPushE
0x7101d9c178,0048,_ZTVN2rs21SensorMsgGhostReverseE
0x7101d9c1c8,0048,_ZTVN2rs20SensorMsgGhostCancelE
0x7101d9c218,0048,_ZTVN2rs34SensorMsgGrowFlowerSeedDisablePushE
0x7101d9c268,0048,_ZTVN2rs27SensorMsgGrowFlowerSeedNearE
0x7101d9c2b8,0048,_ZTVN2rs22SensorMsgGrowPlantPushE
0x7101d9c308,0048,_ZTVN2rs21SensorMsgGrowerAttackE
0x7101d9c358,0048,_ZTVN2rs25SensorMsgGrowerWallAttackE
0x7101d9c3a8,0048,_ZTVN2rs23SensorMsgGunetterAttackE
0x7101d9c3f8,0048,_ZTVN2rs26SensorMsgGunetterBodyTouchE
0x7101d9c448,0048,_ZTVN2rs25SensorMsgHammerAttackDownE
0x7101d9c498,0048,_ZTVN2rs25SensorMsgHammerAttackSideE
0x7101d9c4e8,0048,_ZTVN2rs32SensorMsgHammerAttackSideCollideE
0x7101d9c538,0048,_ZTVN2rs24SensorMsgItemAmiiboKoopaE
0x7101d9c588,0048,_ZTVN2rs24SensorMsgIsExistPukupukuE
0x7101d9c5d8,0048,_ZTVN2rs20SensorMsgJangoAttackE
0x7101d9c628,0048,_ZTVN2rs23SensorMsgJangoRemoveCapE
0x7101d9c678,0048,_ZTVN2rs18SensorMsgKakkuKickE
0x7101d9c6c8,0048,_ZTVN2rs29SensorMsgKillByBossBattleDemoE
0x7101d9c718,0048,_ZTVN2rs28SensorMsgKillByHackFirstDemoE
0x7101d9c768,0048,_ZTVN2rs23SensorMsgKillByHomeDemoE
0x7101d9c7b8,0048,_ZTVN2rs20SensorMsgEndHomeDemoE
0x7101d9c808,0048,_ZTVN2rs27SensorMsgKillByMoonRockDemoE
0x7101d9c858,0048,_ZTVN2rs23SensorMsgKillByShineGetE
0x7101d9c8a8,0048,_ZTVN2rs26SensorMsgKillBySwitchTimerE
0x7101d9c8f8,0048,_ZTVN2rs23SensorMsgKoopaBindStartE
0x7101d9c948,0048,_ZTVN2rs34SensorMsgKoopaCapPlayerFocusTargetE
0x7101d9c998,0048,_ZTVN2rs29SensorMsgKoopaCapPunchFinishLE
0x7101d9c9e8,0048,_ZTVN2rs29SensorMsgKoopaCapPunchFinishRE
0x7101d9ca38,0048,_ZTVN2rs33SensorMsgKoopaCapPunchInvincibleLE
0x7101d9ca88,0048,_ZTVN2rs33SensorMsgKoopaCapPunchInvincibleRE
0x7101d9cad8,0048,_ZTVN2rs32SensorMsgKoopaCapPunchKnockBackLE
0x7101d9cb28,0048,_ZTVN2rs32SensorMsgKoopaCapPunchKnockBackRE
0x7101d9cb78,0048,_ZTVN2rs23SensorMsgKoopaCapPunchLE
0x7101d9cbc8,0048,_ZTVN2rs23SensorMsgKoopaCapPunchRE
0x7101d9cc18,0048,_ZTVN2rs27SensorMsgKoopaCapSpinAttackE
0x7101d9cc68,0048,_ZTVN2rs27SensorMsgKoopaCatchKoopaCapE
0x7101d9ccb8,0048,_ZTVN2rs29SensorMsgKoopaDashPunchAttackE
0x7101d9cd08,0048,_ZTVN2rs20SensorMsgKoopaFire2DE
0x7101d9cd58,0048,_ZTVN2rs28SensorMsgKoopaFireBallAttackE
0x7101d9cda8,0048,_ZTVN2rs24SensorMsgKoopaHackDamageE
0x7101d9cdf8,0048,_ZTVN2rs23SensorMsgKoopaHackPunchE
0x7101d9ce48,0048,_ZTVN2rs30SensorMsgKoopaHackPunchCollideE
0x7101d9ce98,0048,_ZTVN2rs25SensorMsgKoopaHackTrampleE
0x7101d9cee8,0048,_ZTVN2rs45SensorMsgKoopaInvalidHackPunchFaceToCollisionE
0x7101d9cf38,0048,_ZTVN2rs34SensorMsgKoopaRingBeamInvalidTouchE
0x7101d9cf88,0048,_ZTVN2rs24SensorMsgKoopaTailAttackE
0x7101d9cfd8,0048,_ZTVN2rs24SensorMsgKoopaTouchFloorE
0x7101d9d028,0048,_ZTVN2rs22SensorMsgKouraAttack2DE
0x7101d9d078,0048,_ZTVN2rs23SensorMsgKouraItemGet2DE
0x7101d9d0c8,0048,_ZTVN2rs19SensorMsgLaunchBlowE
0x7101d9d118,0048,_ZTVN2rs21SensorMsgMeganeAttackE
0x7101d9d168,0048,_ZTVN2rs26SensorMsgMeganeHackTrampleE
0x7101d9d1b8,0048,_ZTVN2rs34SensorMsgMofumofuBulletUnexplosionE
0x7101d9d208,0048,_ZTVN2rs33SensorMsgMoonBasementAttackMeteorE
0x7101d9d258,0048,_ZTVN2rs41SensorMsgMoonBasementBreakShockwaveMeteorE
0x7101d9d2a8,0048,_ZTVN2rs43SensorMsgMoonBasementRockSyncClippingRegistE
0x7101d9d2f8,0048,_ZTVN2rs47SensorMsgMoonBasementRockSyncClippingInvalidateE
0x7101d9d348,0048,_ZTVN2rs45SensorMsgMoonBasementRockSyncClippingValidateE
0x7101d9d398,0048,_ZTVN2rs27SensorMsgAttachCactusNeedleE
0x7101d9d3e8,0048,_ZTVN2rs33SensorMsgCactusNeedleAttackStrongE
0x7101d9d438,0048,_ZTVN2rs23SensorMsgPlayerBallTossE
0x7101d9d488,0048,_ZTVN2rs41SensorMsgPlayerCarryCameraSubjectiveStartE
0x7101d9d4d8,0048,_ZTVN2rs39SensorMsgPlayerCarryCameraSubjectiveEndE
0x7101d9d528,0048,_ZTVN2rs33SensorMsgPlayerCarryShineGetStartE
0x7101d9d578,0048,_ZTVN2rs31SensorMsgPlayerCarryShineGetEndE
0x7101d9d5c8,0048,_ZTVN2rs23SensorMsgPlayerCapCatchE
0x7101d9d618,0048,_ZTVN2rs25SensorMsgPlayerCapHipDropE
0x7101d9d668,0048,_ZTVN2rs22SensorMsgPlayerCapPushE
0x7101d9d6b8,0048,_ZTVN2rs26SensorMsgPlayerCapRecoveryE
0x7101d9d708,0048,_ZTVN2rs27SensorMsgPlayerCapTouchJumpE
0x7101d9d758,0048,_ZTVN2rs25SensorMsgPlayerCapTrampleE
0x7101d9d7a8,0048,_ZTVN2rs26SensorMsgPlayerCoinDashGetE
0x7101d9d7f8,0048,_ZTVN2rs32SensorMsgPlayerEyePriorityTargetE
0x7101d9d848,0048,_ZTVN2rs36SensorMsgPlayerDisregardHomingAttackE
0x7101d9d898,0048,_ZTVN2rs36SensorMsgPlayerDisregardTargetMarkerE
0x7101d9d8e8,0048,_ZTVN2rs28SensorMsgPlayerEquipKoopaCapE
0x7101d9d938,0048,_ZTVN2rs31SensorMsgPlayerFireBallAttack2DE
0x7101d9d988,0048,_ZTVN2rs31SensorMsgPlayerFireBallAttack3DE
0x7101d9d9d8,0048,_ZTVN2rs33SensorMsgPlayerHipDropDemoTriggerE
0x7101d9da28,0048,_ZTVN2rs35SensorMsgPlayerHipDropHipDropSwitchE
0x7101d9da78,0048,_ZTVN2rs24SensorMsgPlayerItemGet2DE
0x7101d9dac8,0048,_ZTVN2rs31SensorMsgPlayerJumpTakeOffFloorE
0x7101d9db18,0048,_ZTVN2rs28SensorMsgPlayerObjectWallHitE
0x7101d9db68,0048,_ZTVN2rs26SensorMsgPlayerObjLeapFrogE
0x7101d9dbb8,0048,_ZTVN2rs28SensorMsgPlayerPenguinAttackE
0x7101d9dc08,0048,_ZTVN2rs35SensorMsgPlayerPenguinAttackReflectE
0x7101d9dc58,0048,_ZTVN2rs28SensorMsgPlayerPoleClimbKeepE
0x7101d9dca8,0048,_ZTVN2rs32SensorMsgPlayerPoleClimbReactionE
0x7101d9dcf8,0048,_ZTVN2rs24SensorMsgPlayerRabbitGetE
0x7101d9dd48,0048,_ZTVN2rs28SensorMsgPlayerRollingObjHitE
0x7101d9dd98,0048,_ZTVN2rs33SensorMsgPlayerRollingWallHitDownE
0x7101d9dde8,0048,_ZTVN2rs33SensorMsgPlayerRollingWallHitMoveE
0x7101d9de38,0048,_ZTVN2rs28SensorMsgPlayerStartGrabCeilE
0x7101d9de88,0048,_ZTVN2rs28SensorMsgPlayerStartWallJumpE
0x7101d9ded8,0048,_ZTVN2rs26SensorMsgPlayerEndGrabCeilE
0x7101d9df28,0048,_ZTVN2rs26SensorMsgPlayerSwordAttackE
0x7101d9df78,0048,_ZTVN2rs33SensorMsgPlayerTouchFloorJumpCodeE
0x7101d9dfc8,0048,_ZTVN2rs24SensorMsgPlayerTrample2DE
0x7101d9e018,0048,_ZTVN2rs27SensorMsgPlayerUpperPunch2DE
0x7101d9e068,0048,_ZTVN2rs30SensorMsgPlayerObjUpperPunch2DE
0x7101d9e0b8,0048,_ZTVN2rs21SensorMsgPukupukuDashE
0x7101d9e108,0048,_ZTVN2rs21SensorMsgPukupukuKissE
0x7101d9e158,0048,_ZTVN2rs30SensorMsgPukupukuRollingAttackE
0x7101d9e1a8,0048,_ZTVN2rs15SensorMsgPush2DE
0x7101d9e1f8,0048,_ZTVN2rs19SensorMsgPushToFishE
0x7101d9e248,0048,_ZTVN2rs25SensorMsgPushToMotorcycleE
0x7101d9e298,0048,_ZTVN2rs21SensorMsgPushToPlayerE
0x7101d9e2e8,0048,_ZTVN2rs21SensorMsgRadishAttackE
0x7101d9e338,0048,_ZTVN2rs22SensorMsgRadishReflectE
0x7101d9e388,0048,_ZTVN2rs33SensorMsgRequestChangeKinokoSuperE
0x7101d9e3d8,0048,_ZTVN2rs32SensorMsgRequestChangeFireFlowerE
0x7101d9e428,0048,_ZTVN2rs30SensorMsgRequestPlayerStainWetE
0x7101d9e478,0048,_ZTVN2rs18SensorMsgStartHackE
0x7101d9e4c8,0048,_ZTVN2rs23SensorMsgSunshineAttackE
0x7101d9e518,0048,_ZTVN2rs19SensorMsgCancelHackE
0x7101d9e568,0048,_ZTVN2rs23SensorMsgCancelHackAreaE
0x7101d9e5b8,0048,_ZTVN2rs26SensorMsgCancelHackByDokanE
0x7101d9e608,0048,_ZTVN2rs23SensorMsgPackunEatStartE
0x7101d9e658,0048,_ZTVN2rs19SensorMsgHackAttackE
0x7101d9e6a8,0048,_ZTVN2rs23SensorMsgHackAttackKickE
0x7101d9e6f8,0048,_ZTVN2rs25SensorMsgHackAttackMapObjE
0x7101d9e748,0048,_ZTVN2rs31SensorMsgHackDeathAreaSelfCheckE
0x7101d9e798,0048,_ZTVN2rs20SensorMsgHackDemoEndE
0x7101d9e7e8,0048,_ZTVN2rs22SensorMsgHackDemoStartE
0x7101d9e838,0048,_ZTVN2rs26SensorMsgHackInvalidEscapeE
0x7101d9e888,0048,_ZTVN2rs36SensorMsgHackInvalidEscapeNoReactionE
0x7101d9e8d8,0048,_ZTVN2rs36SensorMsgHackMarioCheckpointFlagWarpE
0x7101d9e928,0048,_ZTVN2rs22SensorMsgHackMarioDeadE
0x7101d9e978,0048,_ZTVN2rs22SensorMsgHackMarioDemoE
0x7101d9e9c8,0048,_ZTVN2rs25SensorMsgHackMarioInWaterE
0x7101d9ea18,0048,_ZTVN2rs31SensorMsgHackMoveRockForestPushE
0x7101d9ea68,0048,_ZTVN2rs33SensorMsgHackSelfCeilingCheckMissE
0x7101d9eab8,0048,_ZTVN2rs33SensorMsgHackSyncDamageVisibilityE
0x7101d9eb08,0048,_ZTVN2rs22SensorMsgWeaponItemGetE
0x7101d9eb58,0048,_ZTVN2rs18SensorMsgCapAttackE
0x7101d9eba8,0048,_ZTVN2rs25SensorMsgCapAttackCollideE
0x7101d9ebf8,0048,_ZTVN2rs29SensorMsgCapAttackStayRollingE
0x7101d9ec48,0048,_ZTVN2rs36SensorMsgCapAttackStayRollingCollideE
0x7101d9ec98,0048,_ZTVN2rs26SensorMsgCapAttackRailMoveE
0x7101d9ece8,0048,_ZTVN2rs23SensorMsgCapGiantAttackE
0x7101d9ed38,0048,_ZTVN2rs19SensorMsgCapReflectE
0x7101d9ed88,0048,_ZTVN2rs26SensorMsgCapReflectCollideE
0x7101d9edd8,0048,_ZTVN2rs23SensorMsgCapStartLockOnE
0x7101d9ee28,0048,_ZTVN2rs22SensorMsgCapKeepLockOnE
0x7101d9ee78,0048,_ZTVN2rs24SensorMsgCapCancelLockOnE
0x7101d9eec8,0048,_ZTVN2rs19SensorMsgCapHipDropE
0x7101d9ef18,0048,_ZTVN2rs22SensorMsgCapObjHipDropE
0x7101d9ef68,0048,_ZTVN2rs29SensorMsgCapObjHipDropReflectE
0x7101d9efb8,0048,_ZTVN2rs30SensorMsgCapIgnoreCancelLockOnE
0x7101d9f008,0048,_ZTVN2rs36SensorMsgCapIgnoreCancelMissReactionE
0x7101d9f058,0048,_ZTVN2rs32SensorMsgCapIgnoreCollisionCheckE
0x7101d9f0a8,0048,_ZTVN2rs19SensorMsgCapItemGetE
0x7101d9f0f8,0048,_ZTVN2rs28SensorMsgCapTrampolineAttackE
0x7101d9f148,0048,_ZTVN2rs25SensorMsgCatchBombThroughE
0x7101d9f198,0048,_ZTVN2rs25SensorMsgCheckCarObstacleE
0x7101d9f1e8,0048,_ZTVN2rs23SensorMsgIsCardboardBoxE
0x7101d9f238,0048,_ZTVN2rs23SensorMsgBullHackAttackE
0x7101d9f288,0048,_ZTVN2rs24SensorMsgBullEnemyAttackE
0x7101d9f2d8,0048,_ZTVN2rs26SensorMsgEnemyAttackStrongE
0x7101d9f328,0048,_ZTVN2rs22SensorMsgEnemyObjBreakE
0x7101d9f378,0048,_ZTVN2rs19SensorMsgWhipAttackE
0x7101d9f3c8,0048,_ZTVN2rs25SensorMsgNoLimitTouchJumpE
0x7101d9f418,0048,_ZTVN2rs27SensorMsgNoticePlayerDamageE
0x7101d9f468,0048,_ZTVN2rs19SensorMsgStatueDropE
0x7101d9f4b8,0048,_ZTVN2rs29SensorMsgStatueTrampleReflectE
0x7101d9f508,0048,_ZTVN2rs19SensorMsgStatuePushE
0x7101d9f558,0048,_ZTVN2rs19SensorMsgStatueSnapE
0x7101d9f5a8,0048,_ZTVN2rs25SensorMsgHitGrowFlowerPotE
0x7101d9f5f8,0048,_ZTVN2rs24SensorMsgHitGrowPlantPotE
0x7101d9f648,0048,_ZTVN2rs30SensorMsgImplantGrowFlowerSeedE
0x7101d9f698,0048,_ZTVN2rs21SensorMsgIcicleAttackE
0x7101d9f6e8,0048,_ZTVN2rs25SensorMsgIgnoreMirrorWarpE
0x7101d9f738,0048,_ZTVN2rs30SensorMsgIsIgnoredByRunawayNpcE
0x7101d9f788,0048,_ZTVN2rs29SensorMsgIgnorePushMotorcycleE
0x7101d9f7d8,0048,_ZTVN2rs24SensorMsgSandSharkAttackE
0x7101d9f828,0048,_ZTVN2rs19SensorMsgSeedAttackE
0x7101d9f878,0048,_ZTVN2rs22SensorMsgSeedAttackBigE
0x7101d9f8c8,0048,_ZTVN2rs23SensorMsgSeedAttackHoldE
0x7101d9f918,0048,_ZTVN2rs20SensorMsgSeedItemGetE
0x7101d9f968,0048,_ZTVN2rs20SensorMsgSeedReflectE
0x7101d9f9b8,0048,_ZTVN2rs22SensorMsgSenobiTrampleE
0x7101d9fa08,0048,_ZTVN2rs28SensorMsgSenobiCancelStretchE
0x7101d9fa58,0048,_ZTVN2rs36SensorMsgSenobiPunchBlockTransparentE
0x7101d9faa8,0048,_ZTVN2rs25SensorMsgShibakenApproachE
0x7101d9faf8,0048,_ZTVN2rs21SensorMsgShibakenKickE
0x7101d9fb48,0048,_ZTVN2rs23SensorMsgHackUpperPunchE
0x7101d9fb98,0048,_ZTVN2rs26SensorMsgHackObjUpperPunchE
0x7101d9fbe8,0048,_ZTVN2rs17SensorMsgShineGetE
0x7101d9fc38,0048,_ZTVN2rs19SensorMsgShineGet2DE
0x7101d9fc88,0048,_ZTVN2rs19SensorMsgSpherePushE
0x7101d9fcd8,0048,_ZTVN2rs25SensorMsgSphinxJumpAttackE
0x7101d9fd28,0048,_ZTVN2rs28SensorMsgSphinxQuizRouteKillE
0x7101d9fd78,0048,_ZTVN2rs25SensorMsgSphinxRideAttackE
0x7101d9fdc8,0048,_ZTVN2rs32SensorMsgSphinxRideAttackReflectE
0x7101d9fe18,0048,_ZTVN2rs18SensorMsgPechoSpotE
0x7101d9fe68,0048,_ZTVN2rs23SensorMsgBelowObjBrokenE
0x7101d9feb8,0048,_ZTVN2rs27SensorMsgBindCollidedGroundE
0x7101d9ff08,0048,_ZTVN2rs26SensorMsgBindKeepDemoStartE
0x7101d9ff58,0048,_ZTVN2rs28SensorMsgBindKeepDemoExecuteE
0x7101d9ffa8,0048,_ZTVN2rs24SensorMsgBindKeepDemoEndE
0x7101d9fff8,0048,_ZTVN2rs25SensorMsgBindRecoveryLifeE
0x7101da0048,0048,_ZTVN2rs25SensorMsgMayorItemReflectE
0x7101da0098,0048,_ZTVN2rs25SensorMsgMayorItemCollideE
0x7101da00e8,0048,_ZTVN2rs22SensorMsgBlowObjAttackE
0x7101da0138,0048,_ZTVN2rs29SensorMsgBlowObjAttackReflectE
0x7101da0188,0048,_ZTVN2rs24SensorMsgConfirmFrailBoxE
0x7101da01d8,0048,_ZTVN2rs30SensorMsgConfirmBrokenFrailBoxE
0x7101da0228,0048,_ZTVN2rs19SensorMsgTankLookOnE
0x7101da0278,0048,_ZTVN2rs21SensorMsgTankKickHackE
0x7101da02c8,0048,_ZTVN2rs22SensorMsgTankKickEnemyE
0x7101da0318,0048,_ZTVN2rs19SensorMsgTankBulletE
0x7101da0368,0048,_ZTVN2rs29SensorMsgTankBulletNoReactionE
0x7101da03b8,0048,_ZTVN2rs31SensorMsgTimerAthleticDemoStartE
0x7101da0408,0048,_ZTVN2rs20SensorMsgRideOnStartE
0x7101da0458,0048,_ZTVN2rs18SensorMsgRideOnEndE
0x7101da04a8,0048,_ZTVN2rs22SensorMsgRideOnReleaseE
0x7101da04f8,0048,_ZTVN2rs34SensorMsgHipDropTransformTransformE
0x7101da0548,0048,_ZTVN2rs32SensorMsgHipDropTransformReverseE
0x7101da0598,0048,_ZTVN2rs30SensorMsgHipDropTransformingUpE
0x7101da05e8,0048,_ZTVN2rs32SensorMsgHipDropTransformingDownE
0x7101da0638,0048,_ZTVN2rs34SensorMsgHipDropTransformingFinishE
0x7101da0688,0048,_ZTVN2rs18SensorMsgClearFireE
0x7101da06d8,0048,_ZTVN2rs34SensorMsgCollectAnimalTouchCollideE
0x7101da0728,0048,_ZTVN2rs27SensorMsgBossKnuckleCounterE
0x7101da0778,0048,_ZTVN2rs30SensorMsgBossKnuckleFallAttackE
0x7101da07c8,0048,_ZTVN2rs30SensorMsgBossKnuckleHackAttackE
0x7101da0818,0048,_ZTVN2rs32SensorMsgBossKnuckleKillerAttackE
0x7101da0868,0048,_ZTVN2rs31SensorMsgBossKnuckleIceConflictE
0x7101da08b8,0048,_ZTVN2rs34SensorMsgBossKnuckleIceFallToMummyE
0x7101da0908,0048,_ZTVN2rs21SensorMsgSkaterAttackE
0x7101da0958,0048,_ZTVN2rs25SensorMsgEnableInSaucePanE
0x7101da09a8,0048,_ZTVN2rs32SensorMsgEnableMapCheckPointWarpE
0x7101da09f8,0048,_ZTVN2rs24SensorMsgStartInSaucePanE
0x7101da0a48,0048,_ZTVN2rs22SensorMsgEndInSaucePanE
0x7101da0a98,0048,_ZTVN2rs23SensorMsgLineDancerLinkE
0x7101da0ae8,0048,_ZTVN2rs26SensorMsgLongPushSensorHitE
0x7101da0b38,0048,_ZTVN2rs23SensorMsgLongPushBoxHitE
0x7101da0b88,0048,_ZTVN2rs25SensorMsgGoldHammerAttackE
0x7101da0bd8,0048,_ZTVN2rs19SensorMsgTrashBoxInE
0x7101da0c28,0048,_ZTVN2rs23SensorMsgTouchDoorDrumnE
0x7101da0c78,0048,_ZTVN2rs22SensorMsgKuribo2DTouchE
0x7101da0cc8,0048,_ZTVN2rs30SensorMsgKuriboCollisionDamageE
0x7101da0d18,0048,_ZTVN2rs28SensorMsgKuriboCollisionKillE
0x7101da0d68,0048,_ZTVN2rs20SensorMsgKuriboFlickE
0x7101da0db8,0048,_ZTVN2rs22SensorMsgKuriboTowerOnE
0x7101da0e08,0048,_ZTVN2rs31SensorMsgPartyPopperSoundAttackE
0x7101da0e58,0048,_ZTVN2rs24SensorMsgYokinBallAttackE
0x7101da0ea8,0048,_ZTVN2rs23SensorMsgYoshiDirectEatE
0x7101da0ef8,0048,_ZTVN2rs26SensorMsgYoshiTongueAttackE
0x7101da0f48,0048,_ZTVN2rs27SensorMsgYoshiTongueEatBindE
0x7101da0f98,0048,_ZTVN2rs33SensorMsgYoshiTongueEatBindCancelE
0x7101da0fe8,0048,_ZTVN2rs33SensorMsgYoshiTongueEatBindFinishE
0x7101da1038,0048,_ZTVN2rs35SensorMsgYoshiTongueEatHomingTargetE
0x7101da1088,0048,_ZTVN2rs21SensorMsgYukimaruPushE
0x7101da10d8,0048,_ZTVN2rs34SensorMsgPunchMachinePunchStraightE
0x7101da1128,0048,_ZTVN2rs30SensorMsgPunchMachinePunchHookE
0x7101da1178,0048,_ZTVN2rs31SensorMsgPunchMachinePunchUpperE
0x7101da11c8,0048,_ZTVN2rs29SensorMsgMorningStarWarpStartE
0x7101da1218,0048,_ZTVN2rs27SensorMsgMorningStarWarpEndE
0x7101da1268,0048,_ZTVN2rs16SensorMsgGemyAimE
0x7101da12b8,0048,_ZTVN2rs36SensorMsgHammerBrosHammerEnemyAttackE
0x7101da1308,0048,_ZTVN2rs35SensorMsgHammerBrosHammerHackAttackE
0x7101da1358,0048,_ZTVN2rs31SensorMsgHammerBrosHammerSearchE
0x7101da13a8,0048,_ZTVN2rs24SensorMsgHackBrosContactE
0x7101da13f8,0048,_ZTVN2rs25SensorMsgMotorcycleAttackE
0x7101da1448,0048,_ZTVN2rs36SensorMsgMotorcycleCollideParkingLotE
0x7101da1498,0048,_ZTVN2rs29SensorMsgMotorcycleDashAttackE
0x7101da14e8,0048,_ZTVN2rs30SensorMsgMotorcycleDashCollideE
0x7101da1538,0048,_ZTVN2rs26SensorMsgWanwanEnemyAttackE
0x7101da1588,0048,_ZTVN2rs19SensorMsgWanwanPushE
0x7101da15d8,0048,_ZTVN2rs28SensorMsgWanwanReboundAttackE
0x7101da1628,0048,_ZTVN2rs26SensorMsgWanwanBlockAttackE
0x7101da1678,0048,_ZTVN2rs21SensorMsgWanwanHoleInE
0x7101da16c8,0048,_ZTVN2rs20SensorMsgWaterRoadInE
0x7101da1718,0048,_ZTVN2rs22SensorMsgWaterRoadNearE
0x7101da1768,0048,_ZTVN2rs19SensorMsgBreedaSlapE
0x7101da17b8,0048,_ZTVN2rs19SensorMsgBreedaPushE
0x7101da1808,0048,_ZTVN2rs21SensorMsgGamaneBulletE
0x7101da1858,0048,_ZTVN2rs28SensorMsgGamaneBulletThroughE
0x7101da18a8,0048,_ZTVN2rs34SensorMsgGamaneBulletForCoinFlowerE
0x7101da18f8,0048,_ZTVN2rs34SensorMsgVolleyballNpcScareByEnemyE
0x7101da1948,0048,_ZTVN2rs30SensorMsgRocketFlowerExtensionE
0x7101da1998,0048,_ZTVN2rs30SensorMsgWanderBossCameraRangeE
0x7101da19e8,0048,_ZTVN2rs25SensorMsgKuriboGirlAttackE
0x7101da1a38,0048,_ZTVN2rs23SensorMsgKuriboGirlLoveE
0x7101da1a88,0048,_ZTVN2rs18SensorMsgKuriboTopE
0x7101da1ad8,0048,_ZTVN2rs19SensorMsgTRexAttackE
0x7101da1b28,0048,_ZTVN2rs30SensorMsgTRexAttackCollideBodyE
0x7101da1b78,0048,_ZTVN2rs30SensorMsgTRexAttackCollideHeadE
0x7101da1bc8,0048,_ZTVN2rs23SensorMsgTRexDashAttackE
0x7101da1c18,0048,_ZTVN2rs33SensorMsgTRexScrollPartsBreakWithE
0x7101da1c68,0048,_ZTVN2rs23SensorMsgTsukkunNoTraceE
0x7101da1cb8,0048,_ZTVN2rs24SensorMsgTouchFireDrum2DE
0x7101da1d08,0048,_ZTVN2rs24SensorMsgPropellerAttackE
0x7101da1d58,0048,_ZTVN2rs22SensorMsgTankExplosionE
0x7101da1da8,0048,_ZTVN2rs24SensorMsgTankHackTrampleE
0x7101da1df8,0048,_ZTVN2rs21SensorMsgUtsuboAttackE
0x7101da1e48,0048,_ZTVN2rs30SensorMsgKillerAttackNoExplodeE
0x7101da1e98,0048,_ZTVN2rs27SensorMsgKillerMagnumAttackE
0x7101da1ee8,0048,_ZTVN2rs31SensorMsgKillerMagnumHackAttackE
0x7101da1f38,0048,_ZTVN2rs22SensorMsgGabuzouAttackE
0x7101da1f88,0048,_ZTVN2rs29SensorMsgStackerRollingAttackE
0x7101da1fd8,0048,_ZTVN2rs30SensorMsgStackerCapBoostAttackE
0x7101da2028,0048,_ZTVN2rs27SensorMsgIgnoreIgnitionBombE
0x7101da2078,0048,_ZTVN2rs29SensorMsgExplosionReflectBombE
0x7101da20c8,0048,_ZTVN2rs24SensorMsgGolemStampPressE
0x7101da2118,0048,_ZTVN2rs32SensorMsgSwitchOnWithSaveRequestE
0x7101da2168,0048,_ZTVN2rs22SensorMsgDigPointSmellE
0x7101da21b8,0048,_ZTVN2rs33SensorMsgMofumofuBodyChainExplodeE
0x7101da2208,0048,_ZTVN2rs41SensorMsgMoonBasementRockThroughCollisionE
0x7101da2258,0048,_ZTVN2rs20SensorMsgFishingWaitE
0x7101da22a8,0048,_ZTVN2rs29SensorMsgFishingUpImmediatelyE
0x7101da22f8,0048,_ZTVN2rs21SensorMsgGunetterPushE
0x7101da2348,0048,_ZTVN2rs18SensorMsgTestPunchE
0x7101da2398,0048,_ZTVN2rs24SensorMsgTestPunchStrongE
0x7101da23e8,0048,_ZTVN2rs19SensorMsgPunchGuardE
0x7101da2438,0048,_ZTVN2rs22SensorMsgTsukkunThrustE
0x7101da2488,0048,_ZTVN2rs26SensorMsgTsukkunThrustSpinE
0x7101da24d8,0048,_ZTVN2rs29SensorMsgTsukkunThrustReflectE
0x7101da2528,0048,_ZTVN2rs29SensorMsgTsukkunThrustCollideE
0x7101da2578,0048,_ZTVN2rs39SensorMsgTsukkunThrustHitReflectCollideE
0x7101da25c8,0048,_ZTVN2rs36SensorMsgTsukkunThrustReflectCollideE
0x7101da2618,0048,_ZTVN2rs26SensorMsgTsukkunThrustHoleE
0x7101da2668,0048,_ZTVN2rs30SensorMsgTsukkunThroughCollideE
0x7101da26b8,0048,_ZTVN2rs27SensorMsgTsukkunHoldCollideE
0x7101da2708,0048,_ZTVN2rs34SensorMsgTsukkunForceCancelCollideE
0x7101da2758,0048,_ZTVN2rs28SensorMsgNetworkShootingShotE
0x7101da27a8,0048,_ZTVN2rs34SensorMsgNetworkShootingChargeShotE
0x7101da27f8,0048,_ZTVN2rs36SensorMsgRequestPlayerJumpBreakFloorE
0x7101da2848,0048,_ZTVN2rs26SensorMsgRequestPlayerJumpE
0x7101da2898,0048,_ZTVN2rs33SensorMsgRequestPlayerTrampleJumpE
0x7101da28e8,0048,_ZTVN2rs30SensorMsgRequestPlayerSpinJumpE
0x7101da2938,0048,_ZTVN2rs26SensorMsgRequestSphinxJumpE
0x7101da2988,0048,_ZTVN2rs26SensorMsgIgnoreTouchTargetE
0x7101da29d8,0048,_ZTVN2rs24SensorMsgTouchTargetInfoE
0x7101da2a28,0048,_ZTVN2rs25SensorMsgCollisionImpulseE
0x7101da2a78,0048,_ZTVN2rs17SensorMsgWhipHoldE
0x7101da2ac8,0048,_ZTVN2rs17SensorMsgWhipBindE
0x7101da2b18,0048,_ZTVN2rs18SensorMsgWhipThrowE
0x7101da2b68,0048,_ZTVN2rs15SensorMsgMagnetE
0x7101da2bb8,0048,_ZTVN2rs27SensorMsgMagnetBulletAttackE
0x7101da2c08,0048,_ZTVN2rs18SensorMsgDashPanelE
0x7101da2c58,0048,_ZTVN2rs28SensorMsgTrampolineCrackJumpE
0x7101da2ca8,0048,_ZTVN2rs21SensorMsgCapTouchWallE
0x7101da2cf8,0048,_ZTVN2rs19SensorMsgCapRethrowE
0x7101da2d48,0048,_ZTVN2rs23SensorMsgCapChangeGiantE
0x7101da2d98,0048,_ZTVN2rs24SensorMsgPackunEatCancelE
0x7101da2de8,0048,_ZTVN2rs21SensorMsgPackunEatEndE
0x7101da2e38,0048,_ZTVN2rs29SensorMsgPackunEatStartFollowE
0x7101da2e88,0048,_ZTVN2rs25SensorMsgFireBlowerAttackE
0x7101da2ed8,0048,_ZTVN2rs14SensorMsgPaintE
0x7101da2f28,0048,_ZTVN2rs21SensorMsgPaintTextureE
0x7101da2f78,0048,_ZTVN2rs24SensorMsgCheckPaintClearE
0x7101da2fc8,0048,_ZTVN2rs24SensorMsgCheckPaintAlphaE
0x7101da3018,0048,_ZTVN2rs18SensorMsgByugoBlowE
0x7101da3068,0048,_ZTVN2rs28SensorMsgHackDirectStageInitE
0x7101da30b8,0048,_ZTVN2rs21SensorMsgObjSnapForceE
0x7101da3108,0048,_ZTVN2rs22SensorMsgCapBeamerBeamE
0x7101da3158,0048,_ZTVN2rs20SensorMsgHosuiAttackE
0x7101da31a8,0048,_ZTVN2rs27SensorMsgHosuiAttackCollideE
0x7101da31f8,0048,_ZTVN2rs28SensorMsgHosuiAttackNoEffectE
0x7101da3248,0048,_ZTVN2rs26SensorMsgHosuiAttackStrongE
0x7101da3298,0048,_ZTVN2rs19SensorMsgHosuiTouchE
0x7101da32e8,0048,_ZTVN2rs21SensorMsgHosuiTrampleE
0x7101da3338,0048,_ZTVN2rs28SensorMsgHosuiTrampleReflectE
0x7101da3388,0048,_ZTVN2rs32SensorMsgHosuiTrampleReflectHighE
0x7101da33d8,0048,_ZTVN2rs21SensorMsgBubbleAttackE
0x7101da3428,0048,_ZTVN2rs28SensorMsgBubbleAttackToPechoE
0x7101da3478,0048,_ZTVN2rs23SensorMsgBubbleReflectHE
0x7101da34c8,0048,_ZTVN2rs23SensorMsgBubbleReflectVE
0x7101da3518,0048,_ZTVN2rs24SensorMsgBubbleWallTouchE
0x7101da3568,0048,_ZTVN2rs33SensorMsgBubbleGroundTouchTriggerE
0x7101da35b8,0048,_ZTVN2rs28SensorMsgBubbleLauncherStartE
0x7101da3608,0048,_ZTVN2rs24SensorMsgSenobiPartsMoveE
0x7101da3658,0048,_ZTVN2rs18SensorMsgStampTo2DE
0x7101da36a8,0048,_ZTVN2rs21SensorMsgAirExplosionE
0x7101da36f8,0048,_ZTVN2rs21SensorMsgPushVelocityE
0x7101da3748,0048,_ZTVN2rs27SensorMsgGhostRecordStartOkE
0x7101da3798,0048,_ZTVN2rs24SensorMsgSandGeyserRaiseE
0x7101da37e8,0048,_ZTVN2rs17SensorMsgRaceWaitE
0x7101da3838,0048,_ZTVN2rs18SensorMsgRaceStartE
0x7101da3888,0048,_ZTVN2rs17SensorMsgRaceStopE
0x7101da38d8,0048,_ZTVN2rs27SensorMsgRaceReturnToCourseE
0x7101da3928,0048,_ZTVN2rs29SensorMsgPlayerLookAtPositionE
0x7101da3978,0048,_ZTVN2rs29SensorMsgTargetMarkerPositionE
0x7101da39c8,0048,_ZTVN2rs21SensorMsgHackBlowJumpE
0x7101da3a18,0048,_ZTVN2rs24SensorMsgGolemStampPushVE
0x7101da3a68,0048,_ZTVN2rs24SensorMsgGolemStampPushHE
0x7101da3ab8,0048,_ZTVN2rs30SensorMsgRequestPlayerWaitAnimE
0x7101da3b08,0048,_ZTVN2rs18SensorMsgSeedTouchE
0x7101da3b58,0048,_ZTVN2rs37SensorMsgSphinxRideAttackTouchThroughE
0x7101da3ba8,0048,_ZTVN2rs30SensorMsgSphinxRideAttackTouchE
0x7101da3bf8,0048,_ZTVN2rs26SensorMsgBlockUpperPunch2DE
0x7101da3c48,0048,_ZTVN2rs20SensorMsgGotogotonOnE
0x7101da3c98,0048,_ZTVN2rs29SensorMsgGotogotonGetJumpPathE
0x7101da3ce8,0048,_ZTVN2rs27SensorMsgGotogotonGoalExistE
0x7101da3d38,0048,_ZTVN2rs27SensorMsgGotogotonGoalMatchE
0x7101da3d88,0048,_ZTVN2rs29SensorMsgBossMagmaBreathForceE
0x7101da3dd8,0048,_ZTVN2rs29SensorMsgBossMagmaCatchPlayerE
0x7101da3e28,0048,_ZTVN2rs31SensorMsgBossMagmaReleasePlayerE
0x7101da3e78,0048,_ZTVN2rs31SensorMsgBossMagmaDeadDemoStartE
0x7101da3ec8,0048,_ZTVN2rs29SensorMsgBossMagmaDeadDemoEndE
0x7101da3f18,0048,_ZTVN2rs26SensorMsgBossMagmaResetPosE
0x7101da3f68,0048,_ZTVN2rs31SensorMsgBossMagmaQueryToBubbleE
0x7101da3fb8,0048,_ZTVN2rs27SensorMsgCheckFishingTargetE
0x7101da4008,0048,_ZTVN2rs22SensorMsgInitCapTargetE
0x7101da4058,0048,_ZTVN2rs21SensorMsgTransferHackE
0x7101da40a8,0048,_ZTVN2rs28SensorMsgRequestTransferHackE
0x7101da40f8,0048,_ZTVN2rs17SensorMsgInitHackE
0x7101da4148,0048,_ZTVN2rs16SensorMsgEndHackE
0x7101da4198,0048,_ZTVN2rs24SensorMsgNpcScareByEnemyE
0x7101da41e8,0048,_ZTVN2rs23SensorMsgKuriboTowerNumE
0x7101da4238,0472,_ZTV21SolidRevolutionDrawer
0x7101da4450,0304,_ZTC21SolidRevolutionDrawer0_N2al9LiveActorE
0x7101da4580,0056,_ZTC21SolidRevolutionDrawer24_N2al15IUseStageSwitchE
0x7101da45d8,0040,_ZTV20WorldEndBorderKeeper
0x7101da4638,0008,_ZN12_GLOBAL__N_17OutsideE
0x7101da46b8,0008,_ZN12_GLOBAL__N_18PullBackE
0x7101da4718,0016,_ZN12_GLOBAL__N_123NrvWorldEndBorderKeeperE
0x7101da4728,0016,_ZN2nn3nex25DataStoreApiVersionTraitsILNS0_21DATASTORE_API_VERSIONE0EE10pGetObjectE
0x7101da4738,0016,_ZN2nn3nex25DataStoreApiVersionTraitsILNS0_21DATASTORE_API_VERSIONE1EE10pGetObjectE
0x7101da4748,1376,_ZTVN2nn3nex23DataStoreClientTemplateINS0_26DataStoreLogicServerClientEEE
0x7101da4ca8,0992,_ZTVN2nn3nex26DataStoreLogicServerClientE
0x7101da5088,0064,_ZTVN2nn3nex30DataStorePostHttpEventListenerE
0x7101da50c8,0216,_ZTVN2nn3nex29JobDataStoreCheckNotificationE
0x7101da51a0,0216,_ZTVN2nn3nex21JobDataStoreGetObjectINS0_25DataStoreApiVersionTraitsILNS0_21DATASTORE_API_VERSIONE0EEEEE
0x7101da5278,0216,_ZTVN2nn3nex21JobDataStoreGetObjectINS0_25DataStoreApiVersionTraitsILNS0_21DATASTORE_API_VERSIONE1EEEEE
0x7101da5350,0136,_ZTVN2nn3nex21JobDataStoreGetRatingE
0x7101da53d8,0128,_ZTVN2nn3nex22JobDataStorePostObjectINS0_25DataStoreApiVersionTraitsILNS0_21DATASTORE_API_VERSIONE0EEEEE
0x7101da5458,0128,_ZTVN2nn3nex22JobDataStorePostObjectINS0_25DataStoreApiVersionTraitsILNS0_21DATASTORE_API_VERSIONE1EEEEE
0x7101da54d8,0136,_ZTVN2nn3nex36JobDataStoreReceiveNewArrivedObjectsINS0_25DataStoreApiVersionTraitsILNS0_21DATASTORE_API_VERSIONE0EEEEE
0x7101da5560,0136,_ZTVN2nn3nex36JobDataStoreReceiveNewArrivedObjectsINS0_25DataStoreApiVersionTraitsILNS0_21DATASTORE_API_VERSIONE1EEEEE
0x7101da55e8,0128,_ZTVN2nn3nex24JobDataStoreUpdateObjectE
0x7101da5668,0032,_ZTVN2nn3nex18DataStoreHppClientE
0x7101da5688,1160,_ZTVN2nn3nex23DataStoreClientTemplateINS0_30DataStoreLogicServerHttpClientEEE
0x7101da5b10,0776,_ZTVN2nn3nex30DataStoreLogicServerHttpClientE
0x7101da5e18,0224,_ZTVN2nn3nex15JobDataStoreHppE
0x7101da5ef8,0120,_ZTVN2nn3nex24JobRetrieveGameAuthTokenE
0x7101da5f70,0032,_ZTVN2nn3nex27RetrieveGameAuthTokenClientE
0x7101da5f90,0040,_ZTVN2nn3nex17ServiceHttpClientE
0x7101db3a58,0200,_ZTVN2nn3nex23DataStoreProtocolClientE
0x7101db3b20,0624,_ZTVN2nn3nex30_Proto_DataStoreProtocolServerE
0x7101db3da8,0040,_ZTVN2nn3nex24DataStoreDDLDeclarationsE
0x7101db4338,0032,_ZTVN2nn3nex20DataStoreDeleteParamE
0x7101db4398,0032,_ZTVN2nn3nex34DataStoreReqGetNotificationUrlInfoE
0x7101db43f8,0032,_ZTVN2nn3nex39_DDL_DataStoreReqGetNotificationUrlInfoE
0x7101db4418,0032,_ZTVN2nn3nex15StepSequenceJob4StepE
0x7101db4458,0032,_ZTVN2nn3nex32DataStoreGetNotificationUrlParamE
0x7101db44b8,0032,_ZTVN2nn3nex37_DDL_DataStoreGetNotificationUrlParamE
0x7101db44d8,0032,_ZTVN2nn3nex26DataStorePrepareGetParamV1E
0x7101db4538,0032,_ZTVN2nn3nex21DataStoreReqGetInfoV1E
0x7101db4598,0032,_ZTVN2nn3nex26_DDL_DataStoreReqGetInfoV1E
0x7101db45b8,0032,_ZTVN2nn3nex17DataStoreKeyValueE
0x7101db4618,0032,_ZTVN2nn3nex22_DDL_DataStoreKeyValueE
0x7101db4638,0032,_ZTVN2nn3nex29DataStoreReqGetAdditionalMetaE
0x7101db4698,0032,_ZTVN2nn3nex34_DDL_DataStoreReqGetAdditionalMetaE
0x7101db46b8,0032,_ZTVN2nn3nex24DataStorePrepareGetParamE
0x7101db4718,0032,_ZTVN2nn3nex29_DDL_DataStorePrepareGetParamE
0x7101db4738,0032,_ZTVN2nn3nex19DataStoreReqGetInfoE
0x7101db4798,0032,_ZTVN2nn3nex24_DDL_DataStoreReqGetInfoE
0x7101db47b8,0032,_ZTVN2nn3nex27DataStorePreparePostParamV1E
0x7101db4818,0032,_ZTVN2nn3nex32_DDL_DataStorePreparePostParamV1E
0x7101db4838,0032,_ZTVN2nn3nex22DataStoreReqPostInfoV1E
0x7101db4898,0032,_ZTVN2nn3nex27_DDL_DataStoreReqPostInfoV1E
0x7101db48b8,0032,_ZTVN2nn3nex28DataStoreCompletePostParamV1E
0x7101db4918,0032,_ZTVN2nn3nex34_DDL_DataStorePersistenceInitParamE
0x7101db4938,0032,_ZTVN2nn3nex20DataStoreReqPostInfoE
0x7101db4998,0032,_ZTVN2nn3nex25_DDL_DataStoreReqPostInfoE
0x7101db49b8,0032,_ZTVN2nn3nex26DataStoreCompletePostParamE
0x7101db4a18,0032,_ZTVN2nn3nex40DataStoreGetNewArrivedNotificationsParamE
0x7101db4a78,0032,_ZTVN2nn3nex31DataStoreGetSpecificMetaParamV1E
0x7101db4ad8,0032,_ZTVN2nn3nex36_DDL_DataStoreGetSpecificMetaParamV1E
0x7101db4af8,0032,_ZTVN2nn3nex27DataStoreSpecificMetaInfoV1E
0x7101db4b58,0032,_ZTVN2nn3nex32_DDL_DataStoreSpecificMetaInfoV1E
0x7101db4b78,0032,_ZTVN2nn3nex29DataStoreGetSpecificMetaParamE
0x7101db4bd8,0032,_ZTVN2nn3nex34_DDL_DataStoreGetSpecificMetaParamE
0x7101db4bf8,0032,_ZTVN2nn3nex25DataStoreSpecificMetaInfoE
0x7101db4c58,0032,_ZTVN2nn3nex30_DDL_DataStoreSpecificMetaInfoE
0x7101db4c78,0032,_ZTVN2nn3nex27DataStorePrepareUpdateParamE
0x7101db4cd8,0032,_ZTVN2nn3nex32_DDL_DataStorePrepareUpdateParamE
0x7101db4cf8,0032,_ZTVN2nn3nex22DataStoreReqUpdateInfoE
0x7101db4d58,0032,_ZTVN2nn3nex27_DDL_DataStoreReqUpdateInfoE
0x7101db4d78,0032,_ZTVN2nn3nex28DataStoreCompleteUpdateParamE
0x7101db4dd8,0032,_ZTVN2nn3nex16RefCountedObjectE
0x7101db4e18,0032,_ZTVN2nn3nex34DataStoreFetchMyInfosBalloonResultE
0x7101db4e78,0032,_ZTVN2nn3nex39_DDL_DataStoreFetchMyInfosBalloonResultE
0x7101db4e98,0032,_ZTVN2nn3nex23DataStoreNotificationV1E
0x7101db4ef8,0032,_ZTVN2nn3nex18DataStoreRatingLogE
0x7101db4f58,0032,_ZTVN2nn3nex23_DDL_DataStoreRatingLogE
0x7101db4f78,0032,_ZTVN2nn3nex21DataStoreNotificationE
0x7101db4fd8,0032,_ZTVN2nn3nex21DataStorePasswordInfoE
0x7101db5038,0032,_ZTVN2nn3nex26DataStoreChangeMetaParamV1E
0x7101db5098,0032,_ZTVN2nn3nex31_DDL_DataStoreChangeMetaParamV1E
0x7101db50b8,0032,_ZTVN2nn3nex20DataStoreSearchParamE
0x7101db5118,0032,_ZTVN2nn3nex25_DDL_DataStoreSearchParamE
0x7101db5138,0048,_ZTVN2nn3nex11ResultRangeE
0x7101db51a8,0032,_ZTVN2nn3nex25DataStoreTouchObjectParamE
0x7101db5208,0032,_ZTVN2nn3nex24DataStoreChangeMetaParamE
0x7101db5268,0032,_ZTVN2nn3nex29_DDL_DataStoreChangeMetaParamE
0x7101db5288,0032,_ZTVN2nn3nex31DataStoreChangeMetaCompareParamE
0x7101db52e8,0032,_ZTVN2nn3nex36_DDL_DataStoreChangeMetaCompareParamE
0x7101db5308,0056,_ZTVN2nn3nex45DataStoreCheckConsistencyEventListenerAdaptorINS0_25DataStoreApiVersionTraitsILNS0_21DATASTORE_API_VERSIONE0EEEEE
0x7101db5398,0056,_ZTVN2nn3nex45DataStoreCheckConsistencyEventListenerAdaptorINS0_25DataStoreApiVersionTraitsILNS0_21DATASTORE_API_VERSIONE1EEEEE
0x7101db5428,0080,_ZTVN2nn3nex20PseudoGlobalVariableINS0_24DataStoreDDLDeclarationsEEE
0x7101db5498,0032,_ZTVN2nn3nex16BandwidthCounterE
0x7101db54b8,0032,_ZTVN2nn3nex19BandwidthCounterMapE
0x7101db54d8,0064,_ZTVN2nn3nex15CriticalSectionE
0x7101db5518,0032,_ZTVN2nn3nex5EventE
0x7101db5538,0032,_ZTVN2nn3nex12EventHandlerE
0x7101db5558,0056,_ZTVN2nn3nex8EventLogE
0x7101db5590,0032,_ZTVN2nn3nex20HighResolutionChronoE
0x7101db55b0,0032,_ZTVN2nn3nex19HighResolutionClockE
0x7101db55d0,0032,_ZTVN2nn3nex11LockCheckerE
0x7101db55f0,0056,_ZTVN2nn3nex3LogE
0x7101db5628,0040,_ZTVN2nn3nex16LogDeviceConsoleE
0x7101db5650,0040,_ZTVN2nn3nex15LogDeviceMemoryE
0x7101db5678,0048,_ZTVN2nn3nex13MemoryManagerE
0x7101db56a8,0032,_ZTVN2nn3nex19PacketBufferManagerE
0x7101db56c8,0032,_ZTVN2nn3nex14MutexPrimitiveE
0x7101db56e8,0004,_ZN2nn3nex16ObjectThreadRoot15s_uiDefaultPrioE
0x7101db56f0,0008,_ZN2nn3nex16ObjectThreadRoot26s_uiDefaultThreadStackSizeE
0x7101db56f8,0040,_ZTVN2nn3nex16ObjectThreadRootE
0x7101db5720,0088,_ZTVN2nn3nex12OutputFormatE
0x7101db5778,0248,g_szGeneralErrorDescriptions
0x7101db5870,0032,_ZTVN2nn3nex8PlatformE
0x7101db5890,0001,_ZN2nn3nex13ProfilingUnit18s_bEnableProfilingE
0x7101db5898,0032,_ZTVN2nn3nex13ProfilingUnitE
0x7101db58e0,0032,_ZTVN2nn3nex13ReadWriteLockE
0x7101db5900,0032,_ZTVN2nn3nex8SpinTestE
0x7101db5920,0004,_ZN2nn3nex6String25s_uiDefaultStringEncodingE
0x7101db5928,0032,_ZTVN2nn3nex6StringE
0x7101db5948,0032,_ZTVN2nn3nex12StringStreamE
0x7101db5968,0001,_ZN2nn3nex11SystemClock28s_bUseHighPerformanceCounterE
0x7101db5969,0001,_ZN2nn3nex11SystemClock16s_needCorrectionE
0x7101db5970,0032,_ZTVN2nn3nex11SystemClockE
0x7101db5990,0032,_ZTVN2nn3nex21ErrorDescriptionTableE
0x7101db59b0,0032,_ZTVN2nn3nex11SystemErrorE
0x7101db59d0,0032,_ZTVN2nn3nex18ThreadVariableListE
0x7101db59f0,0056,_ZTVN2nn3nex18ThreadVariableRootE
0x7101db5a28,0032,_ZTVN2nn3nex9TokenizerE
0x7101db5a48,0056,_ZTVN2nn3nex8TraceLogE
0x7101db5a80,0032,_ZTVN2nn3nex15GlobalVariablesE
0x7101db5aa0,0032,_ZTVN2nn3nex9WaterMarkE
0x7101db5ac0,0001,_ZN2nn3nex27SingletonDestructionTrackerINS0_6qChainIPNS0_9WaterMarkENS0_18DefaultChainPolicyIS4_EEEEE14s_bIsDestroyedE
0x7101db5ac8,0032,_ZTVN2nn3nex13ConfigurationE
0x7101db5ae8,0032,_ZTVN2nn3nex21ConfigurationVariableE
0x7101db5b88,0040,_ZTVN2nn3nex12CIDLogFilterE
0x7101db5d28,0040,_ZTVN2nn3nex20LogDeviceDebugOutputE
0x7101db5e28,0040,_ZTVN2nn3nex12PIDLogFilterE
0x7101db6068,0064,_ZTVN2nn3nex21ForcedCriticalSectionE
0x7101db60c8,0064,_ZTVN2nn3nex37NonReentrantableForcedCriticalSectionE
0x7101db6128,0032,_ZTVN2nn3nex6qChainIPNS0_16BandwidthCounterENS0_18DefaultChainPolicyIS3_EEEE
0x7101db6168,0032,_ZTVN2nn3nex6qChainIPNS0_13ProfilingUnitENS0_18DefaultChainPolicyIS3_EEEE
0x7101db61a8,0032,_ZTVN2nn3nex6qChainIPNS0_18ThreadVariableRootENS0_18DefaultChainPolicyIS3_EEEE
0x7101db61e8,0056,_ZTVN2nn3nex14ThreadVariableIjEE
0x7101db6238,0056,_ZTVN2nn3nex14ThreadVariableIPNS0_16ObjectThreadRootEEE
0x7101db6288,0040,_ZTVN2nn3nex12ObjectThreadINS0_15ThreadScramblerEPvEE
0x7101db62c8,0032,_ZTVN2nn3nex6qChainIPNS0_9WaterMarkENS0_18DefaultChainPolicyIS3_EEEE
0x7101db6398,0080,_ZTVN2nn3nex13CRC16ChecksumE
0x7101db63e8,0088,_ZTVN2nn3nex12HMACChecksumE
0x7101db6440,0080,_ZTVN2nn3nex17ChecksumAlgorithmE
0x7101db6490,0112,_ZTVN2nn3nex12JobDeriveKeyE
0x7101db6500,0088,_ZTVN2nn3nex22KeyedChecksumAlgorithmE
0x7101db6558,0080,_ZTVN2nn3nex11MD5ChecksumE
0x7101db65a8,0088,_ZTVN2nn3nex18MD5ChecksumWithKeyE
0x7101db6600,0120,rcon
0x7101db6678,0080,_ZTVN2nn3nex19EncryptionAlgorithmE
0x7101db66c8,0080,_ZTVN2nn3nex13RC4EncryptionE
0x7101db6718,0032,_ZTVN2nn3nex10BasicCacheE
0x7101db6738,0032,_ZTVN2nn3nex5BitOnE
0x7101db6758,0032,_ZTVN2nn3nex9BitStreamE
0x7101db6780,0032,_ZTVN2nn3nex6BufferE
0x7101db67a0,0032,_ZTVN2nn3nex10ByteStreamE
0x7101db67c0,0056,_ZTVN2nn3nex11CallContextE
0x7101db67f8,0144,_ZTVN2nn3nex19CallContextRegisterE
0x7101db6888,0160,_ZTVN2nn3nex22JobCallContextCallbackE
0x7101db6928,0032,_ZTVN2nn3nex6ChronoE
0x7101db6948,0001,_ZN2nn3nex4Core14s_bUsesThreadsE
0x7101db6949,0001,_ZN2nn3nex4Core15s_bIsThreadSafeE
0x7101db6950,0032,_ZTVN2nn3nex4CoreE
0x7101db6970,0064,_ZTVN2nn3nex17FileStorageDeviceE
0x7101db69b0,0032,_ZTVN2nn3nex15InstanceControlE
0x7101db69d0,0032,_ZTVN2nn3nex13InstanceTableE
0x7101db69f0,0032,_ZTVN2nn3nex20InstantiationContextE
0x7101db6a10,0112,_ZTVN2nn3nex3JobE
0x7101db6a80,0112,_ZTVN2nn3nex7JobWaitE
0x7101db6af0,0032,_ZTVN2nn3nex3KeyE
0x7101db6b10,0032,_ZTVN2nn3nex10LocalClockE
0x7101db6b30,0064,_ZTVN2nn3nex19MemoryStorageDeviceE
0x7101db6b70,0040,_ZTVN2nn3nex17MultipleLogDeviceE
0x7101db6b98,0064,_ZTVN2nn3nex9OperationE
0x7101db6bd8,0032,_ZTVN2nn3nex16OperationManagerE
0x7101db6bf8,0040,_ZTVN2nn3nex5PacerE
0x7101db6c20,0112,_ZTVN2nn3nex11PeriodicJobE
0x7101db6c90,0144,_ZTVN2nn3nex6PluginE
0x7101db6d20,0120,_ZTVN2nn3nex20PollForCompletionJobE
0x7101db6d98,0032,_ZTVN2nn3nex24PseudoGlobalVariableListE
0x7101db6db8,0008,_ZN2nn3nex24PseudoGlobalVariableRoot21s_uiNbOfExtraContextsE
0x7101db6dc0,0072,_ZTVN2nn3nex24PseudoGlobalVariableRootE
0x7101db6e08,0032,_ZTVN2nn3nex15PseudoSingletonE
0x7101db6e28,0032,_ZTVN2nn3nex7qBufferE
0x7101db6e48,0001,_ZN2nn3nex9Scheduler17s_bGlobalDispatchE
0x7101db6e4c,0004,_ZN2nn3nex9Scheduler23s_tiMaxDispatchIntervalE
0x7101db6e50,0004,_ZN2nn3nex9Scheduler34s_tiInternalThreadDispatchIntervalE
0x7101db6e58,0032,_ZTVN2nn3nex9SchedulerE
0x7101db6e78,0048,_ZTVN2nn3nex13SecureStorageE
0x7101db6ea8,0032,_ZTVN2nn3nex22SecurityContextManagerE
0x7101db6ec8,0048,_ZTVN2nn3nex22SingleThreadCallPolicyE
0x7101db6ef8,0032,_ZTVN2nn3nex9SingletonE
0x7101db6f18,0032,_ZTVN2nn3nex12StateMachineE
0x7101db6f38,0032,_ZTVN2nn3nex10StatisticsE
0x7101db6f58,0008,_ZN2nn3nex15StepSequenceJob39s_JobStepExecutionBusyIntervalThresholdE
0x7101db6f60,0120,_ZTVN2nn3nex15StepSequenceJobE
0x7101db6fd8,0144,_ZTVN2nn3nex15SystemComponentE
0x7101db7068,0032,_ZTVN2nn3nex15SystemComponent3UseE
0x7101db7088,0144,_ZTVN2nn3nex20SystemComponentGroupE
0x7101db7118,0144,_ZTVN2nn3nex16SystemComponentsE
0x7101db71a8,0032,_ZTVN2nn3nex13SystemSettingE
0x7101db71c8,0032,_ZTVN2nn3nex11TimedSignalE
0x7101db71e8,0032,_ZTVN2nn3nex16UtilitySubsystemE
0x7101db7208,0004,_ZN2nn3nex13WorkerThreads16s_threadPriorityE
0x7101db720c,0004,_ZN2nn3nex13WorkerThreads14s_threadCoreNoE
0x7101db7210,0056,_ZTVN2nn3nex13WorkerThreadsE
0x7101db75a8,0080,_ZTVN2nn3nex15FileStorageUnitE
0x7101db7738,0040,_ZTVN2nn3nex20LogDeviceStorageUnitE
0x7101db7778,0080,_ZTVN2nn3nex17MemoryStorageUnitE
0x7101db7b18,0056,_ZTVN2nn3nex9Scheduler21SchedulerWorkerThreadE
0x7101db7b68,0032,_ZTVN2nn3nex15SecurityContextE
0x7101db7ba8,0040,_ZTVN2nn3nex12StateMachine12QSimpleEventE
0x7101db7be8,0112,_ZTVN2nn3nex13MethodCallJobINS0_19CallContextRegisterEiNS0_11PeriodicJobEEE
0x7101db7c78,0032,_ZTVN2nn3nex6qChainIPNS0_3JobENS0_18DefaultChainPolicyIS3_EEEE
0x7101db7cb8,0056,_ZTVN2nn3nex14ThreadVariableINS0_5qListINS0_15SecurityContextEEEEE
0x7101db7d08,0032,_ZTVN2nn3nex15SmoothedAverageIfEE
0x7101db7d48,0048,_ZTVN2nn3nex8CallbackINS0_15StepSequenceJobEPNS2_4StepEEE
0x7101db7db8,0032,_ZTVN2nn3nex6qChainIPNS0_13SystemSettingENS0_18DefaultChainPolicyIS3_EEEE
0x7101db7df8,0040,_ZTVN2nn3nex12ObjectThreadINS0_13WorkerThreadsEiEE
0x7101db7ec8,0080,_ZTVN2nn3nex17ConnectionManagerE
0x7101db7f18,0272,_ZTVN2nn3nex24ConnectionOrientedStreamE
0x7101db8028,0001,_ZN2nn3nex19ConnectivityManager32s_bSuspendBossDaemonOnNATSessionE
0x7101db8030,0032,_ZTVN2nn3nex19ConnectivityManagerE
0x7101db8050,0120,_ZTVN2nn3nex18JobStartNATSessionE
0x7101db80c8,0032,_ZTVN2nn3nex9DnsClientE
0x7101db80e8,0040,_ZTVN2nn3nex15EmulationDeviceE
0x7101db8110,0312,_ZTVN2nn3nex8EndPointE
0x7101db8248,0032,_ZTVN2nn3nex13EndPointGroupE
0x7101db8268,0072,_ZTVN2nn3nex15HighLevelStreamE
0x7101db82b0,0001,_ZN2nn3nex18JobConnectEndPoint20s_bForceNATTraversalE
0x7101db82b8,0128,_ZTVN2nn3nex18JobConnectEndPointE
0x7101db8338,0120,_ZTVN2nn3nex15JobGetPublicURLE
0x7101db83b0,0120,_ZTVN2nn3nex14JobNameResolveE
0x7101db8628,0032,_ZTVN2nn3nex7MessageE
0x7101db8648,0032,_ZTVN2nn3nex13NATPropertiesE
0x7101db8668,0128,_ZTVN2nn3nex17NATRelayInterfaceE
0x7101db86e8,0004,_ZN2nn3nex18NATTraversalEngine17s_tiProbeLifetimeE
0x7101db86ec,0004,_ZN2nn3nex18NATTraversalEngine13s_tiFrequencyE
0x7101db86f0,0004,_ZN2nn3nex18NATTraversalEngine18s_tiProbeKeepAliveE
0x7101db86f4,0004,_ZN2nn3nex18NATTraversalEngine22g_uiMAX_PROBES_DEFAULTE
0x7101db86f8,0001,_ZN2nn3nex18NATTraversalEngine16g_ui8LowTTLValueE
0x7101db86fa,0002,_ZN2nn3nex18NATTraversalEngine23g_ui16DUMMY_PORT_NUMBERE
0x7101db86fc,0004,_ZN2nn3nex18NATTraversalEngine27g_uiSendDummyPacketIntervalE
0x7101db8700,0004,_ZN2nn3nex18NATTraversalEngine19g_uiCleanupIntervalE
0x7101db8704,0004,_ZN2nn3nex18NATTraversalEngine23g_uiProbeRequestTimeoutE
0x7101db8708,0004,_ZN2nn3nex18NATTraversalEngine26g_uiNUMBER_OF_DUMMY_PACKETE
0x7101db8710,0080,_ZTVN2nn3nex18NATTraversalEngineE
0x7101db8760,0120,_ZTVN2nn3nex16JobCheckAndRelayE
0x7101db87d8,0072,_ZTVN2nn3nex18NATTraversalStreamE
0x7101db8820,0001,_ZN2nn3nex7Network20s_bEncryptionEnabledE
0x7101db8821,0001,_ZN2nn3nex7Network35s_EnableRendezVousChecksumAlgorithmE
0x7101db8822,0001,_ZN2nn3nex7Network28s_EnableP2PChecksumAlgorithmE
0x7101db8823,0016,_ZN2nn3nex7Network22s_byDefaultChecksumKeyE
0x7101db8838,0032,_ZTVN2nn3nex7NetworkE
0x7101db8858,0096,_ZTVN2nn3nex15RC4PacketEncDecE
0x7101db88b8,0004,_ZN2nn3nex13RootTransport23s_uiNATTraversalTimeoutE
0x7101db88bc,0004,_ZN2nn3nex13RootTransport26s_uiConnectEndPointTimeoutE
0x7101db88c0,0004,_ZN2nn3nex13RootTransport29s_uiDisconnectEndPointTimeoutE
0x7101db88c4,0004,_ZN2nn3nex13RootTransport26s_uiTerminateDOCoreTimeoutE
0x7101db88c8,0004,_ZN2nn3nex13RootTransport31s_uiTerminateImmediatelyTimeoutE
0x7101db88cc,0004,_ZN2nn3nex13RootTransport14s_uiIOWaitTimeE
0x7101db88d0,0004,_ZN2nn3nex13RootTransport18s_uiRecvBufferSizeE
0x7101db88d4,0004,_ZN2nn3nex13RootTransport18s_uiSendBufferSizeE
0x7101db88d8,0001,_ZN2nn3nex13RootTransport23s_bActiveFaultDetectionE
0x7101db88d9,0001,_ZN2nn3nex13RootTransport40s_bEnableTransportBufferThreadBufferPoolE
0x7101db88e0,0008,_ZN2nn3nex13RootTransport24s_TransportBufferPoolNumE
0x7101db88e8,0004,_ZN2nn3nex13RootTransport31s_TransportBufferThreadPriorityE
0x7101db88ec,0004,_ZN2nn3nex13RootTransport35s_TransportBufferThreadSendPriorityE
0x7101db88f0,0004,_ZN2nn3nex13RootTransport29s_TransportBufferThreadCoreNoE
0x7101db88f4,0001,_ZN2nn3nex13RootTransport38s_bEnableReliablePacketHistoryBundlingE
0x7101db88f5,0001,_ZN2nn3nex13RootTransport40s_bEnableUnreliablePacketHistoryBundlingE
0x7101db88f6,0001,_ZN2nn3nex13RootTransport32s_bEnableDOPacketHistoryBundlingE
0x7101db88f8,0004,_ZN2nn3nex13RootTransport34s_packetHistoryBundlingHoldingTimeE
0x7101db8900,0008,_ZN2nn3nex13RootTransport40s_packetHistoryBundlingMaxHoldingPacketsE
0x7101db8908,0008,_ZN2nn3nex13RootTransport43s_packetHistoryBundlingMaxRetransmitPacketsE
0x7101db8910,0008,_ZN2nn3nex13RootTransport42s_packetHistoryBundlingMaxRetransmitCountsE
0x7101db8918,0004,_ZN2nn3nex13RootTransport46s_packetHistoryBundlingForcedRetransmitTimeoutE
0x7101db8920,0008,_ZN2nn3nex13RootTransport41s_packetHistoryBundlingMaximumPacketBytesE
0x7101db8928,0004,_ZN2nn3nex13RootTransport21s_uiRoutingHistoryTTLE
0x7101db892c,0004,_ZN2nn3nex13RootTransport27s_NameResolveThreadPriorityE
0x7101db8930,0004,_ZN2nn3nex13RootTransport25s_NameResolveThreadCoreNoE
0x7101db8938,0192,_ZTVN2nn3nex13RootTransportE
0x7101db89f8,0032,_ZTVN2nn3nex18StationContactInfoE
0x7101db8a18,0032,_ZTVN2nn3nex12StationProbeE
0x7101db8a38,0032,_ZTVN2nn3nex16StationProbeListE
0x7101db8a58,0032,_ZTVN2nn3nex10StationURLE
0x7101db8a78,0004,_ZN2nn3nex6Stream24s_rvTranportProtocolTypeE
0x7101db8a80,0056,_ZTVN2nn3nex6StreamE
0x7101db8ab8,0032,_ZTVN2nn3nex14StreamBundlingE
0x7101db8ad8,0032,_ZTVN2nn3nex14StreamSettingsE
0x7101db8af8,0032,_ZTVN2nn3nex11StreamTableE
0x7101db8b18,0120,_ZTVN2nn3nex16TransportAdapterE
0x7101db8b90,0072,_ZTVN2nn3nex21TransportEventHandlerE
0x7101db8bd8,0032,_ZTVN2nn3nex22TransportStreamManagerE
0x7101db8bf8,0032,_ZTVN2nn3nex14UPnPPropertiesE
0x7101db8c18,0032,_ZTVN2nn3nex8URLProbeE
0x7101db8c38,0032,_ZTVN2nn3nex12URLProbeListE
0x7101db8c58,0064,_ZTVN2nn3nex26TransportBufferMultiThreadE
0x7101db8c98,0032,_ZTVN2nn3nex5RelayE
0x7101db8cb8,0088,_ZTVN2nn3nex12RelayMessageE
0x7101db8d10,0056,_ZTVN2nn3nex11RelayStreamE
0x7101db8d48,0192,_ZTVN2nn3nex15SocketTransportE
0x7101db8e08,0312,_ZTVN2nn3nex13PRUDPEndPointE
0x7101db8f40,0288,_ZTVN2nn3nex11PRUDPStreamE
0x7101db9060,0064,_ZTVN2nn3nex17PRUDPUserProtocolE
0x7101db90a0,0088,_ZTVN2nn3nex20PRUDPMessageSelectorE
0x7101db90f8,0088,_ZTVN2nn3nex14PRUDPMessageV0E
0x7101db9150,0088,_ZTVN2nn3nex14PRUDPMessageV1E
0x7101db91a8,0088,_ZTVN2nn3nex18PRUDPLiteMessageV1E
0x7101db9200,0088,_ZTVN2nn3nex23PRUDPStreamTemplateBaseE
0x7101db9258,0004,_ZN2nn3nex22PRUDPStreamTemplateImp39s_uiInitialSupportedFunctionsOptionMaskE
0x7101db925c,0001,_ZN2nn3nex22PRUDPStreamTemplateImp17s_bInitialVersionE
0x7101db9260,0088,_ZTVN2nn3nex22PRUDPStreamTemplateImpE
0x7101db92b8,0056,_ZTVN2nn3nex24PRUDPEndPointTemplateImpE
0x7101db92f0,0001,_ZN2nn3nex31PRUDPStreamTemplatePRUDPLiteImp17s_bInitialVersionE
0x7101db92f8,0088,_ZTVN2nn3nex31PRUDPStreamTemplatePRUDPLiteImpE
0x7101db9350,0056,_ZTVN2nn3nex33PRUDPEndPointTemplatePRUDPLiteImpE
0x7101db9388,0032,_ZTVN2nn3nex21ProtocolMessageHolderE
0x7101db93a8,0032,_ZTVN2nn3nex3RTTE
0x7101db93c8,0032,_ZTVN2nn3nex6RouterE
0x7101db93e8,0056,_ZTVN2nn3nex13RoutingStreamE
0x7101db9420,0032,_ZTVN2nn3nex6PacketE
0x7101db9440,0032,_ZTVN2nn3nex8PacketInE
0x7101db9460,0032,_ZTVN2nn3nex20PacketBufferPacketInE
0x7101db9480,0032,_ZTVN2nn3nex9PacketOutE
0x7101db94a0,0072,_ZTVN2nn3nex11PacketQueueE
0x7101db94e8,0088,_ZTVN2nn3nex13QueuingSocketE
0x7101db9540,0088,_ZTVN2nn3nex28QueuingSocketTransportBufferE
0x7101db9598,0032,_ZTVN2nn3nex7TimeoutE
0x7101db95b8,0192,_ZTVN2nn3nex12UDPTransportE
0x7101dba1d8,0144,_ZTVN2nn3nex14ComponentStateE
0x7101dba288,0160,_ZTVN2nn3nex19JobResolveRelayInfoE
0x7101dba348,0032,_ZTVN2nn3nex10LiteBufferILm32EEE
0x7101dba388,0032,_ZTVN2nn3nex21PacketBufferPacketOutE
0x7101dba3c8,0032,_ZTVN2nn3nex12PacketBufferE
0x7101dba408,0040,_ZTVN2nn3nex21OutputEmulationDeviceE
0x7101dba448,0040,_ZTVN2nn3nex20InputEmulationDeviceE
0x7101dba488,0072,_ZTVN2nn3nex20ProtectedPacketQueueE
0x7101dba4e8,0112,_ZTVN2nn3nex15SocketTransport12TransportJobE
0x7101dba578,0032,_ZTVN2nn3nex16IORequestContextE
0x7101dba5b8,0096,_ZTVN2nn3nex17DummyPacketEncDecE
0x7101dba638,0064,_ZTVN2nn3nex10TimedQueueINS0_15NetworkEmulator13NetworkPacketEEE
0x7101dba698,0040,_ZTVN2nn3nex22ResolveMethodContainerINS0_18BoundUnaryFunctionINSt3__19mem_fun_tIbNS0_13RootTransportEEEEEEE
0x7101dba708,0040,_ZTVN2nn3nex22ResolveMethodContainerINS0_18BoundUnaryFunctionINSt3__19mem_fun_tIbNS0_9DnsClientEEEEEEE
0x7101dba768,0032,_ZTVN2nn3nex16LogicalClockTmplItsEE
0x7101dba7a8,0080,_ZTVN2nn3nex20PseudoGlobalVariableIbEE
0x7101dba818,0040,_ZTVN2nn3nex12ObjectThreadINS0_14JobNameResolveEiEE
0x7101dba858,0032,_ZTVN2nn3nex14qProtectedListINS0_10StationURLEEE
0x7101dba898,0080,_ZTVN2nn3nex20PseudoGlobalVariableIPKcEE
0x7101dba908,0080,_ZTVN2nn3nex20PseudoGlobalVariableItEE
0x7101dba978,0080,_ZTVN2nn3nex20PseudoGlobalVariableINS0_14StreamSettingsEEE
0x7101dba9e8,0040,_ZTVN2nn3nex12ObjectThreadINS0_26TransportBufferMultiThreadEiEE
0x7101dbaa28,0040,_ZTVN2nn3nex12ObjectThreadINS0_26TransportBufferMultiThread24TransportProtocolContextEiEE
0x7101dbaa68,0032,_ZTVN2nn3nex10LiteBufferILm16EEE
0x7101dbaaa8,0032,_ZTVN2nn3nex6qChainIPNS0_6PacketENS0_24ChainPolicyHistoryPacketIS3_EEEE
0x7101dbaae8,0080,_ZTVN2nn3nex20PseudoGlobalVariableIhEE
0x7101dbab58,0032,_ZTVN2nn3nex10LiteBufferILm10EEE
0x7101dbab98,0032,_ZTVN2nn3nex14LiteByteStreamILi20EEE
0x7101dbabd8,0032,_ZTVN2nn3nex10LiteBufferILm20EEE
0x7101dbac18,0032,_ZTVN2nn3nex14LiteByteStreamILi6EEE
0x7101dbac58,0032,_ZTVN2nn3nex10LiteBufferILm6EEE
0x7101dbac98,0080,_ZTVN2nn3nex20PseudoGlobalVariableIjEE
0x7101dbad08,0080,_ZTVN2nn3nex20PseudoGlobalVariableINS0_4qMapIjPNS0_13SlidingWindowEEEEE
0x7101dbad78,0064,_ZTVN2nn3nex12VirtualModemINS0_15NetworkEmulator13NetworkPacketEEE
0x7101dbadd8,0064,_ZTVN2nn3nex15VirtualInternetINS0_15NetworkEmulator13NetworkPacketEEE
0x7101dbae38,0032,_ZTVN2nn3nex14LiteByteStreamILi52EEE
0x7101dbae78,0032,_ZTVN2nn3nex10LiteBufferILm52EEE
0x7101dbaeb8,0032,_ZTVN2nn3nex6qChainIPNS0_6PacketENS0_18DefaultChainPolicyIS3_EEEE
0x7101dbaff8,0200,_ZTVN2nn3nex18CurlHttpConnectionE
0x7101dbb0c0,0032,_ZTVN2nn3nex10HttpClientE
0x7101dbb0e0,0128,_ZTVN2nn3nex7JobHttpE
0x7101dbb160,0224,_ZTVN2nn3nex15JobHttpBufferedE
0x7101dbb280,0200,_ZTVN2nn3nex14HttpConnectionE
0x7101dbb468,0032,_ZTVN2nn3nex18CurlHttpConnection15FixedBufferPoolE
0x7101dbb4a8,0040,_ZTVN2nn3nex12ObjectThreadINS0_18CurlHttpConnectionEPvEE
0x7101dbb4e8,0040,_ZTVN2nn3nex12ObjectThreadINS0_15WebSocketClientEPvEE
0x7101dbb528,0040,_ZTVN2nn3nex15DDLDeclarationsE
0x7101dbb550,0072,_ZTVN2nn3nex23DynamicRunTimeInterfaceE
0x7101dbb598,0040,_ZTVN2nn3nex25OnlineCoreDDLDeclarationsE
0x7101dbb5f8,0040,_ZTVN2nn3nex21STLExtDDLDeclarationsE
0x7101dbb658,0080,_ZTVN2nn3nex20PseudoGlobalVariableINS0_25OnlineCoreDDLDeclarationsEEE
0x7101dbb6c8,0080,_ZTVN2nn3nex20PseudoGlobalVariableINS0_21STLExtDDLDeclarationsEEE
0x7101dbb738,0080,_ZTVN2nn3nex20PseudoGlobalVariableIPNS0_15DDLDeclarationsEEE
0x7101dbb7a8,0080,_ZTVN2nn3nex20PseudoGlobalVariableIPNS0_23DynamicRunTimeInterfaceEEE
0x7101dbbf38,0200,_ZTVN2nn3nex20BerkeleySocketDriver14BerkeleySocketE
0x7101dbc000,0208,_ZTVN2nn3nex21ClientWebSocketDriver15ClientWebSocketE
0x7101dbc0d0,0001,_ZN2nn3nex11InetAddress13s_bAutoLookupE
0x7101dbc0d8,0032,_ZTVN2nn3nex11InetAddressE
0x7101dbc0f8,0008,_ZN2nn3nex6Socket25s_pDefaultUdpSocketDriverE
0x7101dbc100,0008,_ZN2nn3nex6Socket25s_pDefaultTcpSocketDriverE
0x7101dbc108,0008,_ZN2nn3nex6Socket25s_pDefaultWebSocketDriverE
0x7101dbc110,0008,_ZN2nn3nex6Socket22s_numAcceptableSocketsE
0x7101dbc118,0064,_ZTVN2nn3nex6SocketE
0x7101dbc158,0004,_ZN2nn3nex12SocketDriver23s_connectThreadPriorityE
0x7101dbc15c,0004,_ZN2nn3nex12SocketDriver21s_ConnectThreadCoreNoE
0x7101dbc160,0024,_ZN2nn3nex17TransportProtocol6s_nameE
0x7101dbc178,0072,_ZTVN2nn3nex20BerkeleySocketDriverE
0x7101dbc258,0120,_ZTVN2nn3nex21ClientWebSocketDriverE
0x7101dbc368,0200,_ZTVN2nn3nex12SocketDriver6SocketE
0x7101dbc430,0032,_ZTVN2nn3nex9SharedPtrINS0_14qReservedQueueIhEEEE
0x7101dbc468,0040,_ZTVN2nn3nex13SharedCounterINS0_14qReservedQueueIhEES3_NS0_23SharedPtrDefaultDeleterIS3_EEEE
0x7101dbc4e8,0040,_ZTVN2nn3nex17SharedCounterBaseE
0x7101dbc510,0032,_ZTVN2nn3nex9SharedPtrINS0_12SocketDriver6SocketEEE
0x7101dbc548,0080,_ZTVN2nn3nex20PseudoGlobalVariableI18SendMultiParameterEE
0x7101dbc5b8,0040,_ZTVN2nn3nex12ObjectThreadINS0_20BerkeleySocketDriver14BerkeleySocketEPS3_EE
0x7101dbc5f8,0032,_ZTVN2nn3nex9SharedPtrINS0_31ConnectionOrientedSocketManagerEEE
0x7101dbc638,0040,_ZTVN2nn3nex13SharedCounterINS0_12SocketDriver6SocketES3_NS0_19SocketDriverDeleterEEE
0x7101dbc698,0040,_ZTVN2nn3nex13SharedCounterINS0_31ConnectionOrientedSocketManagerES2_NS0_23SharedPtrDefaultDeleterIS2_EEEE
0x7101dbc6f8,0032,_ZTVN2nn3nex9SharedPtrINS0_14qReservedQueueINS1_INS0_12SocketDriver6SocketEEEEEEE
0x7101dbc738,0032,_ZTVN2nn3nex9SharedPtrINS0_7qVectorINS0_12SocketDriver8PollInfoEEEEE
0x7101dbc778,0032,_ZTVN2nn3nex9SharedPtrINS0_7qVectorINS1_INS0_12SocketDriver6SocketEEEEEEE
0x7101dbc7b8,0040,_ZTVN2nn3nex13SharedCounterINS0_14qReservedQueueINS0_9SharedPtrINS0_12SocketDriver6SocketEEEEES7_NS0_23SharedPtrDefaultDeleterIS7_EEEE
0x7101dbc818,0040,_ZTVN2nn3nex13SharedCounterINS0_7qVectorINS0_12SocketDriver8PollInfoEEES5_NS0_23SharedPtrDefaultDeleterIS5_EEEE
0x7101dbc878,0040,_ZTVN2nn3nex13SharedCounterINS0_7qVectorINS0_9SharedPtrINS0_12SocketDriver6SocketEEEEES7_NS0_23SharedPtrDefaultDeleterIS7_EEEE
0x7101dbc8d8,0048,_ZTVN2nn3nex14AnyDataAdapterE
0x7101dbd9c8,0064,_ZTVN2nn3nex27CallProtocolMethodOperationE
0x7101dbda08,0200,_ZTVN2nn3nex14ClientProtocolE
0x7101dbdad0,0008,_ZN2nn3nex14SpecialAddress17SameAsAuthAddressE
0x7101dbdad8,0080,_ZTVN2nn3nex4DataE
0x7101dbdb28,0200,_ZTVN2nn3nex20HealthProtocolClientE
0x7101dbdbf0,0120,_ZTVN2nn3nex23JobProcessProtocolEventE
0x7101dbdc68,0120,_ZTVN2nn3nex25JobProcessProtocolMessageE
0x7101dbdce0,0008,_ZN2nn3nex18KerberosEncryption16s_pKeyDerivationE
0x7101dbdce8,0064,_ZTVN2nn3nex21LogToClientController18LogDeviceInterfaceE
0x7101dbdd28,0080,_ZTVN2nn3nex16MD5KeyDerivationE
0x7101dbdd78,0200,_ZTVN2nn3nex24MonitoringProtocolClientE
0x7101dbde40,0080,_ZTVN2nn3nex7GameKeyE
0x7101dbde90,0208,_ZTVN2nn3nex32NintendoNotificationEventManagerE
0x7101dbdf60,0200,_ZTVN2nn3nex39NintendoNotificationEventProtocolClientE
0x7101dbf0d0,0216,_ZTVN2nn3nex24NotificationEventManagerE
0x7101dbf1a8,0200,_ZTVN2nn3nex26NotificationProtocolClientE
0x7101dbf270,0032,_ZTVN2nn3nex8PropertyE
0x7101dbf290,0032,_ZTVN2nn3nex15PropertyVariantE
0x7101dbf2b0,0176,_ZTVN2nn3nex8ProtocolE
0x7101dbf360,0056,_ZTVN2nn3nex19ProtocolCallContextE
0x7101dbf398,0152,_ZTVN2nn3nex21ProtocolRequestBrokerE
0x7101dbf430,0136,_ZTVN2nn3nex30ProtocolRequestBrokerInterfaceE
0x7101dbf4b8,0200,_ZTVN2nn3nex29RemoteLogDeviceProtocolClientE
0x7101dbf580,0200,_ZTVN2nn3nex30SecureConnectionProtocolClientE
0x7101dc0960,0200,_ZTVN2nn3nex14ServerProtocolE
0x7101dc0a28,0018,_ZN2nn3nex26ServicePortOffsetConverter15s_portOffsetMapE
0x7101dc0a40,0064,_ZTVN2nn3nex13StreamManagerE
0x7101dc0a80,0032,_ZTVN2nn3nex6TicketE
0x7101dc0aa0,0200,_ZTVN2nn3nex28TicketGrantingProtocolClientE
0x7101dc0b68,0080,_ZTVN2nn3nex9_DDL_DataE
0x7101dc0bd8,0080,_ZTVN2nn3nex16_DDL_DynamicDataE
0x7101dc0c98,0040,_ZTVN2nn3nex39AuthenticationFoundationDDLDeclarationsE
0x7101dc0cd8,0040,_ZTVN2nn3nex33ProtocolFoundationDDLDeclarationsE
0x7101dc0d78,0232,_ZTVN2nn3nex27_Proto_HealthProtocolServerE
0x7101dc0eb8,0040,_ZTVN2nn3nex28HealthServiceDDLDeclarationsE
0x7101dc0f38,0160,_ZTVN2nn3nex30JobProtocolCallContextCallbackE
0x7101dc1058,0216,_ZTVN2nn3nex31_Proto_MonitoringProtocolServerE
0x7101dc1168,0080,_ZTVN2nn3nex12_DDL_GameKeyE
0x7101dc11d8,0080,_ZTVN2nn3nex37_DDL_NintendoNotificationEventGeneralE
0x7101dc1248,0080,_ZTVN2nn3nex15_DDL_u8KeyValueE
0x7101dc12b8,0080,_ZTVN2nn3nex16_DDL_u32KeyValueE
0x7101dc1328,0080,_ZTVN2nn3nex16_DDL_u64KeyValueE
0x7101dc1398,0080,_ZTVN2nn3nex19_DDL_StringKeyValueE
0x7101dc1408,0080,_ZTVN2nn3nex38_DDL_NintendoNotificationEventKeyValueE
0x7101dc1478,0208,_ZTVN2nn3nex46_Proto_NintendoNotificationEventProtocolServerE
0x7101dc1588,0080,_ZTVN2nn3nex37_DDL_NintendoNotificationEventProfileE
0x7101dc1618,0080,_ZTVN2nn3nex21_DDL_NintendoPresenceE
0x7101dc1688,0040,_ZTVN2nn3nex41NintendoProtocolFoundationDDLDeclarationsE
0x7101dc16c8,0208,_ZTVN2nn3nex33_Proto_NotificationProtocolServerE
0x7101dc18d8,0208,_ZTVN2nn3nex36_Proto_RemoteLogDeviceProtocolServerE
0x7101dc19e8,0264,_ZTVN2nn3nex37_Proto_SecureConnectionProtocolServerE
0x7101dc1b28,0040,_ZTVN2nn3nex38SecureConnectionServiceDDLDeclarationsE
0x7101dc1ba8,0240,_ZTVN2nn3nex35_Proto_TicketGrantingProtocolServerE
0x7101dc1cd8,0080,_ZTVN2nn3nex16_DDL_UserMessageE
0x7101dc1d48,0088,_ZTVN2nn3nex11UserMessageE
0x7101dc1dd8,0080,_ZTVN2nn3nex11DynamicDataE
0x7101dc1e48,0080,_ZTVN2nn3nex32NintendoNotificationEventGeneralE
0x7101dc1eb8,0080,_ZTVN2nn3nex10u8KeyValueE
0x7101dc1f28,0080,_ZTVN2nn3nex11u32KeyValueE
0x7101dc1f98,0080,_ZTVN2nn3nex11u64KeyValueE
0x7101dc2008,0080,_ZTVN2nn3nex14StringKeyValueE
0x7101dc2078,0080,_ZTVN2nn3nex33NintendoNotificationEventKeyValueE
0x7101dc20e8,0080,_ZTVN2nn3nex32NintendoNotificationEventProfileE
0x7101dc2158,0032,_ZTVN2nn3nex25NintendoNotificationEventE
0x7101dc21b8,0032,_ZTVN2nn3nex30_DDL_NintendoNotificationEventE
0x7101dc21d8,0032,_ZTVN2nn3nex15AnyObjectHolderINS0_4DataENS0_6StringEEE
0x7101dc2248,0080,_ZTVN2nn3nex16NintendoPresenceE
0x7101dc22b8,0032,_ZTVN2nn3nex17NotificationEventE
0x7101dc2318,0032,_ZTVN2nn3nex22_DDL_NotificationEventE
0x7101dc2338,0032,_ZTVN2nn3nex20_DDL_PropertyVariantE
0x7101dc2358,0032,_ZTVN2nn3nex14ConnectionDataE
0x7101dc23b8,0032,_ZTVN2nn3nex19_DDL_ConnectionDataE
0x7101dc23d8,0032,_ZTVN2nn3nex16RVConnectionDataE
0x7101dc2438,0032,_ZTVN2nn3nex21_DDL_RVConnectionDataE
0x7101dc2458,0032,_ZTVN2nn3nex16MessageRecipientE
0x7101dc24b8,0080,_ZTVN2nn3nex20PseudoGlobalVariableINS0_39AuthenticationFoundationDDLDeclarationsEEE
0x7101dc2528,0080,_ZTVN2nn3nex20PseudoGlobalVariableINS0_28HealthServiceDDLDeclarationsEEE
0x7101dc2598,0080,_ZTVN2nn3nex20PseudoGlobalVariableINS0_41NintendoProtocolFoundationDDLDeclarationsEEE
0x7101dc2608,0080,_ZTVN2nn3nex20PseudoGlobalVariableINS0_33ProtocolFoundationDDLDeclarationsEEE
0x7101dc2678,0080,_ZTVN2nn3nex20PseudoGlobalVariableINS0_38SecureConnectionServiceDDLDeclarationsEEE
0x7101dc3890,0096,_ZTVN2nn3nex23AccountManagementClientE
0x7101dc38f0,0040,_ZTVN2nn3nex24AccountManagementCommandE
0x7101dc3918,0200,_ZTVN2nn3nex31AccountManagementProtocolClientE
0x7101dc7ed8,0040,_ZTVN2nn3nex25GuestCreateAccountCommandE
0x7101dc7f00,0040,_ZTVN2nn3nex31GuestCustomCreateAccountCommandE
0x7101dc7f28,0120,_ZTVN2nn3nex16JobCreateAccountE
0x7101dc7fa0,0128,_ZTVN2nn3nex23JobLoginOrCreateAccountE
0x7101dc8020,0120,_ZTVN2nn3nex16JobManageAccountE
0x7101dc8098,0040,_ZTVN2nn3nex28LookupOrCreateAccountCommandE
0x7101dc80c0,0096,_ZTVN2nn3nex20AuthenticationClientE
0x7101dc8120,0120,_ZTVN2nn3nex29JobTicketManagerAcquireTicketE
0x7101dc8198,0120,_ZTVN2nn3nex21JobTicketManagerLoginE
0x7101dc8210,0056,_ZTVN2nn3nex15BackEndServicesE
0x7101dc8248,0152,_ZTVN2nn3nex27ClientProtocolRequestBrokerE
0x7101dc82e0,0064,_ZTVN2nn3nex19ClientStreamManagerE
0x7101dc8320,0032,_ZTVN2nn3nex11CredentialsE
0x7101dc8340,0032,_ZTVN2nn3nex16FileServerClientE
0x7101dc8360,0096,_ZTVN2nn3nex12HealthClientE
0x7101dc83c0,0120,_ZTVN2nn3nex23JobBackEndServicesLoginE
0x7101dc8438,0120,_ZTVN2nn3nex24JobBackEndServicesLogoutE
0x7101dc84b0,0120,_ZTVN2nn3nex27JobBackEndServicesTerminateE
0x7101dc8528,0224,_ZTVN2nn3nex13JobFileServerE
0x7101dc8608,0128,_ZTVN2nn3nex22JobWaitForNotificationE
0x7101dc8688,0144,_ZTVN2nn3nex19JobCheckCurrentPortE
0x7101dc8718,0144,_ZTVN2nn3nex21JobCheckNATPropertiesE
0x7101dc87a8,0144,_ZTVN2nn3nex15JobNATCheckBaseE
0x7101dc8838,0120,_ZTVN2nn3nex18JobPerformNATCheckE
0x7101dc88b0,0032,_ZTVN2nn3nex16ProtocolRegistryE
0x7101dc88d0,0032,_ZTVN2nn3nex12RVClientCoreE
0x7101dc88f0,0208,_ZTVN2nn3nex21RemoteLogDeviceServerE
0x7101dc89c0,0056,_ZTVN2nn3nex10RendezVousE
0x7101dc89f8,0064,_ZTVN2nn3nex24RendezVousLoginOperationE
0x7101dc8a38,0064,_ZTVN2nn3nex25RendezVousLogoutOperationE
0x7101dc8a78,0064,_ZTVN2nn3nex19RendezVousOperationE
0x7101dc8ab8,0032,_ZTVN2nn3nex21SandboxConnectionInfoE
0x7101dc8ad8,0096,_ZTVN2nn3nex22SecureConnectionClientE
0x7101dc8b38,0112,_ZTVN2nn3nex24JobConnectSecureEndPointE
0x7101dc8ba8,0312,_ZTVN2nn3nex14SecureEndPointE
0x7101dc8ce0,0336,_ZTVN2nn3nex12SecureStreamE
0x7101dc8e30,0096,_ZTVN2nn3nex13ServiceClientE
0x7101dc8e90,0440,_ZTVN2nn3nex38_Proto_AccountManagementProtocolServerE
0x7101dc9068,0080,_ZTVN2nn3nex15_DDL_PublicDataE
0x7101dc90d8,0080,_ZTVN2nn3nex16_DDL_PrivateDataE
0x7101dc91c8,0040,_ZTVN2nn3nex39AccountManagementServiceDDLDeclarationsE
0x7101dc9408,0216,_ZTVN2nn3nex30GlobalNotificationEventManagerE
0x7101dc97e8,0032,_ZTVN2nn3nex11AccountDataE
0x7101dc9848,0032,_ZTVN2nn3nex16_DDL_AccountDataE
0x7101dc9868,0032,_ZTVN2nn3nex16BasicAccountInfoE
0x7101dc98c8,0032,_ZTVN2nn3nex21_DDL_BasicAccountInfoE
0x7101dc98e8,0080,_ZTVN2nn3nex10PublicDataE
0x7101dc9958,0080,_ZTVN2nn3nex11PrivateDataE
0x7101dc99c8,0088,_ZTVN2nn3nex26MyNotificationEventHandlerE
0x7101dc9a88,0080,_ZTVN2nn3nex20PseudoGlobalVariableINS0_39AccountManagementServiceDDLDeclarationsEEE
0x7101dc9af8,0032,_ZTVN2nn3nex9SharedPtrINS0_20AuthenticationClientEEE
0x7101dc9b38,0040,_ZTVN2nn3nex13SharedCounterINS0_20AuthenticationClientES2_NS0_23SharedPtrDefaultDeleterIS2_EEEE
0x7101dca040,0128,Curl_handler_http
0x7101dca0c0,0128,Curl_handler_https
0x7101dca190,0040,Curl_HMAC_MD5
0x7101dca1b8,0032,Curl_DIGEST_MD5
0x7101dca1d8,0056,Curl_wkday
0x7101dca210,0096,Curl_month
0x7101dca2a8,0216,mechtable
0x7101dca850,0048,_ZN2nn3g3d12ResAnimCurve4Impl16s_pFuncFindFrameE
0x7101dca880,0144,_ZN2nn3g3d12ResAnimCurve4Impl20s_pFuncEvaluateFloatE
0x7101dca910,0192,_ZN2nn3g3d12ResAnimCurve4Impl18s_pFuncEvaluateIntE
0x7101dcaa20,0056,_ZTVN4sead16NinJoyNpadDeviceE
0x7101dcaa58,0192,_ZTVN4sead16NinJoyNpadDevice15VibrationThreadE
0x7101dcab68,0312,_ZTVN4sead15GameFrameworkNxE
0x7101dcacb8,0048,_ZTVN4sead18LogicalFrameBufferE
0x7101dcacf8,0032,_ZTVN4sead9Delegate2INS_15GameFrameworkNxEPNS_6ThreadElEE
0x7101dcad58,0032,_ZTVN4sead12DelegateBaseINS_15GameFrameworkNxEMS1_FvPNS_6ThreadElENS_10IDelegate2IS3_lEEEE
0x7101dcad78,0024,_ZTVN4sead15RuntimeTypeInfo6DeriveINS_13MethodTreeMgrEEE
0x7101dcada8,0004,_ZN4sead16PerformanceMgrNx34sPerformanceConfigurationForNormalE
0x7101dcadac,0004,_ZN4sead16PerformanceMgrNx33sPerformanceConfigurationForBoostE
0x7101dcadb0,0144,_ZTVN4sead9FrameworkE
0x7101dcae58,0024,_ZTVN4sead7TaskMgrE
0x7101dcae88,0048,_ZTVN4sead14MethodTreeNodeE
0x7101dcaf48,0032,_ZTVN4sead13DelegateEventIPvEE
0x7101dcaf78,0232,_ZTVN4sead13GameFrameworkE
0x7101dcb078,0024,_ZTVN4sead15RuntimeTypeInfo6DeriveINS_13CalculateTaskEEE
0x7101dcb0a8,0200,_ZTVN4sead14InfLoopCheckerE
0x7101dcb188,0032,_ZTVN4sead13DelegateEventIRKNS_14InfLoopChecker12InfLoopParamEEE
0x7101dcb1b8,0032,_ZTVN4sead12ProcessMeter18SingletonDisposer_E
0x7101dcb1f8,0080,_ZTVN4sead25SingleScreenMethodTreeMgrE
0x7101dcb268,0032,_ZTVN4sead8DelegateINS_14MethodTreeNodeEEE
0x7101dcb2d8,0032,_ZTVN4sead12DelegateBaseINS_14MethodTreeNodeEMS1_FvvENS_9IDelegateEEE
0x7101dcb2f8,0208,_ZTVN4sead4TaskE
0x7101dcb3e8,0032,_ZTVN4sead8DelegateINS_4TaskEEE
0x7101dcb448,0032,_ZTVN4sead12DelegateBaseINS_4TaskEMS1_FvvENS_9IDelegateEEE
0x7101dcb468,0192,_ZTVN4sead8TaskBaseE
0x7101dcb598,0032,_ZTVN4sead9TaskEventE
0x7101dcb5c8,0032,_ZTVN4sead13DelegateEventIPNS_8TaskBaseEEE
0x7101dcb5f8,0032,_ZTVN4sead19DebugFontMgrJis1Nvn18SingletonDisposer_E
0x7101dcb618,0096,_ZTVN4sead19DebugFontMgrJis1NvnE
0x7101dcb6c8,0032,_ZTVN4sead15DebugFontMgrNvn18SingletonDisposer_E
0x7101dcb6e8,0096,_ZTVN4sead15DebugFontMgrNvnE
0x7101dcb788,0040,_ZTVN4sead16DisplayBufferNvnE
0x7101dcb7b0,0080,_ZTVN4sead14FrameBufferNvnE
0x7101dcb848,0024,_ZTVN4sead15RuntimeTypeInfo6DeriveINS_11FrameBufferEEE
0x7101dcb878,0024,_ZTVN4sead15RuntimeTypeInfo6DeriveINS_18LogicalFrameBufferEEE
0x7101dcb8a8,0024,_ZTVN4sead15RuntimeTypeInfo6DeriveINS_13DisplayBufferEEE
0x7101dcb8d8,0240,_ZTVN4sead11GraphicsNvnE
0x7101dcb9e8,0032,_ZTVN4sead9Delegate1INS_11GraphicsNvnERKNS1_21NvnDebugCallbackParamEEE
0x7101dcba58,0032,_ZTVN4sead12DelegateBaseINS_11GraphicsNvnEMS1_FvRKNS1_21NvnDebugCallbackParamEENS_10IDelegate1IS4_EEEE
0x7101dcba78,0032,_ZTVN4sead19PrimitiveDrawMgrNvn18SingletonDisposer_E
0x7101dcba98,0176,_ZTVN4sead19PrimitiveDrawMgrNvnE
0x7101dcbb98,0024,_ZTVN4sead15RuntimeTypeInfo6DeriveINS_7TextureEEE
0x7101dcbbc8,0048,_ZTVN4sead11DrawContextE
0x7101dcbc08,0032,_ZTVN4sead15PrimitiveDrawerE
0x7101dcbc38,0032,_ZTVN4sead9IDisposerE
0x7101dcbc68,0272,_ZTVN4sead7ExpHeapE
0x7101dcbd98,0024,_ZTVN4sead15RuntimeTypeInfo6DeriveINS_4HeapEEE
0x7101dcbde8,0256,_ZTVN4sead9FrameHeapE
0x7101dcbf08,0256,_ZTVN4sead4HeapE
0x7101dcc058,0040,_ZTVN4sead7HeapMgrE
0x7101dcc098,0040,_ZTVN4sead20BufferingPrintOutputE
0x7101dcc0c0,0040,_ZTVN4sead17StreamPrintOutputE
0x7101dcc0e8,0040,_ZTVN4sead11PrintOutputE
0x7101dcc138,0040,_ZTVN4sead17StringPrintOutputE
0x7101dcc178,0040,_ZTVN4sead23StringCutOffPrintOutputE
0x7101dcc1d8,0016,_ZN4sead14SafeStringBaseIcE12cEmptyStringE
0x7101dcc1e8,0016,_ZN4sead14SafeStringBaseIDsE12cEmptyStringE
0x7101dcc1f8,0128,_ZTVN4sead10ArchiveResE
0x7101dcc298,0048,_ZTVN4sead8ResourceE
0x7101dcc2c8,0064,_ZTVN4sead14DirectResourceE
0x7101dcc308,0056,_ZTVN4sead16IndirectResourceE
0x7101dcc340,0072,_ZTVN4sead15ResourceFactoryE
0x7101dcc3f8,0080,_ZTVN4sead25DirectResourceFactoryBaseE
0x7101dcc468,0080,_ZTVN4sead27IndirectResourceFactoryBaseE
0x7101dcc528,0032,_ZTVN4sead10FileHandleE
0x7101dcc578,0032,_ZTVN4sead26BufferFileDeviceReadStreamE
0x7101dcc5b8,0024,_ZTVN4sead15RuntimeTypeInfo6DeriveINS_15ResourceFactoryEEE
0x7101dcc5e8,0032,_ZTVN4sead11ResourceMgr18SingletonDisposer_E
0x7101dcc628,0080,_ZTVN4sead21DirectResourceFactoryINS_14DirectResourceEEE
0x7101dcc698,0024,_ZTVN4sead15RuntimeTypeInfo6DeriveINS_25DirectResourceFactoryBaseEEE
0x7101dcc6c8,0080,_ZTVN4sead20BufferWriteStreamSrcE
0x7101dcc718,0080,_ZTVN4sead33BufferMultiByteTextWriteStreamSrcE
0x7101dcc768,0080,_ZTVN4sead19BufferReadStreamSrcE
0x7101dcc7b8,0032,_ZTVN4sead17BufferWriteStreamE
0x7101dcc7d8,0032,_ZTVN4sead30BufferMultiByteTextWriteStreamE
0x7101dcc7f8,0032,_ZTVN4sead16BufferReadStreamE
0x7101dcc868,0080,_ZTVN4sead47BufferMultiByteNullTerminatedTextWriteStreamSrcE
0x7101dcc9a8,0032,_ZTVN4sead11WriteStreamE
0x7101dcc9c8,0080,_ZTVN4sead19FileDeviceStreamSrcE
0x7101dcca18,0032,_ZTVN4sead21FileDeviceWriteStreamE
0x7101dcca38,0032,_ZTVN4sead20FileDeviceReadStreamE
0x7101dcca58,0032,_ZTVN4sead27BufferFileDeviceWriteStreamE
0x7101dccaf8,0064,_ZTVN4sead14PrintStreamSrcE
0x7101dccb38,0008,_ZN4sead14PrintStreamSrc15sPrintStreamSrcE
0x7101dccb40,0032,_ZTVN4sead16PrintWriteStreamE
0x7101dccb98,0080,_ZTVN4sead12RamStreamSrcE
0x7101dccbe8,0032,_ZTVN4sead14RamWriteStreamE
0x7101dccc08,0032,_ZTVN4sead13RamReadStreamE
0x7101dccc88,0016,_ZN4sead6Stream19BASIC_STREAM_FORMATE
0x7101dccc98,0032,_ZTVN4sead6StreamE
0x7101dcccc0,0248,_ZTVN4sead16TextStreamFormatE
0x7101dccde8,0048,_ZTVN4sead15FixedSafeStringILi1024EEE
0x7101dcce58,0032,_ZTVN4sead15CriticalSectionE
0x7101dcce98,0032,_ZTVN4sead5MutexE
0x7101dcced8,0192,_ZTVN4sead6ThreadE
0x7101dccf98,0032,_ZTVN4sead9ThreadMgr18SingletonDisposer_E
0x7101dcd028,0192,_ZTVN4sead10MainThreadE
0x7101dcd108,0192,_ZTVN4sead14DelegateThreadE
0x7101dcd1e8,0040,_ZTVN4sead9ThreadMgrE
0x7101dcd228,0200,_ZTVN4sead13ControllerMgrE
0x7101dcd308,0024,_ZTVN4sead15RuntimeTypeInfo6DeriveINS_13TaskParameterEEE
0x7101dcd338,0056,_ZTVN4sead12LookAtCameraE
0x7101dcd370,0056,_ZTVN4sead11OrthoCameraE
0x7101dcd3a8,0056,_ZTVN4sead6CameraE
0x7101dcd408,0056,_ZTVN4sead12DirectCameraE
0x7101dcd478,0024,_ZTVN4sead15RuntimeTypeInfo6DeriveINS_6CameraEEE
0x7101dcd4a8,0024,_ZTVN4sead15RuntimeTypeInfo6DeriveINS_12LookAtCameraEEE
0x7101dcd4d8,0080,_ZTVN4sead20ReferenceFrameBufferE
0x7101dcd528,0080,_ZTVN4sead11FrameBufferE
0x7101dcd5b8,0004,_ZN4sead8Graphics20sDefaultDeviceZScaleE
0x7101dcd5c0,0240,_ZTVN4sead8GraphicsE
0x7101dcd6c8,0032,_ZTVN4sead15GraphicsContextE
0x7101dcd6f8,0032,_ZTVN4sead17PrimitiveRenderer18SingletonDisposer_E
0x7101dcd718,0032,_ZTVN4sead17PrimitiveRendererE
0x7101dcd768,0128,_ZTVN4sead10ProjectionE
0x7101dcd7e8,0128,_ZTVN4sead21PerspectiveProjectionE
0x7101dcd868,0128,_ZTVN4sead15OrthoProjectionE
0x7101dcd8e8,0128,_ZTVN4sead17FrustumProjectionE
0x7101dcd968,0128,_ZTVN4sead16DirectProjectionE
0x7101dcda78,0024,_ZTVN4sead15RuntimeTypeInfo6DeriveINS_10ProjectionEEE
0x7101dcdaa8,0032,_ZTVN4sead8ViewportE
0x7101dcdb08,0032,_ZTVN4sead12GlobalRandom18SingletonDisposer_E
0x7101dcdb90,0088,_ZN4sead6hostio21sCurveFunctionTbl_f32E
0x7101dcdbe8,0088,_ZN4sead6hostio21sCurveFunctionTbl_f64E
0x7101dcdc40,0088,_ZN4sead6hostio23sCurveFunctionTbl_Vec2fE
0x7101dcdc98,0088,_ZN4sead6hostio23sCurveFunctionTbl_Vec2dE
0x7101dcdd28,0048,_ZTVN4sead15FixedSafeStringILi8EEE
0x7101dcdd98,0004,_ZN4sead8CoreInfo9sNumCoresE
0x7101dcdda0,0032,_ZTVN4sead10XmlElementE
0x7101dcdde8,0048,_ZTVN4sead18HeapSafeStringBaseIcEE
0x7101dcde38,0200,_ZTVN4sead11CuckooClockE
0x7101dcdf18,0296,_ZTVN4sead17ArchiveFileDeviceE
0x7101dce058,0024,_ZTVN4sead15RuntimeTypeInfo6DeriveINS_10FileDeviceEEE
0x7101dce088,0264,_ZTVN4sead10FileDeviceE
0x7101dce1e8,0048,_ZTVN4sead15FixedSafeStringILi512EEE
0x7101dce218,0032,_ZTVN4sead13FileDeviceMgr18SingletonDisposer_E
0x7101dce258,0264,_ZTVN4sead14MainFileDeviceE
0x7101dce378,0200,_ZTVN4sead13CalculateTaskE
0x7101dce458,0032,_ZTVN4sead8DelegateINS_13CalculateTaskEEE
0x7101dce4b8,0032,_ZTVN4sead12DelegateBaseINS_13CalculateTaskEMS1_FvvENS_9IDelegateEEE
0x7101dce4d8,0224,_ZTVN4sead13NullFaderTaskE
0x7101dce5b8,0216,_ZTVN4sead13FaderTaskBaseE
0x7101dce690,0224,_ZTVN4sead9FaderTaskE
0x7101dce7c8,0032,_ZTVN4sead13DelegateEventIPNS_8TaskBaseEE4SlotE
0x7101dce808,0032,_ZTVN4sead9Delegate1INS_13FaderTaskBaseEPNS_8TaskBaseEEE
0x7101dce878,0032,_ZTVN4sead12DelegateBaseINS_13FaderTaskBaseEMS1_FvPNS_8TaskBaseEENS_10IDelegate1IS3_EEEE
0x7101dce898,0032,_ZTVN4sead8DelegateINS_13FaderTaskBaseEEE
0x7101dce8f8,0032,_ZTVN4sead12DelegateBaseINS_13FaderTaskBaseEMS1_FvvENS_9IDelegateEEE
0x7101dce918,0032,_ZTVN4sead8DelegateINS_9FaderTaskEEE
0x7101dce978,0032,_ZTVN4sead12DelegateBaseINS_9FaderTaskEMS1_FvvENS_9IDelegateEEE
0x7101dce998,0080,_ZTVN4sead13MethodTreeMgrE
0x7101dce9f8,0024,_ZTVN4sead15DrawLockContextE
0x7101dcea28,0064,_ZN4sead6Endian14cConvFuncTableE
0x7101dcea68,0248,_ZTVN4sead18BinaryStreamFormatE
0x7101dceb78,0088,_ZTVN4sead10ControllerE
0x7101dcebf8,0024,_ZTVN4sead15RuntimeTypeInfo6DeriveINS_14ControllerBaseEEE
0x7101dcec28,0032,_ZTVN4sead14ControllerBaseE
0x7101dcec48,0272,_ZTVN4sead20NinContentFileDeviceE
0x7101dced78,0024,_ZTVN4sead15RuntimeTypeInfo6DeriveINS_17NinFileDeviceBaseEEE
0x7101dceda8,0272,_ZTVN4sead17NinFileDeviceBaseE
0x7101dceed8,0032,_ZTVN3agl15GPUMemBlockBaseE
0x7101dcef08,0072,_ZTVN3agl6detail20GPUMemBlockMgrHeapExE
0x7101dcef50,0032,_ZTVN3agl6detail14GPUMemBlockMgr18SingletonDisposer_E
0x7101dcef70,0040,_ZTVN3agl6detail14GPUMemBlockMgrE
0x7101dcf018,0048,_ZTVN4sead21FormatFixedSafeStringILi1024EEE
0x7101dcf068,0032,_ZTVN3agl6driver17GraphicsDriverMgr18SingletonDisposer_E
0x7101dcf088,0056,_ZTVN3agl6driver17GraphicsDriverMgrE
0x7101dcf0f8,0056,_ZTVN3agl6driver6NVNMgrE
0x7101dcf3f8,0032,_ZTVN4sead9Delegate1IN3agl6driver6NVNMgrERKNS_11GraphicsNvn21NvnDebugCallbackParamEEE
0x7101dcf458,0032,_ZTVN4sead12DelegateBaseIN3agl6driver6NVNMgrEMS3_FvRKNS_11GraphicsNvn21NvnDebugCallbackParamEENS_10IDelegate1IS7_EEEE
0x7101dcf480,0032,_ZTVN3agl11DisplayListE
0x7101dcf4b0,0080,_ZTVN3agl12RenderBufferE
0x7101dcf518,0024,_ZTVN4sead15RuntimeTypeInfo6DeriveINS_11DrawContextEEE
0x7101dcf548,0032,_ZTVN3agl13ShaderProgramE
0x7101dcf568,0032,_ZTVN3agl13ShaderProgram15VariationBufferE
0x7101dcf5a8,0056,_ZTVN3agl12VertexShaderE
0x7101dcf608,0056,_ZTVN3agl14FragmentShaderE
0x7101dcf658,0056,_ZTVN3agl14GeometryShaderE
0x7101dcf6a8,0056,_ZTVN3agl13ComputeShaderE
0x7101dcf8f0,0080,_ZTVN3agl12UniformBlockE
0x7101dcf950,0032,_ZTVN3agl15VertexAttributeE
0x7101dcf980,0032,_ZTVN3agl3utl18DebugTextureDrawer18SingletonDisposer_E
0x7101dcf9a0,0040,_ZTVN3agl3utl18DebugTextureDrawerE
0x7101dcfa08,0056,_ZTVN3agl3utl16DebugTexturePageE
0x7101dcfa40,0032,_ZTVN3agl3utl12DebugTextureE
0x7101dcfb18,0048,_ZTVN4sead21FormatFixedSafeStringILi64EEE
0x7101dcfb68,0048,_ZTVN4sead21FormatFixedSafeStringILi160EEE
0x7101dcfbf8,0048,_ZTVN4sead21FormatFixedSafeStringILi32EEE
0x7101dcfc48,0048,_ZTVN4sead21FormatFixedSafeStringILi256EEE
0x7101dcfca8,0032,_ZTVN3agl3utl23DynamicTextureAllocator18SingletonDisposer_E
0x7101dcfcc8,0040,_ZTVN3agl3utl23DynamicTextureAllocatorE
0x7101dcfd58,0160,_ZTVN3agl3utl13ParameterBaseE
0x7101dcfeb0,0160,_ZTVN3agl3utl9ParameterIbEE
0x7101dcff68,0160,_ZTVN3agl3utl9ParameterIfEE
0x7101dd0028,0160,_ZTVN3agl3utl9ParameterIiEE
0x7101dd00e8,0160,_ZTVN3agl3utl9ParameterIjEE
0x7101dd01a8,0160,_ZTVN3agl3utl9ParameterIN4sead7Vector2IfEEEE
0x7101dd0268,0160,_ZTVN3agl3utl9ParameterIN4sead7Vector3IfEEEE
0x7101dd0328,0160,_ZTVN3agl3utl9ParameterIN4sead7Vector4IfEEEE
0x7101dd03e8,0160,_ZTVN3agl3utl9ParameterIN4sead7Color4fEEE
0x7101dd04a8,0160,_ZTVN3agl3utl9ParameterIN4sead4QuatIfEEEE
0x7101dd0568,0160,_ZTVN3agl3utl9ParameterIN4sead15FixedSafeStringILi32EEEEE
0x7101dd0628,0160,_ZTVN3agl3utl9ParameterIN4sead15FixedSafeStringILi64EEEEE
0x7101dd06e8,0160,_ZTVN3agl3utl9ParameterIN4sead15FixedSafeStringILi256EEEEE
0x7101dd07a8,0160,_ZTVN3agl3utl9ParameterIN4sead14SafeStringBaseIcEEEE
0x7101dd0868,0160,_ZTVN3agl3utl14ParameterCurveILj2EEE
0x7101dd0928,0032,_ZZNK3agl3utl14ParameterCurveILj2EE10writeToXMLEPN4sead10XmlElementEPNS3_4HeapEE9cTypeName
0x7101dd0948,0032,_ZZN3agl3utl14ParameterCurveILj2EE11readFromXMLERKN4sead10XmlElementEbE9cTypeName
0x7101dd0968,0160,_ZTVN3agl3utl14ParameterCurveILj3EEE
0x7101dd0a28,0032,_ZZNK3agl3utl14ParameterCurveILj3EE10writeToXMLEPN4sead10XmlElementEPNS3_4HeapEE9cTypeName
0x7101dd0a48,0032,_ZZN3agl3utl14ParameterCurveILj3EE11readFromXMLERKN4sead10XmlElementEbE9cTypeName
0x7101dd0a68,0160,_ZTVN3agl3utl14ParameterCurveILj4EEE
0x7101dd0b28,0032,_ZZNK3agl3utl14ParameterCurveILj4EE10writeToXMLEPN4sead10XmlElementEPNS3_4HeapEE9cTypeName
0x7101dd0b48,0032,_ZZN3agl3utl14ParameterCurveILj4EE11readFromXMLERKN4sead10XmlElementEbE9cTypeName
0x7101dd0b68,0160,_ZTVN3agl3utl15ParameterBufferIiEE
0x7101dd0c48,0160,_ZTVN3agl3utl9ParameterIPiEE
0x7101dd0ce8,0160,_ZTVN3agl3utl15ParameterBufferIfEE
0x7101dd0dc8,0160,_ZTVN3agl3utl9ParameterIPfEE
0x7101dd0e68,0160,_ZTVN3agl3utl15ParameterBufferIjEE
0x7101dd0f48,0160,_ZTVN3agl3utl9ParameterIPjEE
0x7101dd0fe8,0160,_ZTVN3agl3utl15ParameterBufferIhEE
0x7101dd10c8,0160,_ZTVN3agl3utl9ParameterIPhEE
0x7101dd1168,0088,_ZTVN3agl3utl13IParameterObjE
0x7101dd11d0,0032,_ZTVN3agl3utl14PrimitiveShape18SingletonDisposer_E
0x7101dd11f0,0040,_ZTVN3agl3utl14PrimitiveShapeE
0x7101dd1258,0032,_ZTVN3agl11GPUMemBlockINS_3utl14PrimitiveShape6VertexEEE
0x7101dd12b8,0032,_ZTVN3agl12GPUMemBlockTINS_3utl14PrimitiveShape6VertexEEE
0x7101dd12d8,0032,_ZTVN3agl11GPUMemBlockItEE
0x7101dd1338,0032,_ZTVN3agl12GPUMemBlockTItEE
0x7101dd1358,0032,_ZTVN3agl3utl16PrimitiveTexture18SingletonDisposer_E
0x7101dd1378,0040,_ZTVN3agl3utl16PrimitiveTextureE
0x7101dd14a8,0032,_ZTVN3agl3utl15PrimitiveVertex18SingletonDisposer_E
0x7101dd14c8,0032,_ZTVN3agl3utl15PrimitiveVertexE
0x7101dd1518,0032,_ZTVN3agl11GPUMemBlockIN4sead7Vector4IfEEEE
0x7101dd1578,0032,_ZTVN3agl12GPUMemBlockTIN4sead7Vector4IfEEEE
0x7101dd1598,0032,_ZTVN3agl3utl22TextureMemoryAllocatorE
0x7101dd15c8,0032,_ZTVN3agl3utl21VertexAttributeHolder18SingletonDisposer_E
0x7101dd15e8,0032,_ZTVN3agl3utl21VertexAttributeHolderE
0x7101dd1638,0032,_ZTVN3agl3g3d16ResTextureDataExE
0x7101dd1668,0032,_ZTVN3agl6detail9FileIOMgr18SingletonDisposer_E
0x7101dd1688,0040,_ZTVN3agl6detail9FileIOMgrE
0x7101dd16e8,0032,_ZTVN3agl6detail15PrivateResource18SingletonDisposer_E
0x7101dd1708,0040,_ZTVN3agl6detail15PrivateResourceE
0x7101dd1768,0032,_ZTVN3agl6detail8RootNode18SingletonDisposer_E
0x7101dd1788,0040,_ZTVN3agl6detail8RootNodeE
0x7101dd17e8,0032,_ZTVN3agl6detail12ShaderHolder18SingletonDisposer_E
0x7101dd1808,0040,_ZTVN3agl6detail12ShaderHolderE
0x7101dd2578,0048,_ZTVN3agl11DrawContextE
0x7101dd25c8,0032,_ZTVN3agl6detail19DynamicUniformBlock18SingletonDisposer_E
0x7101dd25e8,0040,_ZTVN3agl6detail19DynamicUniformBlockE
0x7101dd2648,0024,_ZTVN3agl3eft4StarE
0x7101dd2698,0144,_ZTVN3agl3pfx3SkyE
0x7101dd2818,0088,_ZTVN3agl3utl12ParameterObjE
0x7101dd2888,0088,_ZTVN3agl3utl14IParameterListE
0x7101dd28f0,0032,_ZTVN3agl3utl18ParameterStringMgr18SingletonDisposer_E
0x7101dd2910,0040,_ZTVN3agl3utl18ParameterStringMgrE
0x7101dd2978,0032,_ZTVN3agl11IndexStreamE
0x7101dd29a8,0056,_ZTVN3agl6ShaderE
0x7101dd29f0,0032,_ZTVN3agl17ShaderCompileInfoE
0x7101dd2b10,0056,_ZTVN3agl20ShaderProgramArchiveE
0x7101dd2b48,0040,_ZTVN3agl17ShaderProgramEditE
0x7101dd2bb8,0056,_ZTVN3agl12ShaderSourceE
0x7101dd2c88,0032,_ZTVN3agl12VertexBufferE
0x7101dd2cb8,0120,_ZTVN3agl3utl12IParameterIOE
0x7101dd2d98,0032,_ZTVN4sead9Delegate1IKN3agl5shtxt12PreprocessorEPNS2_6ClauseEEE
0x7101dd2df8,0032,_ZTVN4sead12DelegateBaseIKN3agl5shtxt12PreprocessorEMS3_KFvPNS2_6ClauseEENS_10IDelegate1IS6_EEEE
0x7101dd2e18,0048,_ZTVN4sead15FixedSafeStringILi4096EEE
0x7101dd2e88,0032,_ZTVN3eui15ScalableFontMgr18SingletonDisposer_E
0x7101dd2ea8,0032,_ZTVN3eui15ScalableFontMgrE
0x7101dd2ee8,0192,_ZTVN3eui15ScalableFontMgr24UpdateTextureCacheThreadE
0x7101dd2fd8,0232,_ZTVN3eui9AlignPaneE
0x7101dd30d8,0232,_ZTVN3eui10BoundingExE
0x7101dd31d8,0232,_ZTVN3eui11CapturePaneE
0x7101dd32d8,0088,_ZTVN2nn4ui2d20PlacementTextureInfoE
0x7101dd3358,0232,_ZTVN3eui18DynamicCapturePaneE
0x7101dd3458,0240,_ZTVN3eui26DynamicCaptureUsePictureExE
0x7101dd3588,0232,_ZTVN3eui25DynamicCaptureUseWindowExE
0x7101dd36a8,0216,_ZTVN3eui8LayoutExE
0x7101dd3798,0240,_ZTVN3eui12MassDrawPaneE
0x7101dd38a8,0152,_ZTVN3eui24MultiArcResourceAccessorE
0x7101dd3958,0088,_ZTVN2nn4ui2d19ResourceTextureInfoE
0x7101dd39c8,0240,_ZTVN3eui20MultiFilterPictureExE
0x7101dd3ad8,0232,_ZTVN3eui19MultiFilterWindowExE
0x7101dd3bd8,0232,_ZTVN3eui7PartsExE
0x7101dd3cd8,0240,_ZTVN3eui9PictureExE
0x7101dd3dc8,0232,_ZTVN3eui8RootPaneE
0x7101dd3ec8,0400,_ZTVN3eui21ScalableFontTextBoxExE
0x7101dd4078,0232,_ZTVN3eui11ScissorPaneE
0x7101dd4178,0400,_ZTVN3eui9TextBoxExE
0x7101dd4308,0024,_ZTVN3eui9TextBoxEx16WordWrapCallbackE
0x7101dd4368,0048,_ZTVN4sead16WFixedSafeStringILi2048EEE
0x7101dd4398,0232,_ZTVN3eui8WindowExE
0x7101dd4480,0032,_ZTVN3eui7FontMgr18SingletonDisposer_E
0x7101dd44a0,0032,_ZTVN3eui7FontMgrE
0x7101dd44e8,0032,_ZTVN4sead15DirectoryHandleE
0x7101dd4528,0240,_ZTVN3eui8AnimatorE
0x7101dd4638,0048,_ZTVN3eui11AnimatorSetE
0x7101dd4678,0576,_ZTVN3eui6ScreenE
0x7101dd48f8,0040,_ZTVN3eui10DrawInfoExE
0x7101dd4938,0048,_ZTVN4sead15FixedSafeStringILi72EEE
0x7101dd49a8,0032,_ZTVN3eui9ScreenMgr18SingletonDisposer_E
0x7101dd49c8,0040,_ZTVN3eui9ScreenMgrE
0x7101dd4a28,0080,_ZTVN4sead21DirectResourceFactoryINS_15SharcArchiveResEEE
0x7101dd4a98,0024,_ZTVN4sead15RuntimeTypeInfo6DeriveINS_10ArchiveResEEE
0x7101dd4ac8,0104,_ZTVN3eui12UIControllerE
0x7101dd4b48,0024,_ZTVN4sead15RuntimeTypeInfo6DeriveINS_21MaskControllerWrapperEEE
0x7101dd4b78,0024,_ZTVN4sead15RuntimeTypeInfo6DeriveINS_21ControllerWrapperBaseEEE
0x7101dd4ba8,0344,_ZTVN3eui10AnimButtonE
0x7101dd4d18,0264,_ZTVN3eui10ButtonBaseE
0x7101dd4e38,0040,_ZTVN3eui11ButtonGroupE
0x7101dd4e70,0056,_ZTVN3eui11ControlBaseE
0x7101dd4eb8,0056,_ZTVN3eui14ControlCreatorE
0x7101dd4f18,0344,_ZTVN3eui14DecisionButtonE
0x7101dd5088,0344,_ZTVN3eui10DragButtonE
0x7101dd51f8,0344,_ZTVN3eui11HoverButtonE
0x7101dd5368,0056,_ZTVN3eui17LetterAnimControlE
0x7101dd53b8,0344,_ZTVN3eui12NormalButtonE
0x7101dd5528,0344,_ZTVN3eui12SelectButtonE
0x7101dd5698,0344,_ZTVN3eui9TapButtonE
0x7101dd5808,0056,_ZTVN3eui17TraceGaugeControlE
0x7101dd5858,0352,_ZTVN3eui23TwoTouchCheckKeepButtonE
0x7101dd59d8,0352,_ZTVN3eui11UniteButtonE
0x7101dd5b58,0048,_ZTVN4sead15FixedSafeStringILi85EEE
0x7101dd5bc8,0048,_ZTVN4sead19FixedSafeStringBaseIcLi85EEE
0x7101dd5bf8,0056,_ZTVN3eui16BoxCursorControlE
0x7101dd5c48,0080,_ZTVN3eui12BoxCursorMgrE
0x7101dd5ca8,0072,_ZTVN3eui13BoxCursorNodeE
0x7101dd5d00,0032,_ZTVN3eui22FrameBufferMultiFilterE
0x7101dd5d30,0032,_ZTVN3eui10MessageMgr18SingletonDisposer_E
0x7101dd5d50,0004,_ZN3eui10MessageMgr26sTextBoxWidthSizeOverColorE
0x7101dd5d58,0064,_ZTVN3eui10MessageMgrE
0x7101dd5d98,0064,_ZTVN3eui10MessageMgr7ArchiveE
0x7101dd5e28,0032,_ZTVN3eui10MessageSetE
0x7101dd5e88,0296,_ZTVN3eui12TagProcessorE
0x7101dd5fd8,0048,_ZTVN3eui12TextSearcherE
0x7101dd6038,0344,_ZTVN3eui11CheckButtonE
0x7101dd61a8,0352,_ZTVN3eui15CheckKeepButtonE
0x7101dd6328,0048,_ZTVN4sead15FixedSafeStringILi24EEE
0x7101dd6398,0056,_ZTVN2al11RootSercherE
0x7101dd63e8,0032,_ZTVN2al13AnimPlayerSklE
0x7101dd6448,0040,_ZTVN4sead10StrTreeMapILi64EiE4NodeE
0x7101dd6488,0112,_ZTVN2al7AreaObjE
0x7101dd6520,0056,_ZTCN2al7AreaObjE0_NS_15IUseStageSwitchE
0x7101dd65a8,0024,_ZTVN2al18IUseSceneObjHolderE
0x7101dd65c0,0048,_ZTVN2al10FunctorV0MIPNS_7AreaObjEMS1_FvvEEE
0x7101dd6608,0024,_ZTVN2al14AreaObjFactoryE
0x7101dd6620,0056,_ZTVN2al9AreaShapeE
0x7101dd6678,0024,_ZTVN2al16AreaShapeFactoryE
0x7101dd6738,0056,_ZTVN2al17AreaShapeCubeBaseE
0x7101dd6788,0056,_ZTVN2al19AreaShapeCubeCenterE
0x7101dd67d8,0056,_ZTVN2al16AreaShapeCubeTopE
0x7101dd6828,0056,_ZTVN2al21AreaShapeCylinderBaseE
0x7101dd6878,0056,_ZTVN2al23AreaShapeCylinderCenterE
0x7101dd68c8,0056,_ZTVN2al20AreaShapeCylinderTopE
0x7101dd6918,0056,_ZTVN2al13AreaShapeCubeE
0x7101dd6950,0056,_ZTVN2al15AreaShapeSphereE
0x7101dd6988,0056,_ZTVN2al13AreaShapeOvalE
0x7101dd69c0,0056,_ZTVN2al17AreaShapeCylinderE
0x7101dd69f8,0056,_ZTVN2al17AreaShapeInfiniteE
0x7101dd6ac8,0024,_ZTVN2al18SwitchAreaDirectorE
0x7101dd6af8,0032,_ZTVN2al21SwitchKeepOnAreaGroupE
0x7101dd6b28,0024,_ZTVN2al17SwitchOnAreaGroupE
0x7101dd6b40,0112,_ZTVN2al11TrafficAreaE
0x7101dd6be0,0088,_ZTCN2al11TrafficAreaE0_NS_7AreaObjE
0x7101dd6c40,0056,_ZTCN2al11TrafficAreaE0_NS_15IUseStageSwitchE
0x7101dd6c98,0112,_ZTVN2al19TrafficAreaDirectorE
0x7101dd6d58,0032,_ZTVN2al11AudioKeeperE
0x7101dd6d98,0024,_ZTVN2al30AudioGeneralPurposeAreaCheckerE
0x7101dd6de8,0024,_ZTVN2al15SimpleAudioUserE
0x7101dd6e38,0032,_ZTVN2al25AudioResourcePlayerKeeperE
0x7101dd6e78,0056,_ZTVN2al13AudioDirectorE
0x7101dd6f08,0040,_ZTVN2al21AudioEffectControllerE
0x7101dd6f68,0008,_ZN12_GLOBAL__N_13RunE
0x7101dd7068,0008,_ZN12_GLOBAL__N_118FinalizeEffectUnitE
0x7101dd7088,0128,_ZTVN2al16AudioEffectDelayE
0x7101dd7130,0024,_ZN12_GLOBAL__N_111NrvHostTypeE
0x7101dd7148,0056,_ZTVN2al20AudioEventControllerE
0x7101dd71c8,0064,_ZTVN2al17AudioEffectReverbE
0x7101dd7230,0024,_ZTVN2al26AudioInfoListCreateFunctorINS_26AudioAddonSoundArchiveInfoEEE
0x7101dd7278,0024,_ZTVN2al26AudioInfoListCreateFunctorINS_21AudioResourceLoadInfoEEE
0x7101dd72a8,0064,_ZTVN2al14AudioMaximizerE
0x7101dd7328,0040,_ZTVN2al22AudioBusSendControllerE
0x7101dd7398,0064,_ZTVN2al24AudioEffectLevelDetectorE
0x7101dd7420,0040,_ZTVN2al26AudioEffectCtrlPerBusGroupE
0x7101dd74c8,0008,_ZN12_GLOBAL__N_129WaitDisableAllAudioEffectUnitE
0x7101dd7508,0008,_ZN12_GLOBAL__N_116FinishedFinalizeE
0x7101dd7608,0008,_ZN12_GLOBAL__N_121WaitEffectUnitDisableE
0x7101dd7688,0008,_ZN12_GLOBAL__N_125WaitClearAllEffectFromBusE
0x7101dd76b0,0040,_ZN12_GLOBAL__N_111NrvHostTypeE
0x7101dd7708,0048,_ZTVN2al9StringTmpILi1024EEE
0x7101dd7758,0056,_ZTVN2al22BgmPlayEventControllerE
0x7101dd77d8,0024,_ZTVN2al11BgmDirectorE
0x7101dd7838,0136,_ZTVN2al7BgmLineE
0x7101dd7908,0024,_ZTVN2al26AudioInfoListCreateFunctorINS_19BgmCombinedLineInfoEEE
0x7101dd7938,0024,_ZTVN2al26AudioInfoListCreateFunctorINS_11BgmPlayInfoEEE
0x7101dd7968,0024,_ZTVN2al26AudioInfoListCreateFunctorINS_23BgmResourceCategoryInfoEEE
0x7101dd7998,0024,_ZTVN2al26AudioInfoListCreateFunctorINS_12BgmStageInfoEEE
0x7101dd79c8,0024,_ZTVN2al26AudioInfoListCreateFunctorINS_16BgmSituationInfoEEE
0x7101dd79f8,0024,_ZTVN2al26AudioInfoListCreateFunctorINS_21BgmDemoSyncedProcInfoEEE
0x7101dd7a28,0024,_ZTVN2al26AudioInfoListCreateFunctorINS_11BgmLineInfoEEE
0x7101dd7a58,0232,_ZTVN2al16BgmParamsChangerE
0x7101dd7b68,0024,_ZTVN2al26AudioInfoListCreateFunctorINS_21BgmResourceSuffixInfoEEE
0x7101dd7b98,0024,_ZTVN2al26AudioInfoListCreateFunctorINS_22BgmEnableSituationInfoEEE
0x7101dd7bc8,0024,_ZTVN2al26AudioInfoListCreateFunctorINS_28BgmStartTriggerSituationInfoEEE
0x7101dd7bf8,0024,_ZTVN2al26AudioInfoListCreateFunctorINS_16BgmStagePlayInfoEEE
0x7101dd7c28,0024,_ZTVN2al26AudioInfoListCreateFunctorINS_20BgmStageScenarioInfoEEE
0x7101dd7c58,0040,_ZTVN2al17BgmVolumeProcInfoE
0x7101dd7c80,0040,_ZTVN2al16BgmTrackProcInfoE
0x7101dd7ca8,0040,_ZTVN2al17BgmRegionProcInfoE
0x7101dd7cd0,0040,_ZTVN2al16BgmPitchProcInfoE
0x7101dd7cf8,0040,_ZTVN2al26BgmPitchModulationProcInfoE
0x7101dd7d20,0040,_ZTVN2al14BgmLpfProcInfoE
0x7101dd7d48,0040,_ZTVN2al20BgmBiquadBpfProcInfoE
0x7101dd7d70,0040,_ZTVN2al14BgmPanProcInfoE
0x7101dd7d98,0040,_ZTVN2al24BgmEffectBusSendProcInfoE
0x7101dd7dc0,0040,_ZTVN2al24BgmMoveLoopStartProcInfoE
0x7101dd7f38,0024,_ZTVN2al26AudioInfoListCreateFunctorINS_11BgmProcInfoEEE
0x7101dd7f68,0024,_ZTVN2al26AudioInfoListCreateFunctorINS_26BgmRelationalSituationInfoEEE
0x7101dd7f98,0024,_ZTVN2al26AudioInfoListCreateFunctorINS_19BgmSubSituationInfoEEE
0x7101dd7fc8,0024,_ZTVN2al26AudioInfoListCreateFunctorINS_15BgmDemoProcInfoEEE
0x7101dd7ff8,0024,_ZTVN2al26AudioInfoListCreateFunctorINS_13BgmRhythmInfoEEE
0x7101dd8028,0024,_ZTVN2al26AudioInfoListCreateFunctorINS_12BgmChordInfoEEE
0x7101dd8058,0024,_ZTVN2al26AudioInfoListCreateFunctorINS_10BgmBpmInfoEEE
0x7101dd8088,0024,_ZTVN2al26AudioInfoListCreateFunctorINS_20BgmTimeSignatureInfoEEE
0x7101dd80b8,0024,_ZTVN2al21Bgm3DParamsControllerE
0x7101dd8108,0040,_ZTVN2al20BgmRelayPlayerSimpleE
0x7101dd8148,0032,_ZTVN4sead9Delegate1INS_10StrTreeMapILi64ElEEPNS_11TreeMapNodeINS_14SafeStringBaseIcEEEEEE
0x7101dd81a8,0032,_ZTVN4sead12DelegateBaseINS_10StrTreeMapILi64ElEEMS2_FvPNS_11TreeMapNodeINS_14SafeStringBaseIcEEEEENS_10IDelegate1IS7_EEEE
0x7101dd81c8,0040,_ZTVN4sead10StrTreeMapILi64ElE4NodeE
0x7101dd8208,0048,_ZTVN2al14CameraDirectorE
0x7101dd87f8,0024,_ZTVN2al28CameraInSwitchOnAreaDirectorE
0x7101dd8828,0320,_ZTVN2al11CameraPoserE
0x7101dd89f8,0032,_ZTVN2al18CameraPoserFactoryE
0x7101dd8a48,0040,_ZTVN2al17CameraPoseUpdaterE
0x7101dd8c10,0048,_ZN12_GLOBAL__N_120NrvCameraPoseUpdaterE
0x7101dd8c40,0040,_ZTVN2al12CameraShakerE
0x7101dd8e38,0008,_ZN12_GLOBAL__N_15ShakeE
0x7101dd8e58,0016,_ZN12_GLOBAL__N_115NrvCameraShakerE
0x7101dd8e68,0024,_ZTVN2al20CameraStartParamCtrlE
0x7101dd8eb8,0024,_ZTVN2al15CameraStopJudgeE
0x7101dd8f08,0152,_ZTVN2al19CameraSubTargetBaseE
0x7101dd8fa0,0152,_ZTVN2al16CameraTargetBaseE
0x7101dd9050,0024,_ZTVN2al29CameraTargetCollideInfoHolderE
0x7101dd90a8,0024,_ZTVN2al20CameraTriangleFilterE
0x7101dd90d8,0024,_ZTVN2al31CameraTriangleFilterOnlyCeilingE
0x7101dd9108,0024,_ZTVN2al30SubjectiveCameraTriangleFilterE
0x7101dd9138,0152,_ZTVN2al20TransCameraSubTargetE
0x7101dd91e8,0088,_ZTVN2al17SimpleCameraInputE
0x7101dd9258,0072,_ZTVN2al18SnapShotCameraCtrlE
0x7101dd9358,0016,_ZN12_GLOBAL__N_121NrvSnapShotCameraCtrlE
0x7101dd9368,0032,_ZTVN4sead9Delegate2IN2al19ClippingActorHolderEPNS_6ThreadElEE
0x7101dd93c8,0032,_ZTVN4sead12DelegateBaseIN2al19ClippingActorHolderEMS2_FvPNS_6ThreadElENS_10IDelegate2IS4_lEEEE
0x7101dd93e8,0024,_ZTVN2al8ColliderE
0x7101dd9438,0032,_ZTVN2al17CollisionDirectorE
0x7101ddc578,0112,_ZTVN2al26CollisionPartsKeeperOctreeE
0x7101ddc608,0112,_ZTVN2al28CollisionPartsKeeperPtrArrayE
0x7101ddcef8,0024,_ZTVN2al26TriangleFilterIgnoreGroundE
0x7101ddcf28,0024,_ZTVN2al24TriangleFilterGroundOnlyE
0x7101ddcf58,0024,_ZTVN2al22TriangleFilterWallOnlyE
0x7101ddcf88,0024,_ZTVN2al25CollisionPartsFilterActorE
0x7101ddcfb8,0024,_ZTVN2al28CollisionPartsFilterSubActorE
0x7101ddcfe8,0024,_ZTVN2al35CollisionPartsFilterConnectedSensorE
0x7101ddd018,0024,_ZTVN2al34CollisionPartsFilterSpecialPurposeE
0x7101ddd048,0024,_ZTVN2al38CollisionPartsFilterOnlySpecialPurposeE
0x7101ddd078,0024,_ZTVN2al40CollisionPartsFilterIgnoreSpecialPurposeE
0x7101ddd0a8,0024,_ZTVN2al41CollisionPartsFilterIgnoreOptionalPurposeE
0x7101ddd0d8,0024,_ZTVN2al24CollisionPartsFilterFuncE
0x7101ddd108,0024,_ZTVN2al31CollisionPartsFilterFuncSendMsgE
0x7101ddd138,0040,_ZTVN2al23CollisionPartsConnectorE
0x7101ddd178,0032,_ZTVN2al12MtxConnectorE
0x7101ddd1a8,0032,_ZTVN2al15SensorConnectorE
0x7101ddd1e8,0040,_ZTVN2al19WaveVibrationHolderE
0x7101ddd258,0024,_ZTVN4sead15RuntimeTypeInfo6DeriveINS_10ControllerEEE
0x7101ddd288,0024,_ZTVN4sead15RuntimeTypeInfo6DeriveINS_17ControllerWrapperEEE
0x7101ddd2b8,0024,_ZTVN4sead15RuntimeTypeInfo6DeriveINS_15ControllerAddonEEE
0x7101ddd2e8,0088,_ZTVN2al14NpadControllerE
0x7101ddd358,0056,_ZTVN2al12PadGyroAddonE
0x7101ddd3b8,0104,_ZTVN2al16ReplayControllerE
0x7101ddd438,0056,_ZTVN2al17DataStoreDirectorE
0x7101ddd4a8,0032,_ZTVN2nn3nex25_DDL_DataStoreDeleteParamE
0x7101ddd4c8,0512,_ZTVN2al9DemoActorE
0x7101ddd710,0304,_ZTCN2al9DemoActorE0_NS_9LiveActorE
0x7101ddd840,0056,_ZTCN2al9DemoActorE24_NS_15IUseStageSwitchE
0x7101ddd8b8,0008,_ZN12_GLOBAL__N_15DelayE
0x7101ddd8f8,0008,_ZN12_GLOBAL__N_16ActionE
0x7101ddd918,0064,_ZTVN2al10DemoCameraE
0x7101ddd998,0024,_ZTVN2al17DemoSyncedBgmCtrlE
0x7101ddd9e8,0040,_ZTVN4sead10StrTreeMapILi128EPKNS_8PtrArrayIN2al12UniformBlockEEEE4NodeE
0x7101ddda48,0040,_ZTVN2al17SubCameraRendererE
0x7101dddb08,0016,_ZN12_GLOBAL__N_120NrvSubCameraRendererE
0x7101dddb18,0048,_ZTV15EffectHeapForNw
0x7101dddb78,0032,_ZTVN4sead4ptcl6ConfigE
0x7101dddbc8,0048,_ZTVN4sead4ptcl4HeapE
0x7101dddc18,0048,_ZTVN2al10FunctorV0MIPNS_12EffectSystemEMS1_FvvEEE
0x7101dddc68,0024,_ZN2al22EmitterSetResourceInfo15InvalidResourceE
0x7101dddc80,0024,_ZTVN2al11PartsEffectE
0x7101dddcc8,0040,_ZTVN2al10PtclSystemE
0x7101dddd28,0040,_ZTVN4sead4ptcl10PtclSystemE
0x7101dddd50,0048,_ZTVN4sead15FixedSafeStringILi96EEE
0x7101ddddb8,0112,_ZTVN2al23EventFlowActorStateRailE
0x7101dddec8,0016,_ZN12_GLOBAL__N_126NrvEventFlowActorStateRailE
0x7101dddf88,0024,_ZTVN2al17EventFlowExecutorE
0x7101dddfd8,0104,_ZTVN2al17EventFlowMovementE
0x7101dde040,0104,_ZTVN2al21EventFlowMovementRailE
0x7101dde0e8,0008,_ZN12_GLOBAL__N_14MoveE
0x7101dde108,0104,_ZTVN2al26EventFlowMovementRailBlendE
0x7101dde188,0104,_ZTVN2al29EventFlowMovementTurnSeparateE
0x7101dde350,0032,_ZN12_GLOBAL__N_132NrvEventFlowMovementTurnSeparateE
0x7101dde370,0104,_ZTVN2al21EventFlowMovementWaitE
0x7101dde3f8,0104,_ZTVN2al23EventFlowMovementWanderE
0x7101dde580,0032,_ZN12_GLOBAL__N_126NrvEventFlowMovementWanderE
0x7101dde5a0,0160,_ZTVN2al13EventFlowNodeE
0x7101dde640,0160,_ZTVN2al23EventFlowNodeActionLoopE
0x7101dde6e0,0160,_ZTVN2al26EventFlowNodeActionOneTimeE
0x7101dde7b8,0160,_ZTVN2al22EventFlowNodeActorKillE
0x7101dde858,0160,_ZTVN2al35EventFlowNodeActorBaseMovementStartE
0x7101dde8f8,0160,_ZTVN2al33EventFlowNodeActorBaseMovementEndE
0x7101dde9f8,0160,_ZTVN2al24EventFlowNodeCameraStartE
0x7101ddea98,0160,_ZTVN2al28EventFlowNodeAnimCameraStartE
0x7101ddeb38,0160,_ZTVN2al22EventFlowNodeCameraEndE
0x7101ddec38,0160,_ZTVN2al24EventFlowNodeCheckSwitchE
0x7101ddecd8,0160,_ZTVN2al28EventFlowNodeCheckWaitSwitchE
0x7101ddedb8,0160,_ZTVN2al23EventFlowNodeDemoActionE
0x7101ddee58,0160,_ZTVN2al29EventFlowNodeDemoPlayerActionE
0x7101ddeef8,0160,_ZTVN2al23EventFlowNodeDemoCameraE
0x7101ddef98,0160,_ZTVN2al27EventFlowNodeDemoPlayerHideE
0x7101ddf038,0160,_ZTVN2al27EventFlowNodeDemoPlayerShowE
0x7101ddf178,0160,_ZTVN2al18EventFlowNodeEventE
0x7101ddf218,0160,_ZTVN2al23EventFlowNodeEventQueryE
0x7101ddf2f8,0024,_ZTVN2al20EventFlowNodeFactoryE
0x7101ddf310,0160,_ZTVN2al17EventFlowNodeForkE
0x7101ddf3c8,0160,_ZTVN2al24EventFlowNodeHitReactionE
0x7101ddf488,0024,_ZTVN2al21EventFlowNodeInitInfoE
0x7101ddf4b8,0160,_ZTVN2al17EventFlowNodeJoinE
0x7101ddf578,0160,_ZTVN2al22EventFlowNodeJumpEntryE
0x7101ddf638,0160,_ZTVN2al23EventFlowNodeQueryJudgeE
0x7101ddf6f8,0160,_ZTVN2al21EventFlowNodeSwitchOnE
0x7101ddf798,0160,_ZTVN2al22EventFlowNodeSwitchOffE
0x7101ddf878,0160,_ZTVN2al25EventFlowNodeTurnToPlayerE
0x7101ddf918,0160,_ZTVN2al38EventFlowNodeTurnToPlayerActionOneTimeE
0x7101ddf9b8,0160,_ZTVN2al25EventFlowNodeTurnToPreDirE
0x7101ddfab8,0032,_ZTVN2al15ExecuteDirectorE
0x7101de2718,0032,_ZTVN2al22ExecuteTableHolderDrawE
0x7101de2758,0032,_ZTVN2al24ExecuteTableHolderUpdateE
0x7101de2798,0024,_ZTVN2al24ExecutorActorExecuteBaseE
0x7101de27c8,0056,_ZTVN2al21ExecutorListActorDrawE
0x7101de2818,0048,_ZTVN2al16ExecutorListBaseE
0x7101de2868,0056,_ZTVN2al30ExecutorListActorModelDrawBaseE
0x7101de28a0,0056,_ZTVN2al33ExecutorListActorModelDrawForwardE
0x7101de28d8,0056,_ZTVN2al37ExecutorListActorModelDrawForwardOnlyE
0x7101de2910,0056,_ZTVN2al38ExecutorListActorModelDrawForwardForceE
0x7101de2948,0056,_ZTVN2al47ExecutorListActorModelDrawForwardPostEffectMaskE
0x7101de2980,0056,_ZTVN2al34ExecutorListActorModelDrawIndirectE
0x7101de29b8,0056,_ZTVN2al38ExecutorListActorModelDrawIndirectOnlyE
0x7101de29f0,0056,_ZTVN2al34ExecutorListActorModelDrawDeferredE
0x7101de2a28,0056,_ZTVN2al38ExecutorListActorModelDrawDeferredOnlyE
0x7101de2a60,0056,_ZTVN2al37ExecutorListActorModelDrawDeferredOpaE
0x7101de2a98,0056,_ZTVN2al37ExecutorListActorModelDrawDeferredXluE
0x7101de2ad0,0056,_ZTVN2al44ExecutorListActorModelDrawDeferredSilhouetteE
0x7101de2b08,0056,_ZTVN2al48ExecutorListActorModelDrawDeferredSilhouetteRideE
0x7101de2b40,0056,_ZTVN2al46ExecutorListActorModelDrawDeferredMarchingCubeE
0x7101de2b78,0056,_ZTVN2al37ExecutorListActorModelDrawDepthShadowE
0x7101de2bb0,0056,_ZTVN2al49ExecutorListActorModelDrawDepthShadowMarchingCubeE
0x7101de2be8,0056,_ZTVN2al43ExecutorListActorModelDrawStaticDepthShadowE
0x7101de2c20,0056,_ZTVN2al35ExecutorListActorModelDrawDepthOnlyE
0x7101de2c58,0056,_ZTVN2al36ExecutorListActorModelDrawDepthForceE
0x7101de2c90,0056,_ZTVN2al33ExecutorListActorModelDrawCullingE
0x7101de2cc8,0056,_ZTVN2al34ExecutorListActorModelDrawDepthXluE
0x7101de2d00,0056,_ZTVN2al39ExecutorListActorModelDrawDepthIndirectE
0x7101de2d38,0056,_ZTVN2al37ExecutorListActorModelDrawDepthDitherE
0x7101de2d70,0056,_ZTVN2al45ExecutorListActorModelDrawDepthDitherIndirectE
0x7101de2da8,0056,_ZTVN2al40ExecutorListActorModelDrawDepthChromakeyE
0x7101de2de0,0056,_ZTVN2al41ExecutorListActorModelDrawDitherChromakeyE
0x7101de2e18,0056,_ZTVN2al37ExecutorListActorModelDrawDeferredSkyE
0x7101de2e50,0056,_ZTVN2al43ExecutorListActorModelDrawDeferredFootPrintE
0x7101de2e88,0056,_ZTVN2al33ExecutorListActorModelDrawWorldAoE
0x7101de2ec0,0056,_ZTVN2al32ExecutorListActorModelDrawUpdateE
0x7101de2ef8,0056,_ZTVN2al41ExecutorListActorModelDrawPlayerChromakeyE
0x7101de2f30,0056,_ZTVN2al44ExecutorListActorModelDrawPlayerChromakeyOpaE
0x7101de2f68,0056,_ZTVN2al44ExecutorListActorModelDrawPlayerChromakeyXluE
0x7101de2fa0,0056,_ZTVN2al44ExecutorListActorModelDrawCharacterChromakeyE
0x7101de3418,0056,_ZTVN2al28ExecutorListActorExecuteBaseE
0x7101de3468,0056,_ZTVN2al25ExecutorListActorMovementE
0x7101de34a0,0056,_ZTVN2al25ExecutorListActorCalcAnimE
0x7101de34d8,0056,_ZTVN2al33ExecutorListActorMovementCalcAnimE
0x7101de3510,0056,_ZTVN2al25ExecutorListActorCalcViewE
0x7101de35c8,0048,_ZTVN2al19ExecutorListFunctorE
0x7101de3618,0056,_ZTVN2al26ExecutorListLayoutDrawBaseE
0x7101de3650,0056,_ZTVN2al28ExecutorListLayoutDrawNormalE
0x7101de36c8,0048,_ZTVN2al24ExecutorListLayoutUpdateE
0x7101de3718,0048,_ZTVN2al28ExecutorListIUseExecutorBaseE
0x7101de3748,0048,_ZTVN2al30ExecutorListIUseExecutorUpdateE
0x7101de3778,0048,_ZTVN2al28ExecutorListIUseExecutorDrawE
0x7101de3808,0472,_ZTVN2al12FlowMapPartsE
0x7101de3a20,0304,_ZTCN2al12FlowMapPartsE0_NS_9LiveActorE
0x7101de3b50,0056,_ZTCN2al12FlowMapPartsE24_NS_15IUseStageSwitchE
0x7101de3ba8,0144,_ZTVN2al17FluidSimulateWaveE
0x7101de3d58,0264,_ZTVN2al23HeightMapTextureBlenderE
0x7101de3ea8,0096,_ZTVN2al10RippleCtrlE
0x7101de3f48,0088,_ZTVN2al12ParameterV3fE
0x7101de3fd8,0088,_ZTVN2al9ParameterIN4sead7Vector3IfEEEE
0x7101de4030,0088,_ZTVN2al13ParameterBoolE
0x7101de40c8,0088,_ZTVN2al9ParameterIbEE
0x7101de4120,0088,_ZTVN2al17ParameterString64E
0x7101de41b8,0088,_ZTVN2al9ParameterIN4sead15FixedSafeStringILi64EEEEE
0x7101de4210,0472,_ZTVN2al17RippleFixMapPartsE
0x7101de4430,0304,_ZTCN2al17RippleFixMapPartsE0_NS_9LiveActorE
0x7101de4560,0056,_ZTCN2al17RippleFixMapPartsE24_NS_15IUseStageSwitchE
0x7101de45b8,0472,_ZTVN2al19RippleGeneratePointE
0x7101de47d0,0304,_ZTCN2al19RippleGeneratePointE0_NS_9LiveActorE
0x7101de4900,0056,_ZTCN2al19RippleGeneratePointE24_NS_15IUseStageSwitchE
0x7101de4978,0008,_ZN2al12_GLOBAL__N_14WaitE
0x7101de49b8,0008,_ZN2al12_GLOBAL__N_18GenerateE
0x7101de49d8,0088,_ZTVN2al12ParameterV2fE
0x7101de4a68,0088,_ZTVN2al9ParameterIN4sead7Vector2IfEEEE
0x7101de4ac0,0264,_ZTVN2al8SineWaveE
0x7101de4c18,0064,_ZTVN2al8FogParamE
0x7101de4c58,0072,_ZTVN2al9YFogParamE
0x7101de4d38,0472,_ZTVN2al12FogRequesterE
0x7101de4f50,0304,_ZTCN2al12FogRequesterE0_NS_9LiveActorE
0x7101de5080,0056,_ZTCN2al12FogRequesterE24_NS_15IUseStageSwitchE
0x7101de50d8,0048,_ZTVN2al10FunctorV0MIPNS_12FogRequesterEMS1_FvvEEE
0x7101de5128,0048,_ZTVN2al10FunctorV0MIPNS_9LiveActorEMS1_FvvEEE
0x7101de5178,0312,_ZTVN2al15GameFrameworkNxE
0x7101de52e8,0032,_ZTVN4sead13ControllerMgr9ParameterE
0x7101de5338,0056,_ZTVN2al19JointControllerBaseE
0x7101de53b8,0040,_ZTVN2al21JointControllerKeeperE
0x7101de5428,0056,_ZTVN2al27JointGroundSmoothControllerE
0x7101de5478,0056,_ZTVN2al21JointLocalAxisRotatorE
0x7101de54c8,0056,_ZTVN2al23JointLocalDirControllerE
0x7101de5518,0056,_ZTVN2al21JointLocalQuatRotatorE
0x7101de5568,0056,_ZTVN2al25JointLocalScaleControllerE
0x7101de55b8,0056,_ZTVN2al25JointLocalTransControllerE
0x7101de5608,0056,_ZTVN2al21JointLookAtControllerE
0x7101de5658,0056,_ZTVN2al11JointMasherE
0x7101de56a8,0056,_ZTVN2al18JointMtxControllerE
0x7101de56f8,0056,_ZTVN2al23JointPosToPosControllerE
0x7101de5748,0056,_ZTVN2al23JointPostQuatControllerE
0x7101de5798,0056,_ZTVN2al19JointQuatControllerE
0x7101de57e8,0056,_ZTVN2al24JointQuatTransControllerE
0x7101de5838,0056,_ZTVN2al12JointRumblerE
0x7101de5888,0072,_ZTVN2al13JointSimpleIKE
0x7101de58e8,0064,_ZTVN2al21JointSpringControllerE
0x7101de5948,0064,_ZTVN2al32JointConstrainedSpringControllerE
0x7101de59a8,0056,_ZTVN2al26JointSpringTransControllerE
0x7101de59f8,0008,_ZN2al9sFileNameE
0x7101de5a00,0056,_ZTVN2al20JointTranslateShakerE
0x7101de5a58,0352,_ZTVN2al11LayoutActorE
0x7101de5c00,0048,_ZTCN2al11LayoutActorE8_NS_10IUseLayoutE
0x7101de5c30,0080,_ZTCN2al11LayoutActorE16_NS_16IUseLayoutActionE
0x7101de5d28,0024,_ZTVN2al9IUseNerveE
0x7101de5d40,0024,_ZTVN2al10IUseCameraE
0x7101de5d58,0024,_ZTVN2al15IUseAudioKeeperE
0x7101de5d70,0024,_ZTVN2al16IUseEffectKeeperE
0x7101de5d88,0024,_ZTVN2al16LayoutActorGroupE
0x7101de5e68,0048,_ZTVN4sead22WFormatFixedSafeStringILi5EEE
0x7101de5ef8,0048,_ZTVN4sead22WFormatFixedSafeStringILi6EEE
0x7101de5f88,0048,_ZTVN4sead22WFormatFixedSafeStringILi7EEE
0x7101de6018,0056,_ZTVN2al17EuiLetterAnimCtrlE
0x7101de61f8,0056,_ZTVN2al21LayoutTextureRendererE
0x7101de6268,0104,_ZTVN2al22LayoutTextureRenderObjE
0x7101de6318,0048,_ZTVN4sead22WFormatFixedSafeStringILi2048EEE
0x7101de6368,0152,_ZTVN2al14LayoutResourceE
0x7101de6478,0064,_ZTVN2al16EuiScreenFactoryE
0x7101de64e8,0064,_ZTVN2al13DirLightParamE
0x7101de6548,0064,_ZTVN2al21MaterialCategoryParamE
0x7101de65a8,0128,_ZTVN2al21MaterialLightDirectorE
0x7101de6668,0392,_ZTVN2al23AlbedoModePointLightMgrE
0x7101de67f0,0392,_ZTVN2al22AlbedoModeSpotLightMgrE
0x7101de6978,0392,_ZTVN2al22AlbedoModeLineLightMgrE
0x7101de6b00,0392,_ZTVN2al22AlbedoModeProjLightMgrE
0x7101de6c88,0392,_ZTVN2al26AlbedoModeCausticsLightMgrE
0x7101de6f68,0024,_ZTVN4sead15RuntimeTypeInfo6DeriveIN3agl4lght24LightPrePassLightMgrBaseINS3_12LightPrePass7ContextENS5_11CallbackArgEEEEE
0x7101de6fb0,0024,_ZTVN4sead15RuntimeTypeInfo6DeriveIN3agl4lght20LightPrePassLightMgrIN2al16LppLightDataBaseINS5_15PointLightParamEEENS3_12LightPrePass7ContextENS9_11CallbackArgEEEEE
0x7101de6fe8,0024,_ZTVN4sead15RuntimeTypeInfo6DeriveIN3agl4lght20LightPrePassLightMgrIN2al16LppLightDataBaseINS5_14SpotLightParamEEENS3_12LightPrePass7ContextENS9_11CallbackArgEEEEE
0x7101de7018,0024,_ZTVN4sead15RuntimeTypeInfo6DeriveIN3agl4lght20LightPrePassLightMgrIN2al16LppLightDataBaseINS5_14LineLightParamEEENS3_12LightPrePass7ContextENS9_11CallbackArgEEEEE
0x7101de7048,0024,_ZTVN4sead15RuntimeTypeInfo6DeriveIN3agl4lght20LightPrePassLightMgrIN2al16LppLightDataBaseINS5_14ProjLightParamEEENS3_12LightPrePass7ContextENS9_11CallbackArgEEEEE
0x7101de7078,0024,_ZTVN4sead15RuntimeTypeInfo6DeriveIN3agl4lght20LightPrePassLightMgrIN2al16LppLightDataBaseINS5_18CausticsLightParamEEENS3_12LightPrePass7ContextENS9_11CallbackArgEEEEE
0x7101de70a8,0120,_ZTVN2al16PrePassLightBaseE
0x7101de7188,0088,_ZTVN2al18ParameterStringRefE
0x7101de7300,0032,_ZN12_GLOBAL__N_119NrvPrePassLightBaseE
0x7101de7320,0472,_ZTVN2al16PrePassLineLightE
0x7101de7560,0304,_ZTCN2al16PrePassLineLightE0_NS_25PrePassLightPlacementBaseINS_7LppLineEEE
0x7101de7690,0304,_ZTCN2al16PrePassLineLightE0_NS_9LiveActorE
0x7101de77c0,0056,_ZTCN2al16PrePassLineLightE24_NS_15IUseStageSwitchE
0x7101de7818,0048,_ZTVN2al10FunctorV0MIPNS_16PrePassLineLightEMS1_FvvEEE
0x7101de7868,0472,_ZTVN2al17PrePassPointLightE
0x7101de7aa0,0304,_ZTCN2al17PrePassPointLightE0_NS_25PrePassLightPlacementBaseINS_8LppPointEEE
0x7101de7bd0,0304,_ZTCN2al17PrePassPointLightE0_NS_9LiveActorE
0x7101de7d00,0056,_ZTCN2al17PrePassPointLightE24_NS_15IUseStageSwitchE
0x7101de7d58,0048,_ZTVN2al10FunctorV0MIPNS_17PrePassPointLightEMS1_FvvEEE
0x7101de7da8,0472,_ZTVN2al16PrePassSpotLightE
0x7101de7fe0,0304,_ZTCN2al16PrePassSpotLightE0_NS_25PrePassLightPlacementBaseINS_7LppSpotEEE
0x7101de8110,0304,_ZTCN2al16PrePassSpotLightE0_NS_9LiveActorE
0x7101de8240,0056,_ZTCN2al16PrePassSpotLightE24_NS_15IUseStageSwitchE
0x7101de8298,0048,_ZTVN2al10FunctorV0MIPNS_16PrePassSpotLightEMS1_FvvEEE
0x7101de82e8,0048,_ZTVN2al10SSIIKeeperE
0x7101de8358,0032,_ZTVN2al32GraphicsParamRequestInterpKeeperINS_9SSIIParamEEE
0x7101de8378,0024,_ZTVN2al12ActorFactoryE
0x7101de8420,0192,_ZTVN2al19ActorPoseKeeperBaseE
0x7101de84e0,0192,_ZTVN2al19ActorPoseKeeperTRSVE
0x7101de85a0,0192,_ZTVN2al20ActorPoseKeeperTRMSVE
0x7101de8660,0192,_ZTVN2al21ActorPoseKeeperTRGMSVE
0x7101de8720,0192,_ZTVN2al19ActorPoseKeeperTFSVE
0x7101de87e0,0192,_ZTVN2al20ActorPoseKeeperTFUSVE
0x7101de88a0,0192,_ZTVN2al20ActorPoseKeeperTFGSVE
0x7101de8960,0192,_ZTVN2al19ActorPoseKeeperTQSVE
0x7101de8a20,0192,_ZTVN2al20ActorPoseKeeperTQGSVE
0x7101de8ae0,0192,_ZTVN2al21ActorPoseKeeperTQGMSVE
0x7101de8cf8,0048,_ZTVN2al28SensorMsgPlayerAttackTrampleE
0x7101de8d48,0048,_ZTVN2al29SensorMsgPlayerTrampleReflectE
0x7101de8d98,0048,_ZTVN2al28SensorMsgPlayerAttackHipDropE
0x7101de8de8,0048,_ZTVN2al31SensorMsgPlayerAttackObjHipDropE
0x7101de8e38,0048,_ZTVN2al38SensorMsgPlayerAttackObjHipDropReflectE
0x7101de8e88,0048,_ZTVN2al39SensorMsgPlayerAttackObjHipDropHighJumpE
0x7101de8ed8,0048,_ZTVN2al37SensorMsgPlayerAttackHipDropKnockDownE
0x7101de8f28,0048,_ZTVN2al31SensorMsgPlayerAttackStatueDropE
0x7101de8f78,0048,_ZTVN2al34SensorMsgPlayerAttackObjStatueDropE
0x7101de8fc8,0048,_ZTVN2al41SensorMsgPlayerAttackObjStatueDropReflectE
0x7101de9018,0048,_ZTVN2al52SensorMsgPlayerAttackObjStatueDropReflectNoConditionE
0x7101de9068,0048,_ZTVN2al32SensorMsgPlayerAttackStatueTouchE
0x7101de90b8,0048,_ZTVN2al31SensorMsgPlayerAttackUpperPunchE
0x7101de9108,0048,_ZTVN2al34SensorMsgPlayerAttackObjUpperPunchE
0x7101de9158,0048,_ZTVN2al34SensorMsgPlayerAttackRollingAttackE
0x7101de91a8,0048,_ZTVN2al35SensorMsgPlayerAttackRollingReflectE
0x7101de91f8,0048,_ZTVN2al37SensorMsgPlayerAttackObjRollingAttackE
0x7101de9248,0048,_ZTVN2al44SensorMsgPlayerAttackObjRollingAttackFailureE
0x7101de9298,0048,_ZTVN2al37SensorMsgPlayerAttackInvincibleAttackE
0x7101de92e8,0048,_ZTVN2al35SensorMsgPlayerAttackFireBallAttackE
0x7101de9338,0048,_ZTVN2al45SensorMsgPlayerAttackRouteDokanFireBallAttackE
0x7101de9388,0048,_ZTVN2al31SensorMsgPlayerAttackTailAttackE
0x7101de93d8,0048,_ZTVN2al20SensorMsgPlayerTouchE
0x7101de9428,0048,_ZTVN2al25SensorMsgPlayerAttackKickE
0x7101de9478,0048,_ZTVN2al26SensorMsgPlayerAttackCatchE
0x7101de94c8,0048,_ZTVN2al34SensorMsgPlayerAttackSlidingAttackE
0x7101de9518,0048,_ZTVN2al36SensorMsgPlayerAttackBoomerangAttackE
0x7101de9568,0048,_ZTVN2al43SensorMsgPlayerAttackBoomerangAttackCollideE
0x7101de95b8,0048,_ZTVN2al37SensorMsgPlayerAttackBoomerangReflectE
0x7101de9608,0048,_ZTVN2al35SensorMsgPlayerAttackBoomerangBreakE
0x7101de9658,0048,_ZTVN2al31SensorMsgPlayerAttackBodyAttackE
0x7101de96a8,0048,_ZTVN2al32SensorMsgPlayerAttackBodyLandingE
0x7101de96f8,0048,_ZTVN2al38SensorMsgPlayerAttackBodyAttackReflectE
0x7101de9748,0048,_ZTVN2al32SensorMsgPlayerAttackClimbAttackE
0x7101de9798,0048,_ZTVN2al31SensorMsgPlayerAttackSpinAttackE
0x7101de97e8,0048,_ZTVN2al26SensorMsgPlayerAttackGiantE
0x7101de9838,0048,_ZTVN2al33SensorMsgPlayerCooperationHipDropE
0x7101de9888,0048,_ZTVN2al33SensorMsgPlayerAttackClimbSlidingE
0x7101de98d8,0048,_ZTVN2al33SensorMsgPlayerAttackClimbRollingE
0x7101de9928,0048,_ZTVN2al27SensorMsgPlayerGiantHipDropE
0x7101de9978,0048,_ZTVN2al24SensorMsgPlayerDisregardE
0x7101de99c8,0048,_ZTVN2al22SensorMsgPlayerItemGetE
0x7101de9a18,0048,_ZTVN2al29SensorMsgPlayerPutOnEquipmentE
0x7101de9a68,0048,_ZTVN2al31SensorMsgPlayerReleaseEquipmentE
0x7101de9ab8,0048,_ZTVN2al35SensorMsgPlayerReleaseEquipmentGoalE
0x7101de9b08,0048,_ZTVN2al25SensorMsgPlayerFloorTouchE
0x7101de9b58,0048,_ZTVN2al26SensorMsgPlayerDamageTouchE
0x7101de9ba8,0048,_ZTVN2al25SensorMsgPlayerCarryFrontE
0x7101de9bf8,0048,_ZTVN2al33SensorMsgPlayerCarryFrontWallKeepE
0x7101de9c48,0048,_ZTVN2al22SensorMsgPlayerCarryUpE
0x7101de9c98,0048,_ZTVN2al28SensorMsgPlayerCarryKeepDemoE
0x7101de9ce8,0048,_ZTVN2al24SensorMsgPlayerCarryWarpE
0x7101de9d38,0048,_ZTVN2al20SensorMsgPlayerLeaveE
0x7101de9d88,0048,_ZTVN2al22SensorMsgPlayerReleaseE
0x7101de9dd8,0048,_ZTVN2al29SensorMsgPlayerReleaseBySwingE
0x7101de9e28,0048,_ZTVN2al28SensorMsgPlayerReleaseDamageE
0x7101de9e78,0048,_ZTVN2al26SensorMsgPlayerReleaseDeadE
0x7101de9ec8,0048,_ZTVN2al26SensorMsgPlayerReleaseDemoE
0x7101de9f18,0048,_ZTVN2al19SensorMsgPlayerTossE
0x7101de9f68,0048,_ZTVN2al30SensorMsgPlayerInvincibleTouchE
0x7101de9fb8,0048,_ZTVN2al20SensorMsgEnemyAttackE
0x7101dea008,0048,_ZTVN2al29SensorMsgEnemyAttackBoomerangE
0x7101dea058,0048,_ZTVN2al24SensorMsgEnemyAttackFireE
0x7101dea0a8,0048,_ZTVN2al26SensorMsgEnemyAttackNeedleE
0x7101dea0f8,0048,_ZTVN2al24SensorMsgEnemyFloorTouchE
0x7101dea148,0048,_ZTVN2al21SensorMsgEnemyItemGetE
0x7101dea198,0048,_ZTVN2al30SensorMsgEnemyRouteDokanAttackE
0x7101dea1e8,0048,_ZTVN2al28SensorMsgEnemyRouteDokanFireE
0x7101dea238,0048,_ZTVN2al19SensorMsgEnemyTouchE
0x7101dea288,0048,_ZTVN2al24SensorMsgEnemyUpperPunchE
0x7101dea2d8,0048,_ZTVN2al21SensorMsgEnemyTrampleE
0x7101dea328,0048,_ZTVN2al22SensorMsgMapObjTrampleE
0x7101dea378,0048,_ZTVN2al22SensorMsgPressureDeathE
0x7101dea3c8,0048,_ZTVN2al17SensorMsgNpcTouchE
0x7101dea418,0048,_ZTVN2al18SensorMsgExplosionE
0x7101dea468,0048,_ZTVN2al25SensorMsgExplosionCollideE
0x7101dea4b8,0048,_ZTVN2al13SensorMsgPushE
0x7101dea508,0048,_ZTVN2al19SensorMsgPushStrongE
0x7101dea558,0048,_ZTVN2al23SensorMsgPushVeryStrongE
0x7101dea5a8,0048,_ZTVN2al12SensorMsgHitE
0x7101dea5f8,0048,_ZTVN2al18SensorMsgHitStrongE
0x7101dea648,0048,_ZTVN2al22SensorMsgHitVeryStrongE
0x7101dea698,0048,_ZTVN2al18SensorMsgKnockDownE
0x7101dea6e8,0048,_ZTVN2al15SensorMsgVanishE
0x7101dea738,0048,_ZTVN2al20SensorMsgChangeAlphaE
0x7101dea788,0048,_ZTVN2al18SensorMsgShowModelE
0x7101dea7d8,0048,_ZTVN2al18SensorMsgHideModelE
0x7101dea828,0048,_ZTVN2al16SensorMsgRestartE
0x7101dea878,0048,_ZTVN2al25SensorMsgNeedleBallAttackE
0x7101dea8c8,0048,_ZTVN2al25SensorMsgPunpunFloorTouchE
0x7101dea918,0048,_ZTVN2al28SensorMsgInvalidateFootPrintE
0x7101dea968,0048,_ZTVN2al24SensorMsgKickKouraAttackE
0x7101dea9b8,0048,_ZTVN2al31SensorMsgKickKouraAttackCollideE
0x7101deaa08,0048,_ZTVN2al25SensorMsgKickKouraGetItemE
0x7101deaa58,0048,_ZTVN2al25SensorMsgKickKouraReflectE
0x7101deaaa8,0048,_ZTVN2al34SensorMsgKickKouraCollideNoReflectE
0x7101deaaf8,0048,_ZTVN2al23SensorMsgKickKouraBreakE
0x7101deab48,0048,_ZTVN2al22SensorMsgKickKouraBlowE
0x7101deab98,0048,_ZTVN2al24SensorMsgKickStoneAttackE
0x7101deabe8,0048,_ZTVN2al31SensorMsgKickStoneAttackCollideE
0x7101deac38,0048,_ZTVN2al28SensorMsgKickStoneAttackHoldE
0x7101deac88,0048,_ZTVN2al31SensorMsgKickStoneAttackReflectE
0x7101deacd8,0048,_ZTVN2al25SensorMsgKickStoneTrampleE
0x7101dead28,0048,_ZTVN2al21SensorMsgKillerAttackE
0x7101dead78,0048,_ZTVN2al19SensorMsgLiftGeyserE
0x7101deadc8,0048,_ZTVN2al18SensorMsgWarpStartE
0x7101deae18,0048,_ZTVN2al16SensorMsgWarpEndE
0x7101deae68,0048,_ZTVN2al19SensorMsgHoldCancelE
0x7101deaeb8,0048,_ZTVN2al15SensorMsgHoleInE
0x7101deaf08,0048,_ZTVN2al20SensorMsgJumpInhibitE
0x7101deaf58,0048,_ZTVN2al17SensorMsgGoalKillE
0x7101deafa8,0048,_ZTVN2al13SensorMsgGoalE
0x7101deaff8,0048,_ZTVN2al18SensorMsgBindStartE
0x7101deb048,0048,_ZTVN2al17SensorMsgBindInitE
0x7101deb098,0048,_ZTVN2al16SensorMsgBindEndE
0x7101deb0e8,0048,_ZTVN2al19SensorMsgBindCancelE
0x7101deb138,0048,_ZTVN2al25SensorMsgBindCancelByDemoE
0x7101deb188,0048,_ZTVN2al19SensorMsgBindDamageE
0x7101deb1d8,0048,_ZTVN2al18SensorMsgBindStealE
0x7101deb228,0048,_ZTVN2al18SensorMsgBindGiantE
0x7101deb278,0048,_ZTVN2al19SensorMsgBallAttackE
0x7101deb2c8,0048,_ZTVN2al29SensorMsgBallRouteDokanAttackE
0x7101deb318,0048,_ZTVN2al23SensorMsgBallAttackHoldE
0x7101deb368,0048,_ZTVN2al26SensorMsgBallAttackDRCHoldE
0x7101deb3b8,0048,_ZTVN2al26SensorMsgBallAttackCollideE
0x7101deb408,0048,_ZTVN2al20SensorMsgBallTrampleE
0x7101deb458,0048,_ZTVN2al27SensorMsgBallTrampleCollideE
0x7101deb4a8,0048,_ZTVN2al20SensorMsgBallItemGetE
0x7101deb4f8,0048,_ZTVN2al24SensorMsgFireBallCollideE
0x7101deb548,0048,_ZTVN2al27SensorMsgFireBallFloorTouchE
0x7101deb598,0048,_ZTVN2al27SensorMsgDokanBazookaAttackE
0x7101deb5e8,0048,_ZTVN2al29SensorMsgRideAllPlayerItemGetE
0x7101deb638,0048,_ZTVN2al25SensorMsgCollisionImpulseE
0x7101deb688,0048,_ZTVN2al17SensorMsgSwitchOnE
0x7101deb6d8,0048,_ZTVN2al21SensorMsgSwitchOnInitE
0x7101deb728,0048,_ZTVN2al22SensorMsgSwitchOffInitE
0x7101deb778,0048,_ZTVN2al21SensorMsgSwitchKillOnE
0x7101deb7c8,0048,_ZTVN2al25SensorMsgSwitchKillOnInitE
0x7101deb818,0048,_ZTVN2al26SensorMsgSwitchKillOffInitE
0x7101deb868,0048,_ZTVN2al23SensorMsgAskSafetyPointE
0x7101deb8b8,0048,_ZTVN2al20SensorMsgTouchAssistE
0x7101deb908,0048,_ZTVN2al24SensorMsgTouchAssistTrigE
0x7101deb958,0048,_ZTVN2al20SensorMsgTouchStrokeE
0x7101deb9a8,0048,_ZTVN2al41SensorMsgScreenPointInvalidCollisionPartsE
0x7101deb9f8,0048,_ZTVN2al24SensorMsgBlockUpperPunchE
0x7101deba48,0048,_ZTVN2al24SensorMsgBlockLowerPunchE
0x7101deba98,0048,_ZTVN2al21SensorMsgBlockItemGetE
0x7101debae8,0048,_ZTVN2al22SensorMsgKillerItemGetE
0x7101debb38,0048,_ZTVN2al26SensorMsgPlayerKouraAttackE
0x7101debb88,0048,_ZTVN2al19SensorMsgLightFlashE
0x7101debbd8,0048,_ZTVN2al19SensorMsgForceAbyssE
0x7101debc28,0048,_ZTVN2al29SensorMsgIsNerveSupportFreezeE
0x7101debc78,0048,_ZTVN2al28SensorMsgOnSyncSupportFreezeE
0x7101debcc8,0048,_ZTVN2al29SensorMsgOffSyncSupportFreezeE
0x7101debd18,0048,_ZTVN2al28SensorMsgSwordAttackHighLeftE
0x7101debd68,0048,_ZTVN2al27SensorMsgSwordAttackLowLeftE
0x7101debdb8,0048,_ZTVN2al29SensorMsgSwordAttackHighRightE
0x7101debe08,0048,_ZTVN2al28SensorMsgSwordAttackLowRightE
0x7101debe58,0048,_ZTVN2al29SensorMsgSwordAttackJumpUnderE
0x7101debea8,0048,_ZTVN2al24SensorMsgSwordBeamAttackE
0x7101debef8,0048,_ZTVN2al31SensorMsgSwordBeamReflectAttackE
0x7101debf48,0048,_ZTVN2al20SensorMsgShieldGuardE
0x7101debf98,0048,_ZTVN2al29SensorMsgEnemyAttackKnockDownE
0x7101debfe8,0048,_ZTVN2al28SensorMsgAskMultiPlayerEnemyE
0x7101dec038,0048,_ZTVN2al21SensorMsgItemGettableE
0x7101dec088,0048,_ZTVN2al19SensorMsgKikkiThrowE
0x7101dec0d8,0048,_ZTVN2al27SensorMsgIsKikkiThrowTargetE
0x7101dec128,0048,_ZTVN2al23SensorMsgPlayerCloudGetE
0x7101dec178,0048,_ZTVN2al17SensorMsgAutoJumpE
0x7101dec1c8,0048,_ZTVN2al26SensorMsgPlayerTouchShadowE
0x7101dec218,0048,_ZTVN2al28SensorMsgPlayerPullOutShadowE
0x7101dec268,0048,_ZTVN2al27SensorMsgPlayerAttackShadowE
0x7101dec2b8,0048,_ZTVN2al33SensorMsgPlayerAttackShadowStrongE
0x7101dec308,0048,_ZTVN2al30SensorMsgPlayerAttackChangePosE
0x7101dec358,0048,_ZTVN2al25SensorMsgAtmosOnlineLightE
0x7101dec3a8,0048,_ZTVN2al18SensorMsgLightBurnE
0x7101dec3f8,0048,_ZTVN2al22SensorMsgMoonLightBurnE
0x7101dec448,0048,_ZTVN2al15SensorMsgStringE
0x7101dec498,0048,_ZTVN2al21SensorMsgStringV4fPtrE
0x7101dec4e8,0048,_ZTVN2al27SensorMsgStringV4fSensorPtrE
0x7101dec538,0048,_ZTVN2al22SensorMsgStringVoidPtrE
0x7101dec588,0048,_ZTVN2al20SensorMsgCollidePushE
0x7101dec5d8,0472,_ZTVN2al9LiveActorE
0x7101dec7e0,0056,_ZTCN2al9LiveActorE24_NS_15IUseStageSwitchE
0x7101dec8d8,0024,_ZTVN2al11IUseAreaObjE
0x7101dec8f0,0024,_ZTVN2al13IUseCollisionE
0x7101dec908,0024,_ZTVN2al8IUseRailE
0x7101dec920,0032,_ZTVN2al12LiveActorKitE
0x7101dec958,0024,_ZTVN2al14LiveActorGroupE
0x7101dec988,0064,_ZTVN2al22BackHideDitherAnimatorE
0x7101dec9c8,0472,_ZTVN2al13BackHidePartsE
0x7101decc00,0304,_ZTCN2al13BackHidePartsE0_NS_9LiveActorE
0x7101decd30,0056,_ZTCN2al13BackHidePartsE24_NS_15IUseStageSwitchE
0x7101decd88,0480,_ZTVN2al17BreakMapPartsBaseE
0x7101decfb0,0304,_ZTCN2al17BreakMapPartsBaseE0_NS_9LiveActorE
0x7101ded0e0,0056,_ZTCN2al17BreakMapPartsBaseE24_NS_15IUseStageSwitchE
0x7101ded1b8,0016,_ZN12_GLOBAL__N_120NrvBreakMapPartsBaseE
0x7101ded1c8,0472,_ZTVN2al9ChildStepE
0x7101ded3e0,0304,_ZTCN2al9ChildStepE0_NS_9LiveActorE
0x7101ded510,0056,_ZTCN2al9ChildStepE24_NS_15IUseStageSwitchE
0x7101ded588,0008,_ZN2al12_GLOBAL__N_112NrvChildStepE
0x7101ded5a8,0472,_ZTVN2al13ClockMapPartsE
0x7101ded7c0,0304,_ZTCN2al13ClockMapPartsE0_NS_9LiveActorE
0x7101ded8f0,0056,_ZTCN2al13ClockMapPartsE24_NS_15IUseStageSwitchE
0x7101dedb48,0048,_ZTVN2al10FunctorV0MIPNS_13ClockMapPartsEMS1_FvvEEE
0x7101dedb98,0472,_ZTVN2al16ConveyerMapPartsE
0x7101deddb0,0304,_ZTCN2al16ConveyerMapPartsE0_NS_9LiveActorE
0x7101dedee0,0056,_ZTCN2al16ConveyerMapPartsE24_NS_15IUseStageSwitchE
0x7101dedfb8,0024,_ZTVN2al16DeriveActorGroupINS_12ConveyerStepEEE
0x7101dedfe8,0048,_ZTVN2al10FunctorV0MIPNS_16ConveyerMapPartsEMS1_FvvEEE
0x7101dee038,0016,_ZN12_GLOBAL__N_119NrvConveyerMapPartsE
0x7101dee048,0472,_ZTVN2al12ConveyerStepE
0x7101dee260,0304,_ZTCN2al12ConveyerStepE0_NS_9LiveActorE
0x7101dee390,0056,_ZTCN2al12ConveyerStepE24_NS_15IUseStageSwitchE
0x7101dee408,0008,_ZN12_GLOBAL__N_115NrvConveyerStepE
0x7101dee428,0472,_ZTVN2al12FallMapPartsE
0x7101dee640,0304,_ZTCN2al12FallMapPartsE0_NS_9LiveActorE
0x7101dee770,0056,_ZTCN2al12FallMapPartsE24_NS_15IUseStageSwitchE
0x7101dee908,0472,_ZTVN2al11FixMapPartsE
0x7101deeb20,0304,_ZTCN2al11FixMapPartsE0_NS_9LiveActorE
0x7101deec50,0056,_ZTCN2al11FixMapPartsE24_NS_15IUseStageSwitchE
0x7101deeca8,0472,_ZTVN2al15FloaterMapPartsE
0x7101deeec0,0304,_ZTCN2al15FloaterMapPartsE0_NS_9LiveActorE
0x7101deeff0,0056,_ZTCN2al15FloaterMapPartsE24_NS_15IUseStageSwitchE
0x7101def108,0472,_ZTVN2al12GateMapPartsE
0x7101def320,0304,_ZTCN2al12GateMapPartsE0_NS_9LiveActorE
0x7101def450,0056,_ZTCN2al12GateMapPartsE24_NS_15IUseStageSwitchE
0x7101def5a8,0048,_ZTVN2al10FunctorV0MIPNS_12GateMapPartsEMS1_FvvEEE
0x7101def5f8,0496,_ZTVN2al15KeyMoveMapPartsE
0x7101def830,0304,_ZTCN2al15KeyMoveMapPartsE0_NS_9LiveActorE
0x7101def960,0056,_ZTCN2al15KeyMoveMapPartsE24_NS_15IUseStageSwitchE
0x7101defb78,0048,_ZTVN2al10FunctorV0MIPNS_15KeyMoveMapPartsEMS1_FvvEEE
0x7101defbc8,0472,_ZTVN2al24KeyMoveMapPartsGeneratorE
0x7101defde0,0304,_ZTCN2al24KeyMoveMapPartsGeneratorE0_NS_9LiveActorE
0x7101deff10,0056,_ZTCN2al24KeyMoveMapPartsGeneratorE24_NS_15IUseStageSwitchE
0x7101deffe8,0016,_ZN12_GLOBAL__N_127NrvKeyMoveMapPartsGeneratorE
0x7101defff8,0472,_ZTVN2al18OneMeshFixMapPartsE
0x7101df0230,0304,_ZTCN2al18OneMeshFixMapPartsE0_NS_11FixMapPartsE
0x7101df0360,0304,_ZTCN2al18OneMeshFixMapPartsE0_NS_9LiveActorE
0x7101df0490,0056,_ZTCN2al18OneMeshFixMapPartsE24_NS_15IUseStageSwitchE
0x7101df04e8,0472,_ZTVN2al16RailMoveMapPartsE
0x7101df0700,0304,_ZTCN2al16RailMoveMapPartsE0_NS_9LiveActorE
0x7101df0830,0056,_ZTCN2al16RailMoveMapPartsE24_NS_15IUseStageSwitchE
0x7101df0948,0048,_ZTVN2al10FunctorV0MIPNS_16RailMoveMapPartsEMS1_FvvEEE
0x7101df0998,0472,_ZTVN2al19RollingCubeMapPartsE
0x7101df0bb0,0304,_ZTCN2al19RollingCubeMapPartsE0_NS_9LiveActorE
0x7101df0ce0,0056,_ZTCN2al19RollingCubeMapPartsE24_NS_15IUseStageSwitchE
0x7101df10b8,0472,_ZTVN2al14RotateMapPartsE
0x7101df12d0,0304,_ZTCN2al14RotateMapPartsE0_NS_9LiveActorE
0x7101df1400,0056,_ZTCN2al14RotateMapPartsE24_NS_15IUseStageSwitchE
0x7101df1518,0048,_ZTVN2al10FunctorV0MIPNS_14RotateMapPartsEMS1_FvvEEE
0x7101df1568,0472,_ZTVN2al14SeesawMapPartsE
0x7101df1780,0304,_ZTCN2al14SeesawMapPartsE0_NS_9LiveActorE
0x7101df18b0,0056,_ZTCN2al14SeesawMapPartsE24_NS_15IUseStageSwitchE
0x7101df1948,0472,_ZTVN2al13SlideMapPartsE
0x7101df1b60,0304,_ZTCN2al13SlideMapPartsE0_NS_9LiveActorE
0x7101df1c90,0056,_ZTCN2al13SlideMapPartsE24_NS_15IUseStageSwitchE
0x7101df1de8,0048,_ZTVN2al10FunctorV0MIPNS_13SlideMapPartsEMS1_FvvEEE
0x7101df1e38,0472,_ZTVN2al19SubActorLodMapPartsE
0x7101df2050,0304,_ZTCN2al19SubActorLodMapPartsE0_NS_9LiveActorE
0x7101df2180,0056,_ZTCN2al19SubActorLodMapPartsE24_NS_15IUseStageSwitchE
0x7101df21d8,0552,_ZTVN2al28SupportFreezeSyncGroupHolderE
0x7101df2440,0304,_ZTCN2al28SupportFreezeSyncGroupHolderE0_NS_9LiveActorE
0x7101df2570,0056,_ZTCN2al28SupportFreezeSyncGroupHolderE24_NS_15IUseStageSwitchE
0x7101df25e8,0472,_ZTVN2al12SurfMapPartsE
0x7101df2800,0304,_ZTCN2al12SurfMapPartsE0_NS_9LiveActorE
0x7101df2930,0056,_ZTCN2al12SurfMapPartsE24_NS_15IUseStageSwitchE
0x7101df29a8,0008,_ZN12_GLOBAL__N_115NrvSurfMapPartsE
0x7101df29c8,0472,_ZTVN2al13SwingMapPartsE
0x7101df2be0,0304,_ZTCN2al13SwingMapPartsE0_NS_9LiveActorE
0x7101df2d10,0056,_ZTCN2al13SwingMapPartsE24_NS_15IUseStageSwitchE
0x7101df2e68,0048,_ZTVN2al10FunctorV0MIPNS_13SwingMapPartsEMS1_FvvEEE
0x7101df2eb8,0472,_ZTVN2al20SwitchDitherMapPartsE
0x7101df30d0,0304,_ZTCN2al20SwitchDitherMapPartsE0_NS_9LiveActorE
0x7101df3200,0056,_ZTCN2al20SwitchDitherMapPartsE24_NS_15IUseStageSwitchE
0x7101df3298,0048,_ZTVN2al10FunctorV0MIPNS_20SwitchDitherMapPartsEMS1_FvvEEE
0x7101df32e8,0472,_ZTVN2al18SwitchOpenMapPartsE
0x7101df3500,0304,_ZTCN2al18SwitchOpenMapPartsE0_NS_9LiveActorE
0x7101df3630,0056,_ZTCN2al18SwitchOpenMapPartsE24_NS_15IUseStageSwitchE
0x7101df3808,0048,_ZTVN2al10FunctorV0MIPNS_18SwitchOpenMapPartsEMS1_FvvEEE
0x7101df3858,0472,_ZTVN2al21VisibleSwitchMapPartsE
0x7101df3a70,0304,_ZTCN2al21VisibleSwitchMapPartsE0_NS_9LiveActorE
0x7101df3ba0,0056,_ZTCN2al21VisibleSwitchMapPartsE24_NS_15IUseStageSwitchE
0x7101df3d78,0048,_ZTVN2al10FunctorV0MIPNS_21VisibleSwitchMapPartsEMS1_FvvEEE
0x7101df3dd0,0048,_ZN2al12_GLOBAL__N_124NrvVisibleSwitchMapPartsE
0x7101df3e00,0472,_ZTVN2al13WheelMapPartsE
0x7101df4020,0304,_ZTCN2al13WheelMapPartsE0_NS_9LiveActorE
0x7101df4150,0056,_ZTCN2al13WheelMapPartsE24_NS_15IUseStageSwitchE
0x7101df4268,0472,_ZTVN2al14WobbleMapPartsE
0x7101df4480,0304,_ZTCN2al14WobbleMapPartsE0_NS_9LiveActorE
0x7101df45b0,0056,_ZTCN2al14WobbleMapPartsE24_NS_15IUseStageSwitchE
0x7101df46e8,0328,_ZTVN2al18CustomTagProcessorE
0x7101df4880,0048,_ZTVN4sead15FixedSafeStringILi95EEE
0x7101df48e8,0048,_ZTVN4sead19FixedSafeStringBaseIcLi95EEE
0x7101df4a08,0032,_ZTVN2al13MessageHolderE
0x7101df4a48,0032,_ZTVN4sead10MessageSetIDsEE
0x7101df4ab0,0040,_ZTVN4sead10StrTreeMapILi256EPN2al13MessageHolderEE4NodeE
0x7101df4af8,0032,_ZTVN4sead9Delegate1INS_10StrTreeMapILi256EPN2al13MessageHolderEEEPNS_11TreeMapNodeINS_14SafeStringBaseIcEEEEEE
0x7101df4b58,0032,_ZTVN4sead12DelegateBaseINS_10StrTreeMapILi256EPN2al13MessageHolderEEEMS5_FvPNS_11TreeMapNodeINS_14SafeStringBaseIcEEEEENS_10IDelegate1ISA_EEEE
0x7101df4b78,0024,_ZTVN2al19MessageTagDataScoreE
0x7101df4bb8,0024,_ZTVN2al21MessageTagDataCoinNumE
0x7101df4be8,0024,_ZTVN2al22MessageTagDataUserNameE
0x7101df4c18,0024,_ZTVN2al20MessageTagDataStringE
0x7101df4c48,0024,_ZTVN2al24MessageTagDataAmiiboNameE
0x7101df4c78,0056,_ZTVN2al23ReplaceTagProcessorBaseE
0x7101df4cc0,0032,_ZTVN4sead9Delegate2IN2al22ModelDrawBufferUpdaterEPNS_6ThreadElEE
0x7101df4d18,0032,_ZTVN4sead12DelegateBaseIN2al22ModelDrawBufferUpdaterEMS2_FvPNS_6ThreadElENS_10IDelegate2IS4_lEEEE
0x7101df4d38,0080,_ZTVN2al15ModelDrawerBaseE
0x7101df4da8,0080,_ZTVN2al23ModelDrawerBufferUpdateE
0x7101df4e18,0080,_ZTVN2al20ModelDrawerChromakeyE
0x7101df4eb8,0080,_ZTVN2al19ModelDrawerDeferredE
0x7101df4f28,0080,_ZTVN2al28ModelDrawerDeferredFootPrintE
0x7101df4f98,0080,_ZTVN2al29ModelDrawerDeferredSilhouetteE
0x7101df5008,0080,_ZTVN2al22ModelDrawerDeferredSkyE
0x7101df5078,0088,_ZTVN2al20ModelDrawerDepthOnlyE
0x7101df5128,0080,_ZTVN2al22ModelDrawerDepthShadowE
0x7101df5198,0080,_ZTVN2al18ModelDrawerForwardE
0x7101df5228,0080,_ZTVN2al25ModelDrawerPrepassCullingE
0x7101df52b8,0080,_ZTVN2al28ModelDrawerStaticDepthShadowE
0x7101df5328,0080,_ZTVN2al18ModelDrawerWorldAoE
0x7101df5428,0032,_ZTVN2al10ModelGroupE
0x7101df5468,0032,_ZTVN2al11ModelKeeperE
0x7101df54a8,0064,_ZTVN2al8SkyParamE
0x7101df5508,0040,_ZTVN2al19AnimScaleControllerE
0x7101df5568,0008,_ZN12_GLOBAL__N_14StopE
0x7101df55a8,0008,_ZN12_GLOBAL__N_14AnimE
0x7101df55e8,0008,_ZN12_GLOBAL__N_19VibrationE
0x7101df5628,0008,_ZN12_GLOBAL__N_111HitReactionE
0x7101df5668,0008,_ZN12_GLOBAL__N_15CrushE
0x7101df5688,0040,_ZTVN2al13ClockMovementE
0x7101df57a8,0008,_ZN12_GLOBAL__N_14WaitE
0x7101df57d0,0024,_ZN12_GLOBAL__N_116NrvClockMovementE
0x7101df5808,0080,_ZTVN2al18EnemyStateBlowDownE
0x7101df5878,0024,_ZTVN2al12FlashingCtrlE
0x7101df58a0,0024,_ZTVN2al18FlashingCtrlDitherE
0x7101df58c8,0080,_ZTVN2al15KeyMoveMovementE
0x7101df59d8,0008,_ZN12_GLOBAL__N_14MoveE
0x7101df59f8,0016,_ZN12_GLOBAL__N_118NrvKeyMoveMovementE
0x7101df5a08,0080,_ZTVN2al21ParabolicPathMovementE
0x7101df5a98,0008,_ZN12_GLOBAL__N_14MoveE
0x7101df5ab8,0080,_ZTVN2al16RailMoveMovementE
0x7101df5b48,0008,_ZN12_GLOBAL__N_119NrvRailMoveMovementE
0x7101df5b68,0024,_ZTVN2al16RumbleCalculatorE
0x7101df5b80,0024,_ZTVN2al29RumbleCalculatorCosMultLinearE
0x7101df5b98,0024,_ZTVN2al35RumbleCalculatorCosAddOneMultLinearE
0x7101df5c08,0040,_ZTVN2al13SwingMovementE
0x7101df5c68,0008,_ZN12_GLOBAL__N_14MoveE
0x7101df5ca8,0008,_ZN12_GLOBAL__N_14StopE
0x7101df5cc8,0040,_ZTVN2al13WheelMovementE
0x7101df5d08,0040,_ZTVN2al11NerveActionE
0x7101df5d30,0040,_ZTVN2al13NerveExecutorE
0x7101df5d98,0080,_ZTVN2al14NerveStateBaseE
0x7101df5de8,0080,_ZTVN2al14ActorStateBaseE
0x7101df5e58,0032,_ZTVN2al13AccountHolderE
0x7101df5e98,0056,_ZTVN2al24FriendsProfileDownloaderE
0x7101df5f08,0032,_ZTVN4sead9Delegate2IN2al24FriendsProfileDownloaderEPNS_6ThreadElEE
0x7101df5f68,0032,_ZTVN4sead12DelegateBaseIN2al24FriendsProfileDownloaderEMS2_FvPNS_6ThreadElENS_10IDelegate2IS4_lEEEE
0x7101df5f88,0040,_ZTVN2al13NetworkSystemE
0x7101df5fe8,0032,_ZTVN4sead9Delegate2IN2al13NetworkSystemEPNS_6ThreadElEE
0x7101df6048,0032,_ZTVN4sead12DelegateBaseIN2al13NetworkSystemEMS2_FvPNS_6ThreadElENS_10IDelegate2IS4_lEEEE
0x7101df6068,0048,_ZTVN2al10FunctorV0MIPNS_13NetworkSystemEMS1_FvvEEE
0x7101df60b8,0040,_ZTVN2al19NetworkTaskExecutorE
0x7101df60e0,0040,_ZTVN2al28NetworkTaskSystemInitializerE
0x7101df6138,0192,_ZTVN2al13NetworkThreadE
0x7101df6218,0032,_ZTVN2al18NexUtilityDirectorE
0x7101df6258,0040,_ZTVN2al21NexNetworkStateHolderE
0x7101df62b8,0008,_ZN12_GLOBAL__N_110BeforeInitE
0x7101df6438,0008,_ZN12_GLOBAL__N_19ConnectedE
0x7101df6560,0072,_ZN12_GLOBAL__N_111NrvHostTypeE
0x7101df65a8,0048,_ZTVN2al11NfpDirectorE
0x7101df65f8,0032,_ZTVN4sead9Delegate2IN2al11NfpDirectorEPNS_6ThreadElEE
0x7101df6658,0032,_ZTVN4sead12DelegateBaseIN2al11NfpDirectorEMS2_FvPNS_6ThreadElENS_10IDelegate2IS4_lEEEE
0x7101df6678,0032,_ZTVN2al19NfpControllerThreadE
0x7101df66c8,0032,_ZTVN4sead9Delegate2IN2al19NfpControllerThreadEPNS_6ThreadElEE
0x7101df6728,0032,_ZTVN4sead12DelegateBaseIN2al19NfpControllerThreadEMS2_FvPNS_6ThreadElENS_10IDelegate2IS4_lEEEE
0x7101df6748,0064,_ZTVN2al19ActorDitherAnimatorE
0x7101df6848,0008,_ZN12_GLOBAL__N_14StopE
0x7101df6888,0008,_ZN12_GLOBAL__N_114ValidateChangeE
0x7101df68c8,0008,_ZN12_GLOBAL__N_116InvalidateChangeE
0x7101df6908,0008,_ZN12_GLOBAL__N_19HideStartE
0x7101df6948,0008,_ZN12_GLOBAL__N_14HideE
0x7101df6988,0008,_ZN12_GLOBAL__N_19ShowStartE
0x7101df69a8,0016,_ZN12_GLOBAL__N_122NrvActorDitherAnimatorE
0x7101df69b8,0472,_ZTVN2al14AllDeadWatcherE
0x7101df6bd0,0304,_ZTCN2al14AllDeadWatcherE0_NS_9LiveActorE
0x7101df6d00,0056,_ZTCN2al14AllDeadWatcherE24_NS_15IUseStageSwitchE
0x7101df6d78,0008,_ZN12_GLOBAL__N_15WatchE
0x7101df6db8,0008,_ZN12_GLOBAL__N_14WaitE
0x7101df6dd8,0472,_ZTVN2al10BgmPlayObjE
0x7101df6ff0,0304,_ZTCN2al10BgmPlayObjE0_NS_9LiveActorE
0x7101df7120,0056,_ZTCN2al10BgmPlayObjE24_NS_15IUseStageSwitchE
0x7101df71f8,0104,_ZTVN2al28AudioListenerAtActorPositionE
0x7101df72c8,0048,_ZTVN2al10FunctorV0MIPNS_10BgmPlayObjEMS1_FvvEEE
0x7101df7320,0024,_ZN12_GLOBAL__N_113NrvBgmPlayObjE
0x7101df7338,0472,_ZTVN2al10BreakModelE
0x7101df7550,0304,_ZTCN2al10BreakModelE0_NS_9LiveActorE
0x7101df7680,0056,_ZTCN2al10BreakModelE24_NS_15IUseStageSwitchE
0x7101df76f8,0008,_ZN12_GLOBAL__N_14WaitE
0x7101df7738,0008,_ZN12_GLOBAL__N_15BreakE
0x7101df7758,0472,_ZTVN2al16CameraRailHolderE
0x7101df7970,0304,_ZTCN2al16CameraRailHolderE0_NS_9LiveActorE
0x7101df7aa0,0056,_ZTCN2al16CameraRailHolderE24_NS_15IUseStageSwitchE
0x7101df7af8,0472,_ZTVN2al16CameraWatchPointE
0x7101df7d10,0304,_ZTCN2al16CameraWatchPointE0_NS_9LiveActorE
0x7101df7e40,0056,_ZTCN2al16CameraWatchPointE24_NS_15IUseStageSwitchE
0x7101df7e98,0472,_ZTVN2al12CollisionObjE
0x7101df80b0,0304,_ZTCN2al12CollisionObjE0_NS_9LiveActorE
0x7101df81e0,0056,_ZTCN2al12CollisionObjE24_NS_15IUseStageSwitchE
0x7101df8238,0472,_ZTVN2al16DepthShadowModelE
0x7101df8450,0304,_ZTCN2al16DepthShadowModelE0_NS_9LiveActorE
0x7101df8580,0056,_ZTCN2al16DepthShadowModelE24_NS_15IUseStageSwitchE
0x7101df85d8,0472,_ZTVN2al21DynamicCollisionActorE
0x7101df87f0,0304,_ZTCN2al21DynamicCollisionActorE0_NS_9LiveActorE
0x7101df8920,0056,_ZTCN2al21DynamicCollisionActorE24_NS_15IUseStageSwitchE
0x7101df8978,0504,_ZTVN2al16DynamicDrawActorE
0x7101df8be0,0304,_ZTCN2al16DynamicDrawActorE0_NS_9LiveActorE
0x7101df8d10,0056,_ZTCN2al16DynamicDrawActorE24_NS_15IUseStageSwitchE
0x7101df8d98,0024,_ZTVN2al12IUseFinalizeE
0x7101df8db0,0048,_ZTVN2al10FunctorV0MIPKNS_16DynamicDrawActorEMS1_KFvvEEE
0x7101df8df8,0032,_ZTVN2al17DynamicMeshDrawerE
0x7101df8e38,0480,_ZTVN2al9EffectObjE
0x7101df9060,0304,_ZTCN2al9EffectObjE0_NS_9LiveActorE
0x7101df9190,0056,_ZTCN2al9EffectObjE24_NS_15IUseStageSwitchE
0x7101df91e8,0048,_ZTVN2al10FunctorV0MIPNS_9EffectObjEMS1_FvvEEE
0x7101df9238,0472,_ZTVN2al19EffectObjCameraEmitE
0x7101df9450,0304,_ZTCN2al19EffectObjCameraEmitE0_NS_9LiveActorE
0x7101df9580,0056,_ZTCN2al19EffectObjCameraEmitE24_NS_15IUseStageSwitchE
0x7101df95d8,0048,_ZTVN2al10FunctorV0MIPNS_19EffectObjCameraEmitEMS1_FvvEEE
0x7101df9628,0472,_ZTVN2al21EffectObjFollowCameraE
0x7101df9840,0304,_ZTCN2al21EffectObjFollowCameraE0_NS_9LiveActorE
0x7101df9970,0056,_ZTCN2al21EffectObjFollowCameraE24_NS_15IUseStageSwitchE
0x7101df99e8,0008,_ZN2al12_GLOBAL__N_14WaitE
0x7101df9a28,0008,_ZN2al12_GLOBAL__N_19DisappearE
0x7101df9a48,0048,_ZTVN2al10FunctorV0MIPNS_21EffectObjFollowCameraEMS1_FvvEEE
0x7101df9a98,0472,_ZTVN2al26EffectObjFollowCameraLimitE
0x7101df9cb0,0304,_ZTCN2al26EffectObjFollowCameraLimitE0_NS_9LiveActorE
0x7101df9de0,0056,_ZTCN2al26EffectObjFollowCameraLimitE24_NS_15IUseStageSwitchE
0x7101df9e58,0008,_ZN2al12_GLOBAL__N_14WaitE
0x7101df9e98,0008,_ZN2al12_GLOBAL__N_19DisappearE
0x7101df9eb8,0048,_ZTVN2al10FunctorV0MIPNS_26EffectObjFollowCameraLimitEMS1_FvvEEE
0x7101df9f08,0472,_ZTVN2al17EffectObjIntervalE
0x7101dfa120,0304,_ZTCN2al17EffectObjIntervalE0_NS_9LiveActorE
0x7101dfa250,0056,_ZTCN2al17EffectObjIntervalE24_NS_15IUseStageSwitchE
0x7101dfa2a8,0048,_ZTVN2al10FunctorV0MIPNS_17EffectObjIntervalEMS1_FvvEEE
0x7101dfa2f8,0064,_ZTVN2al25FarDistanceDitherAnimatorE
0x7101dfa468,0056,_ZTVN2al15FootPrintServerE
0x7101dfa4d8,0048,_ZTVN2al29SphereJudgeDistanceCalculatorE
0x7101dfa508,0048,_ZTVN2al34BoundingBoxJudgeDistanceCalculatorE
0x7101dfa588,0472,_ZTVN2al16KeyMoveCameraObjE
0x7101dfa7a0,0304,_ZTCN2al16KeyMoveCameraObjE0_NS_9LiveActorE
0x7101dfa8d0,0056,_ZTCN2al16KeyMoveCameraObjE24_NS_15IUseStageSwitchE
0x7101dfa928,0472,_ZTVN2al19KeyMoveFollowTargetE
0x7101dfab40,0304,_ZTCN2al19KeyMoveFollowTargetE0_NS_9LiveActorE
0x7101dfac70,0056,_ZTCN2al19KeyMoveFollowTargetE24_NS_15IUseStageSwitchE
0x7101dfae58,0472,_ZTVN2al19LightningControllerE
0x7101dfb070,0304,_ZTCN2al19LightningControllerE0_NS_9LiveActorE
0x7101dfb1a0,0056,_ZTCN2al19LightningControllerE24_NS_15IUseStageSwitchE
0x7101dfb278,0016,_ZN12_GLOBAL__N_122NrvLightningControllerE
0x7101dfb288,0472,_ZTVN2al14ModelDrawPartsE
0x7101dfb4a0,0304,_ZTCN2al14ModelDrawPartsE0_NS_9LiveActorE
0x7101dfb5d0,0056,_ZTCN2al14ModelDrawPartsE24_NS_15IUseStageSwitchE
0x7101dfb628,0472,_ZTVN2al10PartsModelE
0x7101dfb840,0304,_ZTCN2al10PartsModelE0_NS_9LiveActorE
0x7101dfb970,0056,_ZTCN2al10PartsModelE24_NS_15IUseStageSwitchE
0x7101dfb9c8,0472,_ZTVN2al12SeBarrierObjE
0x7101dfbbe0,0304,_ZTCN2al12SeBarrierObjE0_NS_9LiveActorE
0x7101dfbd10,0056,_ZTCN2al12SeBarrierObjE24_NS_15IUseStageSwitchE
0x7101dfbd68,0472,_ZTVN2al9SePlayObjE
0x7101dfbf80,0304,_ZTCN2al9SePlayObjE0_NS_9LiveActorE
0x7101dfc0b0,0056,_ZTCN2al9SePlayObjE24_NS_15IUseStageSwitchE
0x7101dfc1c8,0048,_ZTVN2al10FunctorV0MIPNS_9SePlayObjEMS1_FvvEEE
0x7101dfc220,0024,_ZN12_GLOBAL__N_112NrvSePlayObjE
0x7101dfc238,0472,_ZTVN2al10SePlayRailE
0x7101dfc450,0304,_ZTCN2al10SePlayRailE0_NS_9LiveActorE
0x7101dfc580,0056,_ZTCN2al10SePlayRailE24_NS_15IUseStageSwitchE
0x7101dfc5d8,0472,_ZTVN2al15SilhouetteModelE
0x7101dfc7f0,0304,_ZTCN2al15SilhouetteModelE0_NS_9LiveActorE
0x7101dfc920,0056,_ZTCN2al15SilhouetteModelE24_NS_15IUseStageSwitchE
0x7101dfc978,0472,_ZTVN2al20SimpleCircleShadowXZE
0x7101dfcb90,0304,_ZTCN2al20SimpleCircleShadowXZE0_NS_9LiveActorE
0x7101dfccc0,0056,_ZTCN2al20SimpleCircleShadowXZE24_NS_15IUseStageSwitchE
0x7101dfcd18,0472,_ZTV15SimpleSignBoard
0x7101dfcf30,0304,_ZTC15SimpleSignBoard0_N2al9LiveActorE
0x7101dfd060,0056,_ZTC15SimpleSignBoard24_N2al15IUseStageSwitchE
0x7101dfd0b8,0472,_ZTVN2al3SkyE
0x7101dfd2d0,0304,_ZTCN2al3SkyE0_NS_9LiveActorE
0x7101dfd400,0056,_ZTCN2al3SkyE24_NS_15IUseStageSwitchE
0x7101dfd458,0472,_ZTVN2al19SwitchKeepOnWatcherE
0x7101dfd670,0304,_ZTCN2al19SwitchKeepOnWatcherE0_NS_9LiveActorE
0x7101dfd7a0,0056,_ZTCN2al19SwitchKeepOnWatcherE24_NS_15IUseStageSwitchE
0x7101dfd858,0008,_ZN12_GLOBAL__N_15CountE
0x7101dfd8b8,0016,_ZN12_GLOBAL__N_122NrvSwitchKeepOnWatcherE
0x7101dfd8c8,0024,_ZTVN2al16DeriveActorGroupINS_10TraceActorEEE
0x7101dfd8f8,0472,_ZTVN2al17TriangleDrawActorE
0x7101dfdb10,0304,_ZTCN2al17TriangleDrawActorE0_NS_9LiveActorE
0x7101dfdc40,0056,_ZTCN2al17TriangleDrawActorE24_NS_15IUseStageSwitchE
0x7101dfdc98,0472,_ZTVN2al12WaitEndActorE
0x7101dfdeb0,0304,_ZTCN2al12WaitEndActorE0_NS_9LiveActorE
0x7101dfdfe0,0056,_ZTCN2al12WaitEndActorE24_NS_15IUseStageSwitchE
0x7101dfe058,0008,_ZN12_GLOBAL__N_14WaitE
0x7101dfe098,0008,_ZN12_GLOBAL__N_13EndE
0x7101dfe0b8,0472,_ZTVN2al18WaterAreaMoveModelE
0x7101dfe2d0,0304,_ZTCN2al18WaterAreaMoveModelE0_NS_9LiveActorE
0x7101dfe400,0056,_ZTCN2al18WaterAreaMoveModelE24_NS_15IUseStageSwitchE
0x7101dfe558,0048,_ZTVN2al10FunctorV0MIPNS_18WaterAreaMoveModelEMS1_FvvEEE
0x7101dfe5b0,0032,_ZN12_GLOBAL__N_121NrvWaterAreaMoveModelE
0x7101dfe5d0,0112,_ZTVN2al20CameraStartParamAreaE
0x7101dfe670,0088,_ZTCN2al20CameraStartParamAreaE0_NS_7AreaObjE
0x7101dfe6d0,0056,_ZTCN2al20CameraStartParamAreaE0_NS_15IUseStageSwitchE
0x7101dfe728,0048,_ZTVN2al10FunctorV0MIPNS_20CameraStartParamAreaEMS1_FvvEEE
0x7101dfe778,0112,_ZTVN2al13SeBarrierAreaE
0x7101dfe820,0088,_ZTCN2al13SeBarrierAreaE0_NS_7AreaObjE
0x7101dfe880,0056,_ZTCN2al13SeBarrierAreaE0_NS_15IUseStageSwitchE
0x7101dfe8d8,0112,_ZTVN2al10SePlayAreaE
0x7101dfe980,0088,_ZTCN2al10SePlayAreaE0_NS_7AreaObjE
0x7101dfe9e0,0056,_ZTCN2al10SePlayAreaE0_NS_15IUseStageSwitchE
0x7101dfea38,0112,_ZTVN2al12ViewCtrlAreaE
0x7101dfeae0,0088,_ZTCN2al12ViewCtrlAreaE0_NS_7AreaObjE
0x7101dfeb40,0056,_ZTCN2al12ViewCtrlAreaE0_NS_15IUseStageSwitchE
0x7101dfeb98,0152,_ZTVN2al20ActorCameraSubTargetE
0x7101dfec30,0152,_ZTVN2al30ActorBackAroundCameraSubTargetE
0x7101dfed08,0152,_ZTVN2al17ActorCameraTargetE
0x7101dfeda0,0152,_ZTVN2al23ActorMatrixCameraTargetE
0x7101dfee58,0072,_ZTVN2al19CameraArrowColliderE
0x7101dfef58,0032,_ZTVN4sead9Delegate1IN2al19CameraArrowColliderEPNS1_14CollisionPartsEEE
0x7101dfefb8,0032,_ZTVN4sead12DelegateBaseIN2al19CameraArrowColliderEMS2_FvPNS1_14CollisionPartsEENS_10IDelegate1IS4_EEEE
0x7101dfefd8,0016,_ZN12_GLOBAL__N_122NrvCameraArrowColliderE
0x7101dfefe8,0320,_ZTVN2al28CameraPoserActorRailParallelE
0x7101dff148,0320,_ZTVN2al15CameraPoserAnimE
0x7101dff2a8,0320,_ZTVN2al21CameraPoserBossBattleE
0x7101dff428,0008,_ZN12_GLOBAL__N_15TowerE
0x7101dff468,0008,_ZN12_GLOBAL__N_16FollowE
0x7101dff4a8,0008,_ZN12_GLOBAL__N_110FollowNearE
0x7101dff4c8,0320,_ZTVN2al15CameraPoserCartE
0x7101dff648,0008,_ZN12_GLOBAL__N_16FollowE
0x7101dff688,0008,_ZN12_GLOBAL__N_14StopE
0x7101dff6a8,0320,_ZTVN2al19CameraPoserEntranceE
0x7101dff8d0,0024,_ZN12_GLOBAL__N_122NrvCameraPoserEntranceE
0x7101dff8e8,0320,_ZTVN2al14CameraPoserFixE
0x7101dffa48,0320,_ZTVN2al19CameraPoserFixActorE
0x7101dffb88,0320,_ZTVN2al18CameraPoserFixTalkE
0x7101dffcc8,0320,_ZTVN2al21CameraPoserFixFishingE
0x7101dffe68,0320,_ZTVN2al18CameraPoserFixLookE
0x7101dfffc8,0320,_ZTVN2al19CameraPoserFixPointE
0x7101e00128,0320,_ZTVN2al23CameraPoserFollowSimpleE
0x7101e00288,0320,_ZTVN2al21CameraPoserInnerTowerE
0x7101e00418,0320,_ZTVN2al25CameraPoserKinopioBrigadeE
0x7101e00578,0320,_ZTVN2al20CameraPoserLookBoardE
0x7101e006d8,0320,_ZTVN2al19CameraPoserLookDownE
0x7101e00838,0320,_ZTVN2al25CameraPoserParallelSimpleE
0x7101e00998,0320,_ZTVN2al22CameraPoserProgramableE
0x7101e00af8,0320,_ZTVN2al27CameraPoserProgramableAngleE
0x7101e00c58,0320,_ZTVN2al43CameraPoserProgramableKeepColliderPreCameraE
0x7101e00db8,0320,_ZTVN2al20CameraPoserQuickTurnE
0x7101e00f38,0008,_ZN12_GLOBAL__N_16FollowE
0x7101e00f78,0008,_ZN12_GLOBAL__N_14RaceE
0x7101e00f98,0320,_ZTVN2al15CameraPoserRaceE
0x7101e010f8,0320,_ZTVN2al25CameraPoserRailMoveLookAtE
0x7101e01258,0320,_ZTVN2al24CameraPoserRailMoveMovieE
0x7101e013d8,0008,_ZN12_GLOBAL__N_14MoveE
0x7101e013f8,0320,_ZTVN2al24CameraPoserShooterSingleE
0x7101e01558,0320,_ZTVN2al21CameraPoserSubjectiveE
0x7101e016d8,0008,_ZN12_GLOBAL__N_14WaitE
0x7101e01718,0008,_ZN12_GLOBAL__N_15ResetE
0x7101e01738,0320,_ZTVN2al15CameraPoserTalkE
0x7101e01898,0320,_ZTVN2al16CameraPoserTowerE
0x7101e01ac0,0024,_ZN12_GLOBAL__N_119NrvCameraPoserTowerE
0x7101e01ad8,0080,_ZTVN2al24CameraStateRailMoveMovieE
0x7101e01c08,0008,_ZN12_GLOBAL__N_15AfterE
0x7101e01c28,0016,_ZN12_GLOBAL__N_127NrvCameraStateRailMoveMovieE
0x7101e01c38,0040,_ZTVN2al22CameraVerticalAbsorberE
0x7101e01e40,0056,_ZN12_GLOBAL__N_125NrvCameraVerticalAbsorberE
0x7101e01e78,0040,_ZTVN2al30CameraVerticalAbsorber2DGalaxyE
0x7101e02000,0040,_ZN12_GLOBAL__N_133NrvCameraVerticalAbsorber2DGalaxyE
0x7101e02028,0472,_ZTVN2al22EntranceCameraStartObjE
0x7101e02240,0304,_ZTCN2al22EntranceCameraStartObjE0_NS_9LiveActorE
0x7101e02370,0056,_ZTCN2al22EntranceCameraStartObjE24_NS_15IUseStageSwitchE
0x7101e023c8,0328,_ZTVN2al16KeyMoveCameraFixE
0x7101e02528,0328,_ZTVN2al21KeyMoveCameraRailMoveE
0x7101e02688,0328,_ZTVN2al26KeyMoveCameraRailMoveMovieE
0x7101e02808,0008,_ZN12_GLOBAL__N_14MoveE
0x7101e028a8,0016,_ZN12_GLOBAL__N_129NrvKeyMoveCameraRailMoveMovieE
0x7101e028b8,0328,_ZTVN2al17KeyMoveCameraZoomE
0x7101e02a18,0032,_ZTVN2al24SimpleCameraPoserFactoryE
0x7101e02af8,0128,_ZTVN2al15ChromakeyDrawerE
0x7101e02bb8,0128,_ZTVN2al13PartsGraphicsE
0x7101e02c38,0128,_ZTVN2al18NoiseTextureKeeperE
0x7101e02d08,0320,_ZTVN2al9OceanWaveE
0x7101e02f48,0144,_ZTVN2al16OceanWaveTextureE
0x7101e03028,0144,_ZTVN2al17OrthoDepthTextureE
0x7101e030f8,0032,_ZTVN2al17PointSpriteCursorE
0x7101e03118,0128,_ZTVN2al23PointSpriteCursorHolderE
0x7101e03218,0128,_ZTVN2al22PrepassTriangleCullingE
0x7101e032d8,0032,_ZTVN3agl11GPUMemBlockIjEE
0x7101e03338,0032,_ZTVN3agl12GPUMemBlockTIjEE
0x7101e03358,0352,_ZTVN2al14BalloonMessageE
0x7101e03520,0232,_ZTCN2al14BalloonMessageE0_NS_11LayoutActorE
0x7101e03610,0048,_ZTCN2al14BalloonMessageE8_NS_10IUseLayoutE
0x7101e03640,0080,_ZTCN2al14BalloonMessageE16_NS_16IUseLayoutActionE
0x7101e036c8,0008,_ZN12_GLOBAL__N_14WaitE
0x7101e037b0,0024,_ZN12_GLOBAL__N_117NrvBalloonMessageE
0x7101e037c8,0352,_ZTVN2al9RollPartsE
0x7101e03990,0232,_ZTCN2al9RollPartsE0_NS_11LayoutActorE
0x7101e03a80,0048,_ZTCN2al9RollPartsE8_NS_10IUseLayoutE
0x7101e03ab0,0080,_ZTCN2al9RollPartsE16_NS_16IUseLayoutActionE
0x7101e03c20,0032,_ZN12_GLOBAL__N_112NrvRollPartsE
0x7101e03c40,0352,_ZTVN2al18SimpleLayoutAppearE
0x7101e03e00,0232,_ZTCN2al18SimpleLayoutAppearE0_NS_11LayoutActorE
0x7101e03ef0,0048,_ZTCN2al18SimpleLayoutAppearE8_NS_10IUseLayoutE
0x7101e03f20,0080,_ZTCN2al18SimpleLayoutAppearE16_NS_16IUseLayoutActionE
0x7101e03f88,0352,_ZTVN2al22SimpleLayoutAppearWaitE
0x7101e04150,0232,_ZTCN2al22SimpleLayoutAppearWaitE0_NS_11LayoutActorE
0x7101e04240,0048,_ZTCN2al22SimpleLayoutAppearWaitE8_NS_10IUseLayoutE
0x7101e04270,0080,_ZTCN2al22SimpleLayoutAppearWaitE16_NS_16IUseLayoutActionE
0x7101e042f8,0008,_ZN12_GLOBAL__N_16AppearE
0x7101e04338,0008,_ZN12_GLOBAL__N_14WaitE
0x7101e04358,0352,_ZTVN2al25SimpleLayoutAppearWaitEndE
0x7101e04520,0232,_ZTCN2al25SimpleLayoutAppearWaitEndE0_NS_11LayoutActorE
0x7101e04610,0048,_ZTCN2al25SimpleLayoutAppearWaitEndE8_NS_10IUseLayoutE
0x7101e04640,0080,_ZTCN2al25SimpleLayoutAppearWaitEndE16_NS_16IUseLayoutActionE
0x7101e04708,0008,_ZN12_GLOBAL__N_13EndE
0x7101e04768,0016,_ZN12_GLOBAL__N_111NrvHostTypeE
0x7101e04778,0352,_ZTVN2al16SimpleLayoutTextE
0x7101e04940,0232,_ZTCN2al16SimpleLayoutTextE0_NS_11LayoutActorE
0x7101e04a30,0048,_ZTCN2al16SimpleLayoutTextE8_NS_10IUseLayoutE
0x7101e04a60,0080,_ZTCN2al16SimpleLayoutTextE16_NS_16IUseLayoutActionE
0x7101e04ae8,0008,_ZN12_GLOBAL__N_14WaitE
0x7101e04b08,0352,_ZTVN2al24SimplePopupMessageLayoutE
0x7101e04cd0,0232,_ZTCN2al24SimplePopupMessageLayoutE0_NS_11LayoutActorE
0x7101e04dc0,0048,_ZTCN2al24SimplePopupMessageLayoutE8_NS_10IUseLayoutE
0x7101e04df0,0080,_ZTCN2al24SimplePopupMessageLayoutE16_NS_16IUseLayoutActionE
0x7101e04eb8,0008,_ZN12_GLOBAL__N_13EndE
0x7101e04f18,0016,_ZN12_GLOBAL__N_111NrvHostTypeE
0x7101e04f28,0056,_ZN2al21sVoicePlayParamForestE
0x7101e04f60,0056,_ZN2al22sVoicePlayParamSnowManE
0x7101e04f98,0056,_ZN2al28sVoicePlayParamSnowManLeaderE
0x7101e04fd0,0056,_ZN2al22sVoicePlayParamLavaManE
0x7101e05008,0056,_ZN2al22sVoicePlayParamDefaultE
0x7101e05040,0056,_ZN2al25sVoicePlayParamCityPeopleE
0x7101e05078,0056,_ZN2al23sVoicePlayParamSeaWomanE
0x7101e050b0,0056,_ZN2al21sVoicePlayParamSeaManE
0x7101e050e8,0056,_ZN2al24sVoicePlayParamAmiiboNpcE
0x7101e05120,0352,_ZTVN2al13WindowConfirmE
0x7101e052e0,0232,_ZTCN2al13WindowConfirmE0_NS_11LayoutActorE
0x7101e053d0,0048,_ZTCN2al13WindowConfirmE8_NS_10IUseLayoutE
0x7101e05400,0080,_ZTCN2al13WindowConfirmE16_NS_16IUseLayoutActionE
0x7101e05488,0008,_ZN12_GLOBAL__N_14HideE
0x7101e054c8,0008,_ZN12_GLOBAL__N_16AppearE
0x7101e055c8,0008,_ZN12_GLOBAL__N_111DecideAfterE
0x7101e055f0,0024,_ZN12_GLOBAL__N_116NrvWindowConfirmE
0x7101e05608,0352,_ZTVN2al17WindowConfirmWaitE
0x7101e057d0,0232,_ZTCN2al17WindowConfirmWaitE0_NS_11LayoutActorE
0x7101e058c0,0048,_ZTCN2al17WindowConfirmWaitE8_NS_10IUseLayoutE
0x7101e058f0,0080,_ZTCN2al17WindowConfirmWaitE16_NS_16IUseLayoutActionE
0x7101e05978,0008,_ZN12_GLOBAL__N_14HideE
0x7101e059b8,0008,_ZN12_GLOBAL__N_16AppearE
0x7101e05bb8,0008,_ZN12_GLOBAL__N_18KeepWaitE
0x7101e05be0,0056,_ZN12_GLOBAL__N_120NrvWindowConfirmWaitE
0x7101e05c18,0352,_ZTVN2al22WipeCloseAppearWaitEndE
0x7101e05de0,0232,_ZTCN2al22WipeCloseAppearWaitEndE0_NS_11LayoutActorE
0x7101e05ed0,0048,_ZTCN2al22WipeCloseAppearWaitEndE8_NS_10IUseLayoutE
0x7101e05f00,0080,_ZTCN2al22WipeCloseAppearWaitEndE16_NS_16IUseLayoutActionE
0x7101e05f88,0008,_ZN12_GLOBAL__N_110CloseStartE
0x7101e05fc8,0008,_ZN12_GLOBAL__N_18CloseEndE
0x7101e06008,0008,_ZN12_GLOBAL__N_14OpenE
0x7101e06048,0008,_ZN12_GLOBAL__N_14WaitE
0x7101e06088,0008,_ZN12_GLOBAL__N_19CloseWaitE
0x7101e060a8,0352,_ZTVN2al10WipeSimpleE
0x7101e06270,0232,_ZTCN2al10WipeSimpleE0_NS_11LayoutActorE
0x7101e06360,0048,_ZTCN2al10WipeSimpleE8_NS_10IUseLayoutE
0x7101e06390,0080,_ZTCN2al10WipeSimpleE16_NS_16IUseLayoutActionE
0x7101e06498,0008,_ZN12_GLOBAL__N_14OpenE
0x7101e064b8,0016,_ZN12_GLOBAL__N_113NrvWipeSimpleE
0x7101e064c8,0040,_ZTVN2al35DepthOfFieldProgramableParamBlenderE
0x7101e06528,0008,_ZN12_GLOBAL__N_18DeactiveE
0x7101e065e8,0008,_ZN12_GLOBAL__N_14WaitE
0x7101e06608,0016,_ZN12_GLOBAL__N_138NrvDepthOfFieldProgramableParamBlenderE
0x7101e06618,0064,_ZTVN2al11GodRayParamE
0x7101e06658,0032,_ZTVN2al14GodRayDirectorE
0x7101e066f8,0064,_ZTVN2al8HdrParamE
0x7101e06738,0032,_ZTVN2al10HdrComposeE
0x7101e067f8,0040,_ZTVN4sead10StrTreeMapILi64EPN3agl11TextureDataEE4NodeE
0x7101e06838,0064,_ZTVN2al16LightStreakParamE
0x7101e068b8,0024,_ZTVN4sead15RuntimeTypeInfo6DeriveIN3agl2fx7OfxBase10PresetBaseEEE
0x7101e068e8,0032,_ZTVN3agl2fx17OccludedEffectMgr9CreateArgE
0x7101e06918,0024,_ZTVN4sead15RuntimeTypeInfo6DeriveIN3agl2fx12OfxLensFlareEEE
0x7101e06948,0024,_ZTVN4sead15RuntimeTypeInfo6DeriveIN3agl2fx7OfxBaseEEE
0x7101e06978,0472,_ZTVN2al23OccludedEffectRequesterE
0x7101e06b90,0304,_ZTCN2al23OccludedEffectRequesterE0_NS_9LiveActorE
0x7101e06cc0,0056,_ZTCN2al23OccludedEffectRequesterE24_NS_15IUseStageSwitchE
0x7101e06d38,0008,_ZN12_GLOBAL__N_16AppearE
0x7101e06d78,0008,_ZN12_GLOBAL__N_14KillE
0x7101e06db8,0008,_ZN12_GLOBAL__N_14WaitE
0x7101e06dd8,0048,_ZTVN2al10FunctorV0MIPNS_23OccludedEffectRequesterEMS1_FvvEEE
0x7101e06e28,0064,_ZTVN2al21PencilSketchDrawParamE
0x7101e06e88,0064,_ZTVN2al19RetroColorDrawParamE
0x7101e06f18,0064,_ZTVN2al19ScreenBlurDrawParamE
0x7101e06f78,0064,_ZTVN2al18ViewDepthDrawParamE
0x7101e06fd8,0064,_ZTVN2al15VignettingParamE
0x7101e07038,0032,_ZTVN3agl11GPUMemBlockIN2al16VignettingDrawer6VertexEEE
0x7101e07098,0032,_ZTVN3agl12GPUMemBlockTIN2al16VignettingDrawer6VertexEEE
0x7101e070b8,0024,_ZTVN2al10RailKeeperE
0x7101e07108,0024,_ZTVN2al5Graph4EdgeE
0x7101e07120,0088,_ZTVN2al15RankingDirectorE
0x7101e071c8,0032,_ZTVN2nn3nex13RankingResultE
0x7101e07228,0032,_ZTVN2nn3nex18_DDL_RankingResultE
0x7101e07248,0032,_ZTVN2nn3nex19RankingCachedResultE
0x7101e072a8,0032,_ZTVN2nn3nex24_DDL_RankingCachedResultE
0x7101e072c8,0080,_ZTVN2al22RankingStateGetRankingE
0x7101e07358,0032,_ZTVN2nn3nex17RankingOrderParamE
0x7101e073d8,0008,_ZN12_GLOBAL__N_18DownloadE
0x7101e074c0,0024,_ZN12_GLOBAL__N_111NrvHostTypeE
0x7101e074d8,0080,_ZTVN2al28RankingStateUploadCommonDataE
0x7101e07568,0008,_ZN12_GLOBAL__N_16UploadE
0x7101e07650,0024,_ZN12_GLOBAL__N_111NrvHostTypeE
0x7101e07668,0080,_ZTVN2al23RankingStateUploadScoreE
0x7101e076d8,0032,_ZTVN2nn3nex16RankingScoreDataE
0x7101e07738,0032,_ZTVN2nn3nex21_DDL_RankingScoreDataE
0x7101e07778,0008,_ZN12_GLOBAL__N_16UploadE
0x7101e07818,0016,_ZN12_GLOBAL__N_111NrvHostTypeE
0x7101e07828,0032,_ZTVN2al13ActorResourceE
0x7101e07868,0032,_ZTVN2al19ActorResourceHolderE
0x7101e078a8,0040,_ZTVN4sead10StrTreeMapILi128EPN2al13ActorResourceEE4NodeE
0x7101e078e8,0032,_ZTVN4sead9Delegate1INS_10StrTreeMapILi128EPN2al13ActorResourceEEEPNS_11TreeMapNodeINS_14SafeStringBaseIcEEEEEE
0x7101e07948,0032,_ZTVN4sead12DelegateBaseINS_10StrTreeMapILi128EPN2al13ActorResourceEEEMS5_FvPNS_11TreeMapNodeINS_14SafeStringBaseIcEEEEENS_10IDelegate1ISA_EEEE
0x7101e07968,0048,_ZTVN2al12DemoDirectorE
0x7101e079b8,0192,_ZTVN2al5SceneE
0x7101e07ad8,0024,_ZTVN15alSceneFunction12SceneFactoryE
0x7101e07af0,0032,_ZTVN2al21ScreenCaptureExecutorE
0x7101e07b28,0024,_ZTVN2al26AudioInfoListCreateFunctorINS_22SeResourceCategoryInfoEEE
0x7101e07b58,0024,_ZTVN2al26AudioInfoListCreateFunctorINS_20SeDemoSyncedProcInfoEEE
0x7101e07b88,0024,_ZTVN2al26AudioInfoListCreateFunctorINS_15SeSituationInfoEEE
0x7101e07bb8,0024,_ZTVN2al26AudioInfoListCreateFunctorINS_12SeActionInfoEEE
0x7101e07be8,0024,_ZTVN2al26AudioInfoListCreateFunctorINS_10SePlayInfoEEE
0x7101e07c18,0024,_ZTVN2al26AudioInfoListCreateFunctorINS_13SeEmitterInfoEEE
0x7101e07c48,0024,_ZTVN2al26AudioInfoListCreateFunctorINS_17SeHitReactionInfoEEE
0x7101e07c78,0024,_ZTVN2al26AudioInfoListCreateFunctorINS_18SePlayInfoInActionEEE
0x7101e07ca8,0024,_ZTVN2al26AudioInfoListCreateFunctorINS_14SeResourceInfoEEE
0x7101e07cd8,0024,_ZTVN2al26AudioInfoListCreateFunctorINS_23SePlayInfoInHitReactionEEE
0x7101e07d08,0040,_ZTVN2al11SeShapeInfoE
0x7101e07d30,0040,_ZTVN2al18SeShapeInfo3DPointE
0x7101e07d58,0040,_ZTVN2al19SeShapeInfo3DSphereE
0x7101e07d80,0040,_ZTVN2al19SeShapeInfo3DVectorE
0x7101e07da8,0040,_ZTVN2al18SeShapeInfo3DPlaneE
0x7101e07dd0,0040,_ZTVN2al17SeShapeInfo3DRingE
0x7101e07df8,0040,_ZTVN2al17SeShapeInfo3DCubeE
0x7101e07ee8,0048,_ZTVN4sead15FixedSafeStringILi93EEE
0x7101e07f58,0048,_ZTVN4sead19FixedSafeStringBaseIcLi93EEE
0x7101e07f88,0024,_ZTVN2al26AudioInfoListCreateFunctorINS_14SeMaterialInfoEEE
0x7101e07fb8,0048,_ZTVN4sead15FixedSafeStringILi172EEE
0x7101e08028,0048,_ZTVN4sead19FixedSafeStringBaseIcLi172EEE
0x7101e08058,0048,_ZTVN4sead15FixedSafeStringILi35EEE
0x7101e080c8,0048,_ZTVN4sead19FixedSafeStringBaseIcLi35EEE
0x7101e08138,0056,_ZTVN2al21SeAreaTriggeredPlayerE
0x7101e0b2a0,0024,_ZTVN2al15SeLoopSequencerE
0x7101e0b2f8,0032,_ZTVN2al10SeCategoryE
0x7101e0b358,0056,_ZTVN2al28SeListenerParamTargetViewPosE
0x7101e0b3b8,0024,_ZTVN2al14SeSourceKeeperE
0x7101e0b408,0064,_ZTVN2al7SeShapeE
0x7101e0b448,0064,_ZTVN2al12SeShapePointE
0x7101e0b488,0064,_ZTVN2al11SeShapeCubeE
0x7101e0b4c8,0064,_ZTVN2al11SeShapeLineE
0x7101e0b508,0064,_ZTVN2al16SeShapePlaneRectE
0x7101e0b548,0064,_ZTVN2al11SeShapeRingE
0x7101e0b588,0064,_ZTVN2al13SeShapeSphereE
0x7101e0b6c8,0056,_ZTVN2al25SpeakerArrange5Point1ItuRE
0x7101e0b748,0056,_ZTVN2al27SpeakerArrange5Point1SquareE
0x7101e0b798,0056,_ZTVN2al20SpeakerArrangeStereoE
0x7101e0b7e8,0056,_ZTVN2al17SpeakerArrange4chE
0x7101e0b898,0040,_ZTVN2al14SeDemoProcInfoE
0x7101e0b8c0,0040,_ZTVN2al19SeDemoSituationInfoE
0x7101e0b8e8,0040,_ZTVN2al15SeDemoPauseInfoE
0x7101e0b910,0040,_ZTVN2al21SeDemoStopOneShotInfoE
0x7101e0b938,0040,_ZTVN2al23SeDemoListenerPoserInfoE
0x7101e0b960,0040,_ZTVN2al16SeDemoPlaySeInfoE
0x7101e0ba38,0024,_ZTVN2al26AudioInfoListCreateFunctorINS_14SeDemoProcInfoEEE
0x7101e0ba68,0024,_ZTVN2al26AudioInfoListCreateFunctorINS_23SeSituationCategoryInfoEEE
0x7101e0ba98,0192,_ZTVN2al8SequenceE
0x7101e0bbb8,0048,_ZTVN2al16IUseSceneCreatorE
0x7101e0bbe8,0080,_ZTVN2al12UniformBlockE
0x7101e0bc58,0040,_ZTVN2al12AtmosScatterE
0x7101e0bcb8,0040,_ZTVN2al19AtmosScatterCubeMapE
0x7101e0bd18,0008,_ZN12_GLOBAL__N_17InitialE
0x7101e0bdd8,0008,_ZN12_GLOBAL__N_111FlipCubeMapE
0x7101e0be40,0024,_ZN12_GLOBAL__N_122NrvAtmosScatterCubeMapE
0x7101e0be58,0048,_ZTVN2al18AtmosScatterDrawerE
0x7101e0bec8,0472,_ZTVN2al21AtmosScatterRequesterE
0x7101e0c0e0,0304,_ZTCN2al21AtmosScatterRequesterE0_NS_9LiveActorE
0x7101e0c210,0056,_ZTCN2al21AtmosScatterRequesterE24_NS_15IUseStageSwitchE
0x7101e0c288,0008,_ZN12_GLOBAL__N_14WaitE
0x7101e0c2c8,0008,_ZN12_GLOBAL__N_12OnE
0x7101e0c308,0008,_ZN12_GLOBAL__N_13OffE
0x7101e0c348,0008,_ZN12_GLOBAL__N_16OnWaitE
0x7101e0c388,0008,_ZN12_GLOBAL__N_17OffWaitE
0x7101e0c3a8,0048,_ZTVN2al10FunctorV0MIPNS_21AtmosScatterRequesterEMS1_FvvEEE
0x7101e0c3f8,0032,_ZTVN2al13CloudRendererE
0x7101e0c418,0128,_ZTVN2al17CloudRenderKeeperE
0x7101e0c538,0032,_ZTVN2al21CloudRendererRayMarchE
0x7101e0c630,0032,_ZTVN3agl11GPUMemBlockIfEE
0x7101e0c688,0032,_ZTVN3agl12GPUMemBlockTIfEE
0x7101e0c6d0,0088,_ZTVN2al15CubeMapUnitInfoE
0x7101e0c768,0088,_ZTVN3agl3utl13ParameterListE
0x7101e0c7d8,0048,_ZTVN4sead15FixedSafeStringILi39EEE
0x7101e0c848,0048,_ZTVN4sead19FixedSafeStringBaseIcLi39EEE
0x7101e0c878,0032,_ZTVN2al12ShaderHolder18SingletonDisposer_E
0x7101e0c898,0032,_ZTVN2al12ShaderHolderE
0x7101e0c8f8,0064,_ZTVN2al11MirrorParamE
0x7101e0c938,0032,_ZTVN2al20ShaderMirrorDirectorE
0x7101e0c958,0472,_ZTVN2al15MirrorActorBaseE
0x7101e0cb90,0304,_ZTCN2al15MirrorActorBaseE0_NS_9LiveActorE
0x7101e0ccc0,0056,_ZTCN2al15MirrorActorBaseE24_NS_15IUseStageSwitchE
0x7101e0cd48,0144,_ZTVN2al9StarrySkyE
0x7101e0ce30,0040,_ZTVN2al15ThunderRendererE
0x7101e0ce70,0128,_ZTVN2al19ThunderRenderKeeperE
0x7101e0d0a8,0008,_ZN12_GLOBAL__N_113FlushPosAfterE
0x7101e0d0d0,0040,_ZN12_GLOBAL__N_118NrvThunderRendererE
0x7101e0d0f8,0472,_ZTVN2al22ThunderRenderRequesterE
0x7101e0d310,0304,_ZTCN2al22ThunderRenderRequesterE0_NS_9LiveActorE
0x7101e0d440,0056,_ZTCN2al22ThunderRenderRequesterE24_NS_15IUseStageSwitchE
0x7101e0d4b8,0008,_ZN12_GLOBAL__N_14WaitE
0x7101e0d4d8,0048,_ZTVN3agl3sdw18PrimitiveOcclusionE
0x7101e0d510,0040,_ZTVN3agl3sdw24PrimitiveOcclusionHolderE
0x7101e0d5a8,0032,_ZTVN4sead14Delegate1ConstIN2al17DepthShadowDrawerERKN3agl3sdw11DepthShadow11CallbackArgEEE
0x7101e0d638,0032,_ZTVN4sead9Delegate1IKN2al17DepthShadowDrawerERKN3agl3sdw11DepthShadow11CallbackArgEEE
0x7101e0d658,0032,_ZTVN4sead12DelegateBaseIKN2al17DepthShadowDrawerEMS2_KFvRKN3agl3sdw11DepthShadow11CallbackArgEENS_10IDelegate1IS9_EEEE
0x7101e0d678,0032,_ZTVN2al18DepthShadowMapCtrlE
0x7101e0d6b8,0032,_ZTVN2al22DepthShadowMapDirectorE
0x7101e0d748,0600,_ZTVN2al27GraphicsObjShadowMaskSphereE
0x7101e0d9f0,0304,_ZTCN2al27GraphicsObjShadowMaskSphereE240_NS_9LiveActorE
0x7101e0db20,0056,_ZTCN2al27GraphicsObjShadowMaskSphereE264_NS_15IUseStageSwitchE
0x7101e0db98,0064,_ZTVN2al16DepthShadowParamE
0x7101e0dbd8,0064,_ZTVN2al20DepthShadowClipParamE
0x7101e0dc58,0104,_ZTVN2al14ShadowMaskBaseE
0x7101e0dcd0,0104,_ZTVN2al26ShadowMaskCastOvalCylinderE
0x7101e0dd58,0120,_ZTVN15alYamlMacroUtil20YamlParam_YamlStringE
0x7101e0de18,0120,_ZTVN15alYamlMacroUtil13YamlParam_V3fE
0x7101e0dec8,0120,_ZTVN15alYamlMacroUtil19YamlParam_YamlColorE
0x7101e0df78,0120,_ZTVN15alYamlMacroUtil14YamlParam_boolE
0x7101e0e028,0120,_ZTVN15alYamlMacroUtil12YamlParam_u8E
0x7101e0e0d8,0120,_ZTVN15alYamlMacroUtil13YamlParam_f32E
0x7101e0e188,0120,_ZTVN15alYamlMacroUtil13YamlParam_V2fE
0x7101e0e238,0048,_ZTVN4sead15FixedSafeStringILi81EEE
0x7101e0e2a8,0048,_ZTVN4sead19FixedSafeStringBaseIcLi81EEE
0x7101e0e2d8,0104,_ZTVN2al14ShadowMaskCubeE
0x7101e0e358,0104,_ZTVN2al18ShadowMaskCylinderE
0x7101e0e3d8,0048,_ZTVN2al16ShadowMaskDrawerE
0x7101e0e448,0104,_ZTVN2al16ShadowMaskSphereE
0x7101e0e4c8,0120,_ZTVN2al16StageSyncCounterE
0x7101e0e578,0032,_ZTVN2al19StageSwitchDirectorE
0x7101e0e5d8,0064,_ZTVN2al16RainTextureParamE
0x7101e0e638,0032,_ZTVN2al18AsyncFunctorThreadE
0x7101e0e668,0032,_ZTVN4sead9Delegate2IN2al18AsyncFunctorThreadEPNS_6ThreadElEE
0x7101e0e6c8,0032,_ZTVN4sead12DelegateBaseIN2al18AsyncFunctorThreadEMS2_FvPNS_6ThreadElENS_10IDelegate2IS4_lEEEE
0x7101e0e6e8,0032,_ZTVN2al11ByamlWriterE
0x7101e0e718,0032,_ZTVN2al22ByamlWriterBigDataListE
0x7101e0e748,0096,_ZTVN2al18ByamlWriterBigDataE
0x7101e0e7a8,0288,_ZTVN2al15ByamlWriterHashE
0x7101e0e8c8,0288,_ZTVN2al16ByamlWriterArrayE
0x7101e0e9e8,0080,_ZTVN2al17ByamlWriterStringE
0x7101e0ea38,0080,_ZTVN2al14ByamlWriterIntE
0x7101e0ea88,0080,_ZTVN2al15ByamlWriterUIntE
0x7101e0ead8,0080,_ZTVN2al16ByamlWriterFloatE
0x7101e0eb28,0096,_ZTVN2al16ByamlWriterInt64E
0x7101e0eb88,0096,_ZTVN2al17ByamlWriterUInt64E
0x7101e0ebe8,0096,_ZTVN2al17ByamlWriterDoubleE
0x7101e0ec48,0080,_ZTVN2al15ByamlWriterBoolE
0x7101e0ec98,0080,_ZTVN2al15ByamlWriterNullE
0x7101e0ee98,0032,_ZTVN2al22ByamlWriterStringTableE
0x7101e0eec8,0120,_ZTVN15alYamlMacroUtil13IUseYamlParamE
0x7101e0ef40,0088,_ZTVN2al13ParameterBaseE
0x7101e0efa8,0024,_ZTVN2al13ActionBgmCtrlE
0x7101e0eff8,0032,_ZTVN2al14AnimPlayerBaseE
0x7101e0f018,0056,_ZTVN2al16AnimPlayerSimpleE
0x7101e0f068,0056,_ZTVN2al13AnimPlayerMatE
0x7101e0f0b8,0056,_ZTVN2al13AnimPlayerVisE
0x7101e0f108,0248,_ZTVN2al15SeadAudioPlayerE
0x7101e0f218,0088,_ZTVN2nn3atk17AddonSoundArchiveE
0x7101e0f288,0024,_ZTVN4sead15RuntimeTypeInfo6DeriveIN4alsd11AudioPlayerEEE
0x7101e0f2b8,0080,_ZTVN2al22SeResourceInfoAccessorE
0x7101e0f308,0080,_ZTVN2al23BgmResourceInfoAccessorE
0x7101e0f3a8,0040,_ZTVN2al14AcLSoundHandleE
0x7101e0f428,0024,_ZTVN2al26AudioInfoListCreateFunctorINS_19AudioBusSettingInfoEEE
0x7101e0f458,0024,_ZTVN2al26AudioInfoListCreateFunctorINS_15AudioEffectInfoEEE
0x7101e0f4a0,0024,_ZTVN2al27AudioRequestKeeperSyncedBgmE
0x7101e0f4f8,0216,_ZTVN4alsd16AudioPlayerMultiE
0x7101e0f618,0152,_ZTVN4alsd23AudioFsSoundArchiveCafeE
0x7101e0f6b0,0152,_ZTVN4alsd27AudioMemorySoundArchiveCafeE
0x7101e0f748,0120,_ZTVN4alsd22AudioSoundDataMgrMultiE
0x7101e0f868,0064,_ZTVN4alsd25AudioSoundArchiveBaseCafeE
0x7101e0f8a8,0024,_ZTVN4sead15RuntimeTypeInfo6DeriveIN4alsd25AudioSoundArchiveBaseCafeEEE
0x7101e0f8d8,0080,_ZTVN4alsd19AudioSoundHeapMultiE
0x7101e0f968,0184,_ZTVN4alsd14AudioSystemNinE
0x7101e0fa68,0024,_ZTVN2al26AudioInfoListCreateFunctorINS_19AudioEffectProcInfoEEE
0x7101e0fa98,0024,_ZTVN2al26AudioInfoListCreateFunctorINS_22AudioEachBusEffectInfoEEE
0x7101e0fac8,0040,_ZTVN2al19AudioEffectProcInfoE
0x7101e0faf0,0040,_ZTVN2al19SeLpfEffectProcInfoE
0x7101e0fb18,0040,_ZTVN2al32AudioEffectLevelDetectorProcInfoE
0x7101e0fbc0,0024,_ZTVN2al26AudioInfoListCreateFunctorINS_16AudioBusSendInfoEEE
0x7101e0fbf8,0024,_ZTVN2al26AudioInfoListCreateFunctorINS_21AudioBusOutDeviceInfoEEE
0x7101e0fc28,0024,_ZTVN2al26AudioInfoListCreateFunctorINS_24AudioBusUserCategoryInfoEEE
0x7101e0fc58,0032,_ZTVN2al13AudioCategoryE
0x7101e0fc78,0040,_ZTVN2al24AudioEffectDelayProcInfoE
0x7101e0fcb8,0040,_ZTVN2al25AudioEffectReverbProcInfoE
0x7101e0fcf8,0064,_ZTVN2al16IUseRequestParamE
0x7101e0fdf8,0024,_ZTVN2al26AudioInfoListCreateFunctorINS_19BgmPlayInfoInActionEEE
0x7101e0fe28,0024,_ZTVN2al26AudioInfoListCreateFunctorINS_13BgmActionInfoEEE
0x7101e0fe58,0024,_ZTVN2al26AudioInfoListCreateFunctorINS_13BgmSourceInfoEEE
0x7101e0fe88,0056,_ZTVN2al18AreaCameraSwitcherE
0x7101e0ff28,0024,_ZTVN2al28CameraAngleVerticalRequesterE
0x7101e0ff78,0024,_ZTVN2al26CameraCollisionPartsFilterE
0x7101e0ffa8,0040,_ZTVN2al15CameraInterpoleE
0x7101e100f0,0032,_ZN12_GLOBAL__N_118NrvCameraInterpoleE
0x7101e10110,0032,_ZTVN2al22CameraOffsetCtrlPresetE
0x7101e10130,0032,_ZTVN2al17CameraOffsetCtrlYE
0x7101e10358,0080,_ZTVN2al15CameraStateBaseE
0x7101e103a8,0032,_ZTVN2al16ClippingDirectorE
0x7101e10408,0056,_ZTVN2al24JoyPadAccelerometerAddonE
0x7101e10478,0056,_ZTVN2al16PadDataArcReaderE
0x7101e104d8,0056,_ZTVN2al14PadTouchDeviceE
0x7101e10510,0088,_ZTVN2al18PadTouchControllerE
0x7101e105c8,0056,_ZTVN2al18PadUiKeyInputAddonE
0x7101e10618,0088,_ZTVN2al17ParameterString32E
0x7101e106a8,0088,_ZTVN2al9ParameterIN4sead15FixedSafeStringILi32EEEEE
0x7101e10700,0088,_ZTVN2al18ParameterString128E
0x7101e10798,0088,_ZTVN2al9ParameterIN4sead15FixedSafeStringILi128EEEEE
0x7101e107f0,0024,_ZTVN2al20GraphicsAreaDirectorE
0x7101e10848,0032,_ZTVN2al36GraphicsParamRequestInterpKeeperImplE
0x7101e10888,0040,_ZTVN2al25GraphicsQualityControllerE
0x7101e108e8,0008,_ZN12_GLOBAL__N_14InitE
0x7101e10908,0048,_ZTVN4sead15FixedSafeStringILi37EEE
0x7101e10978,0048,_ZTVN4sead19FixedSafeStringBaseIcLi37EEE
0x7101e10ab0,0032,_ZN12_GLOBAL__N_128NrvGraphicsQualityControllerE
0x7101e10b28,0032,_ZTVN2al17EffectGroupDrawerE
0x7101e10b48,0032,_ZTVN2al18EffectLayoutDrawerE
0x7101e10be8,0272,_ZTVN2al10EffectHeapE
0x7101e10d18,0112,_ZTVN2al23EventFlowActorStateBaseE
0x7101e10dc8,0040,_ZTVN2al20ExecuteAsyncExecutorE
0x7101e10df0,0040,_ZTVN2al26ExecuteAsyncExecutorUpdateE
0x7101e10e58,0040,_ZTVN2al24ExecuteAsyncExecutorDrawE
0x7101e10e98,0032,_ZTVN4sead9Delegate2IN2al20ExecuteAsyncExecutorEPNS_6ThreadElEE
0x7101e10ef8,0032,_ZTVN4sead12DelegateBaseIN2al20ExecuteAsyncExecutorEMS2_FvPNS_6ThreadElENS_10IDelegate2IS4_lEEEE
0x7101e10f18,0024,_ZTVN2al17ExecutorActorDrawE
0x7101e10f48,0024,_ZTVN2al21ExecutorActorMovementE
0x7101e10f60,0024,_ZTVN2al21ExecutorActorCalcAnimE
0x7101e10f78,0024,_ZTVN2al29ExecutorActorMovementCalcAnimE
0x7101e10f90,0024,_ZTVN2al21ExecutorActorCalcViewE
0x7101e11038,0032,_ZTVN4sead9Delegate2IN2al16FileLoaderThreadEPNS_6ThreadElEE
0x7101e11098,0032,_ZTVN4sead12DelegateBaseIN2al16FileLoaderThreadEMS2_FvPNS_6ThreadElENS_10IDelegate2IS4_lEEEE
0x7101e110b8,0024,_ZTVN2al14SoundItemEntryE
0x7101e110f8,0032,_ZTVN2al17HitSensorDirectorE
0x7101e112e8,0056,_ZTVN2al18JointAimControllerE
0x7101e11338,0576,_ZTVN2al9EuiScreenE
0x7101e11598,0024,_ZTVN4sead15RuntimeTypeInfo6DeriveIN3eui6ScreenEEE
0x7101e115c8,0048,_ZTVN4sead15FixedSafeStringILi97EEE
0x7101e11638,0048,_ZTVN4sead19FixedSafeStringBaseIcLi97EEE
0x7101e11680,0032,_ZTVN4sead7HeapMgr19AllocFailedCallbackIN2al12MemorySystemEEE
0x7101e11708,0032,_ZTVN4sead9Delegate1IN2al12MemorySystemEPKNS_7HeapMgr22AllocFailedCallbackArgEEE
0x7101e11728,0032,_ZTVN4sead12DelegateBaseIN2al12MemorySystemEMS2_FvPKNS_7HeapMgr22AllocFailedCallbackArgEENS_10IDelegate1IS6_EEEE
0x7101e11748,0040,_ZTVN4sead10StrTreeMapILi32EPNS_4HeapEE4NodeE
0x7101e11788,0008,sProjectDataPath
0x7101e11790,0032,_ZTVN2al16MessageProjectExE
0x7101e117c8,0032,_ZTVN2al10MeshDrawerE
0x7101e11808,0080,_ZTVN2al25ModelDrawerDepthShadowMapE
0x7101e11878,0080,_ZTVN2al15ModelDrawerMaskE
0x7101e118e8,0032,_ZTVN2al11DynamicMeshE
0x7101e11928,0472,_ZTVN2al9FootPrintE
0x7101e11b40,0304,_ZTCN2al9FootPrintE0_NS_9LiveActorE
0x7101e11c70,0056,_ZTCN2al9FootPrintE24_NS_15IUseStageSwitchE
0x7101e11ce8,0008,_ZN12_GLOBAL__N_16AppearE
0x7101e11d28,0008,_ZN12_GLOBAL__N_19DisappearE
0x7101e11d48,0040,_ZTVN2al19HostSyncTowerCameraE
0x7101e11da8,0008,_ZN12_GLOBAL__N_18DeactiveE
0x7101e11de8,0008,_ZN12_GLOBAL__N_16ActiveE
0x7101e11e08,0472,_ZTVN2al10TraceActorE
0x7101e12020,0304,_ZTCN2al10TraceActorE0_NS_9LiveActorE
0x7101e12150,0056,_ZTCN2al10TraceActorE24_NS_15IUseStageSwitchE
0x7101e121a8,0328,_ZTVN2al17KeyMoveCameraBaseE
0x7101e12308,0096,_ZTVN2al10GridMeshXZE
0x7101e123a8,0032,_ZTVN3agl11GPUMemBlockIN2al10GridMeshXZ6VertexEEE
0x7101e12408,0032,_ZTVN3agl12GPUMemBlockTIN2al10GridMeshXZ6VertexEEE
0x7101e12428,0064,_ZTVN2al16CartoonDrawParamE
0x7101e124a8,0048,_ZTVN4sead15FixedSafeStringILi51EEE
0x7101e12518,0048,_ZTVN4sead19FixedSafeStringBaseIcLi51EEE
0x7101e12548,0064,_ZTVN2al19ColorClampDrawParamE
0x7101e125a8,0064,_ZTVN2al13EdgeDrawParamE
0x7101e125e8,0032,_ZTVN2al10EdgeDrawerE
0x7101e12680,0080,_ZTVN2al23RankingStateDeleteScoreE
0x7101e12708,0008,_ZN12_GLOBAL__N_16DeleteE
0x7101e12728,0080,_ZTVN2al26RankingStateGetApproxOrderE
0x7101e127b8,0008,_ZN12_GLOBAL__N_18DownloadE
0x7101e127d8,0032,_ZTVN4sead9Delegate1INS_10StrTreeMapILi156EPN2al8ResourceEE19ForEachConstContextIPFvRNS_14SafeStringBaseIcEES4_EEEPNS_11TreeMapNodeIS8_EEEE
0x7101e12838,0032,_ZTVN4sead12DelegateBaseINS_10StrTreeMapILi156EPN2al8ResourceEE19ForEachConstContextIPFvRNS_14SafeStringBaseIcEES4_EEEMSC_FvPNS_11TreeMapNodeIS8_EEENS_10IDelegate1ISF_EEEE
0x7101e128d8,0032,_ZTVN4sead9Delegate1INS_10StrTreeMapILi156EPN2al8ResourceEEEPNS_11TreeMapNodeINS_14SafeStringBaseIcEEEEEE
0x7101e12938,0032,_ZTVN4sead12DelegateBaseINS_10StrTreeMapILi156EPN2al8ResourceEEEMS5_FvPNS_11TreeMapNodeINS_14SafeStringBaseIcEEEEENS_10IDelegate1ISA_EEEE
0x7101e12958,0040,_ZTVN4sead10StrTreeMapILi156EPN2al8ResourceEE4NodeE
0x7101e12998,0048,_ZTVN2al10FunctorV0MIPNS_16SaveDataDirectorEMS1_FvvEEE
0x7101e129e8,0024,_ZTVN2al22SaveDataSequenceFormatE
0x7101e12a28,0024,_ZTVN2al23SaveDataSequenceInitDirE
0x7101e12a58,0024,_ZTVN2al20SaveDataSequenceReadE
0x7101e12a88,0024,_ZTVN2al21SaveDataSequenceWriteE
0x7101e12ab8,0048,_ZTVN2al10FunctorV1MIPNS_5SceneEMS1_FvRKNS_13SceneInitInfoEES5_EE
0x7101e12b08,0032,_ZTVN2al13ScreenCaptureE
0x7101e12b48,0104,_ZTVN2al10SeListenerE
0x7101e12be8,0056,_ZTVN2al15SeListenerPoserE
0x7101e12c48,0056,_ZTVN2al30SeListenerPoserAdjustMiddlePosE
0x7101e12c98,0024,_ZTVN2al9SeEmitterE
0x7101e12ce8,0040,_ZTVN3agl3env26CubeMapFilterImportanceGGXE
0x7101e12d48,0024,_ZTVN2al10CubeMapMgr11UpdateAgentE
0x7101e12d60,0072,_ZTVN2al10CubeMapMgr4UnitE
0x7101e12da8,0216,_ZTVN2al10CubeMapMgr12ReservedUnitE
0x7101e12eb0,0168,_ZTVN2al10CubeMapMgrE
0x7101e13018,0072,_ZTVN2al10CubeMapMgr11CreatorUnitE
0x7101e13078,0048,_ZTVN4sead15FixedSafeStringILi260EEE
0x7101e130e8,0048,_ZTVN4sead21FormatFixedSafeStringILi260EEE
0x7101e13138,0104,_ZTVN2al29ShadowMaskCastInterpolateCubeE
0x7101e131b8,0032,_ZTVN2al26StageSwitchFunctorListenerE
0x7101e13208,0032,_ZTVN4sead9Delegate2IN2al16InitializeThreadEPNS_6ThreadElEE
0x7101e13268,0032,_ZTVN4sead12DelegateBaseIN2al16InitializeThreadEMS2_FvPNS_6ThreadElENS_10IDelegate2IS4_lEEEE
0x7101e13288,0032,_ZTVN2al13YamlFormatterE
0x7101e132a8,0032,_ZTVN2al18YamlWriterToMemoryE
0x7101e132c8,0032,_ZTVN2al19YamlWriterToConsoleE
0x7101e13338,0128,_ZTVN4alsd11AudioPlayerE
0x7101e133c8,0024,_ZTVN2al21GpuPerfAreaControllerE
0x7101e13418,0024,_ZTVN2al12ArchiveEntryE
0x7101e13448,0024,_ZTVN2al13FileEntryBaseE
0x7101e13460,0024,_ZTVN2al20SaveDataSequenceBaseE
0x7101e13478,0088,_ZTVN2nn3atk14FsSoundArchiveE
0x7101e134e8,0088,_ZTVN2nn3atk18MemorySoundArchiveE
0x7101e13558,0088,_ZTVN2nn3atk12SoundArchiveE
0x7101e135c0,0056,_ZTVN2nn3atk18SoundArchivePlayerE
0x7101e13628,0120,_ZTVN2nn3atk16SoundDataManagerE
0x7101e136e8,0040,_ZTVN2nn3atk6detail6driver15DisposeCallbackE
0x7101e13710,0056,_ZTVN2nn3atk9SoundHeapE
0x7101e13778,0001,_ZN2nn3atk11SoundSystem25g_IsStreamOpenFailureHaltE
0x7101e13779,0001,_ZN2nn3atk11SoundSystem21g_IsTaskThreadEnabledE
0x7101e1377a,0001,_ZN2nn3atk11SoundSystem22g_IsManagingMemoryPoolE
0x7101e1377c,0004,_ZN2nn3atk11SoundSystem15g_VoiceCountMaxE
0x7101e13780,0004,_ZN2nn3atk11SoundSystem17g_UserEffectCountE
0x7101e13784,0001,_ZN2nn3atk11SoundSystem22g_IsSoundThreadEnabledE
0x7101e13788,0112,_ZTVN2nn3atk6detail10BasicSoundE
0x7101e13808,0040,_ZTVN2nn3atk6detail19ExternalSoundPlayerE
0x7101e13840,0056,_ZTVN2nn3atk6detail10PlayerHeapE
0x7101e13898,0056,_ZTVN2nn3atk6detail18SoundArchiveLoaderE
0x7101e13960,0112,_ZTVN2nn3atk6detail13SequenceSoundE
0x7101e139e8,0004,_ZN2nn3atk6detail6driver19SequenceSoundPlayer26m_SkipIntervalTickPerFrameE
0x7101e139f0,0208,_ZTVN2nn3atk6detail6driver19SequenceSoundPlayerE
0x7101e13b18,0040,_ZTVN2nn3atk6detail6driver19SequenceSoundLoader12DataLoadTaskE
0x7101e13b58,0040,_ZTVN2nn3atk6detail6driver19SequenceSoundLoader18FreePlayerHeapTaskE
0x7101e13b98,0040,_ZTVN2nn3atk6detail20SequenceSoundRuntime22SequenceNoteOnCallbackE
0x7101e13be8,0048,_ZTVN2nn3atk6detail13LoaderManagerINS1_6driver19SequenceSoundLoaderEEE
0x7101e13c48,0040,_ZTVN2nn3atk6detail6driver13SequenceTrackE
0x7101e13c80,0112,_ZTVN2nn3atk6detail11StreamSoundE
0x7101e13d08,0040,_ZTVN2nn3atk6detail21StreamSoundFileLoaderE
0x7101e13d58,0152,_ZTVN2nn3atk6detail6driver17StreamSoundPlayerE
0x7101e13e28,0040,_ZTVN2nn3atk6detail29StreamSoundPrefetchFileReaderE
0x7101e13e68,0048,_ZTVN2nn3atk6detail13LoaderManagerINS1_6driver17StreamSoundLoaderEEE
0x7101e13eb8,0040,_ZTVN2nn3atk6detail6driver11SoundThreadE
0x7101e13f08,0040,_ZTVN2nn3atk6detail4TaskE
0x7101e13f40,0040,_ZTVN2nn3atk6detail10TaskThreadE
0x7101e13f88,0192,_ZTVN2nn3atk6detail16MemoryFileStreamE
0x7101e140d0,0040,_ZTVN2nn3atk6detail6driver7Channel8DisposerE
0x7101e14118,0112,_ZTVN2nn3atk6detail9WaveSoundE
0x7101e141a8,0200,_ZTVN2nn3atk6detail6driver15WaveSoundPlayerE
0x7101e142b8,0048,_ZTVN2nn3atk6detail13LoaderManagerINS1_6driver15WaveSoundLoaderEEE
0x7101e14308,0064,_ZTVN2nn3atk9EffectAuxE
0x7101e14358,0128,_ZTVN2nn3atk10EffectBaseE
0x7101e143e8,0128,_ZTVN2nn3atk11EffectDelayE
0x7101e144b0,0192,_ZTVN2nn3atk6detail3fnd14FileStreamImplE
0x7101e14588,0112,_ZTVN2nn3atk6detail3fnd14FileStreamImpl12DirectStreamE
0x7101e14618,0192,_ZTVN2nn3atk6detail3fnd15FileStreamProxyE
0x7101e146f8,0032,_ZTVN2nn3atk6detail3fnd11StreamCacheE
0x7101e14728,0088,_ZTVN2nn3atk17DeviceOutRecorderE
0x7101e14798,0112,_ZTVN2nn3atk6detail17AdvancedWaveSoundE
0x7101e14828,0152,_ZTVN2nn3atk6detail6driver23AdvancedWaveSoundPlayerE
0x7101e148f8,0072,_ZTVN2nn3atk6detail6driver16BasicSoundPlayerE
0x7101e14950,0120,_ZTVN2nn3atk6detail21PlayerHeapDataManagerE
0x7101e14a08,0040,_ZTVN2nn3atk6detail15BiquadFilterLpfE
0x7101e14a58,0040,_ZTVN2nn3atk6detail15BiquadFilterHpfE
0x7101e14a98,0040,_ZTVN2nn3atk6detail18BiquadFilterBpf512E
0x7101e14ad8,0040,_ZTVN2nn3atk6detail19BiquadFilterBpf1024E
0x7101e14b18,0040,_ZTVN2nn3atk6detail19BiquadFilterBpf2048E
0x7101e14b58,0040,_ZTVN2nn3atk6detail32BiquadFilterLpfNw4fCompatible48kE
0x7101e14b98,0040,_ZTVN2nn3atk6detail32BiquadFilterHpfNw4fCompatible48kE
0x7101e14bd8,0040,_ZTVN2nn3atk6detail35BiquadFilterBpf512Nw4fCompatible48kE
0x7101e14c18,0040,_ZTVN2nn3atk6detail36BiquadFilterBpf1024Nw4fCompatible48kE
0x7101e14c58,0040,_ZTVN2nn3atk6detail36BiquadFilterBpf2048Nw4fCompatible48kE
0x7101e14c98,0048,_ZTVN2nn3atk6detail6driver9MmlParserE
0x7101e14cd8,0056,_ZTVN2nn3atk6detail6driver25MmlSequenceTrackAllocatorE
0x7101e14d48,0040,_ZTVN2nn3atk6detail6driver17StreamSoundLoader20StreamHeaderLoadTaskE
0x7101e14d88,0040,_ZTVN2nn3atk6detail6driver17StreamSoundLoader15StreamCloseTaskE
0x7101e14dc8,0040,_ZTVN2nn3atk6detail6driver17StreamSoundLoader18StreamDataLoadTaskE
0x7101e14e08,0040,_ZTVN2nn3atk6detail6driver15WaveSoundLoader12DataLoadTaskE
0x7101e14e48,0040,_ZTVN2nn3atk6detail6driver15WaveSoundLoader18FreePlayerHeapTaskE
0x7101e14e88,0040,_ZTVN2nn3atk6detail6driver16MmlSequenceTrackE
0x7101e14ec8,0096,_ZTVN2nn3nex13RankingClientE
0x7101e179e0,0200,_ZTVN2nn3nex21RankingProtocolClientE
0x7101e17aa8,0040,_ZTVN2nn3nex22RankingDDLDeclarationsE
0x7101e17ae8,0320,_ZTVN2nn3nex28_Proto_RankingProtocolServerE
0x7101e17c88,0032,_ZTVN2nn3nex12RankingStatsE
0x7101e17ce8,0032,_ZTVN2nn3nex17_DDL_RankingStatsE
0x7101e17d08,0032,_ZTVN2nn3nex28RankingChangeAttributesParamE
0x7101e17d68,0032,_ZTVN2nn3nex33_DDL_RankingChangeAttributesParamE
0x7101e17d88,0032,_ZTVN2nn3nex22_DDL_RankingOrderParamE
0x7101e17da8,0080,_ZTVN2nn3nex20PseudoGlobalVariableINS0_22RankingDDLDeclarationsEEE
0x7101e17e18,0096,_ZTVN2nn3nex13UtilityClientE
0x7101e18c58,0200,_ZTVN2nn3nex21UtilityProtocolClientE
0x7101e18d20,0040,_ZTVN2nn3nex22UtilityDDLDeclarationsE
0x7101e18d68,0264,_ZTVN2nn3nex28_Proto_UtilityProtocolServerE
0x7101e18ec8,0032,_ZTVN2nn3nex12UniqueIdInfoE
0x7101e18f28,0080,_ZTVN2nn3nex20PseudoGlobalVariableINS0_22UtilityDDLDeclarationsEEE
0x7101e18f98,0056,_ZTVN2nn3nex9NgsFacadeE
0x7101e18fd0,0088,_ZTVN2nn3nex12NgsBridgeImpE
0x7101e19028,0120,_ZTVN2nn3nex8JobLoginE
0x7101e190a0,0120,_ZTVN2nn3nex12JobNNIDLoginE
0x7101e19118,0120,_ZTVN2nn3nex12JobTerminateE
0x7101e19190,0120,_ZTVN2nn3nex13JobSigloLoginE
0x7101e19208,0032,_ZTVN2nn3nex23AcquireNsaIdTokenClientE
0x7101e19228,0120,_ZTVN2nn3nex20JobAcquireNsaIdTokenE
0x7101e19418,0080,_ZTVN2nn3nex18AuthenticationInfoE
0x7101e19488,0032,_ZTVN2nn3nex16CustomDataHolderINS0_18AuthenticationInfoEEE
0x7101e194c8,0280,_ZTVN2nn4font7ResFontE
0x7101e195f8,0280,_ZTVN2nn4font11ResFontBaseE
0x7101e19728,0048,_ZTVN2nn4font21ResourceTextureObjectE
0x7101e19788,0048,_ZTVN2nn4font13TextureObjectE
0x7101e197b8,0272,_ZTVN2nn4font12ScalableFontE
0x7101e198e8,0088,_ZTVN2nn4font16TagProcessorBaseIcEE
0x7101e19940,0088,_ZTVN2nn4font16TagProcessorBaseItEE
0x7101e199a8,0032,_ZTVN2nn4font12TextureCacheE
0x7101e199d8,0048,_ZTVN2nn4font22PlacementTextureObjectE
0x7101e19a28,0272,_ZTVN2nn4font4FontE
0x7101e19b48,0160,_ZTVN2nn4ui2d13AnimTransformE
0x7101e19be8,0184,_ZTVN2nn4ui2d18AnimTransformBasicE
0x7101e19cc8,0032,_ZTVN2nn4ui2d13ArchiveHandleE
0x7101e19ce8,0152,_ZTVN2nn4ui2d19ArcResourceAccessorE
0x7101e19d80,0152,_ZTVN2nn4ui2d24MultiArcResourceAccessorE
0x7101e19e68,0232,_ZTVN2nn4ui2d8BoundingE
0x7101e19f68,0040,_ZTVN2nn4ui2d8DrawInfoE
0x7101e3e1f0,0032,_ZTVN2nn4ui2d5GroupE
0x7101e3e220,0168,_ZTVN2nn4ui2d6LayoutE
0x7101e3e2d8,0056,_ZTVN2nn4ui2d8MaterialE
0x7101e3e320,0032,_ZTVN2nn4ui2d6detail8PaneBaseE
0x7101e3e340,0232,_ZTVN2nn4ui2d4PaneE
0x7101e3e458,0232,_ZTVN2nn4ui2d5PartsE
0x7101e3e558,0240,_ZTVN2nn4ui2d7PictureE
0x7101e3e668,0040,_ZTVN2nn4ui2d15Ui2dCircleShapeE
0x7101e3e6a8,0008,_ZN2nn4ui2d16ResourceAccessor19ArchiveShaderPrefixE
0x7101e3e6b0,0008,_ZN2nn4ui2d16ResourceAccessor19ArchiveShaderSuffixE
0x7101e3e6b8,0152,_ZTVN2nn4ui2d16ResourceAccessorE
0x7101e3e760,0032,_ZZNK2nn3gfx18ResShaderVariation19GetResShaderProgramENS0_14ShaderCodeTypeEE28s_pResShaderProgramDataTable
0x7101e3e780,0328,_ZTVN2nn4ui2d7TextBoxE
0x7101e3e8e8,0040,_ZTVN2nn4ui2d14RoundRectShapeE
0x7101e3e928,0232,_ZTVN2nn4ui2d6WindowE
0x7101e3ea28,0248,_ZTVN2nn4ui2d8AnimatorE
0x7101e3eb20,0248,_ZTVN2nn4ui2d12PaneAnimatorE
0x7101e3ec58,0248,_ZTVN2nn4ui2d13GroupAnimatorE
0x7101e3ed68,0248,_ZTVN2nn4ui2d18GroupArrayAnimatorE
0x7101e3ee78,0080,_ZTVN2nn3g3d21BoneVisibilityAnimObjE
0x7101e3ef18,0080,_ZTVN2nn3g3d15MaterialAnimObjE
0x7101e3ef88,0064,_ZN2nn3g3d15SkeletalAnimObj4Impl20s_pFuncCalculateImplE
0x7101e3efc8,0032,_ZN2nn3g3d15SkeletalAnimObj4Impl18s_pFuncApplyToImplE
0x7101e3efe8,0128,_ZN2nn3g3d19SkeletalAnimBlender4Impl12s_pFuncBlendE
0x7101e3f068,0064,_ZN2nn3g3d19SkeletalAnimBlender4Impl14s_pFuncApplyToE
0x7101e3f0a8,0080,_ZTVN2nn3g3d15SkeletalAnimObjE
0x7101e3f118,0064,_ZN2nn3g3d11SkeletonObj4Impl21s_pFuncCalculateWorldE
0x7101e3f158,0064,_ZN2nn3g3d11SkeletonObj4Impl33s_pFuncCalculateWorldWithCallbackE
0x7101e3f1c8,0004,_ZN2nn3vfx6detail6Random12g_GlobalSeedE
0x7101e3f1cc,0016,_ZN2nn3vfx6detail6Random8g_RandomE
0x7101e3f1e0,0032,_ZTVN2nn3vfx8ResourceE
0x7101e3f210,0048,_ZTVN2nn3vfx6detail26CalculateAllocatedSizeHeapE
0x7101e3f258,0120,_ZTVN2nn3vfx9PrimitiveE
0x7101e3f2f8,0120,_ZTVN2nn3vfx12G3dPrimitiveE
0x7101e3f388,0032,_ZTVN2nn3vfx6detail12StripeSystemE
0x7101e3f3b8,0032,_ZTVN2nn3vfx6detail17SuperStripeSystemE
0x7101e3f3e8,0040,_ZTVN2nn3vfx6SystemE
0x7101e3f420,0048,_ZTVN2nn3vfx11DynamicHeapE
0x7101e3f468,0040,_ZTVN2nn3vfx6detail15BufferAllocatorE
0x7101e3f4f8,0128,_ZN2nn3vfx6detail17EmitterCalculator15g_EmitFunctionsE
0x7101e3f578,0064,_ZN2nn3vfx6detail25EquallyDividedSphereTableE
0x7101e3f5b8,0504,_ZN2nn3vfx6detail22gSameDivideSphere64TblE
0x7101e3f7b0,0032,_ZTVN2nn3vfx6detail22ConnectionStripeSystemE
0x7101e3f7e0,0040,_ZTVN2nn3gfx4util14PrimitiveShapeE
0x7101e3f808,0040,_ZTVN2nn3gfx4util11SphereShapeE
0x7101e3f830,0040,_ZTVN2nn3gfx4util11CircleShapeE
0x7101e3f858,0040,_ZTVN2nn3gfx4util9CubeShapeE
0x7101e3f880,0040,_ZTVN2nn3gfx4util9QuadShapeE
0x7101e3f8a8,0040,_ZTVN2nn3gfx4util15HemiSphereShapeE
0x7101e3f8d0,0040,_ZTVN2nn3gfx4util9PipeShapeE
0x7101e3f8f8,0040,_ZTVN2nn3gfx4util13CylinderShapeE
0x7101e3f920,0040,_ZTVN2nn3gfx4util9ConeShapeE
0x7101e3fa58,0088,_ZTVN4sead18NinDebugControllerE
0x7101e3fac8,0056,_ZTVN4sead17NinDebugPadDeviceE
0x7101e3fb18,0032,_ZTVN4sead13DelegateEventIPKcEE
0x7101e3fb48,0032,_ZTVN4sead13DelegateEventIRKNS_16ExceptionHandler11InformationEEE
0x7101e3fbc8,0032,_ZTVN4sead13DelegateEventIRKNS_11PrintConfig13PrintEventArgEEE
0x7101e3fbf8,0272,_ZTVN4sead19NinHostIOFileDeviceE
0x7101e3fd28,0272,_ZTVN4sead17NinSaveFileDeviceE
0x7101e3fe58,0256,_ZTVN4sead12SeparateHeapE
0x7101e3ff78,0256,_ZTVN4sead8UnitHeapE
0x7101e40098,0032,_ZTVN4sead17RegionLanguageMgr18SingletonDisposer_E
0x7101e400b8,0008,_ZN4sead17RegionLanguageMgr27cRegionLanguageMaskStr_JPjaE
0x7101e400c0,0008,_ZN4sead17RegionLanguageMgr67cRegionLanguageMaskStr_JPja_USen_USes_USfr_EUen_EUes_EUfr_EUde_EUitE
0x7101e400c8,0008,_ZN4sead17RegionLanguageMgr87cRegionLanguageMaskStr_JPja_USen_USes_USfr_USpt_EUen_EUes_EUfr_EUde_EUit_EUpt_EUnl_EUruE
0x7101e400d0,0008,_ZN4sead17RegionLanguageMgr26cRegionLanguageMaskStr_AllE
0x7101e400f8,0048,_ZTVN4sead15FixedSafeStringILi23EEE
0x7101e40168,0048,_ZTVN4sead19FixedSafeStringBaseIcLi23EEE
0x7101e40198,0048,_ZTVN4sead15FixedSafeStringILi43EEE
0x7101e40208,0048,_ZTVN4sead19FixedSafeStringBaseIcLi43EEE
0x7101e40238,0040,_ZTVN4sead23ParallelSZSDecompressorE
0x7101e40260,0192,_ZTVN4sead23ParallelSZSDecompressor12DecompThreadE
0x7101e403b8,0040,_ZTVN4sead12DecompressorE
0x7101e403e0,0128,_ZTVN4sead15SharcArchiveResE
0x7101e40478,0040,_ZTVN4sead15SZSDecompressorE
0x7101e404b8,0032,_ZTVN4sead5EventE
0x7101e404f8,0104,_ZTVN4sead17ControllerWrapperE
0x7101e40578,0104,_ZTVN4sead21ControllerWrapperBaseE
0x7101e40618,0104,_ZTVN4sead21MaskControllerWrapperE
0x7101e40698,0032,_ZTVN4sead18GraphicsContextMRTE
0x7101e406c8,0032,_ZTVN4sead10TextWriterE
0x7101e40760,0008,_ZN4sead11XmlDocument19sDefaultEntityNamesE
0x7101e40790,0008,_ZN4sead11XmlDocument20sDefaultEntityValuesE
0x7101e40798,0004,_ZN4sead11XmlDocument17sDefaultEntityNumE
0x7101e407a0,0032,_ZTVN4sead11XmlDocumentE
0x7101e407d0,0048,_ZTVN4sead15FixedSafeStringILi150EEE
0x7101e40838,0032,_ZTVN4sead14MessageProjectE
0x7101e40868,0032,_ZTVN4sead14MessageSetBaseE
0x7101e40928,0072,_ZTVN4sead14StackTraceBaseE
0x7101e40980,0080,_ZTVN3agl18ShaderStorageBlockE
0x7101e409e8,0032,_ZTVN3agl3env12EnvObjBuffer11AllocateArgE
0x7101e40a08,0048,_ZTVN3agl3env12EnvObjBufferE
0x7101e40a58,0032,_ZTVN3agl3env9EnvObjMgr7InitArgE
0x7101e40a78,0304,_ZTVN3agl3env9EnvObjMgrE
0x7101e40ba8,0112,_ZTVN3agl3env9EnvObjMgr8TypeNodeE
0x7101e40cc8,0232,_ZTVN3agl3env9EnvObjSetE
0x7101e40e18,0088,_ZTVN3agl3env9EnvObjSet3RefE
0x7101e40e88,0032,_ZTVN3agl3utl22INamedObjIndexCallbackE
0x7101e40ea8,0160,_ZTVN3agl3pfx12AutoExposureE
0x7101e40f88,0032,_ZTVN3agl11GPUMemBlockINS_3pfx15AutoExposureVtxEEE
0x7101e40fe8,0032,_ZTVN3agl12GPUMemBlockTINS_3pfx15AutoExposureVtxEEE
0x7101e41068,0216,_ZTVN3agl3pfx5BloomE
0x7101e411e8,0048,_ZTVN4sead21FormatFixedSafeStringILi128EEE
0x7101e41238,0032,_ZTVN3agl3utl22ContextParameterBufferINS_3pfx5BloomENS2_14BloomParameterEEE
0x7101e41258,0168,_ZTVN3agl3pfx15ColorCorrectionE
0x7101e41338,0200,_ZTVN3agl3pfx12DepthOfFieldE
0x7101e41408,0088,_ZTVN3agl3pfx12DepthOfField14TempVignettingE
0x7101e41518,0032,_ZTVN3agl11GPUMemBlockINS_3pfx12DepthOfField6VertexEEE
0x7101e41578,0032,_ZTVN3agl12GPUMemBlockTINS_3pfx12DepthOfField6VertexEEE
0x7101e41598,0032,_ZTVN3agl3utl22ContextParameterBufferINS_3pfx12DepthOfFieldENS2_21DepthOfFieldParameterEEE
0x7101e415b8,0144,_ZTVN3agl3pfx8FilterAAE
0x7101e41730,0032,_ZTVN3agl3pfx20FlareFilterParameterE
0x7101e41790,0224,_ZTVN3agl3pfx11FlareFilterE
0x7101e41908,0080,_ZTVN3agl3utl22ContextParameterBufferINS_3pfx11FlareFilterENS2_20FlareFilterParameterEEE
0x7101e41958,0032,_ZTVN3agl3utl26ContextParameterBufferImplE
0x7101e41978,0032,_ZTVN3agl3utl19DynamicTextureCacheE
0x7101e419a8,0176,_ZTVN3agl3utl11MultiFilterE
0x7101e41ad8,0048,_ZTVN4sead21FormatFixedSafeStringILi8EEE
0x7101e41b28,0184,_ZTVN3agl3utl15MultiFilterUnitE
0x7101e41be0,0184,_ZTVN3agl3utl12ReduceFilterE
0x7101e41c98,0184,_ZTVN3agl3utl12ExpandFilterE
0x7101e41d50,0184,_ZTVN3agl3utl10BlurFilterE
0x7101e41e08,0184,_ZTVN3agl3utl21ColorCorrectionFilterE
0x7101e41ec0,0184,_ZTVN3agl3utl12ChangeFormatE
0x7101e41f78,0184,_ZTVN3agl3utl10ColorDriftE
0x7101e42030,0184,_ZTVN3agl3utl8TrimmingE
0x7101e42238,0072,_ZTVN3agl3utl9INamedObjE
0x7101e42298,0176,_ZTVN3agl3utl14INamedObjIndexE
0x7101e42368,0080,_ZTVN3agl3utl12INamedObjMgrE
0x7101e423b8,0040,_ZTVN3agl3utl12INamedObjMgr5GroupE
0x7101e42418,0032,_ZTVN3agl3lyr8Renderer18SingletonDisposer_E
0x7101e42438,0032,_ZTVN3agl3lyr8Renderer9CreateArgE
0x7101e42458,0040,_ZTVN3agl3lyr8RendererE
0x7101e424d8,0056,_ZTVN4sead8JobQueueE
0x7101e42548,0040,_ZTVN3agl4lght12LightPrePassE
0x7101e42588,0024,_ZTVN4sead15RuntimeTypeInfo6DeriveIN3agl4lght20LightPrePassLightMgrINS3_12LightPrePass10PointLightENS5_7ContextENS5_11CallbackArgEEEEE
0x7101e425b8,0024,_ZTVN4sead15RuntimeTypeInfo6DeriveIN3agl4lght20LightPrePassLightMgrINS3_12LightPrePass9SpotLightENS5_7ContextENS5_11CallbackArgEEEEE
0x7101e425e8,0024,_ZTVN4sead15RuntimeTypeInfo6DeriveIN3agl4lght20LightPrePassLightMgrINS3_12LightPrePass9ProjLightENS5_7ContextENS5_11CallbackArgEEEEE
0x7101e42678,0392,_ZTVN3agl4lght12LightPrePass13PointLightMgrE
0x7101e42838,0392,_ZTVN3agl4lght12LightPrePass12SpotLightMgrE
0x7101e429f8,0392,_ZTVN3agl4lght12LightPrePass12ProjLightMgrE
0x7101e42bb8,0040,_ZTVN3agl4lght4SSIIE
0x7101e42bf8,0144,_ZTVN3agl3sdw11DepthShadowE
0x7101e42cc8,0112,_ZTVN3agl3sdw15DepthShadowUnitE
0x7101e42d78,0112,_ZTVN3agl3sdw9ShadowMapE
0x7101e42e28,0160,_ZTVN3agl3sdw13ShadowPrePassE
0x7101e42f08,0144,_ZTVN3agl3sdw4SSAOE
0x7101e42fd8,0088,_ZTVN3agl3sdw4SSAO9ParameterE
0x7101e43048,0088,_ZTVN3agl4cull14OcclusionQueryE
0x7101e430a0,0088,_ZTVN3agl4cull22OcclusionQueryCylinderE
0x7101e430f8,0088,_ZTVN3agl4cull24OcclusionQueryBoundBox3fE
0x7101e43178,0088,_ZTVN3agl4cull22OcclusionQuerySphere3fE
0x7101e43208,0024,_ZTVN4sead15RuntimeTypeInfo6DeriveIN3agl4cull14OcclusionQueryEEE
0x7101e43238,0032,_ZTVN3agl11GPUMemBlockINS_4cull14OcclusionQuery9QueryDataEEE
0x7101e43298,0032,_ZTVN3agl12GPUMemBlockTINS_4cull14OcclusionQuery9QueryDataEEE
0x7101e432b8,0024,_ZTVN3agl4cull20OcclusionQueryDrawerE
0x7101e432e8,0280,_ZTVN3agl2fx7OfxBase10PresetBaseE
0x7101e43400,0384,_ZTVN3agl2fx7OfxBaseE
0x7101e43580,0288,_ZTVN3agl2fx12OfxLensFlare6PresetE
0x7101e436a0,0392,_ZTVN3agl2fx12OfxLensFlareE
0x7101e43828,0392,_ZTVN3agl2fx19OfxLensFlareDynamicE
0x7101e43a48,0048,_ZTVN4sead21FormatFixedSafeStringILi16EEE
0x7101e43a98,0288,_ZTVN3agl2fx19OfxLensFlareDynamic6PresetE
0x7101e43bd8,0024,_ZTVN4sead15RuntimeTypeInfo6DeriveIN3agl2fx12OfxLensFlare6PresetEEE
0x7101e43c08,0160,_ZTVN3agl2fx17OccludedEffectMgrE
0x7101e43eb8,0024,_ZTVN3agl2fx17OccludedEffectMgr17MenuNode_InstanceE
0x7101e43ee8,0024,_ZTVN3agl2fx17OccludedEffectMgr15MenuNode_PresetE
0x7101e43f18,0032,_ZTVN3agl11GPUMemBlockINS_2fx17OccludedEffectMgr3VtxEEE
0x7101e43f78,0032,_ZTVN3agl12GPUMemBlockTINS_2fx17OccludedEffectMgr3VtxEEE
0x7101e43f98,0088,_ZTVN3agl2fx17OccludedEffectMgr11TextureInfoE
0x7101e44008,0024,_ZTVN3agl2fx17OccludedEffectMgr19MenuNode_PresetRootE
0x7101e44038,0048,_ZTVN4sead21FormatFixedSafeStringILi512EEE
0x7101e440f0,0040,_ZTVN3agl2fx17OcclusionRendererE
0x7101e44138,0032,_ZTVN3agl11GPUMemBlockINS_2fx17OcclusionRenderer7OcclVtxEEE
0x7101e44198,0032,_ZTVN3agl12GPUMemBlockTINS_2fx17OcclusionRenderer7OcclVtxEEE
0x7101e441b8,0040,_ZTVN3agl2fx10RadialBlurE
0x7101e441f8,0032,_ZTVN3agl11GPUMemBlockINS_2fx10RadialBlur6VertexEEE
0x7101e44258,0032,_ZTVN3agl12GPUMemBlockTINS_2fx10RadialBlur6VertexEEE
0x7101e44278,0032,_ZTVN3agl4fctr16GPUStressChecker18SingletonDisposer_E
0x7101e44298,0040,_ZTVN3agl4fctr16GPUStressCheckerE
0x7101e442f8,0040,_ZTVN3agl3lyr8LayerJobE
0x7101e44338,0272,_ZTVN3agl3env6EnvObjE
0x7101e44488,0176,_ZTVN3agl3env6EnvObj5IndexE
0x7101e44598,0200,_ZTVN3agl3lyr5LayerE
0x7101e44728,0040,_ZTVN3agl3lyr13RenderDisplayE
0x7101e44768,0032,_ZTVN3agl3lyr8RenderDLE
0x7101e447a8,0032,_ZTVN3agl3lyr14RenderDLBufferE
0x7101e447d8,0040,_ZTVN3agl3lyr10RenderStepE
0x7101e44818,0032,_ZTVN3agl4perf17GPUTimeStampArrayE
0x7101e44848,0032,_ZTVN3agl11GPUMemBlockI14NVNcounterDataEE
0x7101e448a8,0032,_ZTVN3agl12GPUMemBlockTI14NVNcounterDataEE
0x7101e448c8,0032,_ZTVN3agl3lyr10DrawMethodE
0x7101e44938,0088,_ZTVN3eui14ArcResourceMgrE
0x7101e44990,0032,_ZTVN3eui14ArcResourceMgr11ArcResourceE
0x7101e449b0,0080,_ZTVN3eui14ArcResourceMgr28OneTimeBinaryResourceFactoryE
0x7101e44c58,0080,_ZTVN2nn3nex23_DDL_AuthenticationInfoE
0x7101e44cc8,0040,_ZTVN2nn3nex37NintendoAuthenticationDDLDeclarationsE
0x7101e44d08,0080,_ZTVN2nn3nex20PseudoGlobalVariableINS0_37NintendoAuthenticationDDLDeclarationsEEE
0x7101e44d78,0272,_ZTVN2nn4font8PairFontE
0x7101e4d438,0040,_ZTVN2nn4font10RectDrawerE
0x7101e4d470,0040,_ZTVN4sead3JobE
0x7101e4d4c8,0056,_ZTVN4sead11FixedSizeJQE
0x7101e622e8,0016,_ZZN2rs8ItemType9getArray_EvE7sBuffer
0x7101e622f8,0008,_ZGVZN2rs8ItemType9getArray_EvE7sBuffer
0x7101e62300,0100,_ZZN2rs8ItemType10ValueArrayC1EvE6sArray
0x7101e62368,0008,_ZGVZN2rs8ItemType10ValueArrayC1EvE6sArray
0x7101e62370,0008,_ZZN15BossForestBlock9BlockType5text_EiE9spTextPtr
0x7101e62378,0064,_ZZN15BossForestBlock9BlockType5text_EiE8sTextAll
0x7101e623b8,0008,_ZGVZN15BossForestBlock9BlockType5text_EiE8sTextAll
0x7101e623c0,0032,_ZZN15BossForestBlock9BlockType5text_EiE8sTextPtr
0x7101e62a98,0008,_ZZN2al9SensorMsg24getRuntimeTypeInfoStaticEvE8typeInfo
0x7101e62aa0,0008,_ZGVZN2al9SensorMsg24getRuntimeTypeInfoStaticEvE8typeInfo
0x7101e62aa8,0008,_ZZN2rs27SensorMsgCactusNeedleAttack24getRuntimeTypeInfoStaticEvE8typeInfo
0x7101e62ab0,0008,_ZGVZN2rs27SensorMsgCactusNeedleAttack24getRuntimeTypeInfoStaticEvE8typeInfo
0x7101e63190,0008,_ZZN8BossType5text_EiE9spTextPtr
0x7101e63198,0176,_ZZN8BossType5text_EiE8sTextAll
0x7101e63248,0008,_ZGVZN8BossType5text_EiE8sTextAll
0x7101e63250,0104,_ZZN8BossType5text_EiE8sTextPtr
0x7101e632b8,0008,_ZZN17CommonSelectParts16SelectPartsState5text_EiE9spTextPtr
0x7101e632c0,0040,_ZZN17CommonSelectParts16SelectPartsState5text_EiE8sTextAll
0x7101e632e8,0008,_ZGVZN17CommonSelectParts16SelectPartsState5text_EiE8sTextAll
0x7101e632f0,0016,_ZZN17CommonSelectParts16SelectPartsState5text_EiE8sTextPtr
0x7101e63300,0008,_ZZN3eui9TextBoxEx24GetRuntimeTypeInfoStaticEvE10s_TypeInfo
0x7101e63308,0008,_ZGVZN3eui9TextBoxEx24GetRuntimeTypeInfoStaticEvE10s_TypeInfo
0x7101e63310,0008,_ZZN2nn4ui2d7TextBox24GetRuntimeTypeInfoStaticEvE10s_TypeInfo
0x7101e63318,0008,_ZGVZN2nn4ui2d7TextBox24GetRuntimeTypeInfoStaticEvE10s_TypeInfo
0x7101e63320,0008,_ZZN2nn4ui2d4Pane24GetRuntimeTypeInfoStaticEvE10s_TypeInfo
0x7101e63328,0008,_ZGVZN2nn4ui2d4Pane24GetRuntimeTypeInfoStaticEvE10s_TypeInfo
0x7101e63330,0008,_ZZN12MiniGameMenu8MenuType5text_EiE9spTextPtr
0x7101e63338,0040,_ZZN12MiniGameMenu8MenuType5text_EiE8sTextAll
0x7101e63360,0008,_ZGVZN12MiniGameMenu8MenuType5text_EiE8sTextAll
0x7101e63368,0024,_ZZN12MiniGameMenu8MenuType5text_EiE8sTextPtr
0x7101e63380,0008,_ZZN8ShopItem13ShopItemState5text_EiE9spTextPtr
0x7101e63388,0064,_ZZN8ShopItem13ShopItemState5text_EiE8sTextAll
0x7101e633c8,0008,_ZGVZN8ShopItem13ShopItemState5text_EiE8sTextAll
0x7101e633d0,0048,_ZZN8ShopItem13ShopItemState5text_EiE8sTextPtr
0x7101e63cb0,0008,_ZZN16CapMessageKeeper10CapMsgType5text_EiE9spTextPtr
0x7101e63cb8,0784,_ZZN16CapMessageKeeper10CapMsgType5text_EiE8sTextAll
0x7101e63fc8,0008,_ZGVZN16CapMessageKeeper10CapMsgType5text_EiE8sTextAll
0x7101e63fd0,0224,_ZZN16CapMessageKeeper10CapMsgType5text_EiE8sTextPtr
0x7101e640b0,0016,_ZZN16CapMessageKeeper10CapMsgType9getArray_EvE7sBuffer
0x7101e640c0,0008,_ZGVZN16CapMessageKeeper10CapMsgType9getArray_EvE7sBuffer
0x7101e640c8,0112,_ZZN16CapMessageKeeper10CapMsgType10ValueArrayC1EvE6sArray
0x7101e64138,0008,_ZGVZN16CapMessageKeeper10CapMsgType10ValueArrayC1EvE6sArray
0x7101e64140,0008,_ZZN16CapMessageKeeper16CapMsgTypeNoSave5text_EiE9spTextPtr
0x7101e64148,0112,_ZZN16CapMessageKeeper16CapMsgTypeNoSave5text_EiE8sTextAll
0x7101e641b8,0008,_ZGVZN16CapMessageKeeper16CapMsgTypeNoSave5text_EiE8sTextAll
0x7101e641c0,0032,_ZZN16CapMessageKeeper16CapMsgTypeNoSave5text_EiE8sTextPtr
0x7101e641e0,0016,_ZZN11CapSlotReel8ItemType9getArray_EvE7sBuffer
0x7101e641f0,0008,_ZGVZN11CapSlotReel8ItemType9getArray_EvE7sBuffer
0x7101e641f8,0016,_ZZN11CapSlotReel8ItemType10ValueArrayC1EvE6sArray
0x7101e64208,0008,_ZGVZN11CapSlotReel8ItemType10ValueArrayC1EvE6sArray
0x7101e64618,0008,_ZZN2al13YamlParamType5text_EiE9spTextPtr
0x7101e64620,0200,_ZZN2al13YamlParamType5text_EiE8sTextAll
0x7101e646e8,0008,_ZGVZN2al13YamlParamType5text_EiE8sTextAll
0x7101e646f0,0160,_ZZN2al13YamlParamType5text_EiE8sTextPtr
0x7101e649b8,0012,_ZN15RhythmSpotlight10LightColor5WhiteE
0x7101e649c4,0012,_ZN15RhythmSpotlight10LightColor8WhiteRedE
0x7101e649d0,0012,_ZN15RhythmSpotlight10LightColor3RedE
0x7101e649dc,0012,_ZN15RhythmSpotlight10LightColor6OrangeE
0x7101e649e8,0012,_ZN15RhythmSpotlight10LightColor6YellowE
0x7101e649f4,0012,_ZN15RhythmSpotlight10LightColor11YellowWhiteE
0x7101e64a00,0012,_ZN15RhythmSpotlight10LightColor6White2E
0x7101e64a0c,0012,_ZN15RhythmSpotlight10LightColor9WhiteRed2E
0x7101e64a18,0012,_ZN15RhythmSpotlight10LightColor4Red2E
0x7101e64a24,0012,_ZN15RhythmSpotlight10LightColor7Orange2E
0x7101e64a30,0012,_ZN15RhythmSpotlight10LightColor7Yellow2E
0x7101e64a3c,0012,_ZN15RhythmSpotlight10LightColor12YellowWhite2E
0x7101e65148,0016,_ZZN11TimeBalloon15RankAchievement9getArray_EvE7sBuffer
0x7101e65158,0008,_ZGVZN11TimeBalloon15RankAchievement9getArray_EvE7sBuffer
0x7101e65160,0024,_ZZN11TimeBalloon15RankAchievement10ValueArrayC1EvE6sArray
0x7101e65178,0008,_ZGVZN11TimeBalloon15RankAchievement10ValueArrayC1EvE6sArray
0x7101e655a0,0008,_ZZN11GhostPlayer16GhostPlayerColor5text_EiE9spTextPtr
0x7101e655a8,0088,_ZZN11GhostPlayer16GhostPlayerColor5text_EiE8sTextAll
0x7101e65600,0008,_ZGVZN11GhostPlayer16GhostPlayerColor5text_EiE8sTextAll
0x7101e65608,0040,_ZZN11GhostPlayer16GhostPlayerColor5text_EiE8sTextPtr
0x7101e659b8,0008,_ZZN20SessionEventProgress5text_EiE9spTextPtr
0x7101e659c0,0192,_ZZN20SessionEventProgress5text_EiE8sTextAll
0x7101e65a80,0008,_ZGVZN20SessionEventProgress5text_EiE8sTextAll
0x7101e65a88,0072,_ZZN20SessionEventProgress5text_EiE8sTextPtr
0x7101e65ad0,0008,_ZZN18SessionMusicianNpc9EventType5text_EiE9spTextPtr
0x7101e65ad8,0056,_ZZN18SessionMusicianNpc9EventType5text_EiE8sTextAll
0x7101e65b10,0008,_ZGVZN18SessionMusicianNpc9EventType5text_EiE8sTextAll
0x7101e65b18,0032,_ZZN18SessionMusicianNpc9EventType5text_EiE8sTextPtr
0x7101e65b38,0008,_ZZN19SessionMusicianType5text_EiE9spTextPtr
0x7101e65b40,0088,_ZZN19SessionMusicianType5text_EiE8sTextAll
0x7101e65b98,0008,_ZGVZN19SessionMusicianType5text_EiE8sTextAll
0x7101e65ba0,0056,_ZZN19SessionMusicianType5text_EiE8sTextPtr
0x7101e66398,0008,_ZZN2al15GameFrameworkNx24getRuntimeTypeInfoStaticEvE8typeInfo
0x7101e663a0,0008,_ZGVZN2al15GameFrameworkNx24getRuntimeTypeInfoStaticEvE8typeInfo
0x7101e663a8,0008,_ZZN4sead15GameFrameworkNx24getRuntimeTypeInfoStaticEvE8typeInfo
0x7101e663b0,0008,_ZGVZN4sead15GameFrameworkNx24getRuntimeTypeInfoStaticEvE8typeInfo
0x7101e663b8,0008,_ZZN4sead13GameFramework24getRuntimeTypeInfoStaticEvE8typeInfo
0x7101e663c0,0008,_ZGVZN4sead13GameFramework24getRuntimeTypeInfoStaticEvE8typeInfo
0x7101e663c8,0008,_ZZN4sead9Framework24getRuntimeTypeInfoStaticEvE8typeInfo
0x7101e663d0,0008,_ZGVZN4sead9Framework24getRuntimeTypeInfoStaticEvE8typeInfo
0x7101e663d8,0008,_ZZN15TimeBalloonUtil8EEntryId5text_EiE9spTextPtr
0x7101e663e0,0248,_ZZN15TimeBalloonUtil8EEntryId5text_EiE8sTextAll
0x7101e664d8,0008,_ZGVZN15TimeBalloonUtil8EEntryId5text_EiE8sTextAll
0x7101e664e0,0104,_ZZN15TimeBalloonUtil8EEntryId5text_EiE8sTextPtr
0x7101e665c0,0008,_ZN11Application18SingletonDisposer_15sStaticDisposerE
0x7101e665c8,0008,_ZN11Application9sInstanceE
0x7101e665e0,0008,_ZZN4sead4Task24getRuntimeTypeInfoStaticEvE8typeInfo
0x7101e665e8,0008,_ZGVZN4sead4Task24getRuntimeTypeInfoStaticEvE8typeInfo
0x7101e665f0,0008,_ZZN4sead8TaskBase24getRuntimeTypeInfoStaticEvE8typeInfo
0x7101e665f8,0008,_ZGVZN4sead8TaskBase24getRuntimeTypeInfoStaticEvE8typeInfo
0x7101e66600,0008,_ZZN4sead10ArchiveRes24getRuntimeTypeInfoStaticEvE8typeInfo
0x7101e66608,0008,_ZGVZN4sead10ArchiveRes24getRuntimeTypeInfoStaticEvE8typeInfo
0x7101e66610,0008,_ZZN4sead14DirectResource24getRuntimeTypeInfoStaticEvE8typeInfo
0x7101e66618,0008,_ZGVZN4sead14DirectResource24getRuntimeTypeInfoStaticEvE8typeInfo
0x7101e66620,0008,_ZZN4sead8Resource24getRuntimeTypeInfoStaticEvE8typeInfo
0x7101e66628,0008,_ZGVZN4sead8Resource24getRuntimeTypeInfoStaticEvE8typeInfo
0x7101e686b8,0008,_ZZN4sead16NinJoyNpadDevice24getRuntimeTypeInfoStaticEvE8typeInfo
0x7101e686c0,0008,_ZGVZN4sead16NinJoyNpadDevice24getRuntimeTypeInfoStaticEvE8typeInfo
0x7101e686c8,0008,_ZZN4sead13ControlDevice24getRuntimeTypeInfoStaticEvE8typeInfo
0x7101e686d0,0008,_ZGVZN4sead13ControlDevice24getRuntimeTypeInfoStaticEvE8typeInfo
0x7101e686d8,0008,_ZZN2rs22SensorMsgAckCheckpoint24getRuntimeTypeInfoStaticEvE8typeInfo
0x7101e686e0,0008,_ZGVZN2rs22SensorMsgAckCheckpoint24getRuntimeTypeInfoStaticEvE8typeInfo
0x7101e686e8,0008,_ZZN2rs20SensorMsgAckGetShine24getRuntimeTypeInfoStaticEvE8typeInfo
0x7101e686f0,0008,_ZGVZN2rs20SensorMsgAckGetShine24getRuntimeTypeInfoStaticEvE8typeInfo
0x7101e686f8,0008,_ZZN2rs18SensorMsgAckLifeUp24getRuntimeTypeInfoStaticEvE8typeInfo
0x7101e68700,0008,_ZGVZN2rs18SensorMsgAckLifeUp24getRuntimeTypeInfoStaticEvE8typeInfo
0x7101e68708,0008,_ZZN2rs21SensorMsgAckLifeMaxUp24getRuntimeTypeInfoStaticEvE8typeInfo
0x7101e68710,0008,_ZGVZN2rs21SensorMsgAckLifeMaxUp24getRuntimeTypeInfoStaticEvE8typeInfo
0x7101e68718,0008,_ZZN2rs25SensorMsgAskRailCollision24getRuntimeTypeInfoStaticEvE8typeInfo
0x7101e68720,0008,_ZGVZN2rs25SensorMsgAskRailCollision24getRuntimeTypeInfoStaticEvE8typeInfo
0x7101e68728,0008,_ZZN2rs24SensorMsgBreakPartsBreak24getRuntimeTypeInfoStaticEvE8typeInfo
0x7101e68730,0008,_ZGVZN2rs24SensorMsgBreakPartsBreak24getRuntimeTypeInfoStaticEvE8typeInfo
0x7101e68738,0008,_ZZN2rs20SensorMsgBirdFlyAway24getRuntimeTypeInfoStaticEvE8typeInfo
0x7101e68740,0008,_ZGVZN2rs20SensorMsgBirdFlyAway24getRuntimeTypeInfoStaticEvE8typeInfo
0x7101e68748,0008,_ZZN2rs38SensorMsgCameraAngleElevationResetFast24getRuntimeTypeInfoStaticEvE8typeInfo
0x7101e68750,0008,_ZGVZN2rs38SensorMsgCameraAngleElevationResetFast24getRuntimeTypeInfoStaticEvE8typeInfo
0x7101e68758,0008,_ZZN2rs23SensorMsgChorobonAttack24getRuntimeTypeInfoStaticEvE8typeInfo
0x7101e68760,0008,_ZGVZN2rs23SensorMsgChorobonAttack24getRuntimeTypeInfoStaticEvE8typeInfo
0x7101e68768,0008,_ZZN2rs25SensorMsgConductLightning24getRuntimeTypeInfoStaticEvE8typeInfo
0x7101e68770,0008,_ZGVZN2rs25SensorMsgConductLightning24getRuntimeTypeInfoStaticEvE8typeInfo
0x7101e68778,0008,_ZZN2rs25SensorMsgDamageBallAttack24getRuntimeTypeInfoStaticEvE8typeInfo
0x7101e68780,0008,_ZGVZN2rs25SensorMsgDamageBallAttack24getRuntimeTypeInfoStaticEvE8typeInfo
0x7101e68788,0008,_ZZN2rs29SensorMsgDamageBallBodyAttack24getRuntimeTypeInfoStaticEvE8typeInfo
0x7101e68790,0008,_ZGVZN2rs29SensorMsgDamageBallBodyAttack24getRuntimeTypeInfoStaticEvE8typeInfo
0x7101e68798,0008,_ZZN2rs22SensorMsgDonsukeAttack24getRuntimeTypeInfoStaticEvE8typeInfo
0x7101e687a0,0008,_ZGVZN2rs22SensorMsgDonsukeAttack24getRuntimeTypeInfoStaticEvE8typeInfo
0x7101e687a8,0008,_ZZN2rs28SensorMsgDonsukeGroundAttack24getRuntimeTypeInfoStaticEvE8typeInfo
0x7101e687b0,0008,_ZGVZN2rs28SensorMsgDonsukeGroundAttack24getRuntimeTypeInfoStaticEvE8typeInfo
0x7101e687b8,0008,_ZZN2rs20SensorMsgDonsukePush24getRuntimeTypeInfoStaticEvE8typeInfo
0x7101e687c0,0008,_ZGVZN2rs20SensorMsgDonsukePush24getRuntimeTypeInfoStaticEvE8typeInfo
0x7101e687c8,0008,_ZZN2rs21SensorMsgDragonAttack24getRuntimeTypeInfoStaticEvE8typeInfo
0x7101e687d0,0008,_ZGVZN2rs21SensorMsgDragonAttack24getRuntimeTypeInfoStaticEvE8typeInfo
0x7101e687d8,0008,_ZZN2rs21SensorMsgEatExplosion24getRuntimeTypeInfoStaticEvE8typeInfo
0x7101e687e0,0008,_ZGVZN2rs21SensorMsgEatExplosion24getRuntimeTypeInfoStaticEvE8typeInfo
0x7101e687e8,0008,_ZZN2rs36SensorMsgElectricWireNoLimitDistance24getRuntimeTypeInfoStaticEvE8typeInfo
0x7101e687f0,0008,_ZGVZN2rs36SensorMsgElectricWireNoLimitDistance24getRuntimeTypeInfoStaticEvE8typeInfo
0x7101e687f8,0008,_ZZN2rs22SensorMsgEnemyAttack2D24getRuntimeTypeInfoStaticEvE8typeInfo
0x7101e68800,0008,_ZGVZN2rs22SensorMsgEnemyAttack2D24getRuntimeTypeInfoStaticEvE8typeInfo
0x7101e68808,0008,_ZZN2rs22SensorMsgEnemyAttack3D24getRuntimeTypeInfoStaticEvE8typeInfo
0x7101e68810,0008,_ZGVZN2rs22SensorMsgEnemyAttack3D24getRuntimeTypeInfoStaticEvE8typeInfo
0x7101e68818,0008,_ZZN2rs24SensorMsgEnemyAttackDash24getRuntimeTypeInfoStaticEvE8typeInfo
0x7101e68820,0008,_ZGVZN2rs24SensorMsgEnemyAttackDash24getRuntimeTypeInfoStaticEvE8typeInfo
0x7101e68828,0008,_ZZN2rs23SensorMsgHackAttackFire24getRuntimeTypeInfoStaticEvE8typeInfo
0x7101e68830,0008,_ZGVZN2rs23SensorMsgHackAttackFire24getRuntimeTypeInfoStaticEvE8typeInfo
0x7101e68838,0008,_ZZN2rs33SensorMsgEnemyAttackFireCollision24getRuntimeTypeInfoStaticEvE8typeInfo
0x7101e68840,0008,_ZGVZN2rs33SensorMsgEnemyAttackFireCollision24getRuntimeTypeInfoStaticEvE8typeInfo
0x7101e68848,0008,_ZZN2rs26SensorMsgEnemyAttackPoison24getRuntimeTypeInfoStaticEvE8typeInfo
0x7101e68850,0008,_ZGVZN2rs26SensorMsgEnemyAttackPoison24getRuntimeTypeInfoStaticEvE8typeInfo
0x7101e68858,0008,_ZZN2rs24SensorMsgEnemyAttackTRex24getRuntimeTypeInfoStaticEvE8typeInfo
0x7101e68860,0008,_ZGVZN2rs24SensorMsgEnemyAttackTRex24getRuntimeTypeInfoStaticEvE8typeInfo
0x7101e68868,0008,_ZZN2rs25SensorMsgHackAttackPoison24getRuntimeTypeInfoStaticEvE8typeInfo
0x7101e68870,0008,_ZGVZN2rs25SensorMsgHackAttackPoison24getRuntimeTypeInfoStaticEvE8typeInfo
0x7101e68878,0008,_ZZN2rs24SensorMsgConfirmPaintObj24getRuntimeTypeInfoStaticEvE8typeInfo
0x7101e68880,0008,_ZGVZN2rs24SensorMsgConfirmPaintObj24getRuntimeTypeInfoStaticEvE8typeInfo
0x7101e68888,0008,_ZZN2rs31SensorMsgConfirmPaintObjForSeed24getRuntimeTypeInfoStaticEvE8typeInfo
0x7101e68890,0008,_ZGVZN2rs31SensorMsgConfirmPaintObjForSeed24getRuntimeTypeInfoStaticEvE8typeInfo
0x7101e68898,0008,_ZZN2rs26SensorMsgPaintAttackPoison24getRuntimeTypeInfoStaticEvE8typeInfo
0x7101e688a0,0008,_ZGVZN2rs26SensorMsgPaintAttackPoison24getRuntimeTypeInfoStaticEvE8typeInfo
0x7101e688a8,0008,_ZZN2rs18SensorMsgEnemyKick24getRuntimeTypeInfoStaticEvE8typeInfo
0x7101e688b0,0008,_ZGVZN2rs18SensorMsgEnemyKick24getRuntimeTypeInfoStaticEvE8typeInfo
0x7101e688b8,0008,_ZZN2rs19SensorMsgRabbitKick24getRuntimeTypeInfoStaticEvE8typeInfo
0x7101e688c0,0008,_ZGVZN2rs19SensorMsgRabbitKick24getRuntimeTypeInfoStaticEvE8typeInfo
0x7101e688c8,0008,_ZZN2rs22SensorMsgFishingAttack24getRuntimeTypeInfoStaticEvE8typeInfo
0x7101e688d0,0008,_ZGVZN2rs22SensorMsgFishingAttack24getRuntimeTypeInfoStaticEvE8typeInfo
0x7101e688d8,0008,_ZZN2rs22SensorMsgFishingCancel24getRuntimeTypeInfoStaticEvE8typeInfo
0x7101e688e0,0008,_ZGVZN2rs22SensorMsgFishingCancel24getRuntimeTypeInfoStaticEvE8typeInfo
0x7101e688e8,0008,_ZZN2rs28SensorMsgFishingFishApproach24getRuntimeTypeInfoStaticEvE8typeInfo
0x7101e688f0,0008,_ZGVZN2rs28SensorMsgFishingFishApproach24getRuntimeTypeInfoStaticEvE8typeInfo
0x7101e688f8,0008,_ZZN2rs30SensorMsgFishingFishFloatTouch24getRuntimeTypeInfoStaticEvE8typeInfo
0x7101e68900,0008,_ZGVZN2rs30SensorMsgFishingFishFloatTouch24getRuntimeTypeInfoStaticEvE8typeInfo
0x7101e68908,0008,_ZZN2rs23SensorMsgFishingItemGet24getRuntimeTypeInfoStaticEvE8typeInfo
0x7101e68910,0008,_ZGVZN2rs23SensorMsgFishingItemGet24getRuntimeTypeInfoStaticEvE8typeInfo
0x7101e68918,0008,_ZZN2rs25SensorMsgFishingLineTouch24getRuntimeTypeInfoStaticEvE8typeInfo
0x7101e68920,0008,_ZGVZN2rs25SensorMsgFishingLineTouch24getRuntimeTypeInfoStaticEvE8typeInfo
0x7101e68928,0008,_ZZN2rs21SensorMsgFishingStart24getRuntimeTypeInfoStaticEvE8typeInfo
0x7101e68930,0008,_ZGVZN2rs21SensorMsgFishingStart24getRuntimeTypeInfoStaticEvE8typeInfo
0x7101e68938,0008,_ZZN2rs36SensorMsgFishingUpImmediatelyPrepare24getRuntimeTypeInfoStaticEvE8typeInfo
0x7101e68940,0008,_ZGVZN2rs36SensorMsgFishingUpImmediatelyPrepare24getRuntimeTypeInfoStaticEvE8typeInfo
0x7101e68948,0008,_ZZN2rs32SensorMsgFireBrosFireBallCollide24getRuntimeTypeInfoStaticEvE8typeInfo
0x7101e68950,0008,_ZGVZN2rs32SensorMsgFireBrosFireBallCollide24getRuntimeTypeInfoStaticEvE8typeInfo
0x7101e68958,0008,_ZZN2rs23SensorMsgFireSwitchFire24getRuntimeTypeInfoStaticEvE8typeInfo
0x7101e68960,0008,_ZGVZN2rs23SensorMsgFireSwitchFire24getRuntimeTypeInfoStaticEvE8typeInfo
0x7101e68968,0008,_ZZN2rs24SensorMsgFrogHackTrample24getRuntimeTypeInfoStaticEvE8typeInfo
0x7101e68970,0008,_ZGVZN2rs24SensorMsgFrogHackTrample24getRuntimeTypeInfoStaticEvE8typeInfo
0x7101e68978,0008,_ZZN2rs25SensorMsgGhostRecordStart24getRuntimeTypeInfoStaticEvE8typeInfo
0x7101e68980,0008,_ZGVZN2rs25SensorMsgGhostRecordStart24getRuntimeTypeInfoStaticEvE8typeInfo
0x7101e68988,0008,_ZZN2rs23SensorMsgGhostRecordEnd24getRuntimeTypeInfoStaticEvE8typeInfo
0x7101e68990,0008,_ZGVZN2rs23SensorMsgGhostRecordEnd24getRuntimeTypeInfoStaticEvE8typeInfo
0x7101e68998,0008,_ZZN2rs18SensorMsgGhostPlay24getRuntimeTypeInfoStaticEvE8typeInfo
0x7101e689a0,0008,_ZGVZN2rs18SensorMsgGhostPlay24getRuntimeTypeInfoStaticEvE8typeInfo
0x7101e689a8,0008,_ZZN2rs18SensorMsgGhostStop24getRuntimeTypeInfoStaticEvE8typeInfo
0x7101e689b0,0008,_ZGVZN2rs18SensorMsgGhostStop24getRuntimeTypeInfoStaticEvE8typeInfo
0x7101e689b8,0008,_ZZN2rs30SensorMsgGiantWanderBossAttack24getRuntimeTypeInfoStaticEvE8typeInfo
0x7101e689c0,0008,_ZGVZN2rs30SensorMsgGiantWanderBossAttack24getRuntimeTypeInfoStaticEvE8typeInfo
0x7101e689c8,0008,_ZZN2rs36SensorMsgGiantWanderBossBulletAttack24getRuntimeTypeInfoStaticEvE8typeInfo
0x7101e689d0,0008,_ZGVZN2rs36SensorMsgGiantWanderBossBulletAttack24getRuntimeTypeInfoStaticEvE8typeInfo
0x7101e689d8,0008,_ZZN2rs34SensorMsgGiantWanderBossBulletPush24getRuntimeTypeInfoStaticEvE8typeInfo
0x7101e689e0,0008,_ZGVZN2rs34SensorMsgGiantWanderBossBulletPush24getRuntimeTypeInfoStaticEvE8typeInfo
0x7101e689e8,0008,_ZZN2rs21SensorMsgGhostReverse24getRuntimeTypeInfoStaticEvE8typeInfo
0x7101e689f0,0008,_ZGVZN2rs21SensorMsgGhostReverse24getRuntimeTypeInfoStaticEvE8typeInfo
0x7101e689f8,0008,_ZZN2rs20SensorMsgGhostCancel24getRuntimeTypeInfoStaticEvE8typeInfo
0x7101e68a00,0008,_ZGVZN2rs20SensorMsgGhostCancel24getRuntimeTypeInfoStaticEvE8typeInfo
0x7101e68a08,0008,_ZZN2rs34SensorMsgGrowFlowerSeedDisablePush24getRuntimeTypeInfoStaticEvE8typeInfo
0x7101e68a10,0008,_ZGVZN2rs34SensorMsgGrowFlowerSeedDisablePush24getRuntimeTypeInfoStaticEvE8typeInfo
0x7101e68a18,0008,_ZZN2rs27SensorMsgGrowFlowerSeedNear24getRuntimeTypeInfoStaticEvE8typeInfo
0x7101e68a20,0008,_ZGVZN2rs27SensorMsgGrowFlowerSeedNear24getRuntimeTypeInfoStaticEvE8typeInfo
0x7101e68a28,0008,_ZZN2rs22SensorMsgGrowPlantPush24getRuntimeTypeInfoStaticEvE8typeInfo
0x7101e68a30,0008,_ZGVZN2rs22SensorMsgGrowPlantPush24getRuntimeTypeInfoStaticEvE8typeInfo
0x7101e68a38,0008,_ZZN2rs21SensorMsgGrowerAttack24getRuntimeTypeInfoStaticEvE8typeInfo
0x7101e68a40,0008,_ZGVZN2rs21SensorMsgGrowerAttack24getRuntimeTypeInfoStaticEvE8typeInfo
0x7101e68a48,0008,_ZZN2rs25SensorMsgGrowerWallAttack24getRuntimeTypeInfoStaticEvE8typeInfo
0x7101e68a50,0008,_ZGVZN2rs25SensorMsgGrowerWallAttack24getRuntimeTypeInfoStaticEvE8typeInfo
0x7101e68a58,0008,_ZZN2rs23SensorMsgGunetterAttack24getRuntimeTypeInfoStaticEvE8typeInfo
0x7101e68a60,0008,_ZGVZN2rs23SensorMsgGunetterAttack24getRuntimeTypeInfoStaticEvE8typeInfo
0x7101e68a68,0008,_ZZN2rs26SensorMsgGunetterBodyTouch24getRuntimeTypeInfoStaticEvE8typeInfo
0x7101e68a70,0008,_ZGVZN2rs26SensorMsgGunetterBodyTouch24getRuntimeTypeInfoStaticEvE8typeInfo
0x7101e68a78,0008,_ZZN2rs25SensorMsgHammerAttackDown24getRuntimeTypeInfoStaticEvE8typeInfo
0x7101e68a80,0008,_ZGVZN2rs25SensorMsgHammerAttackDown24getRuntimeTypeInfoStaticEvE8typeInfo
0x7101e68a88,0008,_ZZN2rs25SensorMsgHammerAttackSide24getRuntimeTypeInfoStaticEvE8typeInfo
0x7101e68a90,0008,_ZGVZN2rs25SensorMsgHammerAttackSide24getRuntimeTypeInfoStaticEvE8typeInfo
0x7101e68a98,0008,_ZZN2rs32SensorMsgHammerAttackSideCollide24getRuntimeTypeInfoStaticEvE8typeInfo
0x7101e68aa0,0008,_ZGVZN2rs32SensorMsgHammerAttackSideCollide24getRuntimeTypeInfoStaticEvE8typeInfo
0x7101e68aa8,0008,_ZZN2rs24SensorMsgItemAmiiboKoopa24getRuntimeTypeInfoStaticEvE8typeInfo
0x7101e68ab0,0008,_ZGVZN2rs24SensorMsgItemAmiiboKoopa24getRuntimeTypeInfoStaticEvE8typeInfo
0x7101e68ab8,0008,_ZZN2rs24SensorMsgIsExistPukupuku24getRuntimeTypeInfoStaticEvE8typeInfo
0x7101e68ac0,0008,_ZGVZN2rs24SensorMsgIsExistPukupuku24getRuntimeTypeInfoStaticEvE8typeInfo
0x7101e68ac8,0008,_ZZN2rs20SensorMsgJangoAttack24getRuntimeTypeInfoStaticEvE8typeInfo
0x7101e68ad0,0008,_ZGVZN2rs20SensorMsgJangoAttack24getRuntimeTypeInfoStaticEvE8typeInfo
0x7101e68ad8,0008,_ZZN2rs23SensorMsgJangoRemoveCap24getRuntimeTypeInfoStaticEvE8typeInfo
0x7101e68ae0,0008,_ZGVZN2rs23SensorMsgJangoRemoveCap24getRuntimeTypeInfoStaticEvE8typeInfo
0x7101e68ae8,0008,_ZZN2rs18SensorMsgKakkuKick24getRuntimeTypeInfoStaticEvE8typeInfo
0x7101e68af0,0008,_ZGVZN2rs18SensorMsgKakkuKick24getRuntimeTypeInfoStaticEvE8typeInfo
0x7101e68af8,0008,_ZZN2rs29SensorMsgKillByBossBattleDemo24getRuntimeTypeInfoStaticEvE8typeInfo
0x7101e68b00,0008,_ZGVZN2rs29SensorMsgKillByBossBattleDemo24getRuntimeTypeInfoStaticEvE8typeInfo
0x7101e68b08,0008,_ZZN2rs28SensorMsgKillByHackFirstDemo24getRuntimeTypeInfoStaticEvE8typeInfo
0x7101e68b10,0008,_ZGVZN2rs28SensorMsgKillByHackFirstDemo24getRuntimeTypeInfoStaticEvE8typeInfo
0x7101e68b18,0008,_ZZN2rs23SensorMsgKillByHomeDemo24getRuntimeTypeInfoStaticEvE8typeInfo
0x7101e68b20,0008,_ZGVZN2rs23SensorMsgKillByHomeDemo24getRuntimeTypeInfoStaticEvE8typeInfo
0x7101e68b28,0008,_ZZN2rs20SensorMsgEndHomeDemo24getRuntimeTypeInfoStaticEvE8typeInfo
0x7101e68b30,0008,_ZGVZN2rs20SensorMsgEndHomeDemo24getRuntimeTypeInfoStaticEvE8typeInfo
0x7101e68b38,0008,_ZZN2rs27SensorMsgKillByMoonRockDemo24getRuntimeTypeInfoStaticEvE8typeInfo
0x7101e68b40,0008,_ZGVZN2rs27SensorMsgKillByMoonRockDemo24getRuntimeTypeInfoStaticEvE8typeInfo
0x7101e68b48,0008,_ZZN2rs23SensorMsgKillByShineGet24getRuntimeTypeInfoStaticEvE8typeInfo
0x7101e68b50,0008,_ZGVZN2rs23SensorMsgKillByShineGet24getRuntimeTypeInfoStaticEvE8typeInfo
0x7101e68b58,0008,_ZZN2rs26SensorMsgKillBySwitchTimer24getRuntimeTypeInfoStaticEvE8typeInfo
0x7101e68b60,0008,_ZGVZN2rs26SensorMsgKillBySwitchTimer24getRuntimeTypeInfoStaticEvE8typeInfo
0x7101e68b68,0008,_ZZN2rs23SensorMsgKoopaBindStart24getRuntimeTypeInfoStaticEvE8typeInfo
0x7101e68b70,0008,_ZGVZN2rs23SensorMsgKoopaBindStart24getRuntimeTypeInfoStaticEvE8typeInfo
0x7101e68b78,0008,_ZZN2rs34SensorMsgKoopaCapPlayerFocusTarget24getRuntimeTypeInfoStaticEvE8typeInfo
0x7101e68b80,0008,_ZGVZN2rs34SensorMsgKoopaCapPlayerFocusTarget24getRuntimeTypeInfoStaticEvE8typeInfo
0x7101e68b88,0008,_ZZN2rs29SensorMsgKoopaCapPunchFinishL24getRuntimeTypeInfoStaticEvE8typeInfo
0x7101e68b90,0008,_ZGVZN2rs29SensorMsgKoopaCapPunchFinishL24getRuntimeTypeInfoStaticEvE8typeInfo
0x7101e68b98,0008,_ZZN2rs29SensorMsgKoopaCapPunchFinishR24getRuntimeTypeInfoStaticEvE8typeInfo
0x7101e68ba0,0008,_ZGVZN2rs29SensorMsgKoopaCapPunchFinishR24getRuntimeTypeInfoStaticEvE8typeInfo
0x7101e68ba8,0008,_ZZN2rs33SensorMsgKoopaCapPunchInvincibleL24getRuntimeTypeInfoStaticEvE8typeInfo
0x7101e68bb0,0008,_ZGVZN2rs33SensorMsgKoopaCapPunchInvincibleL24getRuntimeTypeInfoStaticEvE8typeInfo
0x7101e68bb8,0008,_ZZN2rs33SensorMsgKoopaCapPunchInvincibleR24getRuntimeTypeInfoStaticEvE8typeInfo
0x7101e68bc0,0008,_ZGVZN2rs33SensorMsgKoopaCapPunchInvincibleR24getRuntimeTypeInfoStaticEvE8typeInfo
0x7101e68bc8,0008,_ZZN2rs32SensorMsgKoopaCapPunchKnockBackL24getRuntimeTypeInfoStaticEvE8typeInfo
0x7101e68bd0,0008,_ZGVZN2rs32SensorMsgKoopaCapPunchKnockBackL24getRuntimeTypeInfoStaticEvE8typeInfo
0x7101e68bd8,0008,_ZZN2rs32SensorMsgKoopaCapPunchKnockBackR24getRuntimeTypeInfoStaticEvE8typeInfo
0x7101e68be0,0008,_ZGVZN2rs32SensorMsgKoopaCapPunchKnockBackR24getRuntimeTypeInfoStaticEvE8typeInfo
0x7101e68be8,0008,_ZZN2rs23SensorMsgKoopaCapPunchL24getRuntimeTypeInfoStaticEvE8typeInfo
0x7101e68bf0,0008,_ZGVZN2rs23SensorMsgKoopaCapPunchL24getRuntimeTypeInfoStaticEvE8typeInfo
0x7101e68bf8,0008,_ZZN2rs23SensorMsgKoopaCapPunchR24getRuntimeTypeInfoStaticEvE8typeInfo
0x7101e68c00,0008,_ZGVZN2rs23SensorMsgKoopaCapPunchR24getRuntimeTypeInfoStaticEvE8typeInfo
0x7101e68c08,0008,_ZZN2rs27SensorMsgKoopaCapSpinAttack24getRuntimeTypeInfoStaticEvE8typeInfo
0x7101e68c10,0008,_ZGVZN2rs27SensorMsgKoopaCapSpinAttack24getRuntimeTypeInfoStaticEvE8typeInfo
0x7101e68c18,0008,_ZZN2rs27SensorMsgKoopaCatchKoopaCap24getRuntimeTypeInfoStaticEvE8typeInfo
0x7101e68c20,0008,_ZGVZN2rs27SensorMsgKoopaCatchKoopaCap24getRuntimeTypeInfoStaticEvE8typeInfo
0x7101e68c28,0008,_ZZN2rs29SensorMsgKoopaDashPunchAttack24getRuntimeTypeInfoStaticEvE8typeInfo
0x7101e68c30,0008,_ZGVZN2rs29SensorMsgKoopaDashPunchAttack24getRuntimeTypeInfoStaticEvE8typeInfo
0x7101e68c38,0008,_ZZN2rs20SensorMsgKoopaFire2D24getRuntimeTypeInfoStaticEvE8typeInfo
0x7101e68c40,0008,_ZGVZN2rs20SensorMsgKoopaFire2D24getRuntimeTypeInfoStaticEvE8typeInfo
0x7101e68c48,0008,_ZZN2rs28SensorMsgKoopaFireBallAttack24getRuntimeTypeInfoStaticEvE8typeInfo
0x7101e68c50,0008,_ZGVZN2rs28SensorMsgKoopaFireBallAttack24getRuntimeTypeInfoStaticEvE8typeInfo
0x7101e68c58,0008,_ZZN2rs24SensorMsgKoopaHackDamage24getRuntimeTypeInfoStaticEvE8typeInfo
0x7101e68c60,0008,_ZGVZN2rs24SensorMsgKoopaHackDamage24getRuntimeTypeInfoStaticEvE8typeInfo
0x7101e68c68,0008,_ZZN2rs23SensorMsgKoopaHackPunch24getRuntimeTypeInfoStaticEvE8typeInfo
0x7101e68c70,0008,_ZGVZN2rs23SensorMsgKoopaHackPunch24getRuntimeTypeInfoStaticEvE8typeInfo
0x7101e68c78,0008,_ZZN2rs30SensorMsgKoopaHackPunchCollide24getRuntimeTypeInfoStaticEvE8typeInfo
0x7101e68c80,0008,_ZGVZN2rs30SensorMsgKoopaHackPunchCollide24getRuntimeTypeInfoStaticEvE8typeInfo
0x7101e68c88,0008,_ZZN2rs25SensorMsgKoopaHackTrample24getRuntimeTypeInfoStaticEvE8typeInfo
0x7101e68c90,0008,_ZGVZN2rs25SensorMsgKoopaHackTrample24getRuntimeTypeInfoStaticEvE8typeInfo
0x7101e68c98,0008,_ZZN2rs45SensorMsgKoopaInvalidHackPunchFaceToCollision24getRuntimeTypeInfoStaticEvE8typeInfo
0x7101e68ca0,0008,_ZGVZN2rs45SensorMsgKoopaInvalidHackPunchFaceToCollision24getRuntimeTypeInfoStaticEvE8typeInfo
0x7101e68ca8,0008,_ZZN2rs34SensorMsgKoopaRingBeamInvalidTouch24getRuntimeTypeInfoStaticEvE8typeInfo
0x7101e68cb0,0008,_ZGVZN2rs34SensorMsgKoopaRingBeamInvalidTouch24getRuntimeTypeInfoStaticEvE8typeInfo
0x7101e68cb8,0008,_ZZN2rs24SensorMsgKoopaTailAttack24getRuntimeTypeInfoStaticEvE8typeInfo
0x7101e68cc0,0008,_ZGVZN2rs24SensorMsgKoopaTailAttack24getRuntimeTypeInfoStaticEvE8typeInfo
0x7101e68cc8,0008,_ZZN2rs24SensorMsgKoopaTouchFloor24getRuntimeTypeInfoStaticEvE8typeInfo
0x7101e68cd0,0008,_ZGVZN2rs24SensorMsgKoopaTouchFloor24getRuntimeTypeInfoStaticEvE8typeInfo
0x7101e68cd8,0008,_ZZN2rs22SensorMsgKouraAttack2D24getRuntimeTypeInfoStaticEvE8typeInfo
0x7101e68ce0,0008,_ZGVZN2rs22SensorMsgKouraAttack2D24getRuntimeTypeInfoStaticEvE8typeInfo
0x7101e68ce8,0008,_ZZN2rs23SensorMsgKouraItemGet2D24getRuntimeTypeInfoStaticEvE8typeInfo
0x7101e68cf0,0008,_ZGVZN2rs23SensorMsgKouraItemGet2D24getRuntimeTypeInfoStaticEvE8typeInfo
0x7101e68cf8,0008,_ZZN2rs19SensorMsgLaunchBlow24getRuntimeTypeInfoStaticEvE8typeInfo
0x7101e68d00,0008,_ZGVZN2rs19SensorMsgLaunchBlow24getRuntimeTypeInfoStaticEvE8typeInfo
0x7101e68d08,0008,_ZZN2rs21SensorMsgMeganeAttack24getRuntimeTypeInfoStaticEvE8typeInfo
0x7101e68d10,0008,_ZGVZN2rs21SensorMsgMeganeAttack24getRuntimeTypeInfoStaticEvE8typeInfo
0x7101e68d18,0008,_ZZN2rs26SensorMsgMeganeHackTrample24getRuntimeTypeInfoStaticEvE8typeInfo
0x7101e68d20,0008,_ZGVZN2rs26SensorMsgMeganeHackTrample24getRuntimeTypeInfoStaticEvE8typeInfo
0x7101e68d28,0008,_ZZN2rs34SensorMsgMofumofuBulletUnexplosion24getRuntimeTypeInfoStaticEvE8typeInfo
0x7101e68d30,0008,_ZGVZN2rs34SensorMsgMofumofuBulletUnexplosion24getRuntimeTypeInfoStaticEvE8typeInfo
0x7101e68d38,0008,_ZZN2rs33SensorMsgMoonBasementAttackMeteor24getRuntimeTypeInfoStaticEvE8typeInfo
0x7101e68d40,0008,_ZGVZN2rs33SensorMsgMoonBasementAttackMeteor24getRuntimeTypeInfoStaticEvE8typeInfo
0x7101e68d48,0008,_ZZN2rs41SensorMsgMoonBasementBreakShockwaveMeteor24getRuntimeTypeInfoStaticEvE8typeInfo
0x7101e68d50,0008,_ZGVZN2rs41SensorMsgMoonBasementBreakShockwaveMeteor24getRuntimeTypeInfoStaticEvE8typeInfo
0x7101e68d58,0008,_ZZN2rs43SensorMsgMoonBasementRockSyncClippingRegist24getRuntimeTypeInfoStaticEvE8typeInfo
0x7101e68d60,0008,_ZGVZN2rs43SensorMsgMoonBasementRockSyncClippingRegist24getRuntimeTypeInfoStaticEvE8typeInfo
0x7101e68d68,0008,_ZZN2rs47SensorMsgMoonBasementRockSyncClippingInvalidate24getRuntimeTypeInfoStaticEvE8typeInfo
0x7101e68d70,0008,_ZGVZN2rs47SensorMsgMoonBasementRockSyncClippingInvalidate24getRuntimeTypeInfoStaticEvE8typeInfo
0x7101e68d78,0008,_ZZN2rs45SensorMsgMoonBasementRockSyncClippingValidate24getRuntimeTypeInfoStaticEvE8typeInfo
0x7101e68d80,0008,_ZGVZN2rs45SensorMsgMoonBasementRockSyncClippingValidate24getRuntimeTypeInfoStaticEvE8typeInfo
0x7101e68d88,0008,_ZZN2rs27SensorMsgAttachCactusNeedle24getRuntimeTypeInfoStaticEvE8typeInfo
0x7101e68d90,0008,_ZGVZN2rs27SensorMsgAttachCactusNeedle24getRuntimeTypeInfoStaticEvE8typeInfo
0x7101e68d98,0008,_ZZN2rs33SensorMsgCactusNeedleAttackStrong24getRuntimeTypeInfoStaticEvE8typeInfo
0x7101e68da0,0008,_ZGVZN2rs33SensorMsgCactusNeedleAttackStrong24getRuntimeTypeInfoStaticEvE8typeInfo
0x7101e68da8,0008,_ZZN2rs23SensorMsgPlayerBallToss24getRuntimeTypeInfoStaticEvE8typeInfo
0x7101e68db0,0008,_ZGVZN2rs23SensorMsgPlayerBallToss24getRuntimeTypeInfoStaticEvE8typeInfo
0x7101e68db8,0008,_ZZN2rs41SensorMsgPlayerCarryCameraSubjectiveStart24getRuntimeTypeInfoStaticEvE8typeInfo
0x7101e68dc0,0008,_ZGVZN2rs41SensorMsgPlayerCarryCameraSubjectiveStart24getRuntimeTypeInfoStaticEvE8typeInfo
0x7101e68dc8,0008,_ZZN2rs39SensorMsgPlayerCarryCameraSubjectiveEnd24getRuntimeTypeInfoStaticEvE8typeInfo
0x7101e68dd0,0008,_ZGVZN2rs39SensorMsgPlayerCarryCameraSubjectiveEnd24getRuntimeTypeInfoStaticEvE8typeInfo
0x7101e68dd8,0008,_ZZN2rs33SensorMsgPlayerCarryShineGetStart24getRuntimeTypeInfoStaticEvE8typeInfo
0x7101e68de0,0008,_ZGVZN2rs33SensorMsgPlayerCarryShineGetStart24getRuntimeTypeInfoStaticEvE8typeInfo
0x7101e68de8,0008,_ZZN2rs31SensorMsgPlayerCarryShineGetEnd24getRuntimeTypeInfoStaticEvE8typeInfo
0x7101e68df0,0008,_ZGVZN2rs31SensorMsgPlayerCarryShineGetEnd24getRuntimeTypeInfoStaticEvE8typeInfo
0x7101e68df8,0008,_ZZN2rs23SensorMsgPlayerCapCatch24getRuntimeTypeInfoStaticEvE8typeInfo
0x7101e68e00,0008,_ZGVZN2rs23SensorMsgPlayerCapCatch24getRuntimeTypeInfoStaticEvE8typeInfo
0x7101e68e08,0008,_ZZN2rs25SensorMsgPlayerCapHipDrop24getRuntimeTypeInfoStaticEvE8typeInfo
0x7101e68e10,0008,_ZGVZN2rs25SensorMsgPlayerCapHipDrop24getRuntimeTypeInfoStaticEvE8typeInfo
0x7101e68e18,0008,_ZZN2rs22SensorMsgPlayerCapPush24getRuntimeTypeInfoStaticEvE8typeInfo
0x7101e68e20,0008,_ZGVZN2rs22SensorMsgPlayerCapPush24getRuntimeTypeInfoStaticEvE8typeInfo
0x7101e68e28,0008,_ZZN2rs26SensorMsgPlayerCapRecovery24getRuntimeTypeInfoStaticEvE8typeInfo
0x7101e68e30,0008,_ZGVZN2rs26SensorMsgPlayerCapRecovery24getRuntimeTypeInfoStaticEvE8typeInfo
0x7101e68e38,0008,_ZZN2rs27SensorMsgPlayerCapTouchJump24getRuntimeTypeInfoStaticEvE8typeInfo
0x7101e68e40,0008,_ZGVZN2rs27SensorMsgPlayerCapTouchJump24getRuntimeTypeInfoStaticEvE8typeInfo
0x7101e68e48,0008,_ZZN2rs25SensorMsgPlayerCapTrample24getRuntimeTypeInfoStaticEvE8typeInfo
0x7101e68e50,0008,_ZGVZN2rs25SensorMsgPlayerCapTrample24getRuntimeTypeInfoStaticEvE8typeInfo
0x7101e68e58,0008,_ZZN2rs26SensorMsgPlayerCoinDashGet24getRuntimeTypeInfoStaticEvE8typeInfo
0x7101e68e60,0008,_ZGVZN2rs26SensorMsgPlayerCoinDashGet24getRuntimeTypeInfoStaticEvE8typeInfo
0x7101e68e68,0008,_ZZN2rs32SensorMsgPlayerEyePriorityTarget24getRuntimeTypeInfoStaticEvE8typeInfo
0x7101e68e70,0008,_ZGVZN2rs32SensorMsgPlayerEyePriorityTarget24getRuntimeTypeInfoStaticEvE8typeInfo
0x7101e68e78,0008,_ZZN2rs36SensorMsgPlayerDisregardHomingAttack24getRuntimeTypeInfoStaticEvE8typeInfo
0x7101e68e80,0008,_ZGVZN2rs36SensorMsgPlayerDisregardHomingAttack24getRuntimeTypeInfoStaticEvE8typeInfo
0x7101e68e88,0008,_ZZN2rs36SensorMsgPlayerDisregardTargetMarker24getRuntimeTypeInfoStaticEvE8typeInfo
0x7101e68e90,0008,_ZGVZN2rs36SensorMsgPlayerDisregardTargetMarker24getRuntimeTypeInfoStaticEvE8typeInfo
0x7101e68e98,0008,_ZZN2rs28SensorMsgPlayerEquipKoopaCap24getRuntimeTypeInfoStaticEvE8typeInfo
0x7101e68ea0,0008,_ZGVZN2rs28SensorMsgPlayerEquipKoopaCap24getRuntimeTypeInfoStaticEvE8typeInfo
0x7101e68ea8,0008,_ZZN2rs31SensorMsgPlayerFireBallAttack2D24getRuntimeTypeInfoStaticEvE8typeInfo
0x7101e68eb0,0008,_ZGVZN2rs31SensorMsgPlayerFireBallAttack2D24getRuntimeTypeInfoStaticEvE8typeInfo
0x7101e68eb8,0008,_ZZN2rs31SensorMsgPlayerFireBallAttack3D24getRuntimeTypeInfoStaticEvE8typeInfo
0x7101e68ec0,0008,_ZGVZN2rs31SensorMsgPlayerFireBallAttack3D24getRuntimeTypeInfoStaticEvE8typeInfo
0x7101e68ec8,0008,_ZZN2rs33SensorMsgPlayerHipDropDemoTrigger24getRuntimeTypeInfoStaticEvE8typeInfo
0x7101e68ed0,0008,_ZGVZN2rs33SensorMsgPlayerHipDropDemoTrigger24getRuntimeTypeInfoStaticEvE8typeInfo
0x7101e68ed8,0008,_ZZN2rs35SensorMsgPlayerHipDropHipDropSwitch24getRuntimeTypeInfoStaticEvE8typeInfo
0x7101e68ee0,0008,_ZGVZN2rs35SensorMsgPlayerHipDropHipDropSwitch24getRuntimeTypeInfoStaticEvE8typeInfo
0x7101e68ee8,0008,_ZZN2rs24SensorMsgPlayerItemGet2D24getRuntimeTypeInfoStaticEvE8typeInfo
0x7101e68ef0,0008,_ZGVZN2rs24SensorMsgPlayerItemGet2D24getRuntimeTypeInfoStaticEvE8typeInfo
0x7101e68ef8,0008,_ZZN2rs31SensorMsgPlayerJumpTakeOffFloor24getRuntimeTypeInfoStaticEvE8typeInfo
0x7101e68f00,0008,_ZGVZN2rs31SensorMsgPlayerJumpTakeOffFloor24getRuntimeTypeInfoStaticEvE8typeInfo
0x7101e68f08,0008,_ZZN2rs28SensorMsgPlayerObjectWallHit24getRuntimeTypeInfoStaticEvE8typeInfo
0x7101e68f10,0008,_ZGVZN2rs28SensorMsgPlayerObjectWallHit24getRuntimeTypeInfoStaticEvE8typeInfo
0x7101e68f18,0008,_ZZN2rs26SensorMsgPlayerObjLeapFrog24getRuntimeTypeInfoStaticEvE8typeInfo
0x7101e68f20,0008,_ZGVZN2rs26SensorMsgPlayerObjLeapFrog24getRuntimeTypeInfoStaticEvE8typeInfo
0x7101e68f28,0008,_ZZN2rs28SensorMsgPlayerPenguinAttack24getRuntimeTypeInfoStaticEvE8typeInfo
0x7101e68f30,0008,_ZGVZN2rs28SensorMsgPlayerPenguinAttack24getRuntimeTypeInfoStaticEvE8typeInfo
0x7101e68f38,0008,_ZZN2rs35SensorMsgPlayerPenguinAttackReflect24getRuntimeTypeInfoStaticEvE8typeInfo
0x7101e68f40,0008,_ZGVZN2rs35SensorMsgPlayerPenguinAttackReflect24getRuntimeTypeInfoStaticEvE8typeInfo
0x7101e68f48,0008,_ZZN2rs28SensorMsgPlayerPoleClimbKeep24getRuntimeTypeInfoStaticEvE8typeInfo
0x7101e68f50,0008,_ZGVZN2rs28SensorMsgPlayerPoleClimbKeep24getRuntimeTypeInfoStaticEvE8typeInfo
0x7101e68f58,0008,_ZZN2rs32SensorMsgPlayerPoleClimbReaction24getRuntimeTypeInfoStaticEvE8typeInfo
0x7101e68f60,0008,_ZGVZN2rs32SensorMsgPlayerPoleClimbReaction24getRuntimeTypeInfoStaticEvE8typeInfo
0x7101e68f68,0008,_ZZN2rs24SensorMsgPlayerRabbitGet24getRuntimeTypeInfoStaticEvE8typeInfo
0x7101e68f70,0008,_ZGVZN2rs24SensorMsgPlayerRabbitGet24getRuntimeTypeInfoStaticEvE8typeInfo
0x7101e68f78,0008,_ZZN2rs28SensorMsgPlayerRollingObjHit24getRuntimeTypeInfoStaticEvE8typeInfo
0x7101e68f80,0008,_ZGVZN2rs28SensorMsgPlayerRollingObjHit24getRuntimeTypeInfoStaticEvE8typeInfo
0x7101e68f88,0008,_ZZN2rs33SensorMsgPlayerRollingWallHitDown24getRuntimeTypeInfoStaticEvE8typeInfo
0x7101e68f90,0008,_ZGVZN2rs33SensorMsgPlayerRollingWallHitDown24getRuntimeTypeInfoStaticEvE8typeInfo
0x7101e68f98,0008,_ZZN2rs33SensorMsgPlayerRollingWallHitMove24getRuntimeTypeInfoStaticEvE8typeInfo
0x7101e68fa0,0008,_ZGVZN2rs33SensorMsgPlayerRollingWallHitMove24getRuntimeTypeInfoStaticEvE8typeInfo
0x7101e68fa8,0008,_ZZN2rs28SensorMsgPlayerStartGrabCeil24getRuntimeTypeInfoStaticEvE8typeInfo
0x7101e68fb0,0008,_ZGVZN2rs28SensorMsgPlayerStartGrabCeil24getRuntimeTypeInfoStaticEvE8typeInfo
0x7101e68fb8,0008,_ZZN2rs28SensorMsgPlayerStartWallJump24getRuntimeTypeInfoStaticEvE8typeInfo
0x7101e68fc0,0008,_ZGVZN2rs28SensorMsgPlayerStartWallJump24getRuntimeTypeInfoStaticEvE8typeInfo
0x7101e68fc8,0008,_ZZN2rs26SensorMsgPlayerEndGrabCeil24getRuntimeTypeInfoStaticEvE8typeInfo
0x7101e68fd0,0008,_ZGVZN2rs26SensorMsgPlayerEndGrabCeil24getRuntimeTypeInfoStaticEvE8typeInfo
0x7101e68fd8,0008,_ZZN2rs26SensorMsgPlayerSwordAttack24getRuntimeTypeInfoStaticEvE8typeInfo
0x7101e68fe0,0008,_ZGVZN2rs26SensorMsgPlayerSwordAttack24getRuntimeTypeInfoStaticEvE8typeInfo
0x7101e68fe8,0008,_ZZN2rs33SensorMsgPlayerTouchFloorJumpCode24getRuntimeTypeInfoStaticEvE8typeInfo
0x7101e68ff0,0008,_ZGVZN2rs33SensorMsgPlayerTouchFloorJumpCode24getRuntimeTypeInfoStaticEvE8typeInfo
0x7101e68ff8,0008,_ZZN2rs24SensorMsgPlayerTrample2D24getRuntimeTypeInfoStaticEvE8typeInfo
0x7101e69000,0008,_ZGVZN2rs24SensorMsgPlayerTrample2D24getRuntimeTypeInfoStaticEvE8typeInfo
0x7101e69008,0008,_ZZN2rs27SensorMsgPlayerUpperPunch2D24getRuntimeTypeInfoStaticEvE8typeInfo
0x7101e69010,0008,_ZGVZN2rs27SensorMsgPlayerUpperPunch2D24getRuntimeTypeInfoStaticEvE8typeInfo
0x7101e69018,0008,_ZZN2rs30SensorMsgPlayerObjUpperPunch2D24getRuntimeTypeInfoStaticEvE8typeInfo
0x7101e69020,0008,_ZGVZN2rs30SensorMsgPlayerObjUpperPunch2D24getRuntimeTypeInfoStaticEvE8typeInfo
0x7101e69028,0008,_ZZN2rs21SensorMsgPukupukuDash24getRuntimeTypeInfoStaticEvE8typeInfo
0x7101e69030,0008,_ZGVZN2rs21SensorMsgPukupukuDash24getRuntimeTypeInfoStaticEvE8typeInfo
0x7101e69038,0008,_ZZN2rs21SensorMsgPukupukuKiss24getRuntimeTypeInfoStaticEvE8typeInfo
0x7101e69040,0008,_ZGVZN2rs21SensorMsgPukupukuKiss24getRuntimeTypeInfoStaticEvE8typeInfo
0x7101e69048,0008,_ZZN2rs30SensorMsgPukupukuRollingAttack24getRuntimeTypeInfoStaticEvE8typeInfo
0x7101e69050,0008,_ZGVZN2rs30SensorMsgPukupukuRollingAttack24getRuntimeTypeInfoStaticEvE8typeInfo
0x7101e69058,0008,_ZZN2rs15SensorMsgPush2D24getRuntimeTypeInfoStaticEvE8typeInfo
0x7101e69060,0008,_ZGVZN2rs15SensorMsgPush2D24getRuntimeTypeInfoStaticEvE8typeInfo
0x7101e69068,0008,_ZZN2rs19SensorMsgPushToFish24getRuntimeTypeInfoStaticEvE8typeInfo
0x7101e69070,0008,_ZGVZN2rs19SensorMsgPushToFish24getRuntimeTypeInfoStaticEvE8typeInfo
0x7101e69078,0008,_ZZN2rs25SensorMsgPushToMotorcycle24getRuntimeTypeInfoStaticEvE8typeInfo
0x7101e69080,0008,_ZGVZN2rs25SensorMsgPushToMotorcycle24getRuntimeTypeInfoStaticEvE8typeInfo
0x7101e69088,0008,_ZZN2rs21SensorMsgPushToPlayer24getRuntimeTypeInfoStaticEvE8typeInfo
0x7101e69090,0008,_ZGVZN2rs21SensorMsgPushToPlayer24getRuntimeTypeInfoStaticEvE8typeInfo
0x7101e69098,0008,_ZZN2rs21SensorMsgRadishAttack24getRuntimeTypeInfoStaticEvE8typeInfo
0x7101e690a0,0008,_ZGVZN2rs21SensorMsgRadishAttack24getRuntimeTypeInfoStaticEvE8typeInfo
0x7101e690a8,0008,_ZZN2rs22SensorMsgRadishReflect24getRuntimeTypeInfoStaticEvE8typeInfo
0x7101e690b0,0008,_ZGVZN2rs22SensorMsgRadishReflect24getRuntimeTypeInfoStaticEvE8typeInfo
0x7101e690b8,0008,_ZZN2rs33SensorMsgRequestChangeKinokoSuper24getRuntimeTypeInfoStaticEvE8typeInfo
0x7101e690c0,0008,_ZGVZN2rs33SensorMsgRequestChangeKinokoSuper24getRuntimeTypeInfoStaticEvE8typeInfo
0x7101e690c8,0008,_ZZN2rs32SensorMsgRequestChangeFireFlower24getRuntimeTypeInfoStaticEvE8typeInfo
0x7101e690d0,0008,_ZGVZN2rs32SensorMsgRequestChangeFireFlower24getRuntimeTypeInfoStaticEvE8typeInfo
0x7101e690d8,0008,_ZZN2rs30SensorMsgRequestPlayerStainWet24getRuntimeTypeInfoStaticEvE8typeInfo
0x7101e690e0,0008,_ZGVZN2rs30SensorMsgRequestPlayerStainWet24getRuntimeTypeInfoStaticEvE8typeInfo
0x7101e690e8,0008,_ZZN2rs18SensorMsgStartHack24getRuntimeTypeInfoStaticEvE8typeInfo
0x7101e690f0,0008,_ZGVZN2rs18SensorMsgStartHack24getRuntimeTypeInfoStaticEvE8typeInfo
0x7101e690f8,0008,_ZZN2rs23SensorMsgSunshineAttack24getRuntimeTypeInfoStaticEvE8typeInfo
0x7101e69100,0008,_ZGVZN2rs23SensorMsgSunshineAttack24getRuntimeTypeInfoStaticEvE8typeInfo
0x7101e69108,0008,_ZZN2rs19SensorMsgCancelHack24getRuntimeTypeInfoStaticEvE8typeInfo
0x7101e69110,0008,_ZGVZN2rs19SensorMsgCancelHack24getRuntimeTypeInfoStaticEvE8typeInfo
0x7101e69118,0008,_ZZN2rs23SensorMsgCancelHackArea24getRuntimeTypeInfoStaticEvE8typeInfo
0x7101e69120,0008,_ZGVZN2rs23SensorMsgCancelHackArea24getRuntimeTypeInfoStaticEvE8typeInfo
0x7101e69128,0008,_ZZN2rs26SensorMsgCancelHackByDokan24getRuntimeTypeInfoStaticEvE8typeInfo
0x7101e69130,0008,_ZGVZN2rs26SensorMsgCancelHackByDokan24getRuntimeTypeInfoStaticEvE8typeInfo
0x7101e69138,0008,_ZZN2rs23SensorMsgPackunEatStart24getRuntimeTypeInfoStaticEvE8typeInfo
0x7101e69140,0008,_ZGVZN2rs23SensorMsgPackunEatStart24getRuntimeTypeInfoStaticEvE8typeInfo
0x7101e69148,0008,_ZZN2rs19SensorMsgHackAttack24getRuntimeTypeInfoStaticEvE8typeInfo
0x7101e69150,0008,_ZGVZN2rs19SensorMsgHackAttack24getRuntimeTypeInfoStaticEvE8typeInfo
0x7101e69158,0008,_ZZN2rs23SensorMsgHackAttackKick24getRuntimeTypeInfoStaticEvE8typeInfo
0x7101e69160,0008,_ZGVZN2rs23SensorMsgHackAttackKick24getRuntimeTypeInfoStaticEvE8typeInfo
0x7101e69168,0008,_ZZN2rs25SensorMsgHackAttackMapObj24getRuntimeTypeInfoStaticEvE8typeInfo
0x7101e69170,0008,_ZGVZN2rs25SensorMsgHackAttackMapObj24getRuntimeTypeInfoStaticEvE8typeInfo
0x7101e69178,0008,_ZZN2rs31SensorMsgHackDeathAreaSelfCheck24getRuntimeTypeInfoStaticEvE8typeInfo
0x7101e69180,0008,_ZGVZN2rs31SensorMsgHackDeathAreaSelfCheck24getRuntimeTypeInfoStaticEvE8typeInfo
0x7101e69188,0008,_ZZN2rs20SensorMsgHackDemoEnd24getRuntimeTypeInfoStaticEvE8typeInfo
0x7101e69190,0008,_ZGVZN2rs20SensorMsgHackDemoEnd24getRuntimeTypeInfoStaticEvE8typeInfo
0x7101e69198,0008,_ZZN2rs22SensorMsgHackDemoStart24getRuntimeTypeInfoStaticEvE8typeInfo
0x7101e691a0,0008,_ZGVZN2rs22SensorMsgHackDemoStart24getRuntimeTypeInfoStaticEvE8typeInfo
0x7101e691a8,0008,_ZZN2rs26SensorMsgHackInvalidEscape24getRuntimeTypeInfoStaticEvE8typeInfo
0x7101e691b0,0008,_ZGVZN2rs26SensorMsgHackInvalidEscape24getRuntimeTypeInfoStaticEvE8typeInfo
0x7101e691b8,0008,_ZZN2rs36SensorMsgHackInvalidEscapeNoReaction24getRuntimeTypeInfoStaticEvE8typeInfo
0x7101e691c0,0008,_ZGVZN2rs36SensorMsgHackInvalidEscapeNoReaction24getRuntimeTypeInfoStaticEvE8typeInfo
0x7101e691c8,0008,_ZZN2rs36SensorMsgHackMarioCheckpointFlagWarp24getRuntimeTypeInfoStaticEvE8typeInfo
0x7101e691d0,0008,_ZGVZN2rs36SensorMsgHackMarioCheckpointFlagWarp24getRuntimeTypeInfoStaticEvE8typeInfo
0x7101e691d8,0008,_ZZN2rs22SensorMsgHackMarioDead24getRuntimeTypeInfoStaticEvE8typeInfo
0x7101e691e0,0008,_ZGVZN2rs22SensorMsgHackMarioDead24getRuntimeTypeInfoStaticEvE8typeInfo
0x7101e691e8,0008,_ZZN2rs22SensorMsgHackMarioDemo24getRuntimeTypeInfoStaticEvE8typeInfo
0x7101e691f0,0008,_ZGVZN2rs22SensorMsgHackMarioDemo24getRuntimeTypeInfoStaticEvE8typeInfo
0x7101e691f8,0008,_ZZN2rs25SensorMsgHackMarioInWater24getRuntimeTypeInfoStaticEvE8typeInfo
0x7101e69200,0008,_ZGVZN2rs25SensorMsgHackMarioInWater24getRuntimeTypeInfoStaticEvE8typeInfo
0x7101e69208,0008,_ZZN2rs31SensorMsgHackMoveRockForestPush24getRuntimeTypeInfoStaticEvE8typeInfo
0x7101e69210,0008,_ZGVZN2rs31SensorMsgHackMoveRockForestPush24getRuntimeTypeInfoStaticEvE8typeInfo
0x7101e69218,0008,_ZZN2rs33SensorMsgHackSelfCeilingCheckMiss24getRuntimeTypeInfoStaticEvE8typeInfo
0x7101e69220,0008,_ZGVZN2rs33SensorMsgHackSelfCeilingCheckMiss24getRuntimeTypeInfoStaticEvE8typeInfo
0x7101e69228,0008,_ZZN2rs33SensorMsgHackSyncDamageVisibility24getRuntimeTypeInfoStaticEvE8typeInfo
0x7101e69230,0008,_ZGVZN2rs33SensorMsgHackSyncDamageVisibility24getRuntimeTypeInfoStaticEvE8typeInfo
0x7101e69238,0008,_ZZN2rs22SensorMsgWeaponItemGet24getRuntimeTypeInfoStaticEvE8typeInfo
0x7101e69240,0008,_ZGVZN2rs22SensorMsgWeaponItemGet24getRuntimeTypeInfoStaticEvE8typeInfo
0x7101e69248,0008,_ZZN2rs18SensorMsgCapAttack24getRuntimeTypeInfoStaticEvE8typeInfo
0x7101e69250,0008,_ZGVZN2rs18SensorMsgCapAttack24getRuntimeTypeInfoStaticEvE8typeInfo
0x7101e69258,0008,_ZZN2rs25SensorMsgCapAttackCollide24getRuntimeTypeInfoStaticEvE8typeInfo
0x7101e69260,0008,_ZGVZN2rs25SensorMsgCapAttackCollide24getRuntimeTypeInfoStaticEvE8typeInfo
0x7101e69268,0008,_ZZN2rs29SensorMsgCapAttackStayRolling24getRuntimeTypeInfoStaticEvE8typeInfo
0x7101e69270,0008,_ZGVZN2rs29SensorMsgCapAttackStayRolling24getRuntimeTypeInfoStaticEvE8typeInfo
0x7101e69278,0008,_ZZN2rs36SensorMsgCapAttackStayRollingCollide24getRuntimeTypeInfoStaticEvE8typeInfo
0x7101e69280,0008,_ZGVZN2rs36SensorMsgCapAttackStayRollingCollide24getRuntimeTypeInfoStaticEvE8typeInfo
0x7101e69288,0008,_ZZN2rs26SensorMsgCapAttackRailMove24getRuntimeTypeInfoStaticEvE8typeInfo
0x7101e69290,0008,_ZGVZN2rs26SensorMsgCapAttackRailMove24getRuntimeTypeInfoStaticEvE8typeInfo
0x7101e69298,0008,_ZZN2rs23SensorMsgCapGiantAttack24getRuntimeTypeInfoStaticEvE8typeInfo
0x7101e692a0,0008,_ZGVZN2rs23SensorMsgCapGiantAttack24getRuntimeTypeInfoStaticEvE8typeInfo
0x7101e692a8,0008,_ZZN2rs19SensorMsgCapReflect24getRuntimeTypeInfoStaticEvE8typeInfo
0x7101e692b0,0008,_ZGVZN2rs19SensorMsgCapReflect24getRuntimeTypeInfoStaticEvE8typeInfo
0x7101e692b8,0008,_ZZN2rs26SensorMsgCapReflectCollide24getRuntimeTypeInfoStaticEvE8typeInfo
0x7101e692c0,0008,_ZGVZN2rs26SensorMsgCapReflectCollide24getRuntimeTypeInfoStaticEvE8typeInfo
0x7101e692c8,0008,_ZZN2rs23SensorMsgCapStartLockOn24getRuntimeTypeInfoStaticEvE8typeInfo
0x7101e692d0,0008,_ZGVZN2rs23SensorMsgCapStartLockOn24getRuntimeTypeInfoStaticEvE8typeInfo
0x7101e692d8,0008,_ZZN2rs22SensorMsgCapKeepLockOn24getRuntimeTypeInfoStaticEvE8typeInfo
0x7101e692e0,0008,_ZGVZN2rs22SensorMsgCapKeepLockOn24getRuntimeTypeInfoStaticEvE8typeInfo
0x7101e692e8,0008,_ZZN2rs24SensorMsgCapCancelLockOn24getRuntimeTypeInfoStaticEvE8typeInfo
0x7101e692f0,0008,_ZGVZN2rs24SensorMsgCapCancelLockOn24getRuntimeTypeInfoStaticEvE8typeInfo
0x7101e692f8,0008,_ZZN2rs19SensorMsgCapHipDrop24getRuntimeTypeInfoStaticEvE8typeInfo
0x7101e69300,0008,_ZGVZN2rs19SensorMsgCapHipDrop24getRuntimeTypeInfoStaticEvE8typeInfo
0x7101e69308,0008,_ZZN2rs22SensorMsgCapObjHipDrop24getRuntimeTypeInfoStaticEvE8typeInfo
0x7101e69310,0008,_ZGVZN2rs22SensorMsgCapObjHipDrop24getRuntimeTypeInfoStaticEvE8typeInfo
0x7101e69318,0008,_ZZN2rs29SensorMsgCapObjHipDropReflect24getRuntimeTypeInfoStaticEvE8typeInfo
0x7101e69320,0008,_ZGVZN2rs29SensorMsgCapObjHipDropReflect24getRuntimeTypeInfoStaticEvE8typeInfo
0x7101e69328,0008,_ZZN2rs30SensorMsgCapIgnoreCancelLockOn24getRuntimeTypeInfoStaticEvE8typeInfo
0x7101e69330,0008,_ZGVZN2rs30SensorMsgCapIgnoreCancelLockOn24getRuntimeTypeInfoStaticEvE8typeInfo
0x7101e69338,0008,_ZZN2rs36SensorMsgCapIgnoreCancelMissReaction24getRuntimeTypeInfoStaticEvE8typeInfo
0x7101e69340,0008,_ZGVZN2rs36SensorMsgCapIgnoreCancelMissReaction24getRuntimeTypeInfoStaticEvE8typeInfo
0x7101e69348,0008,_ZZN2rs32SensorMsgCapIgnoreCollisionCheck24getRuntimeTypeInfoStaticEvE8typeInfo
0x7101e69350,0008,_ZGVZN2rs32SensorMsgCapIgnoreCollisionCheck24getRuntimeTypeInfoStaticEvE8typeInfo
0x7101e69358,0008,_ZZN2rs19SensorMsgCapItemGet24getRuntimeTypeInfoStaticEvE8typeInfo
0x7101e69360,0008,_ZGVZN2rs19SensorMsgCapItemGet24getRuntimeTypeInfoStaticEvE8typeInfo
0x7101e69368,0008,_ZZN2rs28SensorMsgCapTrampolineAttack24getRuntimeTypeInfoStaticEvE8typeInfo
0x7101e69370,0008,_ZGVZN2rs28SensorMsgCapTrampolineAttack24getRuntimeTypeInfoStaticEvE8typeInfo
0x7101e69378,0008,_ZZN2rs25SensorMsgCatchBombThrough24getRuntimeTypeInfoStaticEvE8typeInfo
0x7101e69380,0008,_ZGVZN2rs25SensorMsgCatchBombThrough24getRuntimeTypeInfoStaticEvE8typeInfo
0x7101e69388,0008,_ZZN2rs25SensorMsgCheckCarObstacle24getRuntimeTypeInfoStaticEvE8typeInfo
0x7101e69390,0008,_ZGVZN2rs25SensorMsgCheckCarObstacle24getRuntimeTypeInfoStaticEvE8typeInfo
0x7101e69398,0008,_ZZN2rs23SensorMsgIsCardboardBox24getRuntimeTypeInfoStaticEvE8typeInfo
0x7101e693a0,0008,_ZGVZN2rs23SensorMsgIsCardboardBox24getRuntimeTypeInfoStaticEvE8typeInfo
0x7101e693a8,0008,_ZZN2rs23SensorMsgBullHackAttack24getRuntimeTypeInfoStaticEvE8typeInfo
0x7101e693b0,0008,_ZGVZN2rs23SensorMsgBullHackAttack24getRuntimeTypeInfoStaticEvE8typeInfo
0x7101e693b8,0008,_ZZN2rs24SensorMsgBullEnemyAttack24getRuntimeTypeInfoStaticEvE8typeInfo
0x7101e693c0,0008,_ZGVZN2rs24SensorMsgBullEnemyAttack24getRuntimeTypeInfoStaticEvE8typeInfo
0x7101e693c8,0008,_ZZN2rs26SensorMsgEnemyAttackStrong24getRuntimeTypeInfoStaticEvE8typeInfo
0x7101e693d0,0008,_ZGVZN2rs26SensorMsgEnemyAttackStrong24getRuntimeTypeInfoStaticEvE8typeInfo
0x7101e693d8,0008,_ZZN2rs22SensorMsgEnemyObjBreak24getRuntimeTypeInfoStaticEvE8typeInfo
0x7101e693e0,0008,_ZGVZN2rs22SensorMsgEnemyObjBreak24getRuntimeTypeInfoStaticEvE8typeInfo
0x7101e693e8,0008,_ZZN2rs19SensorMsgWhipAttack24getRuntimeTypeInfoStaticEvE8typeInfo
0x7101e693f0,0008,_ZGVZN2rs19SensorMsgWhipAttack24getRuntimeTypeInfoStaticEvE8typeInfo
0x7101e693f8,0008,_ZZN2rs25SensorMsgNoLimitTouchJump24getRuntimeTypeInfoStaticEvE8typeInfo
0x7101e69400,0008,_ZGVZN2rs25SensorMsgNoLimitTouchJump24getRuntimeTypeInfoStaticEvE8typeInfo
0x7101e69408,0008,_ZZN2rs27SensorMsgNoticePlayerDamage24getRuntimeTypeInfoStaticEvE8typeInfo
0x7101e69410,0008,_ZGVZN2rs27SensorMsgNoticePlayerDamage24getRuntimeTypeInfoStaticEvE8typeInfo
0x7101e69418,0008,_ZZN2rs19SensorMsgStatueDrop24getRuntimeTypeInfoStaticEvE8typeInfo
0x7101e69420,0008,_ZGVZN2rs19SensorMsgStatueDrop24getRuntimeTypeInfoStaticEvE8typeInfo
0x7101e69428,0008,_ZZN2rs29SensorMsgStatueTrampleReflect24getRuntimeTypeInfoStaticEvE8typeInfo
0x7101e69430,0008,_ZGVZN2rs29SensorMsgStatueTrampleReflect24getRuntimeTypeInfoStaticEvE8typeInfo
0x7101e69438,0008,_ZZN2rs19SensorMsgStatuePush24getRuntimeTypeInfoStaticEvE8typeInfo
0x7101e69440,0008,_ZGVZN2rs19SensorMsgStatuePush24getRuntimeTypeInfoStaticEvE8typeInfo
0x7101e69448,0008,_ZZN2rs19SensorMsgStatueSnap24getRuntimeTypeInfoStaticEvE8typeInfo
0x7101e69450,0008,_ZGVZN2rs19SensorMsgStatueSnap24getRuntimeTypeInfoStaticEvE8typeInfo
0x7101e69458,0008,_ZZN2rs25SensorMsgHitGrowFlowerPot24getRuntimeTypeInfoStaticEvE8typeInfo
0x7101e69460,0008,_ZGVZN2rs25SensorMsgHitGrowFlowerPot24getRuntimeTypeInfoStaticEvE8typeInfo
0x7101e69468,0008,_ZZN2rs24SensorMsgHitGrowPlantPot24getRuntimeTypeInfoStaticEvE8typeInfo
0x7101e69470,0008,_ZGVZN2rs24SensorMsgHitGrowPlantPot24getRuntimeTypeInfoStaticEvE8typeInfo
0x7101e69478,0008,_ZZN2rs30SensorMsgImplantGrowFlowerSeed24getRuntimeTypeInfoStaticEvE8typeInfo
0x7101e69480,0008,_ZGVZN2rs30SensorMsgImplantGrowFlowerSeed24getRuntimeTypeInfoStaticEvE8typeInfo
0x7101e69488,0008,_ZZN2rs21SensorMsgIcicleAttack24getRuntimeTypeInfoStaticEvE8typeInfo
0x7101e69490,0008,_ZGVZN2rs21SensorMsgIcicleAttack24getRuntimeTypeInfoStaticEvE8typeInfo
0x7101e69498,0008,_ZZN2rs25SensorMsgIgnoreMirrorWarp24getRuntimeTypeInfoStaticEvE8typeInfo
0x7101e694a0,0008,_ZGVZN2rs25SensorMsgIgnoreMirrorWarp24getRuntimeTypeInfoStaticEvE8typeInfo
0x7101e694a8,0008,_ZZN2rs30SensorMsgIsIgnoredByRunawayNpc24getRuntimeTypeInfoStaticEvE8typeInfo
0x7101e694b0,0008,_ZGVZN2rs30SensorMsgIsIgnoredByRunawayNpc24getRuntimeTypeInfoStaticEvE8typeInfo
0x7101e694b8,0008,_ZZN2rs29SensorMsgIgnorePushMotorcycle24getRuntimeTypeInfoStaticEvE8typeInfo
0x7101e694c0,0008,_ZGVZN2rs29SensorMsgIgnorePushMotorcycle24getRuntimeTypeInfoStaticEvE8typeInfo
0x7101e694c8,0008,_ZZN2rs24SensorMsgSandSharkAttack24getRuntimeTypeInfoStaticEvE8typeInfo
0x7101e694d0,0008,_ZGVZN2rs24SensorMsgSandSharkAttack24getRuntimeTypeInfoStaticEvE8typeInfo
0x7101e694d8,0008,_ZZN2rs19SensorMsgSeedAttack24getRuntimeTypeInfoStaticEvE8typeInfo
0x7101e694e0,0008,_ZGVZN2rs19SensorMsgSeedAttack24getRuntimeTypeInfoStaticEvE8typeInfo
0x7101e694e8,0008,_ZZN2rs22SensorMsgSeedAttackBig24getRuntimeTypeInfoStaticEvE8typeInfo
0x7101e694f0,0008,_ZGVZN2rs22SensorMsgSeedAttackBig24getRuntimeTypeInfoStaticEvE8typeInfo
0x7101e694f8,0008,_ZZN2rs23SensorMsgSeedAttackHold24getRuntimeTypeInfoStaticEvE8typeInfo
0x7101e69500,0008,_ZGVZN2rs23SensorMsgSeedAttackHold24getRuntimeTypeInfoStaticEvE8typeInfo
0x7101e69508,0008,_ZZN2rs20SensorMsgSeedItemGet24getRuntimeTypeInfoStaticEvE8typeInfo
0x7101e69510,0008,_ZGVZN2rs20SensorMsgSeedItemGet24getRuntimeTypeInfoStaticEvE8typeInfo
0x7101e69518,0008,_ZZN2rs20SensorMsgSeedReflect24getRuntimeTypeInfoStaticEvE8typeInfo
0x7101e69520,0008,_ZGVZN2rs20SensorMsgSeedReflect24getRuntimeTypeInfoStaticEvE8typeInfo
0x7101e69528,0008,_ZZN2rs22SensorMsgSenobiTrample24getRuntimeTypeInfoStaticEvE8typeInfo
0x7101e69530,0008,_ZGVZN2rs22SensorMsgSenobiTrample24getRuntimeTypeInfoStaticEvE8typeInfo
0x7101e69538,0008,_ZZN2rs28SensorMsgSenobiCancelStretch24getRuntimeTypeInfoStaticEvE8typeInfo
0x7101e69540,0008,_ZGVZN2rs28SensorMsgSenobiCancelStretch24getRuntimeTypeInfoStaticEvE8typeInfo
0x7101e69548,0008,_ZZN2rs36SensorMsgSenobiPunchBlockTransparent24getRuntimeTypeInfoStaticEvE8typeInfo
0x7101e69550,0008,_ZGVZN2rs36SensorMsgSenobiPunchBlockTransparent24getRuntimeTypeInfoStaticEvE8typeInfo
0x7101e69558,0008,_ZZN2rs25SensorMsgShibakenApproach24getRuntimeTypeInfoStaticEvE8typeInfo
0x7101e69560,0008,_ZGVZN2rs25SensorMsgShibakenApproach24getRuntimeTypeInfoStaticEvE8typeInfo
0x7101e69568,0008,_ZZN2rs21SensorMsgShibakenKick24getRuntimeTypeInfoStaticEvE8typeInfo
0x7101e69570,0008,_ZGVZN2rs21SensorMsgShibakenKick24getRuntimeTypeInfoStaticEvE8typeInfo
0x7101e69578,0008,_ZZN2rs23SensorMsgHackUpperPunch24getRuntimeTypeInfoStaticEvE8typeInfo
0x7101e69580,0008,_ZGVZN2rs23SensorMsgHackUpperPunch24getRuntimeTypeInfoStaticEvE8typeInfo
0x7101e69588,0008,_ZZN2rs26SensorMsgHackObjUpperPunch24getRuntimeTypeInfoStaticEvE8typeInfo
0x7101e69590,0008,_ZGVZN2rs26SensorMsgHackObjUpperPunch24getRuntimeTypeInfoStaticEvE8typeInfo
0x7101e69598,0008,_ZZN2rs17SensorMsgShineGet24getRuntimeTypeInfoStaticEvE8typeInfo
0x7101e695a0,0008,_ZGVZN2rs17SensorMsgShineGet24getRuntimeTypeInfoStaticEvE8typeInfo
0x7101e695a8,0008,_ZZN2rs19SensorMsgShineGet2D24getRuntimeTypeInfoStaticEvE8typeInfo
0x7101e695b0,0008,_ZGVZN2rs19SensorMsgShineGet2D24getRuntimeTypeInfoStaticEvE8typeInfo
0x7101e695b8,0008,_ZZN2rs19SensorMsgSpherePush24getRuntimeTypeInfoStaticEvE8typeInfo
0x7101e695c0,0008,_ZGVZN2rs19SensorMsgSpherePush24getRuntimeTypeInfoStaticEvE8typeInfo
0x7101e695c8,0008,_ZZN2rs25SensorMsgSphinxJumpAttack24getRuntimeTypeInfoStaticEvE8typeInfo
0x7101e695d0,0008,_ZGVZN2rs25SensorMsgSphinxJumpAttack24getRuntimeTypeInfoStaticEvE8typeInfo
0x7101e695d8,0008,_ZZN2rs28SensorMsgSphinxQuizRouteKill24getRuntimeTypeInfoStaticEvE8typeInfo
0x7101e695e0,0008,_ZGVZN2rs28SensorMsgSphinxQuizRouteKill24getRuntimeTypeInfoStaticEvE8typeInfo
0x7101e695e8,0008,_ZZN2rs25SensorMsgSphinxRideAttack24getRuntimeTypeInfoStaticEvE8typeInfo
0x7101e695f0,0008,_ZGVZN2rs25SensorMsgSphinxRideAttack24getRuntimeTypeInfoStaticEvE8typeInfo
0x7101e695f8,0008,_ZZN2rs32SensorMsgSphinxRideAttackReflect24getRuntimeTypeInfoStaticEvE8typeInfo
0x7101e69600,0008,_ZGVZN2rs32SensorMsgSphinxRideAttackReflect24getRuntimeTypeInfoStaticEvE8typeInfo
0x7101e69608,0008,_ZZN2rs18SensorMsgPechoSpot24getRuntimeTypeInfoStaticEvE8typeInfo
0x7101e69610,0008,_ZGVZN2rs18SensorMsgPechoSpot24getRuntimeTypeInfoStaticEvE8typeInfo
0x7101e69618,0008,_ZZN2rs23SensorMsgBelowObjBroken24getRuntimeTypeInfoStaticEvE8typeInfo
0x7101e69620,0008,_ZGVZN2rs23SensorMsgBelowObjBroken24getRuntimeTypeInfoStaticEvE8typeInfo
0x7101e69628,0008,_ZZN2rs27SensorMsgBindCollidedGround24getRuntimeTypeInfoStaticEvE8typeInfo
0x7101e69630,0008,_ZGVZN2rs27SensorMsgBindCollidedGround24getRuntimeTypeInfoStaticEvE8typeInfo
0x7101e69638,0008,_ZZN2rs26SensorMsgBindKeepDemoStart24getRuntimeTypeInfoStaticEvE8typeInfo
0x7101e69640,0008,_ZGVZN2rs26SensorMsgBindKeepDemoStart24getRuntimeTypeInfoStaticEvE8typeInfo
0x7101e69648,0008,_ZZN2rs28SensorMsgBindKeepDemoExecute24getRuntimeTypeInfoStaticEvE8typeInfo
0x7101e69650,0008,_ZGVZN2rs28SensorMsgBindKeepDemoExecute24getRuntimeTypeInfoStaticEvE8typeInfo
0x7101e69658,0008,_ZZN2rs24SensorMsgBindKeepDemoEnd24getRuntimeTypeInfoStaticEvE8typeInfo
0x7101e69660,0008,_ZGVZN2rs24SensorMsgBindKeepDemoEnd24getRuntimeTypeInfoStaticEvE8typeInfo
0x7101e69668,0008,_ZZN2rs25SensorMsgBindRecoveryLife24getRuntimeTypeInfoStaticEvE8typeInfo
0x7101e69670,0008,_ZGVZN2rs25SensorMsgBindRecoveryLife24getRuntimeTypeInfoStaticEvE8typeInfo
0x7101e69678,0008,_ZZN2rs25SensorMsgMayorItemReflect24getRuntimeTypeInfoStaticEvE8typeInfo
0x7101e69680,0008,_ZGVZN2rs25SensorMsgMayorItemReflect24getRuntimeTypeInfoStaticEvE8typeInfo
0x7101e69688,0008,_ZZN2rs25SensorMsgMayorItemCollide24getRuntimeTypeInfoStaticEvE8typeInfo
0x7101e69690,0008,_ZGVZN2rs25SensorMsgMayorItemCollide24getRuntimeTypeInfoStaticEvE8typeInfo
0x7101e69698,0008,_ZZN2rs22SensorMsgBlowObjAttack24getRuntimeTypeInfoStaticEvE8typeInfo
0x7101e696a0,0008,_ZGVZN2rs22SensorMsgBlowObjAttack24getRuntimeTypeInfoStaticEvE8typeInfo
0x7101e696a8,0008,_ZZN2rs29SensorMsgBlowObjAttackReflect24getRuntimeTypeInfoStaticEvE8typeInfo
0x7101e696b0,0008,_ZGVZN2rs29SensorMsgBlowObjAttackReflect24getRuntimeTypeInfoStaticEvE8typeInfo
0x7101e696b8,0008,_ZZN2rs24SensorMsgConfirmFrailBox24getRuntimeTypeInfoStaticEvE8typeInfo
0x7101e696c0,0008,_ZGVZN2rs24SensorMsgConfirmFrailBox24getRuntimeTypeInfoStaticEvE8typeInfo
0x7101e696c8,0008,_ZZN2rs30SensorMsgConfirmBrokenFrailBox24getRuntimeTypeInfoStaticEvE8typeInfo
0x7101e696d0,0008,_ZGVZN2rs30SensorMsgConfirmBrokenFrailBox24getRuntimeTypeInfoStaticEvE8typeInfo
0x7101e696d8,0008,_ZZN2rs19SensorMsgTankLookOn24getRuntimeTypeInfoStaticEvE8typeInfo
0x7101e696e0,0008,_ZGVZN2rs19SensorMsgTankLookOn24getRuntimeTypeInfoStaticEvE8typeInfo
0x7101e696e8,0008,_ZZN2rs21SensorMsgTankKickHack24getRuntimeTypeInfoStaticEvE8typeInfo
0x7101e696f0,0008,_ZGVZN2rs21SensorMsgTankKickHack24getRuntimeTypeInfoStaticEvE8typeInfo
0x7101e696f8,0008,_ZZN2rs22SensorMsgTankKickEnemy24getRuntimeTypeInfoStaticEvE8typeInfo
0x7101e69700,0008,_ZGVZN2rs22SensorMsgTankKickEnemy24getRuntimeTypeInfoStaticEvE8typeInfo
0x7101e69708,0008,_ZZN2rs19SensorMsgTankBullet24getRuntimeTypeInfoStaticEvE8typeInfo
0x7101e69710,0008,_ZGVZN2rs19SensorMsgTankBullet24getRuntimeTypeInfoStaticEvE8typeInfo
0x7101e69718,0008,_ZZN2rs29SensorMsgTankBulletNoReaction24getRuntimeTypeInfoStaticEvE8typeInfo
0x7101e69720,0008,_ZGVZN2rs29SensorMsgTankBulletNoReaction24getRuntimeTypeInfoStaticEvE8typeInfo
0x7101e69728,0008,_ZZN2rs31SensorMsgTimerAthleticDemoStart24getRuntimeTypeInfoStaticEvE8typeInfo
0x7101e69730,0008,_ZGVZN2rs31SensorMsgTimerAthleticDemoStart24getRuntimeTypeInfoStaticEvE8typeInfo
0x7101e69738,0008,_ZZN2rs20SensorMsgRideOnStart24getRuntimeTypeInfoStaticEvE8typeInfo
0x7101e69740,0008,_ZGVZN2rs20SensorMsgRideOnStart24getRuntimeTypeInfoStaticEvE8typeInfo
0x7101e69748,0008,_ZZN2rs18SensorMsgRideOnEnd24getRuntimeTypeInfoStaticEvE8typeInfo
0x7101e69750,0008,_ZGVZN2rs18SensorMsgRideOnEnd24getRuntimeTypeInfoStaticEvE8typeInfo
0x7101e69758,0008,_ZZN2rs22SensorMsgRideOnRelease24getRuntimeTypeInfoStaticEvE8typeInfo
0x7101e69760,0008,_ZGVZN2rs22SensorMsgRideOnRelease24getRuntimeTypeInfoStaticEvE8typeInfo
0x7101e69768,0008,_ZZN2rs34SensorMsgHipDropTransformTransform24getRuntimeTypeInfoStaticEvE8typeInfo
0x7101e69770,0008,_ZGVZN2rs34SensorMsgHipDropTransformTransform24getRuntimeTypeInfoStaticEvE8typeInfo
0x7101e69778,0008,_ZZN2rs32SensorMsgHipDropTransformReverse24getRuntimeTypeInfoStaticEvE8typeInfo
0x7101e69780,0008,_ZGVZN2rs32SensorMsgHipDropTransformReverse24getRuntimeTypeInfoStaticEvE8typeInfo
0x7101e69788,0008,_ZZN2rs30SensorMsgHipDropTransformingUp24getRuntimeTypeInfoStaticEvE8typeInfo
0x7101e69790,0008,_ZGVZN2rs30SensorMsgHipDropTransformingUp24getRuntimeTypeInfoStaticEvE8typeInfo
0x7101e69798,0008,_ZZN2rs32SensorMsgHipDropTransformingDown24getRuntimeTypeInfoStaticEvE8typeInfo
0x7101e697a0,0008,_ZGVZN2rs32SensorMsgHipDropTransformingDown24getRuntimeTypeInfoStaticEvE8typeInfo
0x7101e697a8,0008,_ZZN2rs34SensorMsgHipDropTransformingFinish24getRuntimeTypeInfoStaticEvE8typeInfo
0x7101e697b0,0008,_ZGVZN2rs34SensorMsgHipDropTransformingFinish24getRuntimeTypeInfoStaticEvE8typeInfo
0x7101e697b8,0008,_ZZN2rs18SensorMsgClearFire24getRuntimeTypeInfoStaticEvE8typeInfo
0x7101e697c0,0008,_ZGVZN2rs18SensorMsgClearFire24getRuntimeTypeInfoStaticEvE8typeInfo
0x7101e697c8,0008,_ZZN2rs34SensorMsgCollectAnimalTouchCollide24getRuntimeTypeInfoStaticEvE8typeInfo
0x7101e697d0,0008,_ZGVZN2rs34SensorMsgCollectAnimalTouchCollide24getRuntimeTypeInfoStaticEvE8typeInfo
0x7101e697d8,0008,_ZZN2rs27SensorMsgBossKnuckleCounter24getRuntimeTypeInfoStaticEvE8typeInfo
0x7101e697e0,0008,_ZGVZN2rs27SensorMsgBossKnuckleCounter24getRuntimeTypeInfoStaticEvE8typeInfo
0x7101e697e8,0008,_ZZN2rs30SensorMsgBossKnuckleFallAttack24getRuntimeTypeInfoStaticEvE8typeInfo
0x7101e697f0,0008,_ZGVZN2rs30SensorMsgBossKnuckleFallAttack24getRuntimeTypeInfoStaticEvE8typeInfo
0x7101e697f8,0008,_ZZN2rs30SensorMsgBossKnuckleHackAttack24getRuntimeTypeInfoStaticEvE8typeInfo
0x7101e69800,0008,_ZGVZN2rs30SensorMsgBossKnuckleHackAttack24getRuntimeTypeInfoStaticEvE8typeInfo
0x7101e69808,0008,_ZZN2rs32SensorMsgBossKnuckleKillerAttack24getRuntimeTypeInfoStaticEvE8typeInfo
0x7101e69810,0008,_ZGVZN2rs32SensorMsgBossKnuckleKillerAttack24getRuntimeTypeInfoStaticEvE8typeInfo
0x7101e69818,0008,_ZZN2rs31SensorMsgBossKnuckleIceConflict24getRuntimeTypeInfoStaticEvE8typeInfo
0x7101e69820,0008,_ZGVZN2rs31SensorMsgBossKnuckleIceConflict24getRuntimeTypeInfoStaticEvE8typeInfo
0x7101e69828,0008,_ZZN2rs34SensorMsgBossKnuckleIceFallToMummy24getRuntimeTypeInfoStaticEvE8typeInfo
0x7101e69830,0008,_ZGVZN2rs34SensorMsgBossKnuckleIceFallToMummy24getRuntimeTypeInfoStaticEvE8typeInfo
0x7101e69838,0008,_ZZN2rs21SensorMsgSkaterAttack24getRuntimeTypeInfoStaticEvE8typeInfo
0x7101e69840,0008,_ZGVZN2rs21SensorMsgSkaterAttack24getRuntimeTypeInfoStaticEvE8typeInfo
0x7101e69848,0008,_ZZN2rs25SensorMsgEnableInSaucePan24getRuntimeTypeInfoStaticEvE8typeInfo
0x7101e69850,0008,_ZGVZN2rs25SensorMsgEnableInSaucePan24getRuntimeTypeInfoStaticEvE8typeInfo
0x7101e69858,0008,_ZZN2rs32SensorMsgEnableMapCheckPointWarp24getRuntimeTypeInfoStaticEvE8typeInfo
0x7101e69860,0008,_ZGVZN2rs32SensorMsgEnableMapCheckPointWarp24getRuntimeTypeInfoStaticEvE8typeInfo
0x7101e69868,0008,_ZZN2rs24SensorMsgStartInSaucePan24getRuntimeTypeInfoStaticEvE8typeInfo
0x7101e69870,0008,_ZGVZN2rs24SensorMsgStartInSaucePan24getRuntimeTypeInfoStaticEvE8typeInfo
0x7101e69878,0008,_ZZN2rs22SensorMsgEndInSaucePan24getRuntimeTypeInfoStaticEvE8typeInfo
0x7101e69880,0008,_ZGVZN2rs22SensorMsgEndInSaucePan24getRuntimeTypeInfoStaticEvE8typeInfo
0x7101e69888,0008,_ZZN2rs23SensorMsgLineDancerLink24getRuntimeTypeInfoStaticEvE8typeInfo
0x7101e69890,0008,_ZGVZN2rs23SensorMsgLineDancerLink24getRuntimeTypeInfoStaticEvE8typeInfo
0x7101e69898,0008,_ZZN2rs26SensorMsgLongPushSensorHit24getRuntimeTypeInfoStaticEvE8typeInfo
0x7101e698a0,0008,_ZGVZN2rs26SensorMsgLongPushSensorHit24getRuntimeTypeInfoStaticEvE8typeInfo
0x7101e698a8,0008,_ZZN2rs23SensorMsgLongPushBoxHit24getRuntimeTypeInfoStaticEvE8typeInfo
0x7101e698b0,0008,_ZGVZN2rs23SensorMsgLongPushBoxHit24getRuntimeTypeInfoStaticEvE8typeInfo
0x7101e698b8,0008,_ZZN2rs25SensorMsgGoldHammerAttack24getRuntimeTypeInfoStaticEvE8typeInfo
0x7101e698c0,0008,_ZGVZN2rs25SensorMsgGoldHammerAttack24getRuntimeTypeInfoStaticEvE8typeInfo
0x7101e698c8,0008,_ZZN2rs19SensorMsgTrashBoxIn24getRuntimeTypeInfoStaticEvE8typeInfo
0x7101e698d0,0008,_ZGVZN2rs19SensorMsgTrashBoxIn24getRuntimeTypeInfoStaticEvE8typeInfo
0x7101e698d8,0008,_ZZN2rs23SensorMsgTouchDoorDrumn24getRuntimeTypeInfoStaticEvE8typeInfo
0x7101e698e0,0008,_ZGVZN2rs23SensorMsgTouchDoorDrumn24getRuntimeTypeInfoStaticEvE8typeInfo
0x7101e698e8,0008,_ZZN2rs22SensorMsgKuribo2DTouch24getRuntimeTypeInfoStaticEvE8typeInfo
0x7101e698f0,0008,_ZGVZN2rs22SensorMsgKuribo2DTouch24getRuntimeTypeInfoStaticEvE8typeInfo
0x7101e698f8,0008,_ZZN2rs30SensorMsgKuriboCollisionDamage24getRuntimeTypeInfoStaticEvE8typeInfo
0x7101e69900,0008,_ZGVZN2rs30SensorMsgKuriboCollisionDamage24getRuntimeTypeInfoStaticEvE8typeInfo
0x7101e69908,0008,_ZZN2rs28SensorMsgKuriboCollisionKill24getRuntimeTypeInfoStaticEvE8typeInfo
0x7101e69910,0008,_ZGVZN2rs28SensorMsgKuriboCollisionKill24getRuntimeTypeInfoStaticEvE8typeInfo
0x7101e69918,0008,_ZZN2rs20SensorMsgKuriboFlick24getRuntimeTypeInfoStaticEvE8typeInfo
0x7101e69920,0008,_ZGVZN2rs20SensorMsgKuriboFlick24getRuntimeTypeInfoStaticEvE8typeInfo
0x7101e69928,0008,_ZZN2rs22SensorMsgKuriboTowerOn24getRuntimeTypeInfoStaticEvE8typeInfo
0x7101e69930,0008,_ZGVZN2rs22SensorMsgKuriboTowerOn24getRuntimeTypeInfoStaticEvE8typeInfo
0x7101e69938,0008,_ZZN2rs31SensorMsgPartyPopperSoundAttack24getRuntimeTypeInfoStaticEvE8typeInfo
0x7101e69940,0008,_ZGVZN2rs31SensorMsgPartyPopperSoundAttack24getRuntimeTypeInfoStaticEvE8typeInfo
0x7101e69948,0008,_ZZN2rs24SensorMsgYokinBallAttack24getRuntimeTypeInfoStaticEvE8typeInfo
0x7101e69950,0008,_ZGVZN2rs24SensorMsgYokinBallAttack24getRuntimeTypeInfoStaticEvE8typeInfo
0x7101e69958,0008,_ZZN2rs23SensorMsgYoshiDirectEat24getRuntimeTypeInfoStaticEvE8typeInfo
0x7101e69960,0008,_ZGVZN2rs23SensorMsgYoshiDirectEat24getRuntimeTypeInfoStaticEvE8typeInfo
0x7101e69968,0008,_ZZN2rs26SensorMsgYoshiTongueAttack24getRuntimeTypeInfoStaticEvE8typeInfo
0x7101e69970,0008,_ZGVZN2rs26SensorMsgYoshiTongueAttack24getRuntimeTypeInfoStaticEvE8typeInfo
0x7101e69978,0008,_ZZN2rs27SensorMsgYoshiTongueEatBind24getRuntimeTypeInfoStaticEvE8typeInfo
0x7101e69980,0008,_ZGVZN2rs27SensorMsgYoshiTongueEatBind24getRuntimeTypeInfoStaticEvE8typeInfo
0x7101e69988,0008,_ZZN2rs33SensorMsgYoshiTongueEatBindCancel24getRuntimeTypeInfoStaticEvE8typeInfo
0x7101e69990,0008,_ZGVZN2rs33SensorMsgYoshiTongueEatBindCancel24getRuntimeTypeInfoStaticEvE8typeInfo
0x7101e69998,0008,_ZZN2rs33SensorMsgYoshiTongueEatBindFinish24getRuntimeTypeInfoStaticEvE8typeInfo
0x7101e699a0,0008,_ZGVZN2rs33SensorMsgYoshiTongueEatBindFinish24getRuntimeTypeInfoStaticEvE8typeInfo
0x7101e699a8,0008,_ZZN2rs35SensorMsgYoshiTongueEatHomingTarget24getRuntimeTypeInfoStaticEvE8typeInfo
0x7101e699b0,0008,_ZGVZN2rs35SensorMsgYoshiTongueEatHomingTarget24getRuntimeTypeInfoStaticEvE8typeInfo
0x7101e699b8,0008,_ZZN2rs21SensorMsgYukimaruPush24getRuntimeTypeInfoStaticEvE8typeInfo
0x7101e699c0,0008,_ZGVZN2rs21SensorMsgYukimaruPush24getRuntimeTypeInfoStaticEvE8typeInfo
0x7101e699c8,0008,_ZZN2rs34SensorMsgPunchMachinePunchStraight24getRuntimeTypeInfoStaticEvE8typeInfo
0x7101e699d0,0008,_ZGVZN2rs34SensorMsgPunchMachinePunchStraight24getRuntimeTypeInfoStaticEvE8typeInfo
0x7101e699d8,0008,_ZZN2rs30SensorMsgPunchMachinePunchHook24getRuntimeTypeInfoStaticEvE8typeInfo
0x7101e699e0,0008,_ZGVZN2rs30SensorMsgPunchMachinePunchHook24getRuntimeTypeInfoStaticEvE8typeInfo
0x7101e699e8,0008,_ZZN2rs31SensorMsgPunchMachinePunchUpper24getRuntimeTypeInfoStaticEvE8typeInfo
0x7101e699f0,0008,_ZGVZN2rs31SensorMsgPunchMachinePunchUpper24getRuntimeTypeInfoStaticEvE8typeInfo
0x7101e699f8,0008,_ZZN2rs29SensorMsgMorningStarWarpStart24getRuntimeTypeInfoStaticEvE8typeInfo
0x7101e69a00,0008,_ZGVZN2rs29SensorMsgMorningStarWarpStart24getRuntimeTypeInfoStaticEvE8typeInfo
0x7101e69a08,0008,_ZZN2rs27SensorMsgMorningStarWarpEnd24getRuntimeTypeInfoStaticEvE8typeInfo
0x7101e69a10,0008,_ZGVZN2rs27SensorMsgMorningStarWarpEnd24getRuntimeTypeInfoStaticEvE8typeInfo
0x7101e69a18,0008,_ZZN2rs16SensorMsgGemyAim24getRuntimeTypeInfoStaticEvE8typeInfo
0x7101e69a20,0008,_ZGVZN2rs16SensorMsgGemyAim24getRuntimeTypeInfoStaticEvE8typeInfo
0x7101e69a28,0008,_ZZN2rs36SensorMsgHammerBrosHammerEnemyAttack24getRuntimeTypeInfoStaticEvE8typeInfo
0x7101e69a30,0008,_ZGVZN2rs36SensorMsgHammerBrosHammerEnemyAttack24getRuntimeTypeInfoStaticEvE8typeInfo
0x7101e69a38,0008,_ZZN2rs35SensorMsgHammerBrosHammerHackAttack24getRuntimeTypeInfoStaticEvE8typeInfo
0x7101e69a40,0008,_ZGVZN2rs35SensorMsgHammerBrosHammerHackAttack24getRuntimeTypeInfoStaticEvE8typeInfo
0x7101e69a48,0008,_ZZN2rs31SensorMsgHammerBrosHammerSearch24getRuntimeTypeInfoStaticEvE8typeInfo
0x7101e69a50,0008,_ZGVZN2rs31SensorMsgHammerBrosHammerSearch24getRuntimeTypeInfoStaticEvE8typeInfo
0x7101e69a58,0008,_ZZN2rs24SensorMsgHackBrosContact24getRuntimeTypeInfoStaticEvE8typeInfo
0x7101e69a60,0008,_ZGVZN2rs24SensorMsgHackBrosContact24getRuntimeTypeInfoStaticEvE8typeInfo
0x7101e69a68,0008,_ZZN2rs25SensorMsgMotorcycleAttack24getRuntimeTypeInfoStaticEvE8typeInfo
0x7101e69a70,0008,_ZGVZN2rs25SensorMsgMotorcycleAttack24getRuntimeTypeInfoStaticEvE8typeInfo
0x7101e69a78,0008,_ZZN2rs36SensorMsgMotorcycleCollideParkingLot24getRuntimeTypeInfoStaticEvE8typeInfo
0x7101e69a80,0008,_ZGVZN2rs36SensorMsgMotorcycleCollideParkingLot24getRuntimeTypeInfoStaticEvE8typeInfo
0x7101e69a88,0008,_ZZN2rs29SensorMsgMotorcycleDashAttack24getRuntimeTypeInfoStaticEvE8typeInfo
0x7101e69a90,0008,_ZGVZN2rs29SensorMsgMotorcycleDashAttack24getRuntimeTypeInfoStaticEvE8typeInfo
0x7101e69a98,0008,_ZZN2rs30SensorMsgMotorcycleDashCollide24getRuntimeTypeInfoStaticEvE8typeInfo
0x7101e69aa0,0008,_ZGVZN2rs30SensorMsgMotorcycleDashCollide24getRuntimeTypeInfoStaticEvE8typeInfo
0x7101e69aa8,0008,_ZZN2rs26SensorMsgWanwanEnemyAttack24getRuntimeTypeInfoStaticEvE8typeInfo
0x7101e69ab0,0008,_ZGVZN2rs26SensorMsgWanwanEnemyAttack24getRuntimeTypeInfoStaticEvE8typeInfo
0x7101e69ab8,0008,_ZZN2rs19SensorMsgWanwanPush24getRuntimeTypeInfoStaticEvE8typeInfo
0x7101e69ac0,0008,_ZGVZN2rs19SensorMsgWanwanPush24getRuntimeTypeInfoStaticEvE8typeInfo
0x7101e69ac8,0008,_ZZN2rs28SensorMsgWanwanReboundAttack24getRuntimeTypeInfoStaticEvE8typeInfo
0x7101e69ad0,0008,_ZGVZN2rs28SensorMsgWanwanReboundAttack24getRuntimeTypeInfoStaticEvE8typeInfo
0x7101e69ad8,0008,_ZZN2rs26SensorMsgWanwanBlockAttack24getRuntimeTypeInfoStaticEvE8typeInfo
0x7101e69ae0,0008,_ZGVZN2rs26SensorMsgWanwanBlockAttack24getRuntimeTypeInfoStaticEvE8typeInfo
0x7101e69ae8,0008,_ZZN2rs21SensorMsgWanwanHoleIn24getRuntimeTypeInfoStaticEvE8typeInfo
0x7101e69af0,0008,_ZGVZN2rs21SensorMsgWanwanHoleIn24getRuntimeTypeInfoStaticEvE8typeInfo
0x7101e69af8,0008,_ZZN2rs20SensorMsgWaterRoadIn24getRuntimeTypeInfoStaticEvE8typeInfo
0x7101e69b00,0008,_ZGVZN2rs20SensorMsgWaterRoadIn24getRuntimeTypeInfoStaticEvE8typeInfo
0x7101e69b08,0008,_ZZN2rs22SensorMsgWaterRoadNear24getRuntimeTypeInfoStaticEvE8typeInfo
0x7101e69b10,0008,_ZGVZN2rs22SensorMsgWaterRoadNear24getRuntimeTypeInfoStaticEvE8typeInfo
0x7101e69b18,0008,_ZZN2rs19SensorMsgBreedaSlap24getRuntimeTypeInfoStaticEvE8typeInfo
0x7101e69b20,0008,_ZGVZN2rs19SensorMsgBreedaSlap24getRuntimeTypeInfoStaticEvE8typeInfo
0x7101e69b28,0008,_ZZN2rs19SensorMsgBreedaPush24getRuntimeTypeInfoStaticEvE8typeInfo
0x7101e69b30,0008,_ZGVZN2rs19SensorMsgBreedaPush24getRuntimeTypeInfoStaticEvE8typeInfo
0x7101e69b38,0008,_ZZN2rs21SensorMsgGamaneBullet24getRuntimeTypeInfoStaticEvE8typeInfo
0x7101e69b40,0008,_ZGVZN2rs21SensorMsgGamaneBullet24getRuntimeTypeInfoStaticEvE8typeInfo
0x7101e69b48,0008,_ZZN2rs28SensorMsgGamaneBulletThrough24getRuntimeTypeInfoStaticEvE8typeInfo
0x7101e69b50,0008,_ZGVZN2rs28SensorMsgGamaneBulletThrough24getRuntimeTypeInfoStaticEvE8typeInfo
0x7101e69b58,0008,_ZZN2rs34SensorMsgGamaneBulletForCoinFlower24getRuntimeTypeInfoStaticEvE8typeInfo
0x7101e69b60,0008,_ZGVZN2rs34SensorMsgGamaneBulletForCoinFlower24getRuntimeTypeInfoStaticEvE8typeInfo
0x7101e69b68,0008,_ZZN2rs34SensorMsgVolleyballNpcScareByEnemy24getRuntimeTypeInfoStaticEvE8typeInfo
0x7101e69b70,0008,_ZGVZN2rs34SensorMsgVolleyballNpcScareByEnemy24getRuntimeTypeInfoStaticEvE8typeInfo
0x7101e69b78,0008,_ZZN2rs30SensorMsgRocketFlowerExtension24getRuntimeTypeInfoStaticEvE8typeInfo
0x7101e69b80,0008,_ZGVZN2rs30SensorMsgRocketFlowerExtension24getRuntimeTypeInfoStaticEvE8typeInfo
0x7101e69b88,0008,_ZZN2rs30SensorMsgWanderBossCameraRange24getRuntimeTypeInfoStaticEvE8typeInfo
0x7101e69b90,0008,_ZGVZN2rs30SensorMsgWanderBossCameraRange24getRuntimeTypeInfoStaticEvE8typeInfo
0x7101e69b98,0008,_ZZN2rs25SensorMsgKuriboGirlAttack24getRuntimeTypeInfoStaticEvE8typeInfo
0x7101e69ba0,0008,_ZGVZN2rs25SensorMsgKuriboGirlAttack24getRuntimeTypeInfoStaticEvE8typeInfo
0x7101e69ba8,0008,_ZZN2rs23SensorMsgKuriboGirlLove24getRuntimeTypeInfoStaticEvE8typeInfo
0x7101e69bb0,0008,_ZGVZN2rs23SensorMsgKuriboGirlLove24getRuntimeTypeInfoStaticEvE8typeInfo
0x7101e69bb8,0008,_ZZN2rs18SensorMsgKuriboTop24getRuntimeTypeInfoStaticEvE8typeInfo
0x7101e69bc0,0008,_ZGVZN2rs18SensorMsgKuriboTop24getRuntimeTypeInfoStaticEvE8typeInfo
0x7101e69bc8,0008,_ZZN2rs19SensorMsgTRexAttack24getRuntimeTypeInfoStaticEvE8typeInfo
0x7101e69bd0,0008,_ZGVZN2rs19SensorMsgTRexAttack24getRuntimeTypeInfoStaticEvE8typeInfo
0x7101e69bd8,0008,_ZZN2rs30SensorMsgTRexAttackCollideBody24getRuntimeTypeInfoStaticEvE8typeInfo
0x7101e69be0,0008,_ZGVZN2rs30SensorMsgTRexAttackCollideBody24getRuntimeTypeInfoStaticEvE8typeInfo
0x7101e69be8,0008,_ZZN2rs30SensorMsgTRexAttackCollideHead24getRuntimeTypeInfoStaticEvE8typeInfo
0x7101e69bf0,0008,_ZGVZN2rs30SensorMsgTRexAttackCollideHead24getRuntimeTypeInfoStaticEvE8typeInfo
0x7101e69bf8,0008,_ZZN2rs23SensorMsgTRexDashAttack24getRuntimeTypeInfoStaticEvE8typeInfo
0x7101e69c00,0008,_ZGVZN2rs23SensorMsgTRexDashAttack24getRuntimeTypeInfoStaticEvE8typeInfo
0x7101e69c08,0008,_ZZN2rs33SensorMsgTRexScrollPartsBreakWith24getRuntimeTypeInfoStaticEvE8typeInfo
0x7101e69c10,0008,_ZGVZN2rs33SensorMsgTRexScrollPartsBreakWith24getRuntimeTypeInfoStaticEvE8typeInfo
0x7101e69c18,0008,_ZZN2rs23SensorMsgTsukkunNoTrace24getRuntimeTypeInfoStaticEvE8typeInfo
0x7101e69c20,0008,_ZGVZN2rs23SensorMsgTsukkunNoTrace24getRuntimeTypeInfoStaticEvE8typeInfo
0x7101e69c28,0008,_ZZN2rs24SensorMsgTouchFireDrum2D24getRuntimeTypeInfoStaticEvE8typeInfo
0x7101e69c30,0008,_ZGVZN2rs24SensorMsgTouchFireDrum2D24getRuntimeTypeInfoStaticEvE8typeInfo
0x7101e69c38,0008,_ZZN2rs24SensorMsgPropellerAttack24getRuntimeTypeInfoStaticEvE8typeInfo
0x7101e69c40,0008,_ZGVZN2rs24SensorMsgPropellerAttack24getRuntimeTypeInfoStaticEvE8typeInfo
0x7101e69c48,0008,_ZZN2rs22SensorMsgTankExplosion24getRuntimeTypeInfoStaticEvE8typeInfo
0x7101e69c50,0008,_ZGVZN2rs22SensorMsgTankExplosion24getRuntimeTypeInfoStaticEvE8typeInfo
0x7101e69c58,0008,_ZZN2rs24SensorMsgTankHackTrample24getRuntimeTypeInfoStaticEvE8typeInfo
0x7101e69c60,0008,_ZGVZN2rs24SensorMsgTankHackTrample24getRuntimeTypeInfoStaticEvE8typeInfo
0x7101e69c68,0008,_ZZN2rs21SensorMsgUtsuboAttack24getRuntimeTypeInfoStaticEvE8typeInfo
0x7101e69c70,0008,_ZGVZN2rs21SensorMsgUtsuboAttack24getRuntimeTypeInfoStaticEvE8typeInfo
0x7101e69c78,0008,_ZZN2rs30SensorMsgKillerAttackNoExplode24getRuntimeTypeInfoStaticEvE8typeInfo
0x7101e69c80,0008,_ZGVZN2rs30SensorMsgKillerAttackNoExplode24getRuntimeTypeInfoStaticEvE8typeInfo
0x7101e69c88,0008,_ZZN2rs27SensorMsgKillerMagnumAttack24getRuntimeTypeInfoStaticEvE8typeInfo
0x7101e69c90,0008,_ZGVZN2rs27SensorMsgKillerMagnumAttack24getRuntimeTypeInfoStaticEvE8typeInfo
0x7101e69c98,0008,_ZZN2rs31SensorMsgKillerMagnumHackAttack24getRuntimeTypeInfoStaticEvE8typeInfo
0x7101e69ca0,0008,_ZGVZN2rs31SensorMsgKillerMagnumHackAttack24getRuntimeTypeInfoStaticEvE8typeInfo
0x7101e69ca8,0008,_ZZN2rs22SensorMsgGabuzouAttack24getRuntimeTypeInfoStaticEvE8typeInfo
0x7101e69cb0,0008,_ZGVZN2rs22SensorMsgGabuzouAttack24getRuntimeTypeInfoStaticEvE8typeInfo
0x7101e69cb8,0008,_ZZN2rs29SensorMsgStackerRollingAttack24getRuntimeTypeInfoStaticEvE8typeInfo
0x7101e69cc0,0008,_ZGVZN2rs29SensorMsgStackerRollingAttack24getRuntimeTypeInfoStaticEvE8typeInfo
0x7101e69cc8,0008,_ZZN2rs30SensorMsgStackerCapBoostAttack24getRuntimeTypeInfoStaticEvE8typeInfo
0x7101e69cd0,0008,_ZGVZN2rs30SensorMsgStackerCapBoostAttack24getRuntimeTypeInfoStaticEvE8typeInfo
0x7101e69cd8,0008,_ZZN2rs27SensorMsgIgnoreIgnitionBomb24getRuntimeTypeInfoStaticEvE8typeInfo
0x7101e69ce0,0008,_ZGVZN2rs27SensorMsgIgnoreIgnitionBomb24getRuntimeTypeInfoStaticEvE8typeInfo
0x7101e69ce8,0008,_ZZN2rs29SensorMsgExplosionReflectBomb24getRuntimeTypeInfoStaticEvE8typeInfo
0x7101e69cf0,0008,_ZGVZN2rs29SensorMsgExplosionReflectBomb24getRuntimeTypeInfoStaticEvE8typeInfo
0x7101e69cf8,0008,_ZZN2rs24SensorMsgGolemStampPress24getRuntimeTypeInfoStaticEvE8typeInfo
0x7101e69d00,0008,_ZGVZN2rs24SensorMsgGolemStampPress24getRuntimeTypeInfoStaticEvE8typeInfo
0x7101e69d08,0008,_ZZN2rs32SensorMsgSwitchOnWithSaveRequest24getRuntimeTypeInfoStaticEvE8typeInfo
0x7101e69d10,0008,_ZGVZN2rs32SensorMsgSwitchOnWithSaveRequest24getRuntimeTypeInfoStaticEvE8typeInfo
0x7101e69d18,0008,_ZZN2rs22SensorMsgDigPointSmell24getRuntimeTypeInfoStaticEvE8typeInfo
0x7101e69d20,0008,_ZGVZN2rs22SensorMsgDigPointSmell24getRuntimeTypeInfoStaticEvE8typeInfo
0x7101e69d28,0008,_ZZN2rs33SensorMsgMofumofuBodyChainExplode24getRuntimeTypeInfoStaticEvE8typeInfo
0x7101e69d30,0008,_ZGVZN2rs33SensorMsgMofumofuBodyChainExplode24getRuntimeTypeInfoStaticEvE8typeInfo
0x7101e69d38,0008,_ZZN2rs41SensorMsgMoonBasementRockThroughCollision24getRuntimeTypeInfoStaticEvE8typeInfo
0x7101e69d40,0008,_ZGVZN2rs41SensorMsgMoonBasementRockThroughCollision24getRuntimeTypeInfoStaticEvE8typeInfo
0x7101e69d48,0008,_ZZN2rs20SensorMsgFishingWait24getRuntimeTypeInfoStaticEvE8typeInfo
0x7101e69d50,0008,_ZGVZN2rs20SensorMsgFishingWait24getRuntimeTypeInfoStaticEvE8typeInfo
0x7101e69d58,0008,_ZZN2rs29SensorMsgFishingUpImmediately24getRuntimeTypeInfoStaticEvE8typeInfo
0x7101e69d60,0008,_ZGVZN2rs29SensorMsgFishingUpImmediately24getRuntimeTypeInfoStaticEvE8typeInfo
0x7101e69d68,0008,_ZZN2rs21SensorMsgGunetterPush24getRuntimeTypeInfoStaticEvE8typeInfo
0x7101e69d70,0008,_ZGVZN2rs21SensorMsgGunetterPush24getRuntimeTypeInfoStaticEvE8typeInfo
0x7101e69d78,0008,_ZZN2rs18SensorMsgTestPunch24getRuntimeTypeInfoStaticEvE8typeInfo
0x7101e69d80,0008,_ZGVZN2rs18SensorMsgTestPunch24getRuntimeTypeInfoStaticEvE8typeInfo
0x7101e69d88,0008,_ZZN2rs24SensorMsgTestPunchStrong24getRuntimeTypeInfoStaticEvE8typeInfo
0x7101e69d90,0008,_ZGVZN2rs24SensorMsgTestPunchStrong24getRuntimeTypeInfoStaticEvE8typeInfo
0x7101e69d98,0008,_ZZN2rs19SensorMsgPunchGuard24getRuntimeTypeInfoStaticEvE8typeInfo
0x7101e69da0,0008,_ZGVZN2rs19SensorMsgPunchGuard24getRuntimeTypeInfoStaticEvE8typeInfo
0x7101e69da8,0008,_ZZN2rs22SensorMsgTsukkunThrust24getRuntimeTypeInfoStaticEvE8typeInfo
0x7101e69db0,0008,_ZGVZN2rs22SensorMsgTsukkunThrust24getRuntimeTypeInfoStaticEvE8typeInfo
0x7101e69db8,0008,_ZZN2rs26SensorMsgTsukkunThrustSpin24getRuntimeTypeInfoStaticEvE8typeInfo
0x7101e69dc0,0008,_ZGVZN2rs26SensorMsgTsukkunThrustSpin24getRuntimeTypeInfoStaticEvE8typeInfo
0x7101e69dc8,0008,_ZZN2rs29SensorMsgTsukkunThrustReflect24getRuntimeTypeInfoStaticEvE8typeInfo
0x7101e69dd0,0008,_ZGVZN2rs29SensorMsgTsukkunThrustReflect24getRuntimeTypeInfoStaticEvE8typeInfo
0x7101e69dd8,0008,_ZZN2rs29SensorMsgTsukkunThrustCollide24getRuntimeTypeInfoStaticEvE8typeInfo
0x7101e69de0,0008,_ZGVZN2rs29SensorMsgTsukkunThrustCollide24getRuntimeTypeInfoStaticEvE8typeInfo
0x7101e69de8,0008,_ZZN2rs39SensorMsgTsukkunThrustHitReflectCollide24getRuntimeTypeInfoStaticEvE8typeInfo
0x7101e69df0,0008,_ZGVZN2rs39SensorMsgTsukkunThrustHitReflectCollide24getRuntimeTypeInfoStaticEvE8typeInfo
0x7101e69df8,0008,_ZZN2rs36SensorMsgTsukkunThrustReflectCollide24getRuntimeTypeInfoStaticEvE8typeInfo
0x7101e69e00,0008,_ZGVZN2rs36SensorMsgTsukkunThrustReflectCollide24getRuntimeTypeInfoStaticEvE8typeInfo
0x7101e69e08,0008,_ZZN2rs26SensorMsgTsukkunThrustHole24getRuntimeTypeInfoStaticEvE8typeInfo
0x7101e69e10,0008,_ZGVZN2rs26SensorMsgTsukkunThrustHole24getRuntimeTypeInfoStaticEvE8typeInfo
0x7101e69e18,0008,_ZZN2rs30SensorMsgTsukkunThroughCollide24getRuntimeTypeInfoStaticEvE8typeInfo
0x7101e69e20,0008,_ZGVZN2rs30SensorMsgTsukkunThroughCollide24getRuntimeTypeInfoStaticEvE8typeInfo
0x7101e69e28,0008,_ZZN2rs27SensorMsgTsukkunHoldCollide24getRuntimeTypeInfoStaticEvE8typeInfo
0x7101e69e30,0008,_ZGVZN2rs27SensorMsgTsukkunHoldCollide24getRuntimeTypeInfoStaticEvE8typeInfo
0x7101e69e38,0008,_ZZN2rs34SensorMsgTsukkunForceCancelCollide24getRuntimeTypeInfoStaticEvE8typeInfo
0x7101e69e40,0008,_ZGVZN2rs34SensorMsgTsukkunForceCancelCollide24getRuntimeTypeInfoStaticEvE8typeInfo
0x7101e69e48,0008,_ZZN2rs28SensorMsgNetworkShootingShot24getRuntimeTypeInfoStaticEvE8typeInfo
0x7101e69e50,0008,_ZGVZN2rs28SensorMsgNetworkShootingShot24getRuntimeTypeInfoStaticEvE8typeInfo
0x7101e69e58,0008,_ZZN2rs34SensorMsgNetworkShootingChargeShot24getRuntimeTypeInfoStaticEvE8typeInfo
0x7101e69e60,0008,_ZGVZN2rs34SensorMsgNetworkShootingChargeShot24getRuntimeTypeInfoStaticEvE8typeInfo
0x7101e69e68,0008,_ZZN2rs36SensorMsgRequestPlayerJumpBreakFloor24getRuntimeTypeInfoStaticEvE8typeInfo
0x7101e69e70,0008,_ZGVZN2rs36SensorMsgRequestPlayerJumpBreakFloor24getRuntimeTypeInfoStaticEvE8typeInfo
0x7101e69e78,0008,_ZZN2rs26SensorMsgRequestPlayerJump24getRuntimeTypeInfoStaticEvE8typeInfo
0x7101e69e80,0008,_ZGVZN2rs26SensorMsgRequestPlayerJump24getRuntimeTypeInfoStaticEvE8typeInfo
0x7101e69e88,0008,_ZZN2rs33SensorMsgRequestPlayerTrampleJump24getRuntimeTypeInfoStaticEvE8typeInfo
0x7101e69e90,0008,_ZGVZN2rs33SensorMsgRequestPlayerTrampleJump24getRuntimeTypeInfoStaticEvE8typeInfo
0x7101e69e98,0008,_ZZN2rs30SensorMsgRequestPlayerSpinJump24getRuntimeTypeInfoStaticEvE8typeInfo
0x7101e69ea0,0008,_ZGVZN2rs30SensorMsgRequestPlayerSpinJump24getRuntimeTypeInfoStaticEvE8typeInfo
0x7101e69ea8,0008,_ZZN2rs26SensorMsgRequestSphinxJump24getRuntimeTypeInfoStaticEvE8typeInfo
0x7101e69eb0,0008,_ZGVZN2rs26SensorMsgRequestSphinxJump24getRuntimeTypeInfoStaticEvE8typeInfo
0x7101e69eb8,0008,_ZZN2rs26SensorMsgIgnoreTouchTarget24getRuntimeTypeInfoStaticEvE8typeInfo
0x7101e69ec0,0008,_ZGVZN2rs26SensorMsgIgnoreTouchTarget24getRuntimeTypeInfoStaticEvE8typeInfo
0x7101e69ec8,0008,_ZZN2rs24SensorMsgTouchTargetInfo24getRuntimeTypeInfoStaticEvE8typeInfo
0x7101e69ed0,0008,_ZGVZN2rs24SensorMsgTouchTargetInfo24getRuntimeTypeInfoStaticEvE8typeInfo
0x7101e69ed8,0008,_ZZN2rs25SensorMsgCollisionImpulse24getRuntimeTypeInfoStaticEvE8typeInfo
0x7101e69ee0,0008,_ZGVZN2rs25SensorMsgCollisionImpulse24getRuntimeTypeInfoStaticEvE8typeInfo
0x7101e69ee8,0008,_ZZN2rs17SensorMsgWhipHold24getRuntimeTypeInfoStaticEvE8typeInfo
0x7101e69ef0,0008,_ZGVZN2rs17SensorMsgWhipHold24getRuntimeTypeInfoStaticEvE8typeInfo
0x7101e69ef8,0008,_ZZN2rs17SensorMsgWhipBind24getRuntimeTypeInfoStaticEvE8typeInfo
0x7101e69f00,0008,_ZGVZN2rs17SensorMsgWhipBind24getRuntimeTypeInfoStaticEvE8typeInfo
0x7101e69f08,0008,_ZZN2rs18SensorMsgWhipThrow24getRuntimeTypeInfoStaticEvE8typeInfo
0x7101e69f10,0008,_ZGVZN2rs18SensorMsgWhipThrow24getRuntimeTypeInfoStaticEvE8typeInfo
0x7101e69f18,0008,_ZZN2rs15SensorMsgMagnet24getRuntimeTypeInfoStaticEvE8typeInfo
0x7101e69f20,0008,_ZGVZN2rs15SensorMsgMagnet24getRuntimeTypeInfoStaticEvE8typeInfo
0x7101e69f28,0008,_ZZN2rs27SensorMsgMagnetBulletAttack24getRuntimeTypeInfoStaticEvE8typeInfo
0x7101e69f30,0008,_ZGVZN2rs27SensorMsgMagnetBulletAttack24getRuntimeTypeInfoStaticEvE8typeInfo
0x7101e69f38,0008,_ZZN2rs18SensorMsgDashPanel24getRuntimeTypeInfoStaticEvE8typeInfo
0x7101e69f40,0008,_ZGVZN2rs18SensorMsgDashPanel24getRuntimeTypeInfoStaticEvE8typeInfo
0x7101e69f48,0008,_ZZN2rs28SensorMsgTrampolineCrackJump24getRuntimeTypeInfoStaticEvE8typeInfo
0x7101e69f50,0008,_ZGVZN2rs28SensorMsgTrampolineCrackJump24getRuntimeTypeInfoStaticEvE8typeInfo
0x7101e69f58,0008,_ZZN2rs21SensorMsgCapTouchWall24getRuntimeTypeInfoStaticEvE8typeInfo
0x7101e69f60,0008,_ZGVZN2rs21SensorMsgCapTouchWall24getRuntimeTypeInfoStaticEvE8typeInfo
0x7101e69f68,0008,_ZZN2rs19SensorMsgCapRethrow24getRuntimeTypeInfoStaticEvE8typeInfo
0x7101e69f70,0008,_ZGVZN2rs19SensorMsgCapRethrow24getRuntimeTypeInfoStaticEvE8typeInfo
0x7101e69f78,0008,_ZZN2rs23SensorMsgCapChangeGiant24getRuntimeTypeInfoStaticEvE8typeInfo
0x7101e69f80,0008,_ZGVZN2rs23SensorMsgCapChangeGiant24getRuntimeTypeInfoStaticEvE8typeInfo
0x7101e69f88,0008,_ZZN2rs24SensorMsgPackunEatCancel24getRuntimeTypeInfoStaticEvE8typeInfo
0x7101e69f90,0008,_ZGVZN2rs24SensorMsgPackunEatCancel24getRuntimeTypeInfoStaticEvE8typeInfo
0x7101e69f98,0008,_ZZN2rs21SensorMsgPackunEatEnd24getRuntimeTypeInfoStaticEvE8typeInfo
0x7101e69fa0,0008,_ZGVZN2rs21SensorMsgPackunEatEnd24getRuntimeTypeInfoStaticEvE8typeInfo
0x7101e69fa8,0008,_ZZN2rs29SensorMsgPackunEatStartFollow24getRuntimeTypeInfoStaticEvE8typeInfo
0x7101e69fb0,0008,_ZGVZN2rs29SensorMsgPackunEatStartFollow24getRuntimeTypeInfoStaticEvE8typeInfo
0x7101e69fb8,0008,_ZZN2rs25SensorMsgFireBlowerAttack24getRuntimeTypeInfoStaticEvE8typeInfo
0x7101e69fc0,0008,_ZGVZN2rs25SensorMsgFireBlowerAttack24getRuntimeTypeInfoStaticEvE8typeInfo
0x7101e69fc8,0008,_ZZN2rs14SensorMsgPaint24getRuntimeTypeInfoStaticEvE8typeInfo
0x7101e69fd0,0008,_ZGVZN2rs14SensorMsgPaint24getRuntimeTypeInfoStaticEvE8typeInfo
0x7101e69fd8,0008,_ZZN2rs21SensorMsgPaintTexture24getRuntimeTypeInfoStaticEvE8typeInfo
0x7101e69fe0,0008,_ZGVZN2rs21SensorMsgPaintTexture24getRuntimeTypeInfoStaticEvE8typeInfo
0x7101e69fe8,0008,_ZZN2rs24SensorMsgCheckPaintClear24getRuntimeTypeInfoStaticEvE8typeInfo
0x7101e69ff0,0008,_ZGVZN2rs24SensorMsgCheckPaintClear24getRuntimeTypeInfoStaticEvE8typeInfo
0x7101e69ff8,0008,_ZZN2rs24SensorMsgCheckPaintAlpha24getRuntimeTypeInfoStaticEvE8typeInfo
0x7101e6a000,0008,_ZGVZN2rs24SensorMsgCheckPaintAlpha24getRuntimeTypeInfoStaticEvE8typeInfo
0x7101e6a008,0008,_ZZN2rs18SensorMsgByugoBlow24getRuntimeTypeInfoStaticEvE8typeInfo
0x7101e6a010,0008,_ZGVZN2rs18SensorMsgByugoBlow24getRuntimeTypeInfoStaticEvE8typeInfo
0x7101e6a018,0008,_ZZN2rs28SensorMsgHackDirectStageInit24getRuntimeTypeInfoStaticEvE8typeInfo
0x7101e6a020,0008,_ZGVZN2rs28SensorMsgHackDirectStageInit24getRuntimeTypeInfoStaticEvE8typeInfo
0x7101e6a028,0008,_ZZN2rs21SensorMsgObjSnapForce24getRuntimeTypeInfoStaticEvE8typeInfo
0x7101e6a030,0008,_ZGVZN2rs21SensorMsgObjSnapForce24getRuntimeTypeInfoStaticEvE8typeInfo
0x7101e6a038,0008,_ZZN2rs22SensorMsgCapBeamerBeam24getRuntimeTypeInfoStaticEvE8typeInfo
0x7101e6a040,0008,_ZGVZN2rs22SensorMsgCapBeamerBeam24getRuntimeTypeInfoStaticEvE8typeInfo
0x7101e6a048,0008,_ZZN2rs20SensorMsgHosuiAttack24getRuntimeTypeInfoStaticEvE8typeInfo
0x7101e6a050,0008,_ZGVZN2rs20SensorMsgHosuiAttack24getRuntimeTypeInfoStaticEvE8typeInfo
0x7101e6a058,0008,_ZZN2rs27SensorMsgHosuiAttackCollide24getRuntimeTypeInfoStaticEvE8typeInfo
0x7101e6a060,0008,_ZGVZN2rs27SensorMsgHosuiAttackCollide24getRuntimeTypeInfoStaticEvE8typeInfo
0x7101e6a068,0008,_ZZN2rs28SensorMsgHosuiAttackNoEffect24getRuntimeTypeInfoStaticEvE8typeInfo
0x7101e6a070,0008,_ZGVZN2rs28SensorMsgHosuiAttackNoEffect24getRuntimeTypeInfoStaticEvE8typeInfo
0x7101e6a078,0008,_ZZN2rs26SensorMsgHosuiAttackStrong24getRuntimeTypeInfoStaticEvE8typeInfo
0x7101e6a080,0008,_ZGVZN2rs26SensorMsgHosuiAttackStrong24getRuntimeTypeInfoStaticEvE8typeInfo
0x7101e6a088,0008,_ZZN2rs19SensorMsgHosuiTouch24getRuntimeTypeInfoStaticEvE8typeInfo
0x7101e6a090,0008,_ZGVZN2rs19SensorMsgHosuiTouch24getRuntimeTypeInfoStaticEvE8typeInfo
0x7101e6a098,0008,_ZZN2rs21SensorMsgHosuiTrample24getRuntimeTypeInfoStaticEvE8typeInfo
0x7101e6a0a0,0008,_ZGVZN2rs21SensorMsgHosuiTrample24getRuntimeTypeInfoStaticEvE8typeInfo
0x7101e6a0a8,0008,_ZZN2rs28SensorMsgHosuiTrampleReflect24getRuntimeTypeInfoStaticEvE8typeInfo
0x7101e6a0b0,0008,_ZGVZN2rs28SensorMsgHosuiTrampleReflect24getRuntimeTypeInfoStaticEvE8typeInfo
0x7101e6a0b8,0008,_ZZN2rs32SensorMsgHosuiTrampleReflectHigh24getRuntimeTypeInfoStaticEvE8typeInfo
0x7101e6a0c0,0008,_ZGVZN2rs32SensorMsgHosuiTrampleReflectHigh24getRuntimeTypeInfoStaticEvE8typeInfo
0x7101e6a0c8,0008,_ZZN2rs21SensorMsgBubbleAttack24getRuntimeTypeInfoStaticEvE8typeInfo
0x7101e6a0d0,0008,_ZGVZN2rs21SensorMsgBubbleAttack24getRuntimeTypeInfoStaticEvE8typeInfo
0x7101e6a0d8,0008,_ZZN2rs28SensorMsgBubbleAttackToPecho24getRuntimeTypeInfoStaticEvE8typeInfo
0x7101e6a0e0,0008,_ZGVZN2rs28SensorMsgBubbleAttackToPecho24getRuntimeTypeInfoStaticEvE8typeInfo
0x7101e6a0e8,0008,_ZZN2rs23SensorMsgBubbleReflectH24getRuntimeTypeInfoStaticEvE8typeInfo
0x7101e6a0f0,0008,_ZGVZN2rs23SensorMsgBubbleReflectH24getRuntimeTypeInfoStaticEvE8typeInfo
0x7101e6a0f8,0008,_ZZN2rs23SensorMsgBubbleReflectV24getRuntimeTypeInfoStaticEvE8typeInfo
0x7101e6a100,0008,_ZGVZN2rs23SensorMsgBubbleReflectV24getRuntimeTypeInfoStaticEvE8typeInfo
0x7101e6a108,0008,_ZZN2rs24SensorMsgBubbleWallTouch24getRuntimeTypeInfoStaticEvE8typeInfo
0x7101e6a110,0008,_ZGVZN2rs24SensorMsgBubbleWallTouch24getRuntimeTypeInfoStaticEvE8typeInfo
0x7101e6a118,0008,_ZZN2rs33SensorMsgBubbleGroundTouchTrigger24getRuntimeTypeInfoStaticEvE8typeInfo
0x7101e6a120,0008,_ZGVZN2rs33SensorMsgBubbleGroundTouchTrigger24getRuntimeTypeInfoStaticEvE8typeInfo
0x7101e6a128,0008,_ZZN2rs28SensorMsgBubbleLauncherStart24getRuntimeTypeInfoStaticEvE8typeInfo
0x7101e6a130,0008,_ZGVZN2rs28SensorMsgBubbleLauncherStart24getRuntimeTypeInfoStaticEvE8typeInfo
0x7101e6a138,0008,_ZZN2rs24SensorMsgSenobiPartsMove24getRuntimeTypeInfoStaticEvE8typeInfo
0x7101e6a140,0008,_ZGVZN2rs24SensorMsgSenobiPartsMove24getRuntimeTypeInfoStaticEvE8typeInfo
0x7101e6a148,0008,_ZZN2rs18SensorMsgStampTo2D24getRuntimeTypeInfoStaticEvE8typeInfo
0x7101e6a150,0008,_ZGVZN2rs18SensorMsgStampTo2D24getRuntimeTypeInfoStaticEvE8typeInfo
0x7101e6a158,0008,_ZZN2rs21SensorMsgAirExplosion24getRuntimeTypeInfoStaticEvE8typeInfo
0x7101e6a160,0008,_ZGVZN2rs21SensorMsgAirExplosion24getRuntimeTypeInfoStaticEvE8typeInfo
0x7101e6a168,0008,_ZZN2rs21SensorMsgPushVelocity24getRuntimeTypeInfoStaticEvE8typeInfo
0x7101e6a170,0008,_ZGVZN2rs21SensorMsgPushVelocity24getRuntimeTypeInfoStaticEvE8typeInfo
0x7101e6a178,0008,_ZZN2rs27SensorMsgGhostRecordStartOk24getRuntimeTypeInfoStaticEvE8typeInfo
0x7101e6a180,0008,_ZGVZN2rs27SensorMsgGhostRecordStartOk24getRuntimeTypeInfoStaticEvE8typeInfo
0x7101e6a188,0008,_ZZN2rs24SensorMsgSandGeyserRaise24getRuntimeTypeInfoStaticEvE8typeInfo
0x7101e6a190,0008,_ZGVZN2rs24SensorMsgSandGeyserRaise24getRuntimeTypeInfoStaticEvE8typeInfo
0x7101e6a198,0008,_ZZN2rs17SensorMsgRaceWait24getRuntimeTypeInfoStaticEvE8typeInfo
0x7101e6a1a0,0008,_ZGVZN2rs17SensorMsgRaceWait24getRuntimeTypeInfoStaticEvE8typeInfo
0x7101e6a1a8,0008,_ZZN2rs18SensorMsgRaceStart24getRuntimeTypeInfoStaticEvE8typeInfo
0x7101e6a1b0,0008,_ZGVZN2rs18SensorMsgRaceStart24getRuntimeTypeInfoStaticEvE8typeInfo
0x7101e6a1b8,0008,_ZZN2rs17SensorMsgRaceStop24getRuntimeTypeInfoStaticEvE8typeInfo
0x7101e6a1c0,0008,_ZGVZN2rs17SensorMsgRaceStop24getRuntimeTypeInfoStaticEvE8typeInfo
0x7101e6a1c8,0008,_ZZN2rs27SensorMsgRaceReturnToCourse24getRuntimeTypeInfoStaticEvE8typeInfo
0x7101e6a1d0,0008,_ZGVZN2rs27SensorMsgRaceReturnToCourse24getRuntimeTypeInfoStaticEvE8typeInfo
0x7101e6a1d8,0008,_ZZN2rs29SensorMsgPlayerLookAtPosition24getRuntimeTypeInfoStaticEvE8typeInfo
0x7101e6a1e0,0008,_ZGVZN2rs29SensorMsgPlayerLookAtPosition24getRuntimeTypeInfoStaticEvE8typeInfo
0x7101e6a1e8,0008,_ZZN2rs29SensorMsgTargetMarkerPosition24getRuntimeTypeInfoStaticEvE8typeInfo
0x7101e6a1f0,0008,_ZGVZN2rs29SensorMsgTargetMarkerPosition24getRuntimeTypeInfoStaticEvE8typeInfo
0x7101e6a1f8,0008,_ZZN2rs21SensorMsgHackBlowJump24getRuntimeTypeInfoStaticEvE8typeInfo
0x7101e6a200,0008,_ZGVZN2rs21SensorMsgHackBlowJump24getRuntimeTypeInfoStaticEvE8typeInfo
0x7101e6a208,0008,_ZZN2rs24SensorMsgGolemStampPushV24getRuntimeTypeInfoStaticEvE8typeInfo
0x7101e6a210,0008,_ZGVZN2rs24SensorMsgGolemStampPushV24getRuntimeTypeInfoStaticEvE8typeInfo
0x7101e6a218,0008,_ZZN2rs24SensorMsgGolemStampPushH24getRuntimeTypeInfoStaticEvE8typeInfo
0x7101e6a220,0008,_ZGVZN2rs24SensorMsgGolemStampPushH24getRuntimeTypeInfoStaticEvE8typeInfo
0x7101e6a228,0008,_ZZN2rs30SensorMsgRequestPlayerWaitAnim24getRuntimeTypeInfoStaticEvE8typeInfo
0x7101e6a230,0008,_ZGVZN2rs30SensorMsgRequestPlayerWaitAnim24getRuntimeTypeInfoStaticEvE8typeInfo
0x7101e6a238,0008,_ZZN2rs18SensorMsgSeedTouch24getRuntimeTypeInfoStaticEvE8typeInfo
0x7101e6a240,0008,_ZGVZN2rs18SensorMsgSeedTouch24getRuntimeTypeInfoStaticEvE8typeInfo
0x7101e6a248,0008,_ZZN2rs37SensorMsgSphinxRideAttackTouchThrough24getRuntimeTypeInfoStaticEvE8typeInfo
0x7101e6a250,0008,_ZGVZN2rs37SensorMsgSphinxRideAttackTouchThrough24getRuntimeTypeInfoStaticEvE8typeInfo
0x7101e6a258,0008,_ZZN2rs30SensorMsgSphinxRideAttackTouch24getRuntimeTypeInfoStaticEvE8typeInfo
0x7101e6a260,0008,_ZGVZN2rs30SensorMsgSphinxRideAttackTouch24getRuntimeTypeInfoStaticEvE8typeInfo
0x7101e6a268,0008,_ZZN2rs26SensorMsgBlockUpperPunch2D24getRuntimeTypeInfoStaticEvE8typeInfo
0x7101e6a270,0008,_ZGVZN2rs26SensorMsgBlockUpperPunch2D24getRuntimeTypeInfoStaticEvE8typeInfo
0x7101e6a278,0008,_ZZN2rs20SensorMsgGotogotonOn24getRuntimeTypeInfoStaticEvE8typeInfo
0x7101e6a280,0008,_ZGVZN2rs20SensorMsgGotogotonOn24getRuntimeTypeInfoStaticEvE8typeInfo
0x7101e6a288,0008,_ZZN2rs29SensorMsgGotogotonGetJumpPath24getRuntimeTypeInfoStaticEvE8typeInfo
0x7101e6a290,0008,_ZGVZN2rs29SensorMsgGotogotonGetJumpPath24getRuntimeTypeInfoStaticEvE8typeInfo
0x7101e6a298,0008,_ZZN2rs27SensorMsgGotogotonGoalExist24getRuntimeTypeInfoStaticEvE8typeInfo
0x7101e6a2a0,0008,_ZGVZN2rs27SensorMsgGotogotonGoalExist24getRuntimeTypeInfoStaticEvE8typeInfo
0x7101e6a2a8,0008,_ZZN2rs27SensorMsgGotogotonGoalMatch24getRuntimeTypeInfoStaticEvE8typeInfo
0x7101e6a2b0,0008,_ZGVZN2rs27SensorMsgGotogotonGoalMatch24getRuntimeTypeInfoStaticEvE8typeInfo
0x7101e6a2b8,0008,_ZZN2rs29SensorMsgBossMagmaBreathForce24getRuntimeTypeInfoStaticEvE8typeInfo
0x7101e6a2c0,0008,_ZGVZN2rs29SensorMsgBossMagmaBreathForce24getRuntimeTypeInfoStaticEvE8typeInfo
0x7101e6a2c8,0008,_ZZN2rs29SensorMsgBossMagmaCatchPlayer24getRuntimeTypeInfoStaticEvE8typeInfo
0x7101e6a2d0,0008,_ZGVZN2rs29SensorMsgBossMagmaCatchPlayer24getRuntimeTypeInfoStaticEvE8typeInfo
0x7101e6a2d8,0008,_ZZN2rs31SensorMsgBossMagmaReleasePlayer24getRuntimeTypeInfoStaticEvE8typeInfo
0x7101e6a2e0,0008,_ZGVZN2rs31SensorMsgBossMagmaReleasePlayer24getRuntimeTypeInfoStaticEvE8typeInfo
0x7101e6a2e8,0008,_ZZN2rs31SensorMsgBossMagmaDeadDemoStart24getRuntimeTypeInfoStaticEvE8typeInfo
0x7101e6a2f0,0008,_ZGVZN2rs31SensorMsgBossMagmaDeadDemoStart24getRuntimeTypeInfoStaticEvE8typeInfo
0x7101e6a2f8,0008,_ZZN2rs29SensorMsgBossMagmaDeadDemoEnd24getRuntimeTypeInfoStaticEvE8typeInfo
0x7101e6a300,0008,_ZGVZN2rs29SensorMsgBossMagmaDeadDemoEnd24getRuntimeTypeInfoStaticEvE8typeInfo
0x7101e6a308,0008,_ZZN2rs26SensorMsgBossMagmaResetPos24getRuntimeTypeInfoStaticEvE8typeInfo
0x7101e6a310,0008,_ZGVZN2rs26SensorMsgBossMagmaResetPos24getRuntimeTypeInfoStaticEvE8typeInfo
0x7101e6a318,0008,_ZZN2rs31SensorMsgBossMagmaQueryToBubble24getRuntimeTypeInfoStaticEvE8typeInfo
0x7101e6a320,0008,_ZGVZN2rs31SensorMsgBossMagmaQueryToBubble24getRuntimeTypeInfoStaticEvE8typeInfo
0x7101e6a328,0008,_ZZN2rs27SensorMsgCheckFishingTarget24getRuntimeTypeInfoStaticEvE8typeInfo
0x7101e6a330,0008,_ZGVZN2rs27SensorMsgCheckFishingTarget24getRuntimeTypeInfoStaticEvE8typeInfo
0x7101e6a338,0008,_ZZN2rs22SensorMsgInitCapTarget24getRuntimeTypeInfoStaticEvE8typeInfo
0x7101e6a340,0008,_ZGVZN2rs22SensorMsgInitCapTarget24getRuntimeTypeInfoStaticEvE8typeInfo
0x7101e6a348,0008,_ZZN2rs21SensorMsgTransferHack24getRuntimeTypeInfoStaticEvE8typeInfo
0x7101e6a350,0008,_ZGVZN2rs21SensorMsgTransferHack24getRuntimeTypeInfoStaticEvE8typeInfo
0x7101e6a358,0008,_ZZN2rs28SensorMsgRequestTransferHack24getRuntimeTypeInfoStaticEvE8typeInfo
0x7101e6a360,0008,_ZGVZN2rs28SensorMsgRequestTransferHack24getRuntimeTypeInfoStaticEvE8typeInfo
0x7101e6a368,0008,_ZZN2rs17SensorMsgInitHack24getRuntimeTypeInfoStaticEvE8typeInfo
0x7101e6a370,0008,_ZGVZN2rs17SensorMsgInitHack24getRuntimeTypeInfoStaticEvE8typeInfo
0x7101e6a378,0008,_ZZN2rs16SensorMsgEndHack24getRuntimeTypeInfoStaticEvE8typeInfo
0x7101e6a380,0008,_ZGVZN2rs16SensorMsgEndHack24getRuntimeTypeInfoStaticEvE8typeInfo
0x7101e6a388,0008,_ZZN2rs24SensorMsgNpcScareByEnemy24getRuntimeTypeInfoStaticEvE8typeInfo
0x7101e6a390,0008,_ZGVZN2rs24SensorMsgNpcScareByEnemy24getRuntimeTypeInfoStaticEvE8typeInfo
0x7101e6a398,0008,_ZZN2rs23SensorMsgKuriboTowerNum24getRuntimeTypeInfoStaticEvE8typeInfo
0x7101e6a3a0,0008,_ZGVZN2rs23SensorMsgKuriboTowerNum24getRuntimeTypeInfoStaticEvE8typeInfo
0x7101e6a3a8,0008,_ZZN2al28SensorMsgPlayerAttackTrample24getRuntimeTypeInfoStaticEvE8typeInfo
0x7101e6a3b0,0008,_ZGVZN2al28SensorMsgPlayerAttackTrample24getRuntimeTypeInfoStaticEvE8typeInfo
0x7101e6a3b8,0008,_ZZN2al28SensorMsgPlayerAttackHipDrop24getRuntimeTypeInfoStaticEvE8typeInfo
0x7101e6a3c0,0008,_ZGVZN2al28SensorMsgPlayerAttackHipDrop24getRuntimeTypeInfoStaticEvE8typeInfo
0x7101e6a3c8,0008,_ZZN2al31SensorMsgPlayerAttackObjHipDrop24getRuntimeTypeInfoStaticEvE8typeInfo
0x7101e6a3d0,0008,_ZGVZN2al31SensorMsgPlayerAttackObjHipDrop24getRuntimeTypeInfoStaticEvE8typeInfo
0x7101e6a3d8,0008,_ZZN2al38SensorMsgPlayerAttackObjHipDropReflect24getRuntimeTypeInfoStaticEvE8typeInfo
0x7101e6a3e0,0008,_ZGVZN2al38SensorMsgPlayerAttackObjHipDropReflect24getRuntimeTypeInfoStaticEvE8typeInfo
0x7101e6a3e8,0008,_ZZN2al29SensorMsgPlayerTrampleReflect24getRuntimeTypeInfoStaticEvE8typeInfo
0x7101e6a3f0,0008,_ZGVZN2al29SensorMsgPlayerTrampleReflect24getRuntimeTypeInfoStaticEvE8typeInfo
0x7101e6a3f8,0008,_ZN2nn3nex18DataStoreConstants17INVALID_DATE_TIMEE
0x7101e6a400,0008,_ZN2nn3nex18DataStoreConstants19PERMANENT_DATE_TIMEE
0x7101e6a408,0088,_ZN2nn3nex14g_ddlDataStoreE
0x7101e6a460,0432,_ZN2nn3nex23DataStoreProtocolClient22s_protoReturnFunctionsE
0x7101e6a668,0008,_ZN2nn3nex9BadEvents11s_pInstanceE
0x7101e6a670,0040,_ZN2nn3nex16BandwidthCounter15s_lstBWCountersE
0x7101e6a698,0072,_ZN2nn3nex16BandwidthCounter4s_csE
0x7101e6a6e0,0008,_ZN2nn3nex8DateTime5NeverE
0x7101e6a6e8,0008,_ZN2nn3nex8DateTime6FutureE
0x7101e6a6f4,0001,_ZN2nn3nex16ExceptionHandler17s_bTrapExceptionsE
0x7101e6a6f5,0001,_ZN2nn3nex16ExceptionHandler18s_bTrapBreakpointsE
0x7101e6a6f6,0001,_ZN2nn3nex16ExceptionHandler19s_bExitOnExceptionsE
0x7101e6a6f7,0001,_ZN2nn3nex16ExceptionHandler21s_bExceptionWasThrownE
0x7101e6a6f8,0008,_ZN2nn3nex13MemoryManager11s_fcnMallocE
0x7101e6a700,0008,_ZN2nn3nex13MemoryManager9s_fcnFreeE
0x7101e6a708,0004,_ZN2nn3nex13MemoryManager16s_eShutDownStateE
0x7101e6a710,0072,_ZN2nn3nex19PacketBufferManager15s_csSettingLockE
0x7101e6a758,0001,_ZN2nn3nex14MutexPrimitive7s_bNoOpE
0x7101e6a75c,0004,_ZN2nn3nex16ObjectThreadRoot18s_avRunningThreadsE
0x7101e6a768,0008,_ZN2nn3nex12OutputFormat25s_pfStationHandleResolverE
0x7101e6a770,0008,_ZN2nn3nex12OutputFormat22s_pfThreadNameResolverE
0x7101e6a778,0008,_ZN2nn3nex12OutputFormat26s_pfCurrentContextResolverE
0x7101e6a780,0008,_ZN2nn3nex12OutputFormat23s_pfSessionTimeResolverE
0x7101e6a788,0008,_ZN2nn3nex12OutputFormat15s_pfCIDResolverE
0x7101e6a790,0008,_ZN2nn3nex12OutputFormat15s_pfPIDResolverE
0x7101e6a798,0008,_ZN2nn3nex8Platform9_InstanceE
0x7101e6a7a0,0024,_ZN2nn3nex8Platform13m_oErrorTableE
0x7101e6a7b8,2508,_ZN2nn3nex8Platform6s_oRNGE
0x7101e6b184,0001,_ZN2nn3nex8Platform20s_bSeedIsInitializedE
0x7101e6b188,0004,_ZN2nn3nex13ProfilingUnit14s_uiNextFreeIDE
0x7101e6b190,0040,_ZN2nn3nex13ProfilingUnit19s_lstProfilingUnitsE
0x7101e6b1b8,0072,_ZN2nn3nex13ProfilingUnit4s_csE
0x7101e6b220,0008,_ZN2nn3nex13SystemChecker22s_pfGetSystemCheckInfoE
0x7101e6b228,0008,_ZN2nn3nex11SystemClock15s_pTimeProviderE
0x7101e6b230,0008,_ZN2nn3nex11SystemClock14s_tiCorrectionE
0x7101e6b238,0001,_ZN2nn3nex11SystemClock14s_bInitializedE
0x7101e6b240,0008,_ZN2nn3nex11SystemClock12s_cachedTimeE
0x7101e6b248,0072,_ZN2nn3nex11SystemClock18s_csTimeCorrectionE
0x7101e6b290,0016,g_SubsystemErrorsTable
0x7101e6b2a0,0001,_ZN2nn3nex18ThreadVariableList9s_isValidE
0x7101e6b2a8,0008,_ZN2nn3nex4Time18s_pfGetSessionTimeE
0x7101e6b2b0,0008,_ZN2nn3nex15GlobalVariables5s_pGvE
0x7101e6b2b8,0008,_ZN2nn3nex15ThreadScrambler9_InstanceE
0x7101e6b2c0,0004,_ZN2nn3nex9WaterMark14s_uiNextFreeIDE
0x7101e6b2c4,0001,_ZN2nn3nex9WaterMark21m_bDisableRegisteringE
0x7101e6b390,0040,_ZN2nn3nex19CallContextRegister27s_ssCheckExpiredCallsPeriodE
0x7101e6b3b8,0001,_ZN2nn3nex4Core13s_bFatalStateE
0x7101e6b3bc,0004,_ZN2nn3nex4Core13s_uiCoreCountE
0x7101e6b3c0,0004,_ZN2nn3nex4Core13s_bThreadModeE
0x7101e6b3c4,0001,_ZN2nn3nex4Core28s_bUsesTransportBufferThreadE
0x7101e6b3c8,0040,_ZN2nn3nex4Core21s_oConnectionEncodingE
0x7101e6b3f0,0152,_ZN2nn3nex15InstanceControl16s_oInstanceTableE
0x7101e6b488,0008,_ZN2nn3nex10LocalClock11s_pInstanceE
0x7101e6b490,0008,_ZN2nn3nex9Operation15s_pfTraceFilterE
0x7101e6b498,0008,_ZN2nn3nex6Plugin11s_pInstanceE
0x7101e6b4a0,0008,_ZN2nn3nex24PseudoGlobalVariableList19s_pVariableListHeadE
0x7101e6b4a8,0004,_ZN2nn3nex24PseudoGlobalVariableList17m_uiNbOfVariablesE
0x7101e6b4b0,0008,_ZN2nn3nex24PseudoGlobalVariableRoot7s_oListE
0x7101e6b4b8,0008,_ZN2nn3nex15PseudoSingleton13st_pIcContextE
0x7101e6b4c0,0001,_ZN2nn3nex15PseudoSingleton26s_bUseInstantiationContextE
0x7101e6b4c8,0072,_ZN2nn3nex9Scheduler20s_csGlobalSystemLockE
0x7101e6b510,0008,_ZN2nn3nex16UtilitySubsystem9_InstanceE
0x7101e6b550,0032,_ZN2nn3nex14JobNameResolve25g_isJobNameResolveRunningE
0x7101e6b570,0432,g_oTransportAdapter
0x7101e6b720,0008,_ZN2nn3nex7Network19s_pTransportAdapterE
0x7101e6b728,0004,_ZN2nn3nex7Network11s_eP2PStateE
0x7101e6b72c,0032,_ZN2nn3nex7Network21s_P2PSignatureKeyDataE
0x7101e6b750,0008,_ZN2nn3nex7Network20s_P2PSignatureKeyLenE
0x7101e6b778,0004,_ZN2nn3nex13RootTransport17s_uiIdleSleepTimeE
0x7101e6b77c,0001,_ZN2nn3nex13RootTransport49s_bEnableDropDuplicateReorderingUnreliablePacketsE
0x7101e6b77d,0001,_ZN2nn3nex13RootTransport30s_bEnablePacketHistoryBundlingE
0x7101e6b780,0048,_ZN2nn3nex13RootTransport35s_packetHistoryBundlingPacketCountsE
0x7101e6b7b0,0004,_ZN2nn3nex13RootTransport28s_uiRoutingHistoryUpdateSpanE
0x7101e6b7b4,0004,_ZN2nn3nex13RootTransport16s_uiRoutingLimitE
0x7101e6b7b8,0024,_ZN2nn3nex13RootTransport12s_dropIPListE
0x7101e6b7d0,0001,_ZN2nn3nex13RootTransport14s_bEnableRelayE
0x7101e6b7d8,21760,_ZN2nn3nex6Stream17s_oStreamSettingsE
0x7101e70cd8,0088,_ZN2nn3nex6Packet13m_wmNbPacketsE
0x7101e70d30,0088,_ZN2nn3nex19PacketDispatchQueue17s_wmDispatchQueueE
0x7101e70d88,0008,_ZN2nn3nex13PRUDPEndPoint37s_pfCalcRetransmissionTimeoutCallbackE
0x7101e70d90,0001,_ZN2nn3nex13PRUDPEndPoint22s_bRecoverPartialFaultE
0x7101e70d98,0032,_ZN2nn3nex13PRUDPEndPoint11s_sessionIDE
0x7101e70db8,0001,_ZN2nn3nex11PRUDPStream10s_bQueuingE
0x7101e70dc0,0032,_ZN2nn3nex22PRUDPStreamTemplateImp40s_bInitialSupportedFunctionsMinorVersionE
0x7101e70de0,0032,_ZN2nn3nex31PRUDPStreamTemplatePRUDPLiteImp40s_bInitialSupportedFunctionsMinorVersionE
0x7101e70e00,0004,_ZN2nn3nex31PRUDPStreamTemplatePRUDPLiteImp39s_uiInitialSupportedFunctionsOptionMaskE
0x7101e70e08,0088,_ZN2nn3nex13SlidingWindow17s_wmSlidingWindowE
0x7101e70fb0,0256,_ZN2nn3nex18CurlHttpConnection7s_ProxyE
0x7101e710b0,0004,_ZN2nn3nex14HttpConnection17s_ConnectionCountE
0x7101e710b8,0008,_ZN2nn3nex14HttpConnection27s_pHttpSessionEventListenerE
0x7101e710c0,0088,_ZN2nn3nex15g_ddlOnlineCoreE
0x7101e71118,0088,_ZN2nn3nex11g_ddlSTLExtE
0x7101e71170,0040,_ZN2nn3nex15DDLDeclarations15s_pFirstDDLDeclE
0x7101e71198,0032,_ZN2nn3nex15DDLDeclarations15s_uiBaseClassIDE
0x7101e711b8,0040,_ZN2nn3nex23DynamicRunTimeInterface26s_pDynamicRunTimeInterfaceE
0x7101e714b8,0008,g_oBerkeleySocketDriver
0x7101e714c0,0016,g_oClientWebSocketDriver
0x7101e714d0,0024,_ZN2nn3nex6Socket16s_pSocketDriversE
0x7102472050,0008,_ZN2nn3nex14AnyDataAdapter11s_oInstanceE
0x7102472058,0008,_ZN2nn3nex15AnyObjectHolderINS0_4DataENS0_6StringEE13s_pAnyAdapterE
0x7102472060,0088,_ZN2nn3nex29g_ddlAuthenticationFoundationE
0x71024720b8,0040,_ZN2nn3nex20HealthProtocolClient22s_protoReturnFunctionsE
0x71024720e0,0088,_ZN2nn3nex18g_ddlHealthServiceE
0x7102472138,0001,_ZN2nn3nex23JobProcessProtocolEvent16s_bFakeEndPointsE
0x7102472140,0088,_ZN2nn3nex25JobProcessProtocolMessage26s_wmProcessProtocolMessageE
0x7102472198,0008,_ZN2nn3nex18KerberosEncryption11s_pKeyCacheE
0x71024721a0,0008,_ZN2nn3nex21LogToClientController18LogDeviceInterface11s_pInstanceE
0x71024721a8,0024,_ZN2nn3nex24MonitoringProtocolClient22s_protoReturnFunctionsE
0x71024721c0,0008,_ZN2nn3nex32NintendoNotificationEventManager14s_uiTraceFlagsE
0x71024721c8,0016,_ZN2nn3nex39NintendoNotificationEventProtocolClient22s_protoReturnFunctionsE
0x71024721d8,0088,_ZN2nn3nex31g_ddlNintendoProtocolFoundationE
0x7102472230,0008,_ZN2nn3nex24NotificationEventManager14s_uiTraceFlagsE
0x7102472238,0016,_ZN2nn3nex26NotificationProtocolClient22s_protoReturnFunctionsE
0x7102472248,0088,_ZN2nn3nex23g_ddlProtocolFoundationE
0x71024722a0,0001,_ZN2nn3nex30ProtocolRequestBrokerInterface27s_bOutputFormatIsRegisteredE
0x71024722a8,0016,_ZN2nn3nex29RemoteLogDeviceProtocolClient22s_protoReturnFunctionsE
0x71024722b8,0072,_ZN2nn3nex30SecureConnectionProtocolClient22s_protoReturnFunctionsE
0x7102472300,0088,_ZN2nn3nex28g_ddlSecureConnectionServiceE
0x7102472358,0088,_ZN2nn3nex14ServerProtocol32s_oNonInitializedServerProtocolsE
0x71024723b0,0128,_ZN2nn3nex13StreamManager20s_szSandboxAccessKeyE
0x7102472430,0004,_ZN2nn3nex13StreamManager19s_uiProtocolVersionE
0x7102472434,0004,_ZN2nn3nex13StreamManager24s_fPacketDropProbabilityE
0x7102472438,0048,_ZN2nn3nex28TicketGrantingProtocolClient22s_protoReturnFunctionsE
0x71024724d8,0248,_ZN2nn3nex31AccountManagementProtocolClient22s_protoReturnFunctionsE
0x71024725d0,0088,_ZN2nn3nex29g_ddlAccountManagementServiceE
0x7102472628,0016,_ZN2nn3nex15BackEndServices13m_hCustomDataE
0x7102472638,0001,_ZN2nn3nex15BackEndServices22s_IsAbleLoginDataCacheE
0x710247263c,0004,_ZN2nn3nex19JobCheckCurrentPort15s_uiCurrentPortE
0x7102472640,0004,_ZN2nn3nex18JobPerformNATCheck15s_uiCurrentPortE
0x7102472644,0004,_ZN2nn3nex21SandboxConnectionInfo12s_uiIssuerIDE
0x7102472698,0004,Curl_ack_eintr
0x71024726a8,0040,g_allocatorTable
0x71024726d0,0144,g_garbageCollectorThread
0x7102472760,0008,pfnc_nvnDeviceBuilderSetDefaults
0x7102472768,0008,pfnc_nvnDeviceBuilderSetFlags
0x7102472770,0008,pfnc_nvnDeviceInitialize
0x7102472778,0008,pfnc_nvnDeviceFinalize
0x7102472780,0008,pfnc_nvnDeviceSetDebugLabel
0x7102472788,0008,pfnc_nvnDeviceGetProcAddress
0x7102472790,0008,pfnc_nvnDeviceGetInteger
0x7102472798,0008,pfnc_nvnDeviceGetCurrentTimestampInNanoseconds
0x71024727a0,0008,pfnc_nvnDeviceSetIntermediateShaderCache
0x71024727a8,0008,pfnc_nvnDeviceGetTextureHandle
0x71024727b0,0008,pfnc_nvnDeviceGetTexelFetchHandle
0x71024727b8,0008,pfnc_nvnDeviceGetImageHandle
0x71024727c0,0008,pfnc_nvnDeviceInstallDebugCallback
0x71024727c8,0008,pfnc_nvnDeviceSetWindowOriginMode
0x71024727d0,0008,pfnc_nvnDeviceSetDepthMode
0x71024727d8,0008,pfnc_nvnDeviceRegisterFastClearColor
0x71024727e0,0008,pfnc_nvnDeviceRegisterFastClearColori
0x71024727e8,0008,pfnc_nvnDeviceRegisterFastClearColorui
0x71024727f0,0008,pfnc_nvnDeviceRegisterFastClearDepth
0x71024727f8,0008,pfnc_nvnDeviceGetWindowOriginMode
0x7102472800,0008,pfnc_nvnDeviceGetDepthMode
0x7102472808,0008,pfnc_nvnDeviceGetTimestampInNanoseconds
0x7102472810,0008,pfnc_nvnDeviceApplyDeferredFinalizes
0x7102472818,0008,pfnc_nvnDeviceFinalizeCommandHandle
0x7102472820,0008,pfnc_nvnDeviceWalkDebugDatabase
0x7102472828,0008,pfnc_nvnDeviceGetSeparateTextureHandle
0x7102472830,0008,pfnc_nvnDeviceGetSeparateSamplerHandle
0x7102472838,0008,pfnc_nvnQueueGetError
0x7102472840,0008,pfnc_nvnQueueGetTotalCommandMemoryUsed
0x7102472848,0008,pfnc_nvnQueueGetTotalControlMemoryUsed
0x7102472850,0008,pfnc_nvnQueueGetTotalComputeMemoryUsed
0x7102472858,0008,pfnc_nvnQueueResetMemoryUsageCounts
0x7102472860,0008,pfnc_nvnQueueBuilderSetDevice
0x7102472868,0008,pfnc_nvnQueueBuilderSetDefaults
0x7102472870,0008,pfnc_nvnQueueBuilderSetFlags
0x7102472878,0008,pfnc_nvnQueueBuilderSetCommandMemorySize
0x7102472880,0008,pfnc_nvnQueueBuilderSetComputeMemorySize
0x7102472888,0008,pfnc_nvnQueueBuilderSetControlMemorySize
0x7102472890,0008,pfnc_nvnQueueBuilderGetQueueMemorySize
0x7102472898,0008,pfnc_nvnQueueBuilderSetQueueMemory
0x71024728a0,0008,pfnc_nvnQueueBuilderSetCommandFlushThreshold
0x71024728a8,0008,pfnc_nvnQueueInitialize
0x71024728b0,0008,pfnc_nvnQueueFinalize
0x71024728b8,0008,pfnc_nvnQueueSetDebugLabel
0x71024728c0,0008,pfnc_nvnQueueSubmitCommands
0x71024728c8,0008,pfnc_nvnQueueFlush
0x71024728d0,0008,pfnc_nvnQueueFinish
0x71024728d8,0008,pfnc_nvnQueuePresentTexture
0x71024728e0,0008,pfnc_nvnQueueAcquireTexture
0x71024728e8,0008,pfnc_nvnWindowBuilderSetDevice
0x71024728f0,0008,pfnc_nvnWindowBuilderSetDefaults
0x71024728f8,0008,pfnc_nvnWindowBuilderSetNativeWindow
0x7102472900,0008,pfnc_nvnWindowBuilderSetTextures
0x7102472908,0008,pfnc_nvnWindowBuilderSetPresentInterval
0x7102472910,0008,pfnc_nvnWindowBuilderGetNativeWindow
0x7102472918,0008,pfnc_nvnWindowBuilderGetPresentInterval
0x7102472920,0008,pfnc_nvnWindowInitialize
0x7102472928,0008,pfnc_nvnWindowFinalize
0x7102472930,0008,pfnc_nvnWindowSetDebugLabel
0x7102472938,0008,pfnc_nvnWindowAcquireTexture
0x7102472940,0008,pfnc_nvnWindowGetNativeWindow
0x7102472948,0008,pfnc_nvnWindowGetPresentInterval
0x7102472950,0008,pfnc_nvnWindowSetPresentInterval
0x7102472958,0008,pfnc_nvnWindowSetCrop
0x7102472960,0008,pfnc_nvnWindowGetCrop
0x7102472968,0008,pfnc_nvnProgramInitialize
0x7102472970,0008,pfnc_nvnProgramFinalize
0x7102472978,0008,pfnc_nvnProgramSetDebugLabel
0x7102472980,0008,pfnc_nvnProgramSetShaders
0x7102472988,0008,pfnc_nvnMemoryPoolBuilderSetDevice
0x7102472990,0008,pfnc_nvnMemoryPoolBuilderSetDefaults
0x7102472998,0008,pfnc_nvnMemoryPoolBuilderSetStorage
0x71024729a0,0008,pfnc_nvnMemoryPoolBuilderSetFlags
0x71024729a8,0008,pfnc_nvnMemoryPoolBuilderGetMemory
0x71024729b0,0008,pfnc_nvnMemoryPoolBuilderGetSize
0x71024729b8,0008,pfnc_nvnMemoryPoolBuilderGetFlags
0x71024729c0,0008,pfnc_nvnMemoryPoolInitialize
0x71024729c8,0008,pfnc_nvnMemoryPoolSetDebugLabel
0x71024729d0,0008,pfnc_nvnMemoryPoolFinalize
0x71024729d8,0008,pfnc_nvnMemoryPoolMap
0x71024729e0,0008,pfnc_nvnMemoryPoolFlushMappedRange
0x71024729e8,0008,pfnc_nvnMemoryPoolInvalidateMappedRange
0x71024729f0,0008,pfnc_nvnMemoryPoolGetBufferAddress
0x71024729f8,0008,pfnc_nvnMemoryPoolMapVirtual
0x7102472a00,0008,pfnc_nvnMemoryPoolGetSize
0x7102472a08,0008,pfnc_nvnMemoryPoolGetFlags
0x7102472a10,0008,pfnc_nvnTexturePoolInitialize
0x7102472a18,0008,pfnc_nvnTexturePoolSetDebugLabel
0x7102472a20,0008,pfnc_nvnTexturePoolFinalize
0x7102472a28,0008,pfnc_nvnTexturePoolRegisterTexture
0x7102472a30,0008,pfnc_nvnTexturePoolRegisterImage
0x7102472a38,0008,pfnc_nvnTexturePoolGetMemoryPool
0x7102472a40,0008,pfnc_nvnTexturePoolGetMemoryOffset
0x7102472a48,0008,pfnc_nvnTexturePoolGetSize
0x7102472a50,0008,pfnc_nvnSamplerPoolInitialize
0x7102472a58,0008,pfnc_nvnSamplerPoolSetDebugLabel
0x7102472a60,0008,pfnc_nvnSamplerPoolFinalize
0x7102472a68,0008,pfnc_nvnSamplerPoolRegisterSampler
0x7102472a70,0008,pfnc_nvnSamplerPoolRegisterSamplerBuilder
0x7102472a78,0008,pfnc_nvnSamplerPoolGetMemoryPool
0x7102472a80,0008,pfnc_nvnSamplerPoolGetMemoryOffset
0x7102472a88,0008,pfnc_nvnSamplerPoolGetSize
0x7102472a90,0008,pfnc_nvnBufferBuilderSetDevice
0x7102472a98,0008,pfnc_nvnBufferBuilderSetDefaults
0x7102472aa0,0008,pfnc_nvnBufferBuilderSetStorage
0x7102472aa8,0008,pfnc_nvnBufferBuilderGetMemoryPool
0x7102472ab0,0008,pfnc_nvnBufferBuilderGetMemoryOffset
0x7102472ab8,0008,pfnc_nvnBufferBuilderGetSize
0x7102472ac0,0008,pfnc_nvnBufferInitialize
0x7102472ac8,0008,pfnc_nvnBufferSetDebugLabel
0x7102472ad0,0008,pfnc_nvnBufferFinalize
0x7102472ad8,0008,pfnc_nvnBufferMap
0x7102472ae0,0008,pfnc_nvnBufferGetAddress
0x7102472ae8,0008,pfnc_nvnBufferFlushMappedRange
0x7102472af0,0008,pfnc_nvnBufferInvalidateMappedRange
0x7102472af8,0008,pfnc_nvnBufferGetMemoryPool
0x7102472b00,0008,pfnc_nvnBufferGetMemoryOffset
0x7102472b08,0008,pfnc_nvnBufferGetSize
0x7102472b10,0008,pfnc_nvnBufferGetDebugID
0x7102472b18,0008,pfnc_nvnTextureBuilderSetDevice
0x7102472b20,0008,pfnc_nvnTextureBuilderSetDefaults
0x7102472b28,0008,pfnc_nvnTextureBuilderSetFlags
0x7102472b30,0008,pfnc_nvnTextureBuilderSetTarget
0x7102472b38,0008,pfnc_nvnTextureBuilderSetWidth
0x7102472b40,0008,pfnc_nvnTextureBuilderSetHeight
0x7102472b48,0008,pfnc_nvnTextureBuilderSetDepth
0x7102472b50,0008,pfnc_nvnTextureBuilderSetSize1D
0x7102472b58,0008,pfnc_nvnTextureBuilderSetSize2D
0x7102472b60,0008,pfnc_nvnTextureBuilderSetSize3D
0x7102472b68,0008,pfnc_nvnTextureBuilderSetLevels
0x7102472b70,0008,pfnc_nvnTextureBuilderSetFormat
0x7102472b78,0008,pfnc_nvnTextureBuilderSetSamples
0x7102472b80,0008,pfnc_nvnTextureBuilderSetSwizzle
0x7102472b88,0008,pfnc_nvnTextureBuilderSetDepthStencilMode
0x7102472b90,0008,pfnc_nvnTextureBuilderGetStorageSize
0x7102472b98,0008,pfnc_nvnTextureBuilderGetStorageAlignment
0x7102472ba0,0008,pfnc_nvnTextureBuilderSetStorage
0x7102472ba8,0008,pfnc_nvnTextureBuilderSetPackagedTextureData
0x7102472bb0,0008,pfnc_nvnTextureBuilderSetPackagedTextureLayout
0x7102472bb8,0008,pfnc_nvnTextureBuilderSetStride
0x7102472bc0,0008,pfnc_nvnTextureBuilderSetGLTextureName
0x7102472bc8,0008,pfnc_nvnTextureBuilderGetStorageClass
0x7102472bd0,0008,pfnc_nvnTextureBuilderGetFlags
0x7102472bd8,0008,pfnc_nvnTextureBuilderGetTarget
0x7102472be0,0008,pfnc_nvnTextureBuilderGetWidth
0x7102472be8,0008,pfnc_nvnTextureBuilderGetHeight
0x7102472bf0,0008,pfnc_nvnTextureBuilderGetDepth
0x7102472bf8,0008,pfnc_nvnTextureBuilderGetLevels
0x7102472c00,0008,pfnc_nvnTextureBuilderGetFormat
0x7102472c08,0008,pfnc_nvnTextureBuilderGetSamples
0x7102472c10,0008,pfnc_nvnTextureBuilderGetSwizzle
0x7102472c18,0008,pfnc_nvnTextureBuilderGetDepthStencilMode
0x7102472c20,0008,pfnc_nvnTextureBuilderGetPackagedTextureData
0x7102472c28,0008,pfnc_nvnTextureBuilderGetStride
0x7102472c30,0008,pfnc_nvnTextureBuilderGetSparseTileLayout
0x7102472c38,0008,pfnc_nvnTextureBuilderGetGLTextureName
0x7102472c40,0008,pfnc_nvnTextureBuilderGetZCullStorageSize
0x7102472c48,0008,pfnc_nvnTextureBuilderGetMemoryPool
0x7102472c50,0008,pfnc_nvnTextureBuilderGetMemoryOffset
0x7102472c58,0008,pfnc_nvnTextureViewSetDefaults
0x7102472c60,0008,pfnc_nvnTextureViewSetLevels
0x7102472c68,0008,pfnc_nvnTextureViewSetLayers
0x7102472c70,0008,pfnc_nvnTextureViewSetFormat
0x7102472c78,0008,pfnc_nvnTextureViewSetSwizzle
0x7102472c80,0008,pfnc_nvnTextureViewSetDepthStencilMode
0x7102472c88,0008,pfnc_nvnTextureViewSetTarget
0x7102472c90,0008,pfnc_nvnTextureViewGetLevels
0x7102472c98,0008,pfnc_nvnTextureViewGetLayers
0x7102472ca0,0008,pfnc_nvnTextureViewGetFormat
0x7102472ca8,0008,pfnc_nvnTextureViewGetSwizzle
0x7102472cb0,0008,pfnc_nvnTextureViewGetDepthStencilMode
0x7102472cb8,0008,pfnc_nvnTextureViewGetTarget
0x7102472cc0,0008,pfnc_nvnTextureViewCompare
0x7102472cc8,0008,pfnc_nvnTextureInitialize
0x7102472cd0,0008,pfnc_nvnTextureGetZCullStorageSize
0x7102472cd8,0008,pfnc_nvnTextureFinalize
0x7102472ce0,0008,pfnc_nvnTextureSetDebugLabel
0x7102472ce8,0008,pfnc_nvnTextureGetStorageClass
0x7102472cf0,0008,pfnc_nvnTextureGetViewOffset
0x7102472cf8,0008,pfnc_nvnTextureGetFlags
0x7102472d00,0008,pfnc_nvnTextureGetTarget
0x7102472d08,0008,pfnc_nvnTextureGetWidth
0x7102472d10,0008,pfnc_nvnTextureGetHeight
0x7102472d18,0008,pfnc_nvnTextureGetDepth
0x7102472d20,0008,pfnc_nvnTextureGetLevels
0x7102472d28,0008,pfnc_nvnTextureGetFormat
0x7102472d30,0008,pfnc_nvnTextureGetSamples
0x7102472d38,0008,pfnc_nvnTextureGetSwizzle
0x7102472d40,0008,pfnc_nvnTextureGetDepthStencilMode
0x7102472d48,0008,pfnc_nvnTextureGetStride
0x7102472d50,0008,pfnc_nvnTextureGetTextureAddress
0x7102472d58,0008,pfnc_nvnTextureGetSparseTileLayout
0x7102472d60,0008,pfnc_nvnTextureWriteTexels
0x7102472d68,0008,pfnc_nvnTextureWriteTexelsStrided
0x7102472d70,0008,pfnc_nvnTextureReadTexels
0x7102472d78,0008,pfnc_nvnTextureReadTexelsStrided
0x7102472d80,0008,pfnc_nvnTextureFlushTexels
0x7102472d88,0008,pfnc_nvnTextureInvalidateTexels
0x7102472d90,0008,pfnc_nvnTextureGetMemoryPool
0x7102472d98,0008,pfnc_nvnTextureGetMemoryOffset
0x7102472da0,0008,pfnc_nvnTextureGetStorageSize
0x7102472da8,0008,pfnc_nvnTextureCompare
0x7102472db0,0008,pfnc_nvnTextureGetDebugID
0x7102472db8,0008,pfnc_nvnSamplerBuilderSetDevice
0x7102472dc0,0008,pfnc_nvnSamplerBuilderSetDefaults
0x7102472dc8,0008,pfnc_nvnSamplerBuilderSetMinMagFilter
0x7102472dd0,0008,pfnc_nvnSamplerBuilderSetWrapMode
0x7102472dd8,0008,pfnc_nvnSamplerBuilderSetLodClamp
0x7102472de0,0008,pfnc_nvnSamplerBuilderSetLodBias
0x7102472de8,0008,pfnc_nvnSamplerBuilderSetCompare
0x7102472df0,0008,pfnc_nvnSamplerBuilderSetBorderColor
0x7102472df8,0008,pfnc_nvnSamplerBuilderSetBorderColori
0x7102472e00,0008,pfnc_nvnSamplerBuilderSetBorderColorui
0x7102472e08,0008,pfnc_nvnSamplerBuilderSetMaxAnisotropy
0x7102472e10,0008,pfnc_nvnSamplerBuilderSetReductionFilter
0x7102472e18,0008,pfnc_nvnSamplerBuilderGetMinMagFilter
0x7102472e20,0008,pfnc_nvnSamplerBuilderGetWrapMode
0x7102472e28,0008,pfnc_nvnSamplerBuilderGetLodClamp
0x7102472e30,0008,pfnc_nvnSamplerBuilderGetLodBias
0x7102472e38,0008,pfnc_nvnSamplerBuilderGetCompare
0x7102472e40,0008,pfnc_nvnSamplerBuilderGetBorderColor
0x7102472e48,0008,pfnc_nvnSamplerBuilderGetBorderColori
0x7102472e50,0008,pfnc_nvnSamplerBuilderGetBorderColorui
0x7102472e58,0008,pfnc_nvnSamplerBuilderGetMaxAnisotropy
0x7102472e60,0008,pfnc_nvnSamplerBuilderGetReductionFilter
0x7102472e68,0008,pfnc_nvnSamplerInitialize
0x7102472e70,0008,pfnc_nvnSamplerFinalize
0x7102472e78,0008,pfnc_nvnSamplerSetDebugLabel
0x7102472e80,0008,pfnc_nvnSamplerGetMinMagFilter
0x7102472e88,0008,pfnc_nvnSamplerGetWrapMode
0x7102472e90,0008,pfnc_nvnSamplerGetLodClamp
0x7102472e98,0008,pfnc_nvnSamplerGetLodBias
0x7102472ea0,0008,pfnc_nvnSamplerGetCompare
0x7102472ea8,0008,pfnc_nvnSamplerGetBorderColor
0x7102472eb0,0008,pfnc_nvnSamplerGetBorderColori
0x7102472eb8,0008,pfnc_nvnSamplerGetBorderColorui
0x7102472ec0,0008,pfnc_nvnSamplerGetMaxAnisotropy
0x7102472ec8,0008,pfnc_nvnSamplerGetReductionFilter
0x7102472ed0,0008,pfnc_nvnSamplerCompare
0x7102472ed8,0008,pfnc_nvnSamplerGetDebugID
0x7102472ee0,0008,pfnc_nvnBlendStateSetDefaults
0x7102472ee8,0008,pfnc_nvnBlendStateSetBlendTarget
0x7102472ef0,0008,pfnc_nvnBlendStateSetBlendFunc
0x7102472ef8,0008,pfnc_nvnBlendStateSetBlendEquation
0x7102472f00,0008,pfnc_nvnBlendStateSetAdvancedMode
0x7102472f08,0008,pfnc_nvnBlendStateSetAdvancedOverlap
0x7102472f10,0008,pfnc_nvnBlendStateSetAdvancedPremultipliedSrc
0x7102472f18,0008,pfnc_nvnBlendStateSetAdvancedNormalizedDst
0x7102472f20,0008,pfnc_nvnBlendStateGetBlendTarget
0x7102472f28,0008,pfnc_nvnBlendStateGetBlendFunc
0x7102472f30,0008,pfnc_nvnBlendStateGetBlendEquation
0x7102472f38,0008,pfnc_nvnBlendStateGetAdvancedMode
0x7102472f40,0008,pfnc_nvnBlendStateGetAdvancedOverlap
0x7102472f48,0008,pfnc_nvnBlendStateGetAdvancedPremultipliedSrc
0x7102472f50,0008,pfnc_nvnBlendStateGetAdvancedNormalizedDst
0x7102472f58,0008,pfnc_nvnColorStateSetDefaults
0x7102472f60,0008,pfnc_nvnColorStateSetBlendEnable
0x7102472f68,0008,pfnc_nvnColorStateSetLogicOp
0x7102472f70,0008,pfnc_nvnColorStateSetAlphaTest
0x7102472f78,0008,pfnc_nvnColorStateGetBlendEnable
0x7102472f80,0008,pfnc_nvnColorStateGetLogicOp
0x7102472f88,0008,pfnc_nvnColorStateGetAlphaTest
0x7102472f90,0008,pfnc_nvnChannelMaskStateSetDefaults
0x7102472f98,0008,pfnc_nvnChannelMaskStateSetChannelMask
0x7102472fa0,0008,pfnc_nvnChannelMaskStateGetChannelMask
0x7102472fa8,0008,pfnc_nvnMultisampleStateSetDefaults
0x7102472fb0,0008,pfnc_nvnMultisampleStateSetMultisampleEnable
0x7102472fb8,0008,pfnc_nvnMultisampleStateSetSamples
0x7102472fc0,0008,pfnc_nvnMultisampleStateSetAlphaToCoverageEnable
0x7102472fc8,0008,pfnc_nvnMultisampleStateSetAlphaToCoverageDither
0x7102472fd0,0008,pfnc_nvnMultisampleStateGetMultisampleEnable
0x7102472fd8,0008,pfnc_nvnMultisampleStateGetSamples
0x7102472fe0,0008,pfnc_nvnMultisampleStateGetAlphaToCoverageEnable
0x7102472fe8,0008,pfnc_nvnMultisampleStateGetAlphaToCoverageDither
0x7102472ff0,0008,pfnc_nvnMultisampleStateSetRasterSamples
0x7102472ff8,0008,pfnc_nvnMultisampleStateGetRasterSamples
0x7102473000,0008,pfnc_nvnMultisampleStateSetCoverageModulationMode
0x7102473008,0008,pfnc_nvnMultisampleStateGetCoverageModulationMode
0x7102473010,0008,pfnc_nvnMultisampleStateSetCoverageToColorEnable
0x7102473018,0008,pfnc_nvnMultisampleStateGetCoverageToColorEnable
0x7102473020,0008,pfnc_nvnMultisampleStateSetCoverageToColorOutput
0x7102473028,0008,pfnc_nvnMultisampleStateGetCoverageToColorOutput
0x7102473030,0008,pfnc_nvnMultisampleStateSetSampleLocationsEnable
0x7102473038,0008,pfnc_nvnMultisampleStateGetSampleLocationsEnable
0x7102473040,0008,pfnc_nvnMultisampleStateGetSampleLocationsGrid
0x7102473048,0008,pfnc_nvnMultisampleStateSetSampleLocationsGridEnable
0x7102473050,0008,pfnc_nvnMultisampleStateGetSampleLocationsGridEnable
0x7102473058,0008,pfnc_nvnMultisampleStateSetSampleLocations
0x7102473060,0008,pfnc_nvnPolygonStateSetDefaults
0x7102473068,0008,pfnc_nvnPolygonStateSetCullFace
0x7102473070,0008,pfnc_nvnPolygonStateSetFrontFace
0x7102473078,0008,pfnc_nvnPolygonStateSetPolygonMode
0x7102473080,0008,pfnc_nvnPolygonStateSetPolygonOffsetEnables
0x7102473088,0008,pfnc_nvnPolygonStateGetCullFace
0x7102473090,0008,pfnc_nvnPolygonStateGetFrontFace
0x7102473098,0008,pfnc_nvnPolygonStateGetPolygonMode
0x71024730a0,0008,pfnc_nvnPolygonStateGetPolygonOffsetEnables
0x71024730a8,0008,pfnc_nvnDepthStencilStateSetDefaults
0x71024730b0,0008,pfnc_nvnDepthStencilStateSetDepthTestEnable
0x71024730b8,0008,pfnc_nvnDepthStencilStateSetDepthWriteEnable
0x71024730c0,0008,pfnc_nvnDepthStencilStateSetDepthFunc
0x71024730c8,0008,pfnc_nvnDepthStencilStateSetStencilTestEnable
0x71024730d0,0008,pfnc_nvnDepthStencilStateSetStencilFunc
0x71024730d8,0008,pfnc_nvnDepthStencilStateSetStencilOp
0x71024730e0,0008,pfnc_nvnDepthStencilStateGetDepthTestEnable
0x71024730e8,0008,pfnc_nvnDepthStencilStateGetDepthWriteEnable
0x71024730f0,0008,pfnc_nvnDepthStencilStateGetDepthFunc
0x71024730f8,0008,pfnc_nvnDepthStencilStateGetStencilTestEnable
0x7102473100,0008,pfnc_nvnDepthStencilStateGetStencilFunc
0x7102473108,0008,pfnc_nvnDepthStencilStateGetStencilOp
0x7102473110,0008,pfnc_nvnVertexAttribStateSetDefaults
0x7102473118,0008,pfnc_nvnVertexAttribStateSetFormat
0x7102473120,0008,pfnc_nvnVertexAttribStateSetStreamIndex
0x7102473128,0008,pfnc_nvnVertexAttribStateGetFormat
0x7102473130,0008,pfnc_nvnVertexAttribStateGetStreamIndex
0x7102473138,0008,pfnc_nvnVertexStreamStateSetDefaults
0x7102473140,0008,pfnc_nvnVertexStreamStateSetStride
0x7102473148,0008,pfnc_nvnVertexStreamStateSetDivisor
0x7102473150,0008,pfnc_nvnVertexStreamStateGetStride
0x7102473158,0008,pfnc_nvnVertexStreamStateGetDivisor
0x7102473160,0008,pfnc_nvnCommandBufferInitialize
0x7102473168,0008,pfnc_nvnCommandBufferFinalize
0x7102473170,0008,pfnc_nvnCommandBufferSetDebugLabel
0x7102473178,0008,pfnc_nvnCommandBufferSetMemoryCallback
0x7102473180,0008,pfnc_nvnCommandBufferSetMemoryCallbackData
0x7102473188,0008,pfnc_nvnCommandBufferAddCommandMemory
0x7102473190,0008,pfnc_nvnCommandBufferAddControlMemory
0x7102473198,0008,pfnc_nvnCommandBufferGetCommandMemorySize
0x71024731a0,0008,pfnc_nvnCommandBufferGetCommandMemoryUsed
0x71024731a8,0008,pfnc_nvnCommandBufferGetCommandMemoryFree
0x71024731b0,0008,pfnc_nvnCommandBufferGetControlMemorySize
0x71024731b8,0008,pfnc_nvnCommandBufferGetControlMemoryUsed
0x71024731c0,0008,pfnc_nvnCommandBufferGetControlMemoryFree
0x71024731c8,0008,pfnc_nvnCommandBufferBeginRecording
0x71024731d0,0008,pfnc_nvnCommandBufferEndRecording
0x71024731d8,0008,pfnc_nvnCommandBufferCallCommands
0x71024731e0,0008,pfnc_nvnCommandBufferCopyCommands
0x71024731e8,0008,pfnc_nvnCommandBufferBindBlendState
0x71024731f0,0008,pfnc_nvnCommandBufferBindChannelMaskState
0x71024731f8,0008,pfnc_nvnCommandBufferBindColorState
0x7102473200,0008,pfnc_nvnCommandBufferBindMultisampleState
0x7102473208,0008,pfnc_nvnCommandBufferBindPolygonState
0x7102473210,0008,pfnc_nvnCommandBufferBindDepthStencilState
0x7102473218,0008,pfnc_nvnCommandBufferBindVertexAttribState
0x7102473220,0008,pfnc_nvnCommandBufferBindVertexStreamState
0x7102473228,0008,pfnc_nvnCommandBufferBindProgram
0x7102473230,0008,pfnc_nvnCommandBufferBindVertexBuffer
0x7102473238,0008,pfnc_nvnCommandBufferBindVertexBuffers
0x7102473240,0008,pfnc_nvnCommandBufferBindUniformBuffer
0x7102473248,0008,pfnc_nvnCommandBufferBindUniformBuffers
0x7102473250,0008,pfnc_nvnCommandBufferBindTransformFeedbackBuffer
0x7102473258,0008,pfnc_nvnCommandBufferBindTransformFeedbackBuffers
0x7102473260,0008,pfnc_nvnCommandBufferBindStorageBuffer
0x7102473268,0008,pfnc_nvnCommandBufferBindStorageBuffers
0x7102473270,0008,pfnc_nvnCommandBufferBindTexture
0x7102473278,0008,pfnc_nvnCommandBufferBindTextures
0x7102473280,0008,pfnc_nvnCommandBufferBindImage
0x7102473288,0008,pfnc_nvnCommandBufferBindImages
0x7102473290,0008,pfnc_nvnCommandBufferSetPatchSize
0x7102473298,0008,pfnc_nvnCommandBufferSetInnerTessellationLevels
0x71024732a0,0008,pfnc_nvnCommandBufferSetOuterTessellationLevels
0x71024732a8,0008,pfnc_nvnCommandBufferSetPrimitiveRestart
0x71024732b0,0008,pfnc_nvnCommandBufferBeginTransformFeedback
0x71024732b8,0008,pfnc_nvnCommandBufferEndTransformFeedback
0x71024732c0,0008,pfnc_nvnCommandBufferPauseTransformFeedback
0x71024732c8,0008,pfnc_nvnCommandBufferResumeTransformFeedback
0x71024732d0,0008,pfnc_nvnCommandBufferDrawTransformFeedback
0x71024732d8,0008,pfnc_nvnCommandBufferDrawArrays
0x71024732e0,0008,pfnc_nvnCommandBufferDrawElements
0x71024732e8,0008,pfnc_nvnCommandBufferDrawElementsBaseVertex
0x71024732f0,0008,pfnc_nvnCommandBufferDrawArraysInstanced
0x71024732f8,0008,pfnc_nvnCommandBufferDrawElementsInstanced
0x7102473300,0008,pfnc_nvnCommandBufferDrawArraysIndirect
0x7102473308,0008,pfnc_nvnCommandBufferDrawElementsIndirect
0x7102473310,0008,pfnc_nvnCommandBufferMultiDrawArraysIndirectCount
0x7102473318,0008,pfnc_nvnCommandBufferMultiDrawElementsIndirectCount
0x7102473320,0008,pfnc_nvnCommandBufferClearColor
0x7102473328,0008,pfnc_nvnCommandBufferClearColori
0x7102473330,0008,pfnc_nvnCommandBufferClearColorui
0x7102473338,0008,pfnc_nvnCommandBufferClearDepthStencil
0x7102473340,0008,pfnc_nvnCommandBufferDispatchCompute
0x7102473348,0008,pfnc_nvnCommandBufferDispatchComputeIndirect
0x7102473350,0008,pfnc_nvnCommandBufferSetViewport
0x7102473358,0008,pfnc_nvnCommandBufferSetViewports
0x7102473360,0008,pfnc_nvnCommandBufferSetViewportSwizzles
0x7102473368,0008,pfnc_nvnCommandBufferSetScissor
0x7102473370,0008,pfnc_nvnCommandBufferSetScissors
0x7102473378,0008,pfnc_nvnCommandBufferSetDepthRange
0x7102473380,0008,pfnc_nvnCommandBufferSetDepthBounds
0x7102473388,0008,pfnc_nvnCommandBufferSetDepthRanges
0x7102473390,0008,pfnc_nvnCommandBufferSetTiledCacheAction
0x7102473398,0008,pfnc_nvnCommandBufferSetTiledCacheTileSize
0x71024733a0,0008,pfnc_nvnCommandBufferBindSeparateTexture
0x71024733a8,0008,pfnc_nvnCommandBufferBindSeparateSampler
0x71024733b0,0008,pfnc_nvnCommandBufferBindSeparateTextures
0x71024733b8,0008,pfnc_nvnCommandBufferBindSeparateSamplers
0x71024733c0,0008,pfnc_nvnCommandBufferSetStencilValueMask
0x71024733c8,0008,pfnc_nvnCommandBufferSetStencilMask
0x71024733d0,0008,pfnc_nvnCommandBufferSetStencilRef
0x71024733d8,0008,pfnc_nvnCommandBufferSetBlendColor
0x71024733e0,0008,pfnc_nvnCommandBufferSetPointSize
0x71024733e8,0008,pfnc_nvnCommandBufferSetLineWidth
0x71024733f0,0008,pfnc_nvnCommandBufferSetPolygonOffsetClamp
0x71024733f8,0008,pfnc_nvnCommandBufferSetAlphaRef
0x7102473400,0008,pfnc_nvnCommandBufferSetSampleMask
0x7102473408,0008,pfnc_nvnCommandBufferSetRasterizerDiscard
0x7102473410,0008,pfnc_nvnCommandBufferSetDepthClamp
0x7102473418,0008,pfnc_nvnCommandBufferSetConservativeRasterEnable
0x7102473420,0008,pfnc_nvnCommandBufferSetConservativeRasterDilate
0x7102473428,0008,pfnc_nvnCommandBufferSetSubpixelPrecisionBias
0x7102473430,0008,pfnc_nvnCommandBufferCopyBufferToTexture
0x7102473438,0008,pfnc_nvnCommandBufferCopyTextureToBuffer
0x7102473440,0008,pfnc_nvnCommandBufferCopyTextureToTexture
0x7102473448,0008,pfnc_nvnCommandBufferCopyBufferToBuffer
0x7102473450,0008,pfnc_nvnCommandBufferClearBuffer
0x7102473458,0008,pfnc_nvnCommandBufferClearTexture
0x7102473460,0008,pfnc_nvnCommandBufferClearTexturei
0x7102473468,0008,pfnc_nvnCommandBufferClearTextureui
0x7102473470,0008,pfnc_nvnCommandBufferUpdateUniformBuffer
0x7102473478,0008,pfnc_nvnCommandBufferReportCounter
0x7102473480,0008,pfnc_nvnCommandBufferResetCounter
0x7102473488,0008,pfnc_nvnCommandBufferReportValue
0x7102473490,0008,pfnc_nvnCommandBufferSetRenderEnable
0x7102473498,0008,pfnc_nvnCommandBufferSetRenderEnableConditional
0x71024734a0,0008,pfnc_nvnCommandBufferSetRenderTargets
0x71024734a8,0008,pfnc_nvnCommandBufferDiscardColor
0x71024734b0,0008,pfnc_nvnCommandBufferDiscardDepthStencil
0x71024734b8,0008,pfnc_nvnCommandBufferDownsample
0x71024734c0,0008,pfnc_nvnCommandBufferTiledDownsample
0x71024734c8,0008,pfnc_nvnCommandBufferBarrier
0x71024734d0,0008,pfnc_nvnCommandBufferWaitSync
0x71024734d8,0008,pfnc_nvnCommandBufferFenceSync
0x71024734e0,0008,pfnc_nvnCommandBufferSetTexturePool
0x71024734e8,0008,pfnc_nvnCommandBufferSetSamplerPool
0x71024734f0,0008,pfnc_nvnCommandBufferSetShaderScratchMemory
0x71024734f8,0008,pfnc_nvnCommandBufferSaveZCullData
0x7102473500,0008,pfnc_nvnCommandBufferRestoreZCullData
0x7102473508,0008,pfnc_nvnCommandBufferSetCopyRowStride
0x7102473510,0008,pfnc_nvnCommandBufferSetCopyImageStride
0x7102473518,0008,pfnc_nvnCommandBufferGetCopyRowStride
0x7102473520,0008,pfnc_nvnCommandBufferGetCopyImageStride
0x7102473528,0008,pfnc_nvnCommandBufferDrawTexture
0x7102473530,0008,pfnc_nvnProgramSetSubroutineLinkage
0x7102473538,0008,pfnc_nvnCommandBufferSetProgramSubroutines
0x7102473540,0008,pfnc_nvnCommandBufferBindCoverageModulationTable
0x7102473548,0008,pfnc_nvnCommandBufferResolveDepthBuffer
0x7102473550,0008,pfnc_nvnCommandBufferPushDebugGroupStatic
0x7102473558,0008,pfnc_nvnCommandBufferPushDebugGroupDynamic
0x7102473560,0008,pfnc_nvnCommandBufferPushDebugGroup
0x7102473568,0008,pfnc_nvnCommandBufferPopDebugGroup
0x7102473570,0008,pfnc_nvnCommandBufferPopDebugGroupId
0x7102473578,0008,pfnc_nvnCommandBufferInsertDebugMarker
0x7102473580,0008,pfnc_nvnCommandBufferGetMemoryCallback
0x7102473588,0008,pfnc_nvnCommandBufferGetMemoryCallbackData
0x7102473590,0008,pfnc_nvnCommandBufferIsRecording
0x7102473598,0008,pfnc_nvnSyncInitialize
0x71024735a0,0008,pfnc_nvnSyncFinalize
0x71024735a8,0008,pfnc_nvnSyncSetDebugLabel
0x71024735b0,0008,pfnc_nvnQueueFenceSync
0x71024735b8,0008,pfnc_nvnSyncWait
0x71024735c0,0008,pfnc_nvnQueueWaitSync
0x71024736e0,0008,_ZZN4sead18LogicalFrameBuffer24getRuntimeTypeInfoStaticEvE8typeInfo
0x71024736e8,0008,_ZGVZN4sead18LogicalFrameBuffer24getRuntimeTypeInfoStaticEvE8typeInfo
0x71024736f0,0008,_ZZN4sead25SingleScreenMethodTreeMgr24getRuntimeTypeInfoStaticEvE8typeInfo
0x71024736f8,0008,_ZGVZN4sead25SingleScreenMethodTreeMgr24getRuntimeTypeInfoStaticEvE8typeInfo
0x7102473700,0008,_ZZN4sead13MethodTreeMgr24getRuntimeTypeInfoStaticEvE8typeInfo
0x7102473708,0008,_ZGVZN4sead13MethodTreeMgr24getRuntimeTypeInfoStaticEvE8typeInfo
0x7102473720,0008,_ZZN4sead14MethodTreeNode24getRuntimeTypeInfoStaticEvE8typeInfo
0x7102473728,0008,_ZGVZN4sead14MethodTreeNode24getRuntimeTypeInfoStaticEvE8typeInfo
0x7102473730,0008,_ZZN4sead13ControllerMgr24getRuntimeTypeInfoStaticEvE8typeInfo
0x7102473738,0008,_ZGVZN4sead13ControllerMgr24getRuntimeTypeInfoStaticEvE8typeInfo
0x7102473740,0008,_ZZN4sead13CalculateTask24getRuntimeTypeInfoStaticEvE8typeInfo
0x7102473748,0008,_ZGVZN4sead13CalculateTask24getRuntimeTypeInfoStaticEvE8typeInfo
0x7102473750,0008,_ZN4sead14InfLoopChecker9sInstanceE
0x7102473758,0008,_ZZN4sead14InfLoopChecker24getRuntimeTypeInfoStaticEvE8typeInfo
0x7102473760,0008,_ZGVZN4sead14InfLoopChecker24getRuntimeTypeInfoStaticEvE8typeInfo
0x7102473768,0008,_ZN4sead12ProcessMeter18SingletonDisposer_15sStaticDisposerE
0x7102473770,0008,_ZN4sead12ProcessMeter9sInstanceE
0x7102473778,0008,_ZZN4sead9TaskEvent24getRuntimeTypeInfoStaticEvE8typeInfo
0x7102473780,0008,_ZGVZN4sead9TaskEvent24getRuntimeTypeInfoStaticEvE8typeInfo
0x7102473788,0008,_ZN4sead19DebugFontMgrJis1Nvn18SingletonDisposer_15sStaticDisposerE
0x7102473790,0008,_ZN4sead19DebugFontMgrJis1Nvn9sInstanceE
0x71024737a8,0008,_ZN4sead15DebugFontMgrNvn18SingletonDisposer_15sStaticDisposerE
0x71024737b0,0008,_ZN4sead15DebugFontMgrNvn9sInstanceE
0x71024737c8,0008,_ZZN4sead13DisplayBuffer24getRuntimeTypeInfoStaticEvE8typeInfo
0x71024737d0,0008,_ZGVZN4sead13DisplayBuffer24getRuntimeTypeInfoStaticEvE8typeInfo
0x71024737d8,0008,_ZZN4sead14FrameBufferNvn24getRuntimeTypeInfoStaticEvE8typeInfo
0x71024737e0,0008,_ZGVZN4sead14FrameBufferNvn24getRuntimeTypeInfoStaticEvE8typeInfo
0x71024737e8,0008,_ZZN4sead11FrameBuffer24getRuntimeTypeInfoStaticEvE8typeInfo
0x71024737f0,0008,_ZGVZN4sead11FrameBuffer24getRuntimeTypeInfoStaticEvE8typeInfo
0x71024737f8,0008,_ZZN4sead16DisplayBufferNvn24getRuntimeTypeInfoStaticEvE8typeInfo
0x7102473800,0008,_ZGVZN4sead16DisplayBufferNvn24getRuntimeTypeInfoStaticEvE8typeInfo
0x7102473808,0008,_ZN4sead11GraphicsNvn9sBaseTimeE
0x7102473810,0008,_ZN4sead19PrimitiveDrawMgrNvn18SingletonDisposer_15sStaticDisposerE
0x7102473818,0008,_ZN4sead19PrimitiveDrawMgrNvn9sInstanceE
0x7102473820,0008,_ZZN4sead10TextureNvn24getRuntimeTypeInfoStaticEvE8typeInfo
0x7102473828,0008,_ZGVZN4sead10TextureNvn24getRuntimeTypeInfoStaticEvE8typeInfo
0x7102473830,0008,_ZZN4sead7Texture24getRuntimeTypeInfoStaticEvE8typeInfo
0x7102473838,0008,_ZGVZN4sead7Texture24getRuntimeTypeInfoStaticEvE8typeInfo
0x7102473840,0008,_ZZN4sead11DrawContext24getRuntimeTypeInfoStaticEvE8typeInfo
0x7102473848,0008,_ZGVZN4sead11DrawContext24getRuntimeTypeInfoStaticEvE8typeInfo
0x7102473a60,0008,_ZZN4sead7ExpHeap24getRuntimeTypeInfoStaticEvE8typeInfo
0x7102473a68,0008,_ZGVZN4sead7ExpHeap24getRuntimeTypeInfoStaticEvE8typeInfo
0x7102473a70,0008,_ZZN4sead4Heap24getRuntimeTypeInfoStaticEvE8typeInfo
0x7102473a78,0008,_ZGVZN4sead4Heap24getRuntimeTypeInfoStaticEvE8typeInfo
0x7102473a80,0008,_ZZN4sead9FrameHeap24getRuntimeTypeInfoStaticEvE8typeInfo
0x7102473a88,0008,_ZGVZN4sead9FrameHeap24getRuntimeTypeInfoStaticEvE8typeInfo
0x7102473a90,0024,_ZN4sead7HeapMgr9sInstanceE
0x7102473aa8,0008,_ZN4sead7HeapMgr12sInstancePtrE
0x7102473ab0,0008,_ZN4sead7HeapMgr6sArenaE
0x7102473ab8,0024,_ZN4sead7HeapMgr13sDefaultArenaE
0x7102473ad0,0048,_ZN4sead7HeapMgr10sRootHeapsE
0x7102473b00,0048,_ZN4sead7HeapMgr17sIndependentHeapsE
0x7102473b30,0064,_ZN4sead7HeapMgr15sHeapTreeLockCSE
0x7102473b70,0004,_ZN4sead7HeapMgr13sHeapCheckTagE
0x7102473b78,0008,_ZN4sead7HeapMgr30sSleepSpanAtRemoveCacheFailureE
0x7102473c10,0008,_ZZN4sead15ResourceFactory24getRuntimeTypeInfoStaticEvE8typeInfo
0x7102473c18,0008,_ZGVZN4sead15ResourceFactory24getRuntimeTypeInfoStaticEvE8typeInfo
0x7102473c20,0008,_ZZN4sead25DirectResourceFactoryBase24getRuntimeTypeInfoStaticEvE8typeInfo
0x7102473c28,0008,_ZGVZN4sead25DirectResourceFactoryBase24getRuntimeTypeInfoStaticEvE8typeInfo
0x7102473c30,0008,_ZZN4sead27IndirectResourceFactoryBase24getRuntimeTypeInfoStaticEvE8typeInfo
0x7102473c38,0008,_ZGVZN4sead27IndirectResourceFactoryBase24getRuntimeTypeInfoStaticEvE8typeInfo
0x7102473c40,0008,_ZZN4sead16IndirectResource24getRuntimeTypeInfoStaticEvE8typeInfo
0x7102473c48,0008,_ZGVZN4sead16IndirectResource24getRuntimeTypeInfoStaticEvE8typeInfo
0x7102473c50,0008,_ZN4sead11ResourceMgr18SingletonDisposer_15sStaticDisposerE
0x7102473c58,0008,_ZN4sead11ResourceMgr9sInstanceE
0x7102473c60,0008,_ZZN4sead21DirectResourceFactoryINS_14DirectResourceEE24getRuntimeTypeInfoStaticEvE8typeInfo
0x7102473c68,0008,_ZGVZN4sead21DirectResourceFactoryINS_14DirectResourceEE24getRuntimeTypeInfoStaticEvE8typeInfo
0x7102474168,0008,_ZN4sead9ThreadMgr18SingletonDisposer_15sStaticDisposerE
0x7102474170,0008,_ZN4sead9ThreadMgr9sInstanceE
0x7102474178,0008,_ZN4sead13ControllerMgr9sInstanceE
0x7102474180,0008,_ZZN4sead13ControllerMgr9Parameter24getRuntimeTypeInfoStaticEvE8typeInfo
0x7102474188,0008,_ZGVZN4sead13ControllerMgr9Parameter24getRuntimeTypeInfoStaticEvE8typeInfo
0x7102474190,0008,_ZZN4sead13TaskParameter24getRuntimeTypeInfoStaticEvE8typeInfo
0x7102474198,0008,_ZGVZN4sead13TaskParameter24getRuntimeTypeInfoStaticEvE8typeInfo
0x71024741a0,0008,_ZZN4sead6Camera24getRuntimeTypeInfoStaticEvE8typeInfo
0x71024741a8,0008,_ZGVZN4sead6Camera24getRuntimeTypeInfoStaticEvE8typeInfo
0x71024741b0,0008,_ZZN4sead12LookAtCamera24getRuntimeTypeInfoStaticEvE8typeInfo
0x71024741b8,0008,_ZGVZN4sead12LookAtCamera24getRuntimeTypeInfoStaticEvE8typeInfo
0x71024741c0,0008,_ZZN4sead12DirectCamera24getRuntimeTypeInfoStaticEvE8typeInfo
0x71024741c8,0008,_ZGVZN4sead12DirectCamera24getRuntimeTypeInfoStaticEvE8typeInfo
0x71024741d0,0008,_ZZN4sead11OrthoCamera24getRuntimeTypeInfoStaticEvE8typeInfo
0x71024741d8,0008,_ZGVZN4sead11OrthoCamera24getRuntimeTypeInfoStaticEvE8typeInfo
0x71024741e0,0008,_ZZN4sead20ReferenceFrameBuffer24getRuntimeTypeInfoStaticEvE8typeInfo
0x71024741e8,0008,_ZGVZN4sead20ReferenceFrameBuffer24getRuntimeTypeInfoStaticEvE8typeInfo
0x71024741f0,0004,_ZN4sead8Graphics21sDefaultDevicePostureE
0x71024741f4,0004,_ZN4sead8Graphics21sDefaultDeviceZOffsetE
0x71024741f8,0008,_ZN4sead8Graphics9sInstanceE
0x7102474200,0008,_ZN4sead17PrimitiveRenderer18SingletonDisposer_15sStaticDisposerE
0x7102474208,0008,_ZN4sead17PrimitiveRenderer9sInstanceE
0x7102474210,0008,_ZZN4sead10Projection24getRuntimeTypeInfoStaticEvE8typeInfo
0x7102474218,0008,_ZGVZN4sead10Projection24getRuntimeTypeInfoStaticEvE8typeInfo
0x7102474220,0008,_ZZN4sead21PerspectiveProjection24getRuntimeTypeInfoStaticEvE8typeInfo
0x7102474228,0008,_ZGVZN4sead21PerspectiveProjection24getRuntimeTypeInfoStaticEvE8typeInfo
0x7102474230,0008,_ZZN4sead15OrthoProjection24getRuntimeTypeInfoStaticEvE8typeInfo
0x7102474238,0008,_ZGVZN4sead15OrthoProjection24getRuntimeTypeInfoStaticEvE8typeInfo
0x7102474240,0008,_ZZN4sead17FrustumProjection24getRuntimeTypeInfoStaticEvE8typeInfo
0x7102474248,0008,_ZGVZN4sead17FrustumProjection24getRuntimeTypeInfoStaticEvE8typeInfo
0x7102474250,0008,_ZZN4sead16DirectProjection24getRuntimeTypeInfoStaticEvE8typeInfo
0x7102474258,0008,_ZGVZN4sead16DirectProjection24getRuntimeTypeInfoStaticEvE8typeInfo
0x7102474260,0008,_ZN4sead12GlobalRandom18SingletonDisposer_15sStaticDisposerE
0x7102474268,0008,_ZN4sead12GlobalRandom9sInstanceE
0x7102474270,0004,_ZN4sead12CalendarTime10cMonth_JanE
0x7102474274,0004,_ZN4sead12CalendarTime10cMonth_FebE
0x7102474278,0004,_ZN4sead12CalendarTime10cMonth_MarE
0x710247427c,0004,_ZN4sead12CalendarTime10cMonth_AprE
0x7102474280,0004,_ZN4sead12CalendarTime10cMonth_MayE
0x7102474284,0004,_ZN4sead12CalendarTime10cMonth_JunE
0x7102474288,0004,_ZN4sead12CalendarTime10cMonth_JulE
0x710247428c,0004,_ZN4sead12CalendarTime10cMonth_AugE
0x7102474290,0004,_ZN4sead12CalendarTime10cMonth_SepE
0x7102474294,0004,_ZN4sead12CalendarTime10cMonth_OctE
0x7102474298,0004,_ZN4sead12CalendarTime10cMonth_NovE
0x710247429c,0004,_ZN4sead12CalendarTime10cMonth_DecE
0x71024742a0,0004,_ZN4sead12CalendarTime12cDefaultYearE
0x71024742a4,0004,_ZN4sead12CalendarTime13cDefaultMonthE
0x71024742a8,0004,_ZN4sead12CalendarTime11cDefaultDayE
0x71024742ac,0004,_ZN4sead12CalendarTime12cDefaultHourE
0x71024742b0,0004,_ZN4sead12CalendarTime14cDefaultMinuteE
0x71024742b4,0004,_ZN4sead12CalendarTime14cDefaultSecondE
0x71024742b8,0001,_ZN4sead8DateTime14mIsInitializedE
0x71024742c0,0008,_ZN4sead8TickSpan10cFrequencyE
0x71024742c8,0128,_ZN4sead8CoreInfo15sPlatformCoreIdE
0x7102474348,0128,_ZN4sead8CoreInfo30sCoreIdFromPlatformCoreIdTableE
0x71024743c8,0004,_ZN4sead8CoreInfo18sCoreNumberTlsSlotE
0x71024743d0,0008,_ZN4sead11CuckooClock9sInstanceE
0x71024743d8,0008,_ZZN4sead11CuckooClock24getRuntimeTypeInfoStaticEvE8typeInfo
0x71024743e0,0008,_ZGVZN4sead11CuckooClock24getRuntimeTypeInfoStaticEvE8typeInfo
0x71024743e8,0008,_ZZN4sead17ArchiveFileDevice24getRuntimeTypeInfoStaticEvE8typeInfo
0x71024743f0,0008,_ZGVZN4sead17ArchiveFileDevice24getRuntimeTypeInfoStaticEvE8typeInfo
0x71024743f8,0008,_ZZN4sead10FileDevice24getRuntimeTypeInfoStaticEvE8typeInfo
0x7102474400,0008,_ZGVZN4sead10FileDevice24getRuntimeTypeInfoStaticEvE8typeInfo
0x7102474408,0008,_ZN4sead13FileDeviceMgr18SingletonDisposer_15sStaticDisposerE
0x7102474410,0008,_ZN4sead13FileDeviceMgr9sInstanceE
0x7102474418,0008,_ZZN4sead14MainFileDevice24getRuntimeTypeInfoStaticEvE8typeInfo
0x7102474420,0008,_ZGVZN4sead14MainFileDevice24getRuntimeTypeInfoStaticEvE8typeInfo
0x7102474428,0008,_ZN4sead11TaskClassID15sIntTaskCreatorE
0x7102474430,0008,_ZN4sead11TaskClassID18sStringTaskCreatorE
0x7102474438,0008,_ZZN4sead10Controller24getRuntimeTypeInfoStaticEvE8typeInfo
0x7102474440,0008,_ZGVZN4sead10Controller24getRuntimeTypeInfoStaticEvE8typeInfo
0x7102474448,0008,_ZZN4sead14ControllerBase24getRuntimeTypeInfoStaticEvE8typeInfo
0x7102474450,0008,_ZGVZN4sead14ControllerBase24getRuntimeTypeInfoStaticEvE8typeInfo
0x7102474458,0008,_ZZN4sead20NinContentFileDevice24getRuntimeTypeInfoStaticEvE8typeInfo
0x7102474460,0008,_ZGVZN4sead20NinContentFileDevice24getRuntimeTypeInfoStaticEvE8typeInfo
0x7102474468,0008,_ZZN4sead17NinFileDeviceBase24getRuntimeTypeInfoStaticEvE8typeInfo
0x7102474470,0008,_ZGVZN4sead17NinFileDeviceBase24getRuntimeTypeInfoStaticEvE8typeInfo
0x7102474478,0008,_ZN3agl6detail14GPUMemBlockMgr18SingletonDisposer_15sStaticDisposerE
0x7102474480,0008,_ZN3agl6detail14GPUMemBlockMgr9sInstanceE
0x7102474488,0008,_ZN3agl6driver17GraphicsDriverMgr18SingletonDisposer_15sStaticDisposerE
0x7102474490,0008,_ZN3agl6driver17GraphicsDriverMgr9sInstanceE
0x71024744a8,0001,_ZN3agl12RenderBuffer12sIsSRGBWriteE
0x71024744b0,0008,_ZZN3agl12RenderBuffer24getRuntimeTypeInfoStaticEvE8typeInfo
0x71024744b8,0008,_ZGVZN3agl12RenderBuffer24getRuntimeTypeInfoStaticEvE8typeInfo
0x71024744c0,0008,_ZZN3agl11DrawContext24getRuntimeTypeInfoStaticEvE8typeInfo
0x71024744c8,0008,_ZGVZN3agl11DrawContext24getRuntimeTypeInfoStaticEvE8typeInfo
0x71024744d0,0008,_ZN3agl3utl18DebugTextureDrawer18SingletonDisposer_15sStaticDisposerE
0x71024744d8,0008,_ZN3agl3utl18DebugTextureDrawer9sInstanceE
0x71024744f0,0008,_ZN3agl3utl23DynamicTextureAllocator18SingletonDisposer_15sStaticDisposerE
0x71024744f8,0008,_ZN3agl3utl23DynamicTextureAllocator9sInstanceE
0x7102474500,0008,_ZN3agl3utl14PrimitiveShape18SingletonDisposer_15sStaticDisposerE
0x7102474508,0008,_ZN3agl3utl14PrimitiveShape9sInstanceE
0x7102474510,0008,_ZN3agl3utl16PrimitiveTexture18SingletonDisposer_15sStaticDisposerE
0x7102474518,0008,_ZN3agl3utl16PrimitiveTexture9sInstanceE
0x7102474520,0008,_ZN3agl3utl15PrimitiveVertex18SingletonDisposer_15sStaticDisposerE
0x7102474528,0008,_ZN3agl3utl15PrimitiveVertex9sInstanceE
0x7102474530,0008,_ZN3agl3utl21VertexAttributeHolder18SingletonDisposer_15sStaticDisposerE
0x7102474538,0008,_ZN3agl3utl21VertexAttributeHolder9sInstanceE
0x7102474540,0008,_ZN3agl6detail9FileIOMgr18SingletonDisposer_15sStaticDisposerE
0x7102474548,0008,_ZN3agl6detail9FileIOMgr9sInstanceE
0x7102474550,0008,_ZN3agl6detail15PrivateResource18SingletonDisposer_15sStaticDisposerE
0x7102474558,0008,_ZN3agl6detail15PrivateResource9sInstanceE
0x7102474560,0008,_ZN3agl6detail8RootNode18SingletonDisposer_15sStaticDisposerE
0x7102474568,0008,_ZN3agl6detail8RootNode9sInstanceE
0x7102474570,0008,_ZN3agl6detail12ShaderHolder18SingletonDisposer_15sStaticDisposerE
0x7102474578,0008,_ZN3agl6detail12ShaderHolder9sInstanceE
0x7102474580,0008,_ZN3agl6detail19DynamicUniformBlock18SingletonDisposer_15sStaticDisposerE
0x7102474588,0008,_ZN3agl6detail19DynamicUniformBlock9sInstanceE
0x71024745b8,0008,_ZN3agl3utl18ParameterStringMgr18SingletonDisposer_15sStaticDisposerE
0x71024745c0,0008,_ZN3agl3utl18ParameterStringMgr9sInstanceE
0x71024745c8,1024,_ZN3agl5shtxt6Clause10cHashTableE
0x71024749c8,0001,_ZN3agl5shtxt6Clause13cTableCheckedE
0x71024749d0,0008,_ZN3eui15ScalableFontMgr18SingletonDisposer_15sStaticDisposerE
0x71024749d8,0008,_ZN3eui15ScalableFontMgr9sInstanceE
0x71024749e0,0008,_ZZN2nn4ui2d19ArcResourceAccessor24GetRuntimeTypeInfoStaticEvE10s_TypeInfo
0x71024749e8,0008,_ZGVZN2nn4ui2d19ArcResourceAccessor24GetRuntimeTypeInfoStaticEvE10s_TypeInfo
0x71024749f0,0008,_ZZN2nn4ui2d16ResourceAccessor24GetRuntimeTypeInfoStaticEvE10s_TypeInfo
0x71024749f8,0008,_ZGVZN2nn4ui2d16ResourceAccessor24GetRuntimeTypeInfoStaticEvE10s_TypeInfo
0x7102474a00,0008,_ZZN2nn4ui2d24MultiArcResourceAccessor24GetRuntimeTypeInfoStaticEvE10s_TypeInfo
0x7102474a08,0008,_ZGVZN2nn4ui2d24MultiArcResourceAccessor24GetRuntimeTypeInfoStaticEvE10s_TypeInfo
0x7102474a10,0008,_ZZN3eui24MultiArcResourceAccessor24GetRuntimeTypeInfoStaticEvE10s_TypeInfo
0x7102474a18,0008,_ZGVZN3eui24MultiArcResourceAccessor24GetRuntimeTypeInfoStaticEvE10s_TypeInfo
0x7102474a20,0008,_ZZN2nn4font12ScalableFont24GetRuntimeTypeInfoStaticEvE10s_TypeInfo
0x7102474a28,0008,_ZGVZN2nn4font12ScalableFont24GetRuntimeTypeInfoStaticEvE10s_TypeInfo
0x7102474a30,0008,_ZZN2nn4font4Font24GetRuntimeTypeInfoStaticEvE10s_TypeInfo
0x7102474a38,0008,_ZGVZN2nn4font4Font24GetRuntimeTypeInfoStaticEvE10s_TypeInfo
0x7102474a40,0008,_ZZN2nn4ui2d20PlacementTextureInfo24GetRuntimeTypeInfoStaticEvE10s_TypeInfo
0x7102474a48,0008,_ZGVZN2nn4ui2d20PlacementTextureInfo24GetRuntimeTypeInfoStaticEvE10s_TypeInfo
0x7102474a50,0008,_ZZN2nn4ui2d11TextureInfo24GetRuntimeTypeInfoStaticEvE10s_TypeInfo
0x7102474a58,0008,_ZGVZN2nn4ui2d11TextureInfo24GetRuntimeTypeInfoStaticEvE10s_TypeInfo
0x7102474a60,0008,_ZZN3eui8WindowEx24GetRuntimeTypeInfoStaticEvE10s_TypeInfo
0x7102474a68,0008,_ZGVZN3eui8WindowEx24GetRuntimeTypeInfoStaticEvE10s_TypeInfo
0x7102474a70,0008,_ZZN2nn4ui2d6Window24GetRuntimeTypeInfoStaticEvE10s_TypeInfo
0x7102474a78,0008,_ZGVZN2nn4ui2d6Window24GetRuntimeTypeInfoStaticEvE10s_TypeInfo
0x7102474a80,0008,_ZZN3eui9PictureEx24GetRuntimeTypeInfoStaticEvE10s_TypeInfo
0x7102474a88,0008,_ZGVZN3eui9PictureEx24GetRuntimeTypeInfoStaticEvE10s_TypeInfo
0x7102474a90,0008,_ZZN2nn4ui2d7Picture24GetRuntimeTypeInfoStaticEvE10s_TypeInfo
0x7102474a98,0008,_ZGVZN2nn4ui2d7Picture24GetRuntimeTypeInfoStaticEvE10s_TypeInfo
0x7102474aa0,0008,_ZZN3eui11CapturePane24GetRuntimeTypeInfoStaticEvE10s_TypeInfo
0x7102474aa8,0008,_ZGVZN3eui11CapturePane24GetRuntimeTypeInfoStaticEvE10s_TypeInfo
0x7102474ab0,0008,_ZZN3eui26DynamicCaptureUsePictureEx24GetRuntimeTypeInfoStaticEvE10s_TypeInfo
0x7102474ab8,0008,_ZGVZN3eui26DynamicCaptureUsePictureEx24GetRuntimeTypeInfoStaticEvE10s_TypeInfo
0x7102474ac0,0008,_ZZN3eui25DynamicCaptureUseWindowEx24GetRuntimeTypeInfoStaticEvE10s_TypeInfo
0x7102474ac8,0008,_ZGVZN3eui25DynamicCaptureUseWindowEx24GetRuntimeTypeInfoStaticEvE10s_TypeInfo
0x7102474ad0,0008,_ZZN3eui18DynamicCapturePane24GetRuntimeTypeInfoStaticEvE10s_TypeInfo
0x7102474ad8,0008,_ZGVZN3eui18DynamicCapturePane24GetRuntimeTypeInfoStaticEvE10s_TypeInfo
0x7102474ae0,0008,_ZZN3eui11ScissorPane24GetRuntimeTypeInfoStaticEvE10s_TypeInfo
0x7102474ae8,0008,_ZGVZN3eui11ScissorPane24GetRuntimeTypeInfoStaticEvE10s_TypeInfo
0x7102474af0,0008,_ZZN3eui12MassDrawPane24GetRuntimeTypeInfoStaticEvE10s_TypeInfo
0x7102474af8,0008,_ZGVZN3eui12MassDrawPane24GetRuntimeTypeInfoStaticEvE10s_TypeInfo
0x7102474b00,0008,_ZZN3eui20MultiFilterPictureEx24GetRuntimeTypeInfoStaticEvE10s_TypeInfo
0x7102474b08,0008,_ZGVZN3eui20MultiFilterPictureEx24GetRuntimeTypeInfoStaticEvE10s_TypeInfo
0x7102474b10,0008,_ZZN3eui19MultiFilterWindowEx24GetRuntimeTypeInfoStaticEvE10s_TypeInfo
0x7102474b18,0008,_ZGVZN3eui19MultiFilterWindowEx24GetRuntimeTypeInfoStaticEvE10s_TypeInfo
0x7102474b20,0008,_ZZN3eui21ScalableFontTextBoxEx24GetRuntimeTypeInfoStaticEvE10s_TypeInfo
0x7102474b28,0008,_ZGVZN3eui21ScalableFontTextBoxEx24GetRuntimeTypeInfoStaticEvE10s_TypeInfo
0x7102474b30,0008,_ZZN3eui10BoundingEx24GetRuntimeTypeInfoStaticEvE10s_TypeInfo
0x7102474b38,0008,_ZGVZN3eui10BoundingEx24GetRuntimeTypeInfoStaticEvE10s_TypeInfo
0x7102474b40,0008,_ZZN2nn4ui2d8Bounding24GetRuntimeTypeInfoStaticEvE10s_TypeInfo
0x7102474b48,0008,_ZGVZN2nn4ui2d8Bounding24GetRuntimeTypeInfoStaticEvE10s_TypeInfo
0x7102474b50,0008,_ZZN3eui7PartsEx24GetRuntimeTypeInfoStaticEvE10s_TypeInfo
0x7102474b58,0008,_ZGVZN3eui7PartsEx24GetRuntimeTypeInfoStaticEvE10s_TypeInfo
0x7102474b60,0008,_ZZN2nn4ui2d5Parts24GetRuntimeTypeInfoStaticEvE10s_TypeInfo
0x7102474b68,0008,_ZGVZN2nn4ui2d5Parts24GetRuntimeTypeInfoStaticEvE10s_TypeInfo
0x7102474b70,0008,_ZZN3eui9AlignPane24GetRuntimeTypeInfoStaticEvE10s_TypeInfo
0x7102474b78,0008,_ZGVZN3eui9AlignPane24GetRuntimeTypeInfoStaticEvE10s_TypeInfo
0x7102474b80,0008,_ZZN3eui8RootPane24GetRuntimeTypeInfoStaticEvE10s_TypeInfo
0x7102474b88,0008,_ZGVZN3eui8RootPane24GetRuntimeTypeInfoStaticEvE10s_TypeInfo
0x7102474b90,0008,_ZZN3eui8LayoutEx24GetRuntimeTypeInfoStaticEvE10s_TypeInfo
0x7102474b98,0008,_ZGVZN3eui8LayoutEx24GetRuntimeTypeInfoStaticEvE10s_TypeInfo
0x7102474ba0,0008,_ZZN2nn4ui2d6Layout24GetRuntimeTypeInfoStaticEvE10s_TypeInfo
0x7102474ba8,0008,_ZGVZN2nn4ui2d6Layout24GetRuntimeTypeInfoStaticEvE10s_TypeInfo
0x7102474bb0,0008,_ZZN3eui8Animator24GetRuntimeTypeInfoStaticEvE10s_TypeInfo
0x7102474bb8,0008,_ZGVZN3eui8Animator24GetRuntimeTypeInfoStaticEvE10s_TypeInfo
0x7102474bc0,0008,_ZZN2nn4ui2d18AnimTransformBasic24GetRuntimeTypeInfoStaticEvE10s_TypeInfo
0x7102474bc8,0008,_ZGVZN2nn4ui2d18AnimTransformBasic24GetRuntimeTypeInfoStaticEvE10s_TypeInfo
0x7102474bd0,0008,_ZZN2nn4ui2d13AnimTransform24GetRuntimeTypeInfoStaticEvE10s_TypeInfo
0x7102474bd8,0008,_ZGVZN2nn4ui2d13AnimTransform24GetRuntimeTypeInfoStaticEvE10s_TypeInfo
0x7102474be0,0008,_ZZN2nn4ui2d19ResourceTextureInfo24GetRuntimeTypeInfoStaticEvE10s_TypeInfo
0x7102474be8,0008,_ZGVZN2nn4ui2d19ResourceTextureInfo24GetRuntimeTypeInfoStaticEvE10s_TypeInfo
0x7102474c00,0008,_ZN3eui7FontMgr18SingletonDisposer_15sStaticDisposerE
0x7102474c08,0008,_ZN3eui7FontMgr9sInstanceE
0x7102474c10,0008,_ZZN3eui11AnimatorSet24getRuntimeTypeInfoStaticEvE8typeInfo
0x7102474c18,0008,_ZGVZN3eui11AnimatorSet24getRuntimeTypeInfoStaticEvE8typeInfo
0x7102474c20,0008,_ZZN3eui10DrawInfoEx24GetRuntimeTypeInfoStaticEvE10s_TypeInfo
0x7102474c28,0008,_ZGVZN3eui10DrawInfoEx24GetRuntimeTypeInfoStaticEvE10s_TypeInfo
0x7102474c30,0008,_ZZN2nn4ui2d8DrawInfo24GetRuntimeTypeInfoStaticEvE10s_TypeInfo
0x7102474c38,0008,_ZGVZN2nn4ui2d8DrawInfo24GetRuntimeTypeInfoStaticEvE10s_TypeInfo
0x7102474c40,0008,_ZZN3eui6Screen24getRuntimeTypeInfoStaticEvE8typeInfo
0x7102474c48,0008,_ZGVZN3eui6Screen24getRuntimeTypeInfoStaticEvE8typeInfo
0x7102474c50,0008,_ZZN3eui15CheckKeepButton24GetRuntimeTypeInfoStaticEvE10s_TypeInfo
0x7102474c58,0008,_ZGVZN3eui15CheckKeepButton24GetRuntimeTypeInfoStaticEvE10s_TypeInfo
0x7102474c60,0008,_ZZN3eui11CheckButton24GetRuntimeTypeInfoStaticEvE10s_TypeInfo
0x7102474c68,0008,_ZGVZN3eui11CheckButton24GetRuntimeTypeInfoStaticEvE10s_TypeInfo
0x7102474c70,0008,_ZZN3eui10AnimButton24GetRuntimeTypeInfoStaticEvE10s_TypeInfo
0x7102474c78,0008,_ZGVZN3eui10AnimButton24GetRuntimeTypeInfoStaticEvE10s_TypeInfo
0x7102474c80,0008,_ZZN3eui10ButtonBase24GetRuntimeTypeInfoStaticEvE10s_TypeInfo
0x7102474c88,0008,_ZGVZN3eui10ButtonBase24GetRuntimeTypeInfoStaticEvE10s_TypeInfo
0x7102474c90,0008,_ZZN3eui11ControlBase24GetRuntimeTypeInfoStaticEvE10s_TypeInfo
0x7102474c98,0008,_ZGVZN3eui11ControlBase24GetRuntimeTypeInfoStaticEvE10s_TypeInfo
0x7102474ca0,0008,_ZZN3eui11UniteButton24GetRuntimeTypeInfoStaticEvE10s_TypeInfo
0x7102474ca8,0008,_ZGVZN3eui11UniteButton24GetRuntimeTypeInfoStaticEvE10s_TypeInfo
0x7102474cb0,0008,_ZN3eui9ScreenMgr18SingletonDisposer_15sStaticDisposerE
0x7102474cb8,0008,_ZN3eui9ScreenMgr9sInstanceE
0x7102474cc0,0008,_ZZN4sead21DirectResourceFactoryINS_15SharcArchiveResEE24getRuntimeTypeInfoStaticEvE8typeInfo
0x7102474cc8,0008,_ZGVZN4sead21DirectResourceFactoryINS_15SharcArchiveResEE24getRuntimeTypeInfoStaticEvE8typeInfo
0x7102474cd0,0008,_ZZN4sead15SharcArchiveRes24getRuntimeTypeInfoStaticEvE8typeInfo
0x7102474cd8,0008,_ZGVZN4sead15SharcArchiveRes24getRuntimeTypeInfoStaticEvE8typeInfo
0x7102474ce0,0008,_ZZN3eui12UIController24getRuntimeTypeInfoStaticEvE8typeInfo
0x7102474ce8,0008,_ZGVZN3eui12UIController24getRuntimeTypeInfoStaticEvE8typeInfo
0x7102474cf0,0008,_ZZN4sead21MaskControllerWrapper24getRuntimeTypeInfoStaticEvE8typeInfo
0x7102474cf8,0008,_ZGVZN4sead21MaskControllerWrapper24getRuntimeTypeInfoStaticEvE8typeInfo
0x7102474d00,0008,_ZZN4sead21ControllerWrapperBase24getRuntimeTypeInfoStaticEvE8typeInfo
0x7102474d08,0008,_ZGVZN4sead21ControllerWrapperBase24getRuntimeTypeInfoStaticEvE8typeInfo
0x7102474d10,0008,_ZZN3eui14DecisionButton24GetRuntimeTypeInfoStaticEvE10s_TypeInfo
0x7102474d18,0008,_ZGVZN3eui14DecisionButton24GetRuntimeTypeInfoStaticEvE10s_TypeInfo
0x7102474d20,0008,_ZZN3eui10DragButton24GetRuntimeTypeInfoStaticEvE10s_TypeInfo
0x7102474d28,0008,_ZGVZN3eui10DragButton24GetRuntimeTypeInfoStaticEvE10s_TypeInfo
0x7102474d30,0008,_ZZN3eui12SelectButton24GetRuntimeTypeInfoStaticEvE10s_TypeInfo
0x7102474d38,0008,_ZGVZN3eui12SelectButton24GetRuntimeTypeInfoStaticEvE10s_TypeInfo
0x7102474d40,0008,_ZZN3eui11HoverButton24GetRuntimeTypeInfoStaticEvE10s_TypeInfo
0x7102474d48,0008,_ZGVZN3eui11HoverButton24GetRuntimeTypeInfoStaticEvE10s_TypeInfo
0x7102474d50,0008,_ZZN3eui17LetterAnimControl24GetRuntimeTypeInfoStaticEvE10s_TypeInfo
0x7102474d58,0008,_ZGVZN3eui17LetterAnimControl24GetRuntimeTypeInfoStaticEvE10s_TypeInfo
0x7102474d60,0008,_ZZN3eui12NormalButton24GetRuntimeTypeInfoStaticEvE10s_TypeInfo
0x7102474d68,0008,_ZGVZN3eui12NormalButton24GetRuntimeTypeInfoStaticEvE10s_TypeInfo
0x7102474d70,0008,_ZZN3eui9TapButton24GetRuntimeTypeInfoStaticEvE10s_TypeInfo
0x7102474d78,0008,_ZGVZN3eui9TapButton24GetRuntimeTypeInfoStaticEvE10s_TypeInfo
0x7102474d80,0008,_ZZN3eui17TraceGaugeControl24GetRuntimeTypeInfoStaticEvE10s_TypeInfo
0x7102474d88,0008,_ZGVZN3eui17TraceGaugeControl24GetRuntimeTypeInfoStaticEvE10s_TypeInfo
0x7102474d90,0008,_ZZN3eui23TwoTouchCheckKeepButton24GetRuntimeTypeInfoStaticEvE10s_TypeInfo
0x7102474d98,0008,_ZGVZN3eui23TwoTouchCheckKeepButton24GetRuntimeTypeInfoStaticEvE10s_TypeInfo
0x7102474da0,0008,_ZZN3eui11UniteButton10ButtonType5text_EiE9spTextPtr
0x7102474da8,0112,_ZZN3eui11UniteButton10ButtonType5text_EiE8sTextAll
0x7102474e18,0008,_ZGVZN3eui11UniteButton10ButtonType5text_EiE8sTextAll
0x7102474e20,0048,_ZZN3eui11UniteButton10ButtonType5text_EiE8sTextPtr
0x7102474e50,0008,_ZZN3eui16BoxCursorControl24GetRuntimeTypeInfoStaticEvE10s_TypeInfo
0x7102474e58,0008,_ZGVZN3eui16BoxCursorControl24GetRuntimeTypeInfoStaticEvE10s_TypeInfo
0x7102474e60,0008,_ZZN3eui12BoxCursorMgr24getRuntimeTypeInfoStaticEvE8typeInfo
0x7102474e68,0008,_ZGVZN3eui12BoxCursorMgr24getRuntimeTypeInfoStaticEvE8typeInfo
0x7102474e70,0008,_ZZN3eui13BoxCursorNode24getRuntimeTypeInfoStaticEvE8typeInfo
0x7102474e78,0008,_ZGVZN3eui13BoxCursorNode24getRuntimeTypeInfoStaticEvE8typeInfo
0x7102474e80,0008,_ZN3eui10MessageMgr18SingletonDisposer_15sStaticDisposerE
0x7102474e88,0008,_ZN3eui10MessageMgr9sInstanceE
0x7102474e90,0008,_ZZN3eui10MessageMgr24getRuntimeTypeInfoStaticEvE8typeInfo
0x7102474e98,0008,_ZGVZN3eui10MessageMgr24getRuntimeTypeInfoStaticEvE8typeInfo
0x7102474ea0,0008,_ZZN3eui10MessageMgr7Archive24getRuntimeTypeInfoStaticEvE8typeInfo
0x7102474ea8,0008,_ZGVZN3eui10MessageMgr7Archive24getRuntimeTypeInfoStaticEvE8typeInfo
0x7102474eb0,0008,_ZZN3eui12TagProcessor24GetRuntimeTypeInfoStaticEvE10s_TypeInfo
0x7102474eb8,0008,_ZGVZN3eui12TagProcessor24GetRuntimeTypeInfoStaticEvE10s_TypeInfo
0x7102474ec0,0008,_ZZN2nn4font16TagProcessorBaseItE24GetRuntimeTypeInfoStaticEvE10s_TypeInfo
0x7102474ec8,0008,_ZGVZN2nn4font16TagProcessorBaseItE24GetRuntimeTypeInfoStaticEvE10s_TypeInfo
0x7102474ed0,2304,_ZZN2nn3atk6detail4Util9SingletonINS1_6driver15HardwareManagerEE11GetInstanceEvE8instance
0x71024757d0,0008,_ZGVZN2nn3atk6detail4Util9SingletonINS1_6driver15HardwareManagerEE11GetInstanceEvE8instance
0x7102475820,0008,_ZZN2al14NpadController24getRuntimeTypeInfoStaticEvE8typeInfo
0x7102475828,0008,_ZGVZN2al14NpadController24getRuntimeTypeInfoStaticEvE8typeInfo
0x7102475830,0008,_ZZN2al16ReplayController24getRuntimeTypeInfoStaticEvE8typeInfo
0x7102475838,0008,_ZGVZN2al16ReplayController24getRuntimeTypeInfoStaticEvE8typeInfo
0x7102475840,0008,_ZZN4sead17ControllerWrapper24getRuntimeTypeInfoStaticEvE8typeInfo
0x7102475848,0008,_ZGVZN4sead17ControllerWrapper24getRuntimeTypeInfoStaticEvE8typeInfo
0x7102475850,0008,_ZZN2al18PadUiKeyInputAddon24getRuntimeTypeInfoStaticEvE8typeInfo
0x7102475858,0008,_ZGVZN2al18PadUiKeyInputAddon24getRuntimeTypeInfoStaticEvE8typeInfo
0x7102475860,0008,_ZZN4sead15ControllerAddon24getRuntimeTypeInfoStaticEvE8typeInfo
0x7102475868,0008,_ZGVZN4sead15ControllerAddon24getRuntimeTypeInfoStaticEvE8typeInfo
0x7102475870,0008,_ZZN4sead18AccelerometerAddon24getRuntimeTypeInfoStaticEvE8typeInfo
0x7102475878,0008,_ZGVZN4sead18AccelerometerAddon24getRuntimeTypeInfoStaticEvE8typeInfo
0x7102475880,0008,_ZZN2al12PadGyroAddon24getRuntimeTypeInfoStaticEvE8typeInfo
0x7102475888,0008,_ZGVZN2al12PadGyroAddon24getRuntimeTypeInfoStaticEvE8typeInfo
0x7102475928,0008,_ZZN3agl4lght24LightPrePassLightMgrBaseINS0_12LightPrePass7ContextENS2_11CallbackArgEE24getRuntimeTypeInfoStaticEvE8typeInfo
0x7102475930,0008,_ZGVZN3agl4lght24LightPrePassLightMgrBaseINS0_12LightPrePass7ContextENS2_11CallbackArgEE24getRuntimeTypeInfoStaticEvE8typeInfo
0x7102475938,0008,_ZZN3agl4lght20LightPrePassLightMgrIN2al16LppLightDataBaseINS2_15PointLightParamEEENS0_12LightPrePass7ContextENS6_11CallbackArgEE24getRuntimeTypeInfoStaticEvE8typeInfo
0x7102475940,0008,_ZGVZN3agl4lght20LightPrePassLightMgrIN2al16LppLightDataBaseINS2_15PointLightParamEEENS0_12LightPrePass7ContextENS6_11CallbackArgEE24getRuntimeTypeInfoStaticEvE8typeInfo
0x7102475948,0008,_ZZN3agl4lght20LightPrePassLightMgrIN2al16LppLightDataBaseINS2_14SpotLightParamEEENS0_12LightPrePass7ContextENS6_11CallbackArgEE24getRuntimeTypeInfoStaticEvE8typeInfo
0x7102475950,0008,_ZGVZN3agl4lght20LightPrePassLightMgrIN2al16LppLightDataBaseINS2_14SpotLightParamEEENS0_12LightPrePass7ContextENS6_11CallbackArgEE24getRuntimeTypeInfoStaticEvE8typeInfo
0x7102475958,0008,_ZZN3agl4lght20LightPrePassLightMgrIN2al16LppLightDataBaseINS2_14LineLightParamEEENS0_12LightPrePass7ContextENS6_11CallbackArgEE24getRuntimeTypeInfoStaticEvE8typeInfo
0x7102475960,0008,_ZGVZN3agl4lght20LightPrePassLightMgrIN2al16LppLightDataBaseINS2_14LineLightParamEEENS0_12LightPrePass7ContextENS6_11CallbackArgEE24getRuntimeTypeInfoStaticEvE8typeInfo
0x7102475968,0008,_ZZN3agl4lght20LightPrePassLightMgrIN2al16LppLightDataBaseINS2_14ProjLightParamEEENS0_12LightPrePass7ContextENS6_11CallbackArgEE24getRuntimeTypeInfoStaticEvE8typeInfo
0x7102475970,0008,_ZGVZN3agl4lght20LightPrePassLightMgrIN2al16LppLightDataBaseINS2_14ProjLightParamEEENS0_12LightPrePass7ContextENS6_11CallbackArgEE24getRuntimeTypeInfoStaticEvE8typeInfo
0x7102475978,0008,_ZZN3agl4lght20LightPrePassLightMgrIN2al16LppLightDataBaseINS2_18CausticsLightParamEEENS0_12LightPrePass7ContextENS6_11CallbackArgEE24getRuntimeTypeInfoStaticEvE8typeInfo
0x7102475980,0008,_ZGVZN3agl4lght20LightPrePassLightMgrIN2al16LppLightDataBaseINS2_18CausticsLightParamEEENS0_12LightPrePass7ContextENS6_11CallbackArgEE24getRuntimeTypeInfoStaticEvE8typeInfo
0x7102475988,0008,_ZZN2al23AlbedoModePointLightMgr24getRuntimeTypeInfoStaticEvE8typeInfo
0x7102475990,0008,_ZGVZN2al23AlbedoModePointLightMgr24getRuntimeTypeInfoStaticEvE8typeInfo
0x7102475998,0008,_ZZN2al22AlbedoModeSpotLightMgr24getRuntimeTypeInfoStaticEvE8typeInfo
0x71024759a0,0008,_ZGVZN2al22AlbedoModeSpotLightMgr24getRuntimeTypeInfoStaticEvE8typeInfo
0x71024759a8,0008,_ZZN2al22AlbedoModeLineLightMgr24getRuntimeTypeInfoStaticEvE8typeInfo
0x71024759b0,0008,_ZGVZN2al22AlbedoModeLineLightMgr24getRuntimeTypeInfoStaticEvE8typeInfo
0x71024759b8,0008,_ZZN2al22AlbedoModeProjLightMgr24getRuntimeTypeInfoStaticEvE8typeInfo
0x71024759c0,0008,_ZGVZN2al22AlbedoModeProjLightMgr24getRuntimeTypeInfoStaticEvE8typeInfo
0x71024759c8,0008,_ZZN2al26AlbedoModeCausticsLightMgr24getRuntimeTypeInfoStaticEvE8typeInfo
0x71024759d0,0008,_ZGVZN2al26AlbedoModeCausticsLightMgr24getRuntimeTypeInfoStaticEvE8typeInfo
0x71024759d8,0008,_ZZN2al39SensorMsgPlayerAttackObjHipDropHighJump24getRuntimeTypeInfoStaticEvE8typeInfo
0x71024759e0,0008,_ZGVZN2al39SensorMsgPlayerAttackObjHipDropHighJump24getRuntimeTypeInfoStaticEvE8typeInfo
0x71024759e8,0008,_ZZN2al37SensorMsgPlayerAttackHipDropKnockDown24getRuntimeTypeInfoStaticEvE8typeInfo
0x71024759f0,0008,_ZGVZN2al37SensorMsgPlayerAttackHipDropKnockDown24getRuntimeTypeInfoStaticEvE8typeInfo
0x71024759f8,0008,_ZZN2al31SensorMsgPlayerAttackStatueDrop24getRuntimeTypeInfoStaticEvE8typeInfo
0x7102475a00,0008,_ZGVZN2al31SensorMsgPlayerAttackStatueDrop24getRuntimeTypeInfoStaticEvE8typeInfo
0x7102475a08,0008,_ZZN2al34SensorMsgPlayerAttackObjStatueDrop24getRuntimeTypeInfoStaticEvE8typeInfo
0x7102475a10,0008,_ZGVZN2al34SensorMsgPlayerAttackObjStatueDrop24getRuntimeTypeInfoStaticEvE8typeInfo
0x7102475a18,0008,_ZZN2al41SensorMsgPlayerAttackObjStatueDropReflect24getRuntimeTypeInfoStaticEvE8typeInfo
0x7102475a20,0008,_ZGVZN2al41SensorMsgPlayerAttackObjStatueDropReflect24getRuntimeTypeInfoStaticEvE8typeInfo
0x7102475a28,0008,_ZZN2al52SensorMsgPlayerAttackObjStatueDropReflectNoCondition24getRuntimeTypeInfoStaticEvE8typeInfo
0x7102475a30,0008,_ZGVZN2al52SensorMsgPlayerAttackObjStatueDropReflectNoCondition24getRuntimeTypeInfoStaticEvE8typeInfo
0x7102475a38,0008,_ZZN2al32SensorMsgPlayerAttackStatueTouch24getRuntimeTypeInfoStaticEvE8typeInfo
0x7102475a40,0008,_ZGVZN2al32SensorMsgPlayerAttackStatueTouch24getRuntimeTypeInfoStaticEvE8typeInfo
0x7102475a48,0008,_ZZN2al31SensorMsgPlayerAttackUpperPunch24getRuntimeTypeInfoStaticEvE8typeInfo
0x7102475a50,0008,_ZGVZN2al31SensorMsgPlayerAttackUpperPunch24getRuntimeTypeInfoStaticEvE8typeInfo
0x7102475a58,0008,_ZZN2al34SensorMsgPlayerAttackObjUpperPunch24getRuntimeTypeInfoStaticEvE8typeInfo
0x7102475a60,0008,_ZGVZN2al34SensorMsgPlayerAttackObjUpperPunch24getRuntimeTypeInfoStaticEvE8typeInfo
0x7102475a68,0008,_ZZN2al34SensorMsgPlayerAttackRollingAttack24getRuntimeTypeInfoStaticEvE8typeInfo
0x7102475a70,0008,_ZGVZN2al34SensorMsgPlayerAttackRollingAttack24getRuntimeTypeInfoStaticEvE8typeInfo
0x7102475a78,0008,_ZZN2al35SensorMsgPlayerAttackRollingReflect24getRuntimeTypeInfoStaticEvE8typeInfo
0x7102475a80,0008,_ZGVZN2al35SensorMsgPlayerAttackRollingReflect24getRuntimeTypeInfoStaticEvE8typeInfo
0x7102475a88,0008,_ZZN2al37SensorMsgPlayerAttackObjRollingAttack24getRuntimeTypeInfoStaticEvE8typeInfo
0x7102475a90,0008,_ZGVZN2al37SensorMsgPlayerAttackObjRollingAttack24getRuntimeTypeInfoStaticEvE8typeInfo
0x7102475a98,0008,_ZZN2al44SensorMsgPlayerAttackObjRollingAttackFailure24getRuntimeTypeInfoStaticEvE8typeInfo
0x7102475aa0,0008,_ZGVZN2al44SensorMsgPlayerAttackObjRollingAttackFailure24getRuntimeTypeInfoStaticEvE8typeInfo
0x7102475aa8,0008,_ZZN2al37SensorMsgPlayerAttackInvincibleAttack24getRuntimeTypeInfoStaticEvE8typeInfo
0x7102475ab0,0008,_ZGVZN2al37SensorMsgPlayerAttackInvincibleAttack24getRuntimeTypeInfoStaticEvE8typeInfo
0x7102475ab8,0008,_ZZN2al35SensorMsgPlayerAttackFireBallAttack24getRuntimeTypeInfoStaticEvE8typeInfo
0x7102475ac0,0008,_ZGVZN2al35SensorMsgPlayerAttackFireBallAttack24getRuntimeTypeInfoStaticEvE8typeInfo
0x7102475ac8,0008,_ZZN2al45SensorMsgPlayerAttackRouteDokanFireBallAttack24getRuntimeTypeInfoStaticEvE8typeInfo
0x7102475ad0,0008,_ZGVZN2al45SensorMsgPlayerAttackRouteDokanFireBallAttack24getRuntimeTypeInfoStaticEvE8typeInfo
0x7102475ad8,0008,_ZZN2al31SensorMsgPlayerAttackTailAttack24getRuntimeTypeInfoStaticEvE8typeInfo
0x7102475ae0,0008,_ZGVZN2al31SensorMsgPlayerAttackTailAttack24getRuntimeTypeInfoStaticEvE8typeInfo
0x7102475ae8,0008,_ZZN2al20SensorMsgPlayerTouch24getRuntimeTypeInfoStaticEvE8typeInfo
0x7102475af0,0008,_ZGVZN2al20SensorMsgPlayerTouch24getRuntimeTypeInfoStaticEvE8typeInfo
0x7102475af8,0008,_ZZN2al25SensorMsgPlayerAttackKick24getRuntimeTypeInfoStaticEvE8typeInfo
0x7102475b00,0008,_ZGVZN2al25SensorMsgPlayerAttackKick24getRuntimeTypeInfoStaticEvE8typeInfo
0x7102475b08,0008,_ZZN2al26SensorMsgPlayerAttackCatch24getRuntimeTypeInfoStaticEvE8typeInfo
0x7102475b10,0008,_ZGVZN2al26SensorMsgPlayerAttackCatch24getRuntimeTypeInfoStaticEvE8typeInfo
0x7102475b18,0008,_ZZN2al34SensorMsgPlayerAttackSlidingAttack24getRuntimeTypeInfoStaticEvE8typeInfo
0x7102475b20,0008,_ZGVZN2al34SensorMsgPlayerAttackSlidingAttack24getRuntimeTypeInfoStaticEvE8typeInfo
0x7102475b28,0008,_ZZN2al36SensorMsgPlayerAttackBoomerangAttack24getRuntimeTypeInfoStaticEvE8typeInfo
0x7102475b30,0008,_ZGVZN2al36SensorMsgPlayerAttackBoomerangAttack24getRuntimeTypeInfoStaticEvE8typeInfo
0x7102475b38,0008,_ZZN2al43SensorMsgPlayerAttackBoomerangAttackCollide24getRuntimeTypeInfoStaticEvE8typeInfo
0x7102475b40,0008,_ZGVZN2al43SensorMsgPlayerAttackBoomerangAttackCollide24getRuntimeTypeInfoStaticEvE8typeInfo
0x7102475b48,0008,_ZZN2al37SensorMsgPlayerAttackBoomerangReflect24getRuntimeTypeInfoStaticEvE8typeInfo
0x7102475b50,0008,_ZGVZN2al37SensorMsgPlayerAttackBoomerangReflect24getRuntimeTypeInfoStaticEvE8typeInfo
0x7102475b58,0008,_ZZN2al35SensorMsgPlayerAttackBoomerangBreak24getRuntimeTypeInfoStaticEvE8typeInfo
0x7102475b60,0008,_ZGVZN2al35SensorMsgPlayerAttackBoomerangBreak24getRuntimeTypeInfoStaticEvE8typeInfo
0x7102475b68,0008,_ZZN2al31SensorMsgPlayerAttackBodyAttack24getRuntimeTypeInfoStaticEvE8typeInfo
0x7102475b70,0008,_ZGVZN2al31SensorMsgPlayerAttackBodyAttack24getRuntimeTypeInfoStaticEvE8typeInfo
0x7102475b78,0008,_ZZN2al32SensorMsgPlayerAttackBodyLanding24getRuntimeTypeInfoStaticEvE8typeInfo
0x7102475b80,0008,_ZGVZN2al32SensorMsgPlayerAttackBodyLanding24getRuntimeTypeInfoStaticEvE8typeInfo
0x7102475b88,0008,_ZZN2al38SensorMsgPlayerAttackBodyAttackReflect24getRuntimeTypeInfoStaticEvE8typeInfo
0x7102475b90,0008,_ZGVZN2al38SensorMsgPlayerAttackBodyAttackReflect24getRuntimeTypeInfoStaticEvE8typeInfo
0x7102475b98,0008,_ZZN2al32SensorMsgPlayerAttackClimbAttack24getRuntimeTypeInfoStaticEvE8typeInfo
0x7102475ba0,0008,_ZGVZN2al32SensorMsgPlayerAttackClimbAttack24getRuntimeTypeInfoStaticEvE8typeInfo
0x7102475ba8,0008,_ZZN2al31SensorMsgPlayerAttackSpinAttack24getRuntimeTypeInfoStaticEvE8typeInfo
0x7102475bb0,0008,_ZGVZN2al31SensorMsgPlayerAttackSpinAttack24getRuntimeTypeInfoStaticEvE8typeInfo
0x7102475bb8,0008,_ZZN2al26SensorMsgPlayerAttackGiant24getRuntimeTypeInfoStaticEvE8typeInfo
0x7102475bc0,0008,_ZGVZN2al26SensorMsgPlayerAttackGiant24getRuntimeTypeInfoStaticEvE8typeInfo
0x7102475bc8,0008,_ZZN2al33SensorMsgPlayerCooperationHipDrop24getRuntimeTypeInfoStaticEvE8typeInfo
0x7102475bd0,0008,_ZGVZN2al33SensorMsgPlayerCooperationHipDrop24getRuntimeTypeInfoStaticEvE8typeInfo
0x7102475bd8,0008,_ZZN2al33SensorMsgPlayerAttackClimbSliding24getRuntimeTypeInfoStaticEvE8typeInfo
0x7102475be0,0008,_ZGVZN2al33SensorMsgPlayerAttackClimbSliding24getRuntimeTypeInfoStaticEvE8typeInfo
0x7102475be8,0008,_ZZN2al33SensorMsgPlayerAttackClimbRolling24getRuntimeTypeInfoStaticEvE8typeInfo
0x7102475bf0,0008,_ZGVZN2al33SensorMsgPlayerAttackClimbRolling24getRuntimeTypeInfoStaticEvE8typeInfo
0x7102475bf8,0008,_ZZN2al27SensorMsgPlayerGiantHipDrop24getRuntimeTypeInfoStaticEvE8typeInfo
0x7102475c00,0008,_ZGVZN2al27SensorMsgPlayerGiantHipDrop24getRuntimeTypeInfoStaticEvE8typeInfo
0x7102475c08,0008,_ZZN2al24SensorMsgPlayerDisregard24getRuntimeTypeInfoStaticEvE8typeInfo
0x7102475c10,0008,_ZGVZN2al24SensorMsgPlayerDisregard24getRuntimeTypeInfoStaticEvE8typeInfo
0x7102475c18,0008,_ZZN2al22SensorMsgPlayerItemGet24getRuntimeTypeInfoStaticEvE8typeInfo
0x7102475c20,0008,_ZGVZN2al22SensorMsgPlayerItemGet24getRuntimeTypeInfoStaticEvE8typeInfo
0x7102475c28,0008,_ZZN2al29SensorMsgPlayerPutOnEquipment24getRuntimeTypeInfoStaticEvE8typeInfo
0x7102475c30,0008,_ZGVZN2al29SensorMsgPlayerPutOnEquipment24getRuntimeTypeInfoStaticEvE8typeInfo
0x7102475c38,0008,_ZZN2al31SensorMsgPlayerReleaseEquipment24getRuntimeTypeInfoStaticEvE8typeInfo
0x7102475c40,0008,_ZGVZN2al31SensorMsgPlayerReleaseEquipment24getRuntimeTypeInfoStaticEvE8typeInfo
0x7102475c48,0008,_ZZN2al35SensorMsgPlayerReleaseEquipmentGoal24getRuntimeTypeInfoStaticEvE8typeInfo
0x7102475c50,0008,_ZGVZN2al35SensorMsgPlayerReleaseEquipmentGoal24getRuntimeTypeInfoStaticEvE8typeInfo
0x7102475c58,0008,_ZZN2al25SensorMsgPlayerFloorTouch24getRuntimeTypeInfoStaticEvE8typeInfo
0x7102475c60,0008,_ZGVZN2al25SensorMsgPlayerFloorTouch24getRuntimeTypeInfoStaticEvE8typeInfo
0x7102475c68,0008,_ZZN2al26SensorMsgPlayerDamageTouch24getRuntimeTypeInfoStaticEvE8typeInfo
0x7102475c70,0008,_ZGVZN2al26SensorMsgPlayerDamageTouch24getRuntimeTypeInfoStaticEvE8typeInfo
0x7102475c78,0008,_ZZN2al25SensorMsgPlayerCarryFront24getRuntimeTypeInfoStaticEvE8typeInfo
0x7102475c80,0008,_ZGVZN2al25SensorMsgPlayerCarryFront24getRuntimeTypeInfoStaticEvE8typeInfo
0x7102475c88,0008,_ZZN2al33SensorMsgPlayerCarryFrontWallKeep24getRuntimeTypeInfoStaticEvE8typeInfo
0x7102475c90,0008,_ZGVZN2al33SensorMsgPlayerCarryFrontWallKeep24getRuntimeTypeInfoStaticEvE8typeInfo
0x7102475c98,0008,_ZZN2al22SensorMsgPlayerCarryUp24getRuntimeTypeInfoStaticEvE8typeInfo
0x7102475ca0,0008,_ZGVZN2al22SensorMsgPlayerCarryUp24getRuntimeTypeInfoStaticEvE8typeInfo
0x7102475ca8,0008,_ZZN2al28SensorMsgPlayerCarryKeepDemo24getRuntimeTypeInfoStaticEvE8typeInfo
0x7102475cb0,0008,_ZGVZN2al28SensorMsgPlayerCarryKeepDemo24getRuntimeTypeInfoStaticEvE8typeInfo
0x7102475cb8,0008,_ZZN2al24SensorMsgPlayerCarryWarp24getRuntimeTypeInfoStaticEvE8typeInfo
0x7102475cc0,0008,_ZGVZN2al24SensorMsgPlayerCarryWarp24getRuntimeTypeInfoStaticEvE8typeInfo
0x7102475cc8,0008,_ZZN2al20SensorMsgPlayerLeave24getRuntimeTypeInfoStaticEvE8typeInfo
0x7102475cd0,0008,_ZGVZN2al20SensorMsgPlayerLeave24getRuntimeTypeInfoStaticEvE8typeInfo
0x7102475cd8,0008,_ZZN2al22SensorMsgPlayerRelease24getRuntimeTypeInfoStaticEvE8typeInfo
0x7102475ce0,0008,_ZGVZN2al22SensorMsgPlayerRelease24getRuntimeTypeInfoStaticEvE8typeInfo
0x7102475ce8,0008,_ZZN2al29SensorMsgPlayerReleaseBySwing24getRuntimeTypeInfoStaticEvE8typeInfo
0x7102475cf0,0008,_ZGVZN2al29SensorMsgPlayerReleaseBySwing24getRuntimeTypeInfoStaticEvE8typeInfo
0x7102475cf8,0008,_ZZN2al28SensorMsgPlayerReleaseDamage24getRuntimeTypeInfoStaticEvE8typeInfo
0x7102475d00,0008,_ZGVZN2al28SensorMsgPlayerReleaseDamage24getRuntimeTypeInfoStaticEvE8typeInfo
0x7102475d08,0008,_ZZN2al26SensorMsgPlayerReleaseDead24getRuntimeTypeInfoStaticEvE8typeInfo
0x7102475d10,0008,_ZGVZN2al26SensorMsgPlayerReleaseDead24getRuntimeTypeInfoStaticEvE8typeInfo
0x7102475d18,0008,_ZZN2al26SensorMsgPlayerReleaseDemo24getRuntimeTypeInfoStaticEvE8typeInfo
0x7102475d20,0008,_ZGVZN2al26SensorMsgPlayerReleaseDemo24getRuntimeTypeInfoStaticEvE8typeInfo
0x7102475d28,0008,_ZZN2al19SensorMsgPlayerToss24getRuntimeTypeInfoStaticEvE8typeInfo
0x7102475d30,0008,_ZGVZN2al19SensorMsgPlayerToss24getRuntimeTypeInfoStaticEvE8typeInfo
0x7102475d38,0008,_ZZN2al30SensorMsgPlayerInvincibleTouch24getRuntimeTypeInfoStaticEvE8typeInfo
0x7102475d40,0008,_ZGVZN2al30SensorMsgPlayerInvincibleTouch24getRuntimeTypeInfoStaticEvE8typeInfo
0x7102475d48,0008,_ZZN2al20SensorMsgEnemyAttack24getRuntimeTypeInfoStaticEvE8typeInfo
0x7102475d50,0008,_ZGVZN2al20SensorMsgEnemyAttack24getRuntimeTypeInfoStaticEvE8typeInfo
0x7102475d58,0008,_ZZN2al29SensorMsgEnemyAttackBoomerang24getRuntimeTypeInfoStaticEvE8typeInfo
0x7102475d60,0008,_ZGVZN2al29SensorMsgEnemyAttackBoomerang24getRuntimeTypeInfoStaticEvE8typeInfo
0x7102475d68,0008,_ZZN2al24SensorMsgEnemyAttackFire24getRuntimeTypeInfoStaticEvE8typeInfo
0x7102475d70,0008,_ZGVZN2al24SensorMsgEnemyAttackFire24getRuntimeTypeInfoStaticEvE8typeInfo
0x7102475d78,0008,_ZZN2al26SensorMsgEnemyAttackNeedle24getRuntimeTypeInfoStaticEvE8typeInfo
0x7102475d80,0008,_ZGVZN2al26SensorMsgEnemyAttackNeedle24getRuntimeTypeInfoStaticEvE8typeInfo
0x7102475d88,0008,_ZZN2al24SensorMsgEnemyFloorTouch24getRuntimeTypeInfoStaticEvE8typeInfo
0x7102475d90,0008,_ZGVZN2al24SensorMsgEnemyFloorTouch24getRuntimeTypeInfoStaticEvE8typeInfo
0x7102475d98,0008,_ZZN2al21SensorMsgEnemyItemGet24getRuntimeTypeInfoStaticEvE8typeInfo
0x7102475da0,0008,_ZGVZN2al21SensorMsgEnemyItemGet24getRuntimeTypeInfoStaticEvE8typeInfo
0x7102475da8,0008,_ZZN2al30SensorMsgEnemyRouteDokanAttack24getRuntimeTypeInfoStaticEvE8typeInfo
0x7102475db0,0008,_ZGVZN2al30SensorMsgEnemyRouteDokanAttack24getRuntimeTypeInfoStaticEvE8typeInfo
0x7102475db8,0008,_ZZN2al28SensorMsgEnemyRouteDokanFire24getRuntimeTypeInfoStaticEvE8typeInfo
0x7102475dc0,0008,_ZGVZN2al28SensorMsgEnemyRouteDokanFire24getRuntimeTypeInfoStaticEvE8typeInfo
0x7102475dc8,0008,_ZZN2al19SensorMsgEnemyTouch24getRuntimeTypeInfoStaticEvE8typeInfo
0x7102475dd0,0008,_ZGVZN2al19SensorMsgEnemyTouch24getRuntimeTypeInfoStaticEvE8typeInfo
0x7102475dd8,0008,_ZZN2al24SensorMsgEnemyUpperPunch24getRuntimeTypeInfoStaticEvE8typeInfo
0x7102475de0,0008,_ZGVZN2al24SensorMsgEnemyUpperPunch24getRuntimeTypeInfoStaticEvE8typeInfo
0x7102475de8,0008,_ZZN2al21SensorMsgEnemyTrample24getRuntimeTypeInfoStaticEvE8typeInfo
0x7102475df0,0008,_ZGVZN2al21SensorMsgEnemyTrample24getRuntimeTypeInfoStaticEvE8typeInfo
0x7102475df8,0008,_ZZN2al22SensorMsgMapObjTrample24getRuntimeTypeInfoStaticEvE8typeInfo
0x7102475e00,0008,_ZGVZN2al22SensorMsgMapObjTrample24getRuntimeTypeInfoStaticEvE8typeInfo
0x7102475e08,0008,_ZZN2al22SensorMsgPressureDeath24getRuntimeTypeInfoStaticEvE8typeInfo
0x7102475e10,0008,_ZGVZN2al22SensorMsgPressureDeath24getRuntimeTypeInfoStaticEvE8typeInfo
0x7102475e18,0008,_ZZN2al17SensorMsgNpcTouch24getRuntimeTypeInfoStaticEvE8typeInfo
0x7102475e20,0008,_ZGVZN2al17SensorMsgNpcTouch24getRuntimeTypeInfoStaticEvE8typeInfo
0x7102475e28,0008,_ZZN2al18SensorMsgExplosion24getRuntimeTypeInfoStaticEvE8typeInfo
0x7102475e30,0008,_ZGVZN2al18SensorMsgExplosion24getRuntimeTypeInfoStaticEvE8typeInfo
0x7102475e38,0008,_ZZN2al25SensorMsgExplosionCollide24getRuntimeTypeInfoStaticEvE8typeInfo
0x7102475e40,0008,_ZGVZN2al25SensorMsgExplosionCollide24getRuntimeTypeInfoStaticEvE8typeInfo
0x7102475e48,0008,_ZZN2al13SensorMsgPush24getRuntimeTypeInfoStaticEvE8typeInfo
0x7102475e50,0008,_ZGVZN2al13SensorMsgPush24getRuntimeTypeInfoStaticEvE8typeInfo
0x7102475e58,0008,_ZZN2al19SensorMsgPushStrong24getRuntimeTypeInfoStaticEvE8typeInfo
0x7102475e60,0008,_ZGVZN2al19SensorMsgPushStrong24getRuntimeTypeInfoStaticEvE8typeInfo
0x7102475e68,0008,_ZZN2al23SensorMsgPushVeryStrong24getRuntimeTypeInfoStaticEvE8typeInfo
0x7102475e70,0008,_ZGVZN2al23SensorMsgPushVeryStrong24getRuntimeTypeInfoStaticEvE8typeInfo
0x7102475e78,0008,_ZZN2al12SensorMsgHit24getRuntimeTypeInfoStaticEvE8typeInfo
0x7102475e80,0008,_ZGVZN2al12SensorMsgHit24getRuntimeTypeInfoStaticEvE8typeInfo
0x7102475e88,0008,_ZZN2al18SensorMsgHitStrong24getRuntimeTypeInfoStaticEvE8typeInfo
0x7102475e90,0008,_ZGVZN2al18SensorMsgHitStrong24getRuntimeTypeInfoStaticEvE8typeInfo
0x7102475e98,0008,_ZZN2al22SensorMsgHitVeryStrong24getRuntimeTypeInfoStaticEvE8typeInfo
0x7102475ea0,0008,_ZGVZN2al22SensorMsgHitVeryStrong24getRuntimeTypeInfoStaticEvE8typeInfo
0x7102475ea8,0008,_ZZN2al18SensorMsgKnockDown24getRuntimeTypeInfoStaticEvE8typeInfo
0x7102475eb0,0008,_ZGVZN2al18SensorMsgKnockDown24getRuntimeTypeInfoStaticEvE8typeInfo
0x7102475eb8,0008,_ZZN2al15SensorMsgVanish24getRuntimeTypeInfoStaticEvE8typeInfo
0x7102475ec0,0008,_ZGVZN2al15SensorMsgVanish24getRuntimeTypeInfoStaticEvE8typeInfo
0x7102475ec8,0008,_ZZN2al20SensorMsgChangeAlpha24getRuntimeTypeInfoStaticEvE8typeInfo
0x7102475ed0,0008,_ZGVZN2al20SensorMsgChangeAlpha24getRuntimeTypeInfoStaticEvE8typeInfo
0x7102475ed8,0008,_ZZN2al18SensorMsgShowModel24getRuntimeTypeInfoStaticEvE8typeInfo
0x7102475ee0,0008,_ZGVZN2al18SensorMsgShowModel24getRuntimeTypeInfoStaticEvE8typeInfo
0x7102475ee8,0008,_ZZN2al18SensorMsgHideModel24getRuntimeTypeInfoStaticEvE8typeInfo
0x7102475ef0,0008,_ZGVZN2al18SensorMsgHideModel24getRuntimeTypeInfoStaticEvE8typeInfo
0x7102475ef8,0008,_ZZN2al16SensorMsgRestart24getRuntimeTypeInfoStaticEvE8typeInfo
0x7102475f00,0008,_ZGVZN2al16SensorMsgRestart24getRuntimeTypeInfoStaticEvE8typeInfo
0x7102475f08,0008,_ZZN2al25SensorMsgNeedleBallAttack24getRuntimeTypeInfoStaticEvE8typeInfo
0x7102475f10,0008,_ZGVZN2al25SensorMsgNeedleBallAttack24getRuntimeTypeInfoStaticEvE8typeInfo
0x7102475f18,0008,_ZZN2al25SensorMsgPunpunFloorTouch24getRuntimeTypeInfoStaticEvE8typeInfo
0x7102475f20,0008,_ZGVZN2al25SensorMsgPunpunFloorTouch24getRuntimeTypeInfoStaticEvE8typeInfo
0x7102475f28,0008,_ZZN2al28SensorMsgInvalidateFootPrint24getRuntimeTypeInfoStaticEvE8typeInfo
0x7102475f30,0008,_ZGVZN2al28SensorMsgInvalidateFootPrint24getRuntimeTypeInfoStaticEvE8typeInfo
0x7102475f38,0008,_ZZN2al24SensorMsgKickKouraAttack24getRuntimeTypeInfoStaticEvE8typeInfo
0x7102475f40,0008,_ZGVZN2al24SensorMsgKickKouraAttack24getRuntimeTypeInfoStaticEvE8typeInfo
0x7102475f48,0008,_ZZN2al31SensorMsgKickKouraAttackCollide24getRuntimeTypeInfoStaticEvE8typeInfo
0x7102475f50,0008,_ZGVZN2al31SensorMsgKickKouraAttackCollide24getRuntimeTypeInfoStaticEvE8typeInfo
0x7102475f58,0008,_ZZN2al25SensorMsgKickKouraGetItem24getRuntimeTypeInfoStaticEvE8typeInfo
0x7102475f60,0008,_ZGVZN2al25SensorMsgKickKouraGetItem24getRuntimeTypeInfoStaticEvE8typeInfo
0x7102475f68,0008,_ZZN2al25SensorMsgKickKouraReflect24getRuntimeTypeInfoStaticEvE8typeInfo
0x7102475f70,0008,_ZGVZN2al25SensorMsgKickKouraReflect24getRuntimeTypeInfoStaticEvE8typeInfo
0x7102475f78,0008,_ZZN2al34SensorMsgKickKouraCollideNoReflect24getRuntimeTypeInfoStaticEvE8typeInfo
0x7102475f80,0008,_ZGVZN2al34SensorMsgKickKouraCollideNoReflect24getRuntimeTypeInfoStaticEvE8typeInfo
0x7102475f88,0008,_ZZN2al23SensorMsgKickKouraBreak24getRuntimeTypeInfoStaticEvE8typeInfo
0x7102475f90,0008,_ZGVZN2al23SensorMsgKickKouraBreak24getRuntimeTypeInfoStaticEvE8typeInfo
0x7102475f98,0008,_ZZN2al22SensorMsgKickKouraBlow24getRuntimeTypeInfoStaticEvE8typeInfo
0x7102475fa0,0008,_ZGVZN2al22SensorMsgKickKouraBlow24getRuntimeTypeInfoStaticEvE8typeInfo
0x7102475fa8,0008,_ZZN2al24SensorMsgKickStoneAttack24getRuntimeTypeInfoStaticEvE8typeInfo
0x7102475fb0,0008,_ZGVZN2al24SensorMsgKickStoneAttack24getRuntimeTypeInfoStaticEvE8typeInfo
0x7102475fb8,0008,_ZZN2al31SensorMsgKickStoneAttackCollide24getRuntimeTypeInfoStaticEvE8typeInfo
0x7102475fc0,0008,_ZGVZN2al31SensorMsgKickStoneAttackCollide24getRuntimeTypeInfoStaticEvE8typeInfo
0x7102475fc8,0008,_ZZN2al28SensorMsgKickStoneAttackHold24getRuntimeTypeInfoStaticEvE8typeInfo
0x7102475fd0,0008,_ZGVZN2al28SensorMsgKickStoneAttackHold24getRuntimeTypeInfoStaticEvE8typeInfo
0x7102475fd8,0008,_ZZN2al31SensorMsgKickStoneAttackReflect24getRuntimeTypeInfoStaticEvE8typeInfo
0x7102475fe0,0008,_ZGVZN2al31SensorMsgKickStoneAttackReflect24getRuntimeTypeInfoStaticEvE8typeInfo
0x7102475fe8,0008,_ZZN2al25SensorMsgKickStoneTrample24getRuntimeTypeInfoStaticEvE8typeInfo
0x7102475ff0,0008,_ZGVZN2al25SensorMsgKickStoneTrample24getRuntimeTypeInfoStaticEvE8typeInfo
0x7102475ff8,0008,_ZZN2al21SensorMsgKillerAttack24getRuntimeTypeInfoStaticEvE8typeInfo
0x7102476000,0008,_ZGVZN2al21SensorMsgKillerAttack24getRuntimeTypeInfoStaticEvE8typeInfo
0x7102476008,0008,_ZZN2al19SensorMsgLiftGeyser24getRuntimeTypeInfoStaticEvE8typeInfo
0x7102476010,0008,_ZGVZN2al19SensorMsgLiftGeyser24getRuntimeTypeInfoStaticEvE8typeInfo
0x7102476018,0008,_ZZN2al18SensorMsgWarpStart24getRuntimeTypeInfoStaticEvE8typeInfo
0x7102476020,0008,_ZGVZN2al18SensorMsgWarpStart24getRuntimeTypeInfoStaticEvE8typeInfo
0x7102476028,0008,_ZZN2al16SensorMsgWarpEnd24getRuntimeTypeInfoStaticEvE8typeInfo
0x7102476030,0008,_ZGVZN2al16SensorMsgWarpEnd24getRuntimeTypeInfoStaticEvE8typeInfo
0x7102476038,0008,_ZZN2al19SensorMsgHoldCancel24getRuntimeTypeInfoStaticEvE8typeInfo
0x7102476040,0008,_ZGVZN2al19SensorMsgHoldCancel24getRuntimeTypeInfoStaticEvE8typeInfo
0x7102476048,0008,_ZZN2al15SensorMsgHoleIn24getRuntimeTypeInfoStaticEvE8typeInfo
0x7102476050,0008,_ZGVZN2al15SensorMsgHoleIn24getRuntimeTypeInfoStaticEvE8typeInfo
0x7102476058,0008,_ZZN2al20SensorMsgJumpInhibit24getRuntimeTypeInfoStaticEvE8typeInfo
0x7102476060,0008,_ZGVZN2al20SensorMsgJumpInhibit24getRuntimeTypeInfoStaticEvE8typeInfo
0x7102476068,0008,_ZZN2al17SensorMsgGoalKill24getRuntimeTypeInfoStaticEvE8typeInfo
0x7102476070,0008,_ZGVZN2al17SensorMsgGoalKill24getRuntimeTypeInfoStaticEvE8typeInfo
0x7102476078,0008,_ZZN2al13SensorMsgGoal24getRuntimeTypeInfoStaticEvE8typeInfo
0x7102476080,0008,_ZGVZN2al13SensorMsgGoal24getRuntimeTypeInfoStaticEvE8typeInfo
0x7102476088,0008,_ZZN2al18SensorMsgBindStart24getRuntimeTypeInfoStaticEvE8typeInfo
0x7102476090,0008,_ZGVZN2al18SensorMsgBindStart24getRuntimeTypeInfoStaticEvE8typeInfo
0x7102476098,0008,_ZZN2al17SensorMsgBindInit24getRuntimeTypeInfoStaticEvE8typeInfo
0x71024760a0,0008,_ZGVZN2al17SensorMsgBindInit24getRuntimeTypeInfoStaticEvE8typeInfo
0x71024760a8,0008,_ZZN2al16SensorMsgBindEnd24getRuntimeTypeInfoStaticEvE8typeInfo
0x71024760b0,0008,_ZGVZN2al16SensorMsgBindEnd24getRuntimeTypeInfoStaticEvE8typeInfo
0x71024760b8,0008,_ZZN2al19SensorMsgBindCancel24getRuntimeTypeInfoStaticEvE8typeInfo
0x71024760c0,0008,_ZGVZN2al19SensorMsgBindCancel24getRuntimeTypeInfoStaticEvE8typeInfo
0x71024760c8,0008,_ZZN2al25SensorMsgBindCancelByDemo24getRuntimeTypeInfoStaticEvE8typeInfo
0x71024760d0,0008,_ZGVZN2al25SensorMsgBindCancelByDemo24getRuntimeTypeInfoStaticEvE8typeInfo
0x71024760d8,0008,_ZZN2al19SensorMsgBindDamage24getRuntimeTypeInfoStaticEvE8typeInfo
0x71024760e0,0008,_ZGVZN2al19SensorMsgBindDamage24getRuntimeTypeInfoStaticEvE8typeInfo
0x71024760e8,0008,_ZZN2al18SensorMsgBindSteal24getRuntimeTypeInfoStaticEvE8typeInfo
0x71024760f0,0008,_ZGVZN2al18SensorMsgBindSteal24getRuntimeTypeInfoStaticEvE8typeInfo
0x71024760f8,0008,_ZZN2al18SensorMsgBindGiant24getRuntimeTypeInfoStaticEvE8typeInfo
0x7102476100,0008,_ZGVZN2al18SensorMsgBindGiant24getRuntimeTypeInfoStaticEvE8typeInfo
0x7102476108,0008,_ZZN2al19SensorMsgBallAttack24getRuntimeTypeInfoStaticEvE8typeInfo
0x7102476110,0008,_ZGVZN2al19SensorMsgBallAttack24getRuntimeTypeInfoStaticEvE8typeInfo
0x7102476118,0008,_ZZN2al29SensorMsgBallRouteDokanAttack24getRuntimeTypeInfoStaticEvE8typeInfo
0x7102476120,0008,_ZGVZN2al29SensorMsgBallRouteDokanAttack24getRuntimeTypeInfoStaticEvE8typeInfo
0x7102476128,0008,_ZZN2al23SensorMsgBallAttackHold24getRuntimeTypeInfoStaticEvE8typeInfo
0x7102476130,0008,_ZGVZN2al23SensorMsgBallAttackHold24getRuntimeTypeInfoStaticEvE8typeInfo
0x7102476138,0008,_ZZN2al26SensorMsgBallAttackDRCHold24getRuntimeTypeInfoStaticEvE8typeInfo
0x7102476140,0008,_ZGVZN2al26SensorMsgBallAttackDRCHold24getRuntimeTypeInfoStaticEvE8typeInfo
0x7102476148,0008,_ZZN2al26SensorMsgBallAttackCollide24getRuntimeTypeInfoStaticEvE8typeInfo
0x7102476150,0008,_ZGVZN2al26SensorMsgBallAttackCollide24getRuntimeTypeInfoStaticEvE8typeInfo
0x7102476158,0008,_ZZN2al20SensorMsgBallTrample24getRuntimeTypeInfoStaticEvE8typeInfo
0x7102476160,0008,_ZGVZN2al20SensorMsgBallTrample24getRuntimeTypeInfoStaticEvE8typeInfo
0x7102476168,0008,_ZZN2al27SensorMsgBallTrampleCollide24getRuntimeTypeInfoStaticEvE8typeInfo
0x7102476170,0008,_ZGVZN2al27SensorMsgBallTrampleCollide24getRuntimeTypeInfoStaticEvE8typeInfo
0x7102476178,0008,_ZZN2al20SensorMsgBallItemGet24getRuntimeTypeInfoStaticEvE8typeInfo
0x7102476180,0008,_ZGVZN2al20SensorMsgBallItemGet24getRuntimeTypeInfoStaticEvE8typeInfo
0x7102476188,0008,_ZZN2al24SensorMsgFireBallCollide24getRuntimeTypeInfoStaticEvE8typeInfo
0x7102476190,0008,_ZGVZN2al24SensorMsgFireBallCollide24getRuntimeTypeInfoStaticEvE8typeInfo
0x7102476198,0008,_ZZN2al27SensorMsgFireBallFloorTouch24getRuntimeTypeInfoStaticEvE8typeInfo
0x71024761a0,0008,_ZGVZN2al27SensorMsgFireBallFloorTouch24getRuntimeTypeInfoStaticEvE8typeInfo
0x71024761a8,0008,_ZZN2al27SensorMsgDokanBazookaAttack24getRuntimeTypeInfoStaticEvE8typeInfo
0x71024761b0,0008,_ZGVZN2al27SensorMsgDokanBazookaAttack24getRuntimeTypeInfoStaticEvE8typeInfo
0x71024761b8,0008,_ZZN2al29SensorMsgRideAllPlayerItemGet24getRuntimeTypeInfoStaticEvE8typeInfo
0x71024761c0,0008,_ZGVZN2al29SensorMsgRideAllPlayerItemGet24getRuntimeTypeInfoStaticEvE8typeInfo
0x71024761c8,0008,_ZZN2al25SensorMsgCollisionImpulse24getRuntimeTypeInfoStaticEvE8typeInfo
0x71024761d0,0008,_ZGVZN2al25SensorMsgCollisionImpulse24getRuntimeTypeInfoStaticEvE8typeInfo
0x71024761d8,0008,_ZZN2al17SensorMsgSwitchOn24getRuntimeTypeInfoStaticEvE8typeInfo
0x71024761e0,0008,_ZGVZN2al17SensorMsgSwitchOn24getRuntimeTypeInfoStaticEvE8typeInfo
0x71024761e8,0008,_ZZN2al21SensorMsgSwitchOnInit24getRuntimeTypeInfoStaticEvE8typeInfo
0x71024761f0,0008,_ZGVZN2al21SensorMsgSwitchOnInit24getRuntimeTypeInfoStaticEvE8typeInfo
0x71024761f8,0008,_ZZN2al22SensorMsgSwitchOffInit24getRuntimeTypeInfoStaticEvE8typeInfo
0x7102476200,0008,_ZGVZN2al22SensorMsgSwitchOffInit24getRuntimeTypeInfoStaticEvE8typeInfo
0x7102476208,0008,_ZZN2al21SensorMsgSwitchKillOn24getRuntimeTypeInfoStaticEvE8typeInfo
0x7102476210,0008,_ZGVZN2al21SensorMsgSwitchKillOn24getRuntimeTypeInfoStaticEvE8typeInfo
0x7102476218,0008,_ZZN2al25SensorMsgSwitchKillOnInit24getRuntimeTypeInfoStaticEvE8typeInfo
0x7102476220,0008,_ZGVZN2al25SensorMsgSwitchKillOnInit24getRuntimeTypeInfoStaticEvE8typeInfo
0x7102476228,0008,_ZZN2al26SensorMsgSwitchKillOffInit24getRuntimeTypeInfoStaticEvE8typeInfo
0x7102476230,0008,_ZGVZN2al26SensorMsgSwitchKillOffInit24getRuntimeTypeInfoStaticEvE8typeInfo
0x7102476238,0008,_ZZN2al23SensorMsgAskSafetyPoint24getRuntimeTypeInfoStaticEvE8typeInfo
0x7102476240,0008,_ZGVZN2al23SensorMsgAskSafetyPoint24getRuntimeTypeInfoStaticEvE8typeInfo
0x7102476248,0008,_ZZN2al20SensorMsgTouchAssist24getRuntimeTypeInfoStaticEvE8typeInfo
0x7102476250,0008,_ZGVZN2al20SensorMsgTouchAssist24getRuntimeTypeInfoStaticEvE8typeInfo
0x7102476258,0008,_ZZN2al24SensorMsgTouchAssistTrig24getRuntimeTypeInfoStaticEvE8typeInfo
0x7102476260,0008,_ZGVZN2al24SensorMsgTouchAssistTrig24getRuntimeTypeInfoStaticEvE8typeInfo
0x7102476268,0008,_ZZN2al20SensorMsgTouchStroke24getRuntimeTypeInfoStaticEvE8typeInfo
0x7102476270,0008,_ZGVZN2al20SensorMsgTouchStroke24getRuntimeTypeInfoStaticEvE8typeInfo
0x7102476278,0008,_ZZN2al41SensorMsgScreenPointInvalidCollisionParts24getRuntimeTypeInfoStaticEvE8typeInfo
0x7102476280,0008,_ZGVZN2al41SensorMsgScreenPointInvalidCollisionParts24getRuntimeTypeInfoStaticEvE8typeInfo
0x7102476288,0008,_ZZN2al24SensorMsgBlockUpperPunch24getRuntimeTypeInfoStaticEvE8typeInfo
0x7102476290,0008,_ZGVZN2al24SensorMsgBlockUpperPunch24getRuntimeTypeInfoStaticEvE8typeInfo
0x7102476298,0008,_ZZN2al24SensorMsgBlockLowerPunch24getRuntimeTypeInfoStaticEvE8typeInfo
0x71024762a0,0008,_ZGVZN2al24SensorMsgBlockLowerPunch24getRuntimeTypeInfoStaticEvE8typeInfo
0x71024762a8,0008,_ZZN2al21SensorMsgBlockItemGet24getRuntimeTypeInfoStaticEvE8typeInfo
0x71024762b0,0008,_ZGVZN2al21SensorMsgBlockItemGet24getRuntimeTypeInfoStaticEvE8typeInfo
0x71024762b8,0008,_ZZN2al22SensorMsgKillerItemGet24getRuntimeTypeInfoStaticEvE8typeInfo
0x71024762c0,0008,_ZGVZN2al22SensorMsgKillerItemGet24getRuntimeTypeInfoStaticEvE8typeInfo
0x71024762c8,0008,_ZZN2al26SensorMsgPlayerKouraAttack24getRuntimeTypeInfoStaticEvE8typeInfo
0x71024762d0,0008,_ZGVZN2al26SensorMsgPlayerKouraAttack24getRuntimeTypeInfoStaticEvE8typeInfo
0x71024762d8,0008,_ZZN2al19SensorMsgLightFlash24getRuntimeTypeInfoStaticEvE8typeInfo
0x71024762e0,0008,_ZGVZN2al19SensorMsgLightFlash24getRuntimeTypeInfoStaticEvE8typeInfo
0x71024762e8,0008,_ZZN2al19SensorMsgForceAbyss24getRuntimeTypeInfoStaticEvE8typeInfo
0x71024762f0,0008,_ZGVZN2al19SensorMsgForceAbyss24getRuntimeTypeInfoStaticEvE8typeInfo
0x71024762f8,0008,_ZZN2al29SensorMsgIsNerveSupportFreeze24getRuntimeTypeInfoStaticEvE8typeInfo
0x7102476300,0008,_ZGVZN2al29SensorMsgIsNerveSupportFreeze24getRuntimeTypeInfoStaticEvE8typeInfo
0x7102476308,0008,_ZZN2al28SensorMsgOnSyncSupportFreeze24getRuntimeTypeInfoStaticEvE8typeInfo
0x7102476310,0008,_ZGVZN2al28SensorMsgOnSyncSupportFreeze24getRuntimeTypeInfoStaticEvE8typeInfo
0x7102476318,0008,_ZZN2al29SensorMsgOffSyncSupportFreeze24getRuntimeTypeInfoStaticEvE8typeInfo
0x7102476320,0008,_ZGVZN2al29SensorMsgOffSyncSupportFreeze24getRuntimeTypeInfoStaticEvE8typeInfo
0x7102476328,0008,_ZZN2al28SensorMsgSwordAttackHighLeft24getRuntimeTypeInfoStaticEvE8typeInfo
0x7102476330,0008,_ZGVZN2al28SensorMsgSwordAttackHighLeft24getRuntimeTypeInfoStaticEvE8typeInfo
0x7102476338,0008,_ZZN2al27SensorMsgSwordAttackLowLeft24getRuntimeTypeInfoStaticEvE8typeInfo
0x7102476340,0008,_ZGVZN2al27SensorMsgSwordAttackLowLeft24getRuntimeTypeInfoStaticEvE8typeInfo
0x7102476348,0008,_ZZN2al29SensorMsgSwordAttackHighRight24getRuntimeTypeInfoStaticEvE8typeInfo
0x7102476350,0008,_ZGVZN2al29SensorMsgSwordAttackHighRight24getRuntimeTypeInfoStaticEvE8typeInfo
0x7102476358,0008,_ZZN2al28SensorMsgSwordAttackLowRight24getRuntimeTypeInfoStaticEvE8typeInfo
0x7102476360,0008,_ZGVZN2al28SensorMsgSwordAttackLowRight24getRuntimeTypeInfoStaticEvE8typeInfo
0x7102476368,0008,_ZZN2al29SensorMsgSwordAttackJumpUnder24getRuntimeTypeInfoStaticEvE8typeInfo
0x7102476370,0008,_ZGVZN2al29SensorMsgSwordAttackJumpUnder24getRuntimeTypeInfoStaticEvE8typeInfo
0x7102476378,0008,_ZZN2al24SensorMsgSwordBeamAttack24getRuntimeTypeInfoStaticEvE8typeInfo
0x7102476380,0008,_ZGVZN2al24SensorMsgSwordBeamAttack24getRuntimeTypeInfoStaticEvE8typeInfo
0x7102476388,0008,_ZZN2al31SensorMsgSwordBeamReflectAttack24getRuntimeTypeInfoStaticEvE8typeInfo
0x7102476390,0008,_ZGVZN2al31SensorMsgSwordBeamReflectAttack24getRuntimeTypeInfoStaticEvE8typeInfo
0x7102476398,0008,_ZZN2al20SensorMsgShieldGuard24getRuntimeTypeInfoStaticEvE8typeInfo
0x71024763a0,0008,_ZGVZN2al20SensorMsgShieldGuard24getRuntimeTypeInfoStaticEvE8typeInfo
0x71024763a8,0008,_ZZN2al29SensorMsgEnemyAttackKnockDown24getRuntimeTypeInfoStaticEvE8typeInfo
0x71024763b0,0008,_ZGVZN2al29SensorMsgEnemyAttackKnockDown24getRuntimeTypeInfoStaticEvE8typeInfo
0x71024763b8,0008,_ZZN2al28SensorMsgAskMultiPlayerEnemy24getRuntimeTypeInfoStaticEvE8typeInfo
0x71024763c0,0008,_ZGVZN2al28SensorMsgAskMultiPlayerEnemy24getRuntimeTypeInfoStaticEvE8typeInfo
0x71024763c8,0008,_ZZN2al21SensorMsgItemGettable24getRuntimeTypeInfoStaticEvE8typeInfo
0x71024763d0,0008,_ZGVZN2al21SensorMsgItemGettable24getRuntimeTypeInfoStaticEvE8typeInfo
0x71024763d8,0008,_ZZN2al19SensorMsgKikkiThrow24getRuntimeTypeInfoStaticEvE8typeInfo
0x71024763e0,0008,_ZGVZN2al19SensorMsgKikkiThrow24getRuntimeTypeInfoStaticEvE8typeInfo
0x71024763e8,0008,_ZZN2al27SensorMsgIsKikkiThrowTarget24getRuntimeTypeInfoStaticEvE8typeInfo
0x71024763f0,0008,_ZGVZN2al27SensorMsgIsKikkiThrowTarget24getRuntimeTypeInfoStaticEvE8typeInfo
0x71024763f8,0008,_ZZN2al23SensorMsgPlayerCloudGet24getRuntimeTypeInfoStaticEvE8typeInfo
0x7102476400,0008,_ZGVZN2al23SensorMsgPlayerCloudGet24getRuntimeTypeInfoStaticEvE8typeInfo
0x7102476408,0008,_ZZN2al17SensorMsgAutoJump24getRuntimeTypeInfoStaticEvE8typeInfo
0x7102476410,0008,_ZGVZN2al17SensorMsgAutoJump24getRuntimeTypeInfoStaticEvE8typeInfo
0x7102476418,0008,_ZZN2al26SensorMsgPlayerTouchShadow24getRuntimeTypeInfoStaticEvE8typeInfo
0x7102476420,0008,_ZGVZN2al26SensorMsgPlayerTouchShadow24getRuntimeTypeInfoStaticEvE8typeInfo
0x7102476428,0008,_ZZN2al28SensorMsgPlayerPullOutShadow24getRuntimeTypeInfoStaticEvE8typeInfo
0x7102476430,0008,_ZGVZN2al28SensorMsgPlayerPullOutShadow24getRuntimeTypeInfoStaticEvE8typeInfo
0x7102476438,0008,_ZZN2al27SensorMsgPlayerAttackShadow24getRuntimeTypeInfoStaticEvE8typeInfo
0x7102476440,0008,_ZGVZN2al27SensorMsgPlayerAttackShadow24getRuntimeTypeInfoStaticEvE8typeInfo
0x7102476448,0008,_ZZN2al33SensorMsgPlayerAttackShadowStrong24getRuntimeTypeInfoStaticEvE8typeInfo
0x7102476450,0008,_ZGVZN2al33SensorMsgPlayerAttackShadowStrong24getRuntimeTypeInfoStaticEvE8typeInfo
0x7102476458,0008,_ZZN2al30SensorMsgPlayerAttackChangePos24getRuntimeTypeInfoStaticEvE8typeInfo
0x7102476460,0008,_ZGVZN2al30SensorMsgPlayerAttackChangePos24getRuntimeTypeInfoStaticEvE8typeInfo
0x7102476468,0008,_ZZN2al25SensorMsgAtmosOnlineLight24getRuntimeTypeInfoStaticEvE8typeInfo
0x7102476470,0008,_ZGVZN2al25SensorMsgAtmosOnlineLight24getRuntimeTypeInfoStaticEvE8typeInfo
0x7102476478,0008,_ZZN2al18SensorMsgLightBurn24getRuntimeTypeInfoStaticEvE8typeInfo
0x7102476480,0008,_ZGVZN2al18SensorMsgLightBurn24getRuntimeTypeInfoStaticEvE8typeInfo
0x7102476488,0008,_ZZN2al22SensorMsgMoonLightBurn24getRuntimeTypeInfoStaticEvE8typeInfo
0x7102476490,0008,_ZGVZN2al22SensorMsgMoonLightBurn24getRuntimeTypeInfoStaticEvE8typeInfo
0x7102476498,0008,_ZZN2al15SensorMsgString24getRuntimeTypeInfoStaticEvE8typeInfo
0x71024764a0,0008,_ZGVZN2al15SensorMsgString24getRuntimeTypeInfoStaticEvE8typeInfo
0x71024764a8,0008,_ZZN2al21SensorMsgStringV4fPtr24getRuntimeTypeInfoStaticEvE8typeInfo
0x71024764b0,0008,_ZGVZN2al21SensorMsgStringV4fPtr24getRuntimeTypeInfoStaticEvE8typeInfo
0x71024764b8,0008,_ZZN2al27SensorMsgStringV4fSensorPtr24getRuntimeTypeInfoStaticEvE8typeInfo
0x71024764c0,0008,_ZGVZN2al27SensorMsgStringV4fSensorPtr24getRuntimeTypeInfoStaticEvE8typeInfo
0x71024764c8,0008,_ZZN2al22SensorMsgStringVoidPtr24getRuntimeTypeInfoStaticEvE8typeInfo
0x71024764d0,0008,_ZGVZN2al22SensorMsgStringVoidPtr24getRuntimeTypeInfoStaticEvE8typeInfo
0x71024764d8,0008,_ZZN2al20SensorMsgCollidePush24getRuntimeTypeInfoStaticEvE8typeInfo
0x71024764e0,0008,_ZGVZN2al20SensorMsgCollidePush24getRuntimeTypeInfoStaticEvE8typeInfo
0x71024764e8,0008,_ZZN2al25SensorMsgPlayerAttackDash24getRuntimeTypeInfoStaticEvE8typeInfo
0x71024764f0,0008,_ZGVZN2al25SensorMsgPlayerAttackDash24getRuntimeTypeInfoStaticEvE8typeInfo
0x71024764f8,0008,_ZZN2al29SensorMsgPlayerFloorTouchBind24getRuntimeTypeInfoStaticEvE8typeInfo
0x7102476500,0008,_ZGVZN2al29SensorMsgPlayerFloorTouchBind24getRuntimeTypeInfoStaticEvE8typeInfo
0x7102476508,0008,_ZZN2al25SensorMsgPlayerGiantTouch24getRuntimeTypeInfoStaticEvE8typeInfo
0x7102476510,0008,_ZGVZN2al25SensorMsgPlayerGiantTouch24getRuntimeTypeInfoStaticEvE8typeInfo
0x7102476518,0008,_ZZN2al25SensorMsgTouchAssistNoPat24getRuntimeTypeInfoStaticEvE8typeInfo
0x7102476520,0008,_ZGVZN2al25SensorMsgTouchAssistNoPat24getRuntimeTypeInfoStaticEvE8typeInfo
0x7102476528,0008,_ZZN2al27SensorMsgTouchAssistTrigOff24getRuntimeTypeInfoStaticEvE8typeInfo
0x7102476530,0008,_ZGVZN2al27SensorMsgTouchAssistTrigOff24getRuntimeTypeInfoStaticEvE8typeInfo
0x7102476538,0008,_ZZN2al29SensorMsgTouchAssistTrigNoPat24getRuntimeTypeInfoStaticEvE8typeInfo
0x7102476540,0008,_ZGVZN2al29SensorMsgTouchAssistTrigNoPat24getRuntimeTypeInfoStaticEvE8typeInfo
0x7102476548,0008,_ZZN2al24SensorMsgTouchAssistBurn24getRuntimeTypeInfoStaticEvE8typeInfo
0x7102476550,0008,_ZGVZN2al24SensorMsgTouchAssistBurn24getRuntimeTypeInfoStaticEvE8typeInfo
0x7102476558,0008,_ZZN2al23SensorMsgTouchCarryItem24getRuntimeTypeInfoStaticEvE8typeInfo
0x7102476560,0008,_ZGVZN2al23SensorMsgTouchCarryItem24getRuntimeTypeInfoStaticEvE8typeInfo
0x7102476568,0008,_ZZN2al25SensorMsgTouchReleaseItem24getRuntimeTypeInfoStaticEvE8typeInfo
0x7102476570,0008,_ZGVZN2al25SensorMsgTouchReleaseItem24getRuntimeTypeInfoStaticEvE8typeInfo
0x7102476bb8,0008,_ZZN4sead16RegionLanguageID5text_EiE9spTextPtr
0x7102476bc0,0120,_ZZN4sead16RegionLanguageID5text_EiE8sTextAll
0x7102476c38,0008,_ZGVZN4sead16RegionLanguageID5text_EiE8sTextAll
0x7102476c40,0128,_ZZN4sead16RegionLanguageID5text_EiE8sTextPtr
0x7102476cc0,0008,_ZN15alNerveFunction20NerveActionCollector17sCurrentCollectorE
0x7102476cc8,0008,_ZN2al13NetworkSystem8sNexHeapE
0x7102476dc8,0008,_ZZN2al12GridMeshType5text_EiE9spTextPtr
0x7102476dd0,0056,_ZZN2al12GridMeshType5text_EiE8sTextAll
0x7102476e08,0008,_ZGVZN2al12GridMeshType5text_EiE8sTextAll
0x7102476e10,0024,_ZZN2al12GridMeshType5text_EiE8sTextPtr
0x7102476e28,0008,_ZZN3agl2fx7OfxBase10PresetBase24getRuntimeTypeInfoStaticEvE8typeInfo
0x7102476e30,0008,_ZGVZN3agl2fx7OfxBase10PresetBase24getRuntimeTypeInfoStaticEvE8typeInfo
0x7102476e38,0008,_ZZN3agl2fx12OfxLensFlare6Preset24getRuntimeTypeInfoStaticEvE8typeInfo
0x7102476e40,0008,_ZGVZN3agl2fx12OfxLensFlare6Preset24getRuntimeTypeInfoStaticEvE8typeInfo
0x7102476e48,0008,_ZZN3agl2fx19OfxLensFlareDynamic24getRuntimeTypeInfoStaticEvE8typeInfo
0x7102476e50,0008,_ZGVZN3agl2fx19OfxLensFlareDynamic24getRuntimeTypeInfoStaticEvE8typeInfo
0x7102476e58,0008,_ZZN3agl2fx12OfxLensFlare24getRuntimeTypeInfoStaticEvE8typeInfo
0x7102476e60,0008,_ZGVZN3agl2fx12OfxLensFlare24getRuntimeTypeInfoStaticEvE8typeInfo
0x7102476e68,0008,_ZZN3agl2fx7OfxBase24getRuntimeTypeInfoStaticEvE8typeInfo
0x7102476e70,0008,_ZGVZN3agl2fx7OfxBase24getRuntimeTypeInfoStaticEvE8typeInfo
0x7102596ee8,0008,_ZZN2al18SeRollOffCurveType5text_EiE9spTextPtr
0x7102596ef0,0120,_ZZN2al18SeRollOffCurveType5text_EiE8sTextAll
0x7102596f68,0008,_ZGVZN2al18SeRollOffCurveType5text_EiE8sTextAll
0x7102596f70,0056,_ZZN2al18SeRollOffCurveType5text_EiE8sTextPtr
0x7102596fa8,0008,_ZZN2al15SeRtpcInputType5text_EiE9spTextPtr
0x7102596fb0,0192,_ZZN2al15SeRtpcInputType5text_EiE8sTextAll
0x7102597070,0008,_ZGVZN2al15SeRtpcInputType5text_EiE8sTextAll
0x7102597078,0064,_ZZN2al15SeRtpcInputType5text_EiE8sTextPtr
0x71025970b8,0008,_ZZN2al17SeFluctuationType5text_EiE9spTextPtr
0x71025970c0,0056,_ZZN2al17SeFluctuationType5text_EiE8sTextAll
0x71025970f8,0008,_ZGVZN2al17SeFluctuationType5text_EiE8sTextAll
0x7102597100,0024,_ZZN2al17SeFluctuationType5text_EiE8sTextPtr
0x7102597118,0032,_ZN2al26cSpeakerArrange5Point1ItuRE
0x7102597138,0032,_ZN2al28cSpeakerArrange5Point1SquareE
0x7102597158,0016,_ZN2al21cSpeakerArrangeStereoE
0x7102597168,0024,_ZN2al18cSpeakerArrange4chE
0x71025977a0,0008,_ZZN2al13ProcTex2DType5text_EiE9spTextPtr
0x71025977a8,0064,_ZZN2al13ProcTex2DType5text_EiE8sTextAll
0x71025977e8,0008,_ZGVZN2al13ProcTex2DType5text_EiE8sTextAll
0x71025977f0,0032,_ZZN2al13ProcTex2DType5text_EiE8sTextPtr
0x7102597810,0008,_ZZN2al13ProcTex3DType5text_EiE9spTextPtr
0x7102597818,0192,_ZZN2al13ProcTex3DType5text_EiE8sTextAll
0x71025978d8,0008,_ZGVZN2al13ProcTex3DType5text_EiE8sTextAll
0x71025978e0,0120,_ZZN2al13ProcTex3DType5text_EiE8sTextPtr
0x7102597958,0008,_ZN2al12ShaderHolder18SingletonDisposer_15sStaticDisposerE
0x7102597960,0008,_ZN2al12ShaderHolder9sInstanceE
0x7102597a18,0008,_ZZN2al22ShadowMaskDrawCategory5text_EiE9spTextPtr
0x7102597a20,0088,_ZZN2al22ShadowMaskDrawCategory5text_EiE8sTextAll
0x7102597a78,0008,_ZGVZN2al22ShadowMaskDrawCategory5text_EiE8sTextAll
0x7102597a80,0032,_ZZN2al22ShadowMaskDrawCategory5text_EiE8sTextPtr
0x7102597aa0,0016,_ZN19np_ShadowMaskCommon16ShadowMaskCommonE
0x7102597ab0,0032,_ZN19np_ShadowMaskCommon13instance_NameE
0x7102597ad0,0032,_ZN19np_ShadowMaskCommon23instance_ShadowMaskTypeE
0x7102597af0,0032,_ZN19np_ShadowMaskCommon23instance_ActorJointNameE
0x7102597b10,0032,_ZN19np_ShadowMaskCommon15instance_OffsetE
0x7102597b30,0032,_ZN19np_ShadowMaskCommon14instance_ColorE
0x7102597b50,0032,_ZN19np_ShadowMaskCommon35instance_IsApplyShadowIntensityUserE
0x7102597b70,0032,_ZN19np_ShadowMaskCommon28instance_ShadowIntensityUserE
0x7102597b90,0032,_ZN19np_ShadowMaskCommon21instance_IsIgnoreHideE
0x7102597bb0,0032,_ZN19np_ShadowMaskCommon26instance_IsFollowHostScaleE
0x7102597bd0,0032,_ZN19np_ShadowMaskCommon21instance_DrawCategoryE
0x7102597bf0,0032,_ZN19np_ShadowMaskCommon22instance_IsShadowFixedE
0x7102597c10,0016,_ZN24np_ShadowMaskSphereParam21ShadowMaskSphereParamE
0x7102597c20,0032,_ZN24np_ShadowMaskSphereParam14instance_ScaleE
0x7102597c40,0032,_ZN24np_ShadowMaskSphereParam12instance_ExpE
0x7102597c60,0032,_ZN24np_ShadowMaskSphereParam31instance_IsEnableCollisionCheckE
0x7102597c80,0032,_ZN24np_ShadowMaskSphereParam29instance_CollisionCheckLengthE
0x7102597ca0,0016,_ZN26np_ShadowMaskCylinderParam23ShadowMaskCylinderParamE
0x7102597cb0,0032,_ZN26np_ShadowMaskCylinderParam15instance_RadiusE
0x7102597cd0,0032,_ZN26np_ShadowMaskCylinderParam14instance_ExpXZE
0x7102597cf0,0032,_ZN26np_ShadowMaskCylinderParam13instance_ExpYE
0x7102597d10,0032,_ZN26np_ShadowMaskCylinderParam18instance_DistYBaseE
0x7102597d30,0016,_ZN22np_ShadowMaskCubeParam19ShadowMaskCubeParamE
0x7102597d40,0032,_ZN22np_ShadowMaskCubeParam14instance_ScaleE
0x7102597d60,0032,_ZN22np_ShadowMaskCubeParam12instance_ExpE
0x7102597d80,0032,_ZN22np_ShadowMaskCubeParam18instance_DistYBaseE
0x7102597da0,0032,_ZN22np_ShadowMaskCubeParam24instance_TextureBaseNameE
0x7102597dc0,0032,_ZN22np_ShadowMaskCubeParam26instance_TextureFixedScaleE
0x7102597de0,0032,_ZN22np_ShadowMaskCubeParam22instance_TextureOffsetE
0x7102597e00,0032,_ZN22np_ShadowMaskCubeParam23instance_Texture2OffsetE
0x7102597e20,0016,_ZN34np_ShadowMaskCastOvalCylinderParam31ShadowMaskCastOvalCylinderParamE
0x7102597e30,0032,_ZN34np_ShadowMaskCastOvalCylinderParam14instance_ScaleE
0x7102597e50,0032,_ZN34np_ShadowMaskCastOvalCylinderParam14instance_ExpXZE
0x7102597e70,0032,_ZN34np_ShadowMaskCastOvalCylinderParam13instance_ExpYE
0x7102597e90,0032,_ZN34np_ShadowMaskCastOvalCylinderParam18instance_DistYBaseE
0x7102597eb0,0008,_ZZN2al14ShadowMaskType5text_EiE9spTextPtr
0x7102597eb8,0104,_ZZN2al14ShadowMaskType5text_EiE8sTextAll
0x7102597f20,0008,_ZGVZN2al14ShadowMaskType5text_EiE8sTextAll
0x7102597f28,0048,_ZZN2al14ShadowMaskType5text_EiE8sTextPtr
0x7102597f80,0008,_ZN15alYamlMacroUtil14YamlParamGroup8sCurrentE
0x7102597f88,0008,_ZZN4alsd16AudioPlayerMulti24getRuntimeTypeInfoStaticEvE8typeInfo
0x7102597f90,0008,_ZGVZN4alsd16AudioPlayerMulti24getRuntimeTypeInfoStaticEvE8typeInfo
0x7102597f98,0008,_ZZN4alsd11AudioPlayer24getRuntimeTypeInfoStaticEvE8typeInfo
0x7102597fa0,0008,_ZGVZN4alsd11AudioPlayer24getRuntimeTypeInfoStaticEvE8typeInfo
0x7102597fa8,0008,_ZZN4alsd25AudioSoundArchiveBaseCafe24getRuntimeTypeInfoStaticEvE8typeInfo
0x7102597fb0,0008,_ZGVZN4alsd25AudioSoundArchiveBaseCafe24getRuntimeTypeInfoStaticEvE8typeInfo
0x7102597fb8,0008,_ZZN4alsd23AudioFsSoundArchiveCafe24getRuntimeTypeInfoStaticEvE8typeInfo
0x7102597fc0,0008,_ZGVZN4alsd23AudioFsSoundArchiveCafe24getRuntimeTypeInfoStaticEvE8typeInfo
0x7102597fc8,0008,_ZZN4alsd27AudioMemorySoundArchiveCafe24getRuntimeTypeInfoStaticEvE8typeInfo
0x7102597fd0,0008,_ZGVZN4alsd27AudioMemorySoundArchiveCafe24getRuntimeTypeInfoStaticEvE8typeInfo
0x7102597fd8,0008,_ZZN4alsd11AudioSystem24getRuntimeTypeInfoStaticEvE8typeInfo
0x7102597fe0,0008,_ZGVZN4alsd11AudioSystem24getRuntimeTypeInfoStaticEvE8typeInfo
0x7102597fe8,0008,_ZZN2al19GraphicsQualityMode5text_EiE9spTextPtr
0x7102597ff0,0064,_ZZN2al19GraphicsQualityMode5text_EiE8sTextAll
0x7102598030,0008,_ZGVZN2al19GraphicsQualityMode5text_EiE8sTextAll
0x7102598038,0040,_ZZN2al19GraphicsQualityMode5text_EiE8sTextPtr
0x7102598060,0008,_ZZN2al16EffectPrefixType5text_EiE9spTextPtr
0x7102598068,0040,_ZZN2al16EffectPrefixType5text_EiE8sTextAll
0x7102598090,0008,_ZGVZN2al16EffectPrefixType5text_EiE8sTextAll
0x7102598098,0024,_ZZN2al16EffectPrefixType5text_EiE8sTextPtr
0x71025980b0,0008,_ZZN2al9EuiScreen24getRuntimeTypeInfoStaticEvE8typeInfo
0x71025980b8,0008,_ZGVZN2al9EuiScreen24getRuntimeTypeInfoStaticEvE8typeInfo
0x71025980c0,0008,_ZZN2al12LppLightType5text_EiE9spTextPtr
0x71025980c8,0120,_ZZN2al12LppLightType5text_EiE8sTextAll
0x7102598140,0008,_ZGVZN2al12LppLightType5text_EiE8sTextAll
0x7102598148,0056,_ZZN2al12LppLightType5text_EiE8sTextPtr
0x710259823c,0001,hIsNotApplyGGXFilter
0x71025984c8,0008,_ZZN2nn3atk6detail13SequenceSound24GetRuntimeTypeInfoStaticEvE10s_TypeInfo
0x71025984d0,0008,_ZGVZN2nn3atk6detail13SequenceSound24GetRuntimeTypeInfoStaticEvE10s_TypeInfo
0x71025984d8,0008,_ZZN2nn3atk6detail10BasicSound24GetRuntimeTypeInfoStaticEvE10s_TypeInfo
0x71025984e0,0008,_ZGVZN2nn3atk6detail10BasicSound24GetRuntimeTypeInfoStaticEvE10s_TypeInfo
0x71025984e8,1552,_ZZN2nn3atk6detail4Util9SingletonINS2_13WarningLoggerEE11GetInstanceEvE8instance
0x7102598af8,0008,_ZGVZN2nn3atk6detail4Util9SingletonINS2_13WarningLoggerEE11GetInstanceEvE8instance
0x7102599308,0001,_ZN2nn3atk11SoundSystem15g_IsInitializedE
0x7102599309,0001,_ZN2nn3atk11SoundSystem18g_IsStreamLoadWaitE
0x710259930a,0001,_ZN2nn3atk11SoundSystem14g_IsEnterSleepE
0x710259930b,0001,_ZN2nn3atk11SoundSystem35g_IsInitializedDriverCommandManagerE
0x7102599310,0008,_ZN2nn3atk11SoundSystem20g_LoadThreadStackPtrE
0x7102599318,0008,_ZN2nn3atk11SoundSystem21g_LoadThreadStackSizeE
0x7102599320,0008,_ZN2nn3atk11SoundSystem21g_SoundThreadStackPtrE
0x7102599328,0008,_ZN2nn3atk11SoundSystem22g_SoundThreadStackSizeE
0x7102599330,0008,_ZN2nn3atk11SoundSystem24g_PerformanceFrameBufferE
0x7102599338,0008,_ZN2nn3atk11SoundSystem28g_PerformanceFrameBufferSizeE
0x7102599340,0008,_ZN2nn3atk11SoundSystem30g_SoundThreadCommandBufferSizeE
0x7102599348,0008,_ZN2nn3atk11SoundSystem29g_TaskThreadCommandBufferSizeE
0x7102599350,0008,_ZN2nn3atk11SoundSystem24g_VoiceCommandBufferSizeE
0x7102599358,0008,_ZN2nn3atk11SoundSystem26g_MemoryPoolForSoundSystemE
0x7102599360,0004,_ZN2nn3atk11SoundSystem20g_RendererSampleRateE
0x7102599364,0001,_ZN2nn3atk11SoundSystem19g_IsProfilerEnabledE
0x7102599365,0001,_ZN2nn3atk11SoundSystem30g_IsAdditionalEffectBusEnabledE
0x7102599366,0001,_ZN2nn3atk11SoundSystem27g_IsAdditionalSubMixEnabledE
0x7102599367,0001,_ZN2nn3atk11SoundSystem17g_IsEffectEnabledE
0x7102599368,0001,_ZN2nn3atk11SoundSystem20g_IsRecordingEnabledE
0x7102599369,0001,_ZN2nn3atk11SoundSystem29g_IsCircularBufferSinkEnabledE
0x710259936a,0001,_ZN2nn3atk11SoundSystem38g_IsCircularBufferSinkWarningDisplayedE
0x710259936b,0001,_ZN2nn3atk11SoundSystem20g_IsVoiceDropEnabledE
0x710259936c,0001,_ZN2nn3atk11SoundSystem45g_IsPreviousSdkVersionLowPassFilterCompatibleE
0x710259936d,0001,_ZN2nn3atk11SoundSystem36g_IsUnusedEffectChannelMutingEnabledE
0x710259936e,0001,_ZN2nn3atk11SoundSystem30g_IsUserThreadRenderingEnabledE
0x7102599370,0008,_ZZN2nn3atk6detail11StreamSound24GetRuntimeTypeInfoStaticEvE10s_TypeInfo
0x7102599378,0008,_ZGVZN2nn3atk6detail11StreamSound24GetRuntimeTypeInfoStaticEvE10s_TypeInfo
0x7102599380,0008,_ZZN2nn3atk6detail9WaveSound24GetRuntimeTypeInfoStaticEvE10s_TypeInfo
0x7102599388,0008,_ZGVZN2nn3atk6detail9WaveSound24GetRuntimeTypeInfoStaticEvE10s_TypeInfo
0x7102599390,0004,_ZN2nn3atk6detail10BasicSound16g_LastInstanceIdE
0x7102599398,0008,_ZN2nn3atk6detail18g_DebugLogHookFuncE
0x71025993a0,0032,_ZN2nn3atk6detail6driver19SequenceSoundPlayer16m_GlobalVariableE
0x71025993c0,0002,_ZN2nn3atk6detail6driver17StreamSoundPlayer19g_AssignNumberCountE
0x710259f648,0001,_ZN2nn3atk6detail6driver9MmlParser20mPrintVarEnabledFlagE
0x710259f700,20992,_ZN2nn3atk6detail6driver17StreamSoundLoader12g_LoadBufferE
0x71025a4900,0088,_ZN2nn3nex12g_ddlRankingE
0x71025a4958,0128,_ZN2nn3nex21RankingProtocolClient22s_protoReturnFunctionsE
0x71025a49d8,0088,_ZN2nn3nex12g_ddlUtilityE
0x71025a4a30,0072,_ZN2nn3nex21UtilityProtocolClient22s_protoReturnFunctionsE
0x71025a4b28,0008,_ZZN2nn4font7ResFont24GetRuntimeTypeInfoStaticEvE10s_TypeInfo
0x71025a4b30,0008,_ZGVZN2nn4font7ResFont24GetRuntimeTypeInfoStaticEvE10s_TypeInfo
0x71025a4b38,0008,_ZZN2nn4font11ResFontBase24GetRuntimeTypeInfoStaticEvE10s_TypeInfo
0x71025a4b40,0008,_ZGVZN2nn4font11ResFontBase24GetRuntimeTypeInfoStaticEvE10s_TypeInfo
0x71025a4b48,0008,_ZZN2nn4font16TagProcessorBaseIcE24GetRuntimeTypeInfoStaticEvE10s_TypeInfo
0x71025a4b50,0008,_ZGVZN2nn4font16TagProcessorBaseIcE24GetRuntimeTypeInfoStaticEvE10s_TypeInfo
0x71025a4b58,0008,_ZN2nn4font14TextWriterBaseIcE21g_DefaultTagProcessorE
0x71025a4b60,0008,_ZGVN2nn4font14TextWriterBaseIcE21g_DefaultTagProcessorE
0x71025a4b68,0008,_ZN2nn4font14TextWriterBaseItE21g_DefaultTagProcessorE
0x71025a4b70,0008,_ZGVN2nn4font14TextWriterBaseItE21g_DefaultTagProcessorE
0x71025a4bb8,0008,_ZN2nn4ui2d6Layout19g_pAllocateFunctionE
0x71025a4bc0,0008,_ZN2nn4ui2d6Layout15g_pFreeFunctionE
0x71025a4bc8,0008,_ZN2nn4ui2d6Layout23g_pUserDataForAllocatorE
0x71025a4bd0,0008,_ZZN2nn4font8PairFont24GetRuntimeTypeInfoStaticEvE10s_TypeInfo
0x71025a4bd8,0008,_ZGVZN2nn4font8PairFont24GetRuntimeTypeInfoStaticEvE10s_TypeInfo
0x71025a4be0,0008,_ZZN2nn4ui2d12PaneAnimator24GetRuntimeTypeInfoStaticEvE10s_TypeInfo
0x71025a4be8,0008,_ZGVZN2nn4ui2d12PaneAnimator24GetRuntimeTypeInfoStaticEvE10s_TypeInfo
0x71025a4bf0,0008,_ZZN2nn4ui2d8Animator24GetRuntimeTypeInfoStaticEvE10s_TypeInfo
0x71025a4bf8,0008,_ZGVZN2nn4ui2d8Animator24GetRuntimeTypeInfoStaticEvE10s_TypeInfo
0x71025a4c00,0008,_ZZN2nn4ui2d13GroupAnimator24GetRuntimeTypeInfoStaticEvE10s_TypeInfo
0x71025a4c08,0008,_ZGVZN2nn4ui2d13GroupAnimator24GetRuntimeTypeInfoStaticEvE10s_TypeInfo
0x71025a4c10,0008,_ZZN2nn4ui2d18GroupArrayAnimator24GetRuntimeTypeInfoStaticEvE10s_TypeInfo
0x71025a4c18,0008,_ZGVZN2nn4ui2d18GroupArrayAnimator24GetRuntimeTypeInfoStaticEvE10s_TypeInfo
0x71025a4c20,0008,_ZN2nn3vfx6detail25g_StaticHeapAllocatedSizeE
0x71025a4c28,0008,_ZN2nn3vfx6detail13g_pStaticHeapE
0x71025a4c30,0008,_ZN2nn3vfx6detail14g_pDynamicHeapE
0x71025a4c38,0001,_ZN2nn3vfx6detail13g_SuppressLogE
0x71025a4c40,0008,_ZN2nn3vfx6detail13g_LogCallbackE
0x71025a4c48,0008,_ZN2nn3vfx6detail17g_WarningCallbackE
0x71025a4c50,0008,_ZN2nn3vfx6detail15g_ErrorCallbackE
0x71025a4c58,0008,_ZN2nn3vfx6detail15g_DelayFreeListE
0x71025a4c60,0004,_ZN2nn3vfx6detail20g_DelayFreeListCountE
0x71025a4c64,0004,_ZN2nn3vfx6detail18g_DelayFreeListMaxE
0x71025a4c68,0004,_ZN2nn3vfx6detail13g_WarningFlagE
0x71025a4c70,0032,_ZN2nn3vfx6detail23g_MutexAddDelayFreeListE
0x71025a4c90,0008,_ZN2nn3vfx6detail6Random11g_Vec3TableE
0x71025a4c98,0008,_ZN2nn3vfx6detail6Random21g_NormalizedVec3TableE
0x71025a4ca0,0001,_ZN2nn3vfx6detail6Random15g_UseGlobalSeedE
0x71025a4ca8,0008,_ZN2nn3vfx6detail12StripeSystem15g_pStripeSystemE
0x71025a4cb0,0008,_ZN2nn3vfx6detail17SuperStripeSystem15g_pStripeSystemE
0x71025a4cb8,0001,_ZN2nn3vfx6System15g_IsInitializedE
0x71025a4cbc,0004,_ZN2nn3vfx6detail14TextureSampler21g_SamplerPatternCountE
0x71025a4cc0,0008,_ZN2nn3vfx6detail14TextureSampler15g_SamplerBufferE
0x71025a4cc8,0016,_ZN2nn3vfx6detail16g_CurlNoiseTableE
0x71025a4cd8,0616,_ZN2nn3vfx6detail18g_CurlNoiseTextureE
0x71025a4f40,0008,_ZN2nn3vfx6detail22ConnectionStripeSystem15g_pStripeSystemE
0x71025a50d0,0008,_ZZN4sead18NinDebugController24getRuntimeTypeInfoStaticEvE8typeInfo
0x71025a50d8,0008,_ZGVZN4sead18NinDebugController24getRuntimeTypeInfoStaticEvE8typeInfo
0x71025a50e0,0008,_ZZN4sead17NinDebugPadDevice24getRuntimeTypeInfoStaticEvE8typeInfo
0x71025a50e8,0008,_ZGVZN4sead17NinDebugPadDevice24getRuntimeTypeInfoStaticEvE8typeInfo
0x71025a50f0,0008,_ZZN4sead20NinTouchScreenDevice24getRuntimeTypeInfoStaticEvE8typeInfo
0x71025a50f8,0008,_ZGVZN4sead20NinTouchScreenDevice24getRuntimeTypeInfoStaticEvE8typeInfo
0x71025a5100,0032,_ZN4sead12AssertConfig12sAssertEventE
0x71025a5120,0008,_ZN4sead12AssertConfig14sFinalCallbackE
0x71025a5128,0032,_ZN4sead16ExceptionHandler6sEventE
0x71025a5161,0001,_ZN4sead11PrintConfig17sIsPrintEventUsedE
0x71025a5168,0032,_ZN4sead11PrintConfig11sPrintEventE
0x71025a5188,0008,_ZN4sead11PrintConfig14sFinalCallbackE
0x71025a5190,0008,_ZZN4sead19NinHostIOFileDevice24getRuntimeTypeInfoStaticEvE8typeInfo
0x71025a5198,0008,_ZGVZN4sead19NinHostIOFileDevice24getRuntimeTypeInfoStaticEvE8typeInfo
0x71025a51a0,0008,_ZZN4sead17NinSaveFileDevice24getRuntimeTypeInfoStaticEvE8typeInfo
0x71025a51a8,0008,_ZGVZN4sead17NinSaveFileDevice24getRuntimeTypeInfoStaticEvE8typeInfo
0x71025a51b0,0008,_ZZN4sead12SeparateHeap24getRuntimeTypeInfoStaticEvE8typeInfo
0x71025a51b8,0008,_ZGVZN4sead12SeparateHeap24getRuntimeTypeInfoStaticEvE8typeInfo
0x71025a51c0,0008,_ZZN4sead8UnitHeap24getRuntimeTypeInfoStaticEvE8typeInfo
0x71025a51c8,0008,_ZGVZN4sead8UnitHeap24getRuntimeTypeInfoStaticEvE8typeInfo
0x71025a51d0,0008,_ZN4sead17RegionLanguageMgr18SingletonDisposer_15sStaticDisposerE
0x71025a51d8,0008,_ZN4sead17RegionLanguageMgr9sInstanceE
0x71025a51e0,0008,_ZZN4sead8RegionID5text_EiE9spTextPtr
0x71025a51e8,0048,_ZZN4sead8RegionID5text_EiE8sTextAll
0x71025a5218,0008,_ZGVZN4sead8RegionID5text_EiE8sTextAll
0x71025a5220,0048,_ZZN4sead8RegionID5text_EiE8sTextPtr
0x71025a5250,0008,_ZZN4sead10LanguageID5text_EiE9spTextPtr
0x71025a5258,0064,_ZZN4sead10LanguageID5text_EiE8sTextAll
0x71025a5298,0008,_ZGVZN4sead10LanguageID5text_EiE8sTextAll
0x71025a52a0,0088,_ZZN4sead10LanguageID5text_EiE8sTextPtr
0x71025a5378,0008,_ZN4sead10TextWriter12sDefaultFontE
0x71025a5380,0512,_ZN4sead9HashCRC166sTableE
0x71025a5580,0001,_ZN4sead9HashCRC1612sInitializedE
0x71025a5584,1024,_ZN4sead9HashCRC326sTableE
0x71025a5984,0001,_ZN4sead9HashCRC3212sInitializedE
0x71025a5988,0008,_ZN4sead14MessageProject5sHeapE
0x71025a5990,0008,_ZN4sead14MessageSetBase5sHeapE
0x71025a59e8,0008,_ZN3agl3lyr8Renderer18SingletonDisposer_15sStaticDisposerE
0x71025a59f0,0008,_ZN3agl3lyr8Renderer9sInstanceE
0x71025a59f8,0008,_ZZN3agl4lght20LightPrePassLightMgrINS0_12LightPrePass10PointLightENS2_7ContextENS2_11CallbackArgEE24getRuntimeTypeInfoStaticEvE8typeInfo
0x71025a5a00,0008,_ZGVZN3agl4lght20LightPrePassLightMgrINS0_12LightPrePass10PointLightENS2_7ContextENS2_11CallbackArgEE24getRuntimeTypeInfoStaticEvE8typeInfo
0x71025a5a08,0008,_ZZN3agl4lght20LightPrePassLightMgrINS0_12LightPrePass9SpotLightENS2_7ContextENS2_11CallbackArgEE24getRuntimeTypeInfoStaticEvE8typeInfo
0x71025a5a10,0008,_ZGVZN3agl4lght20LightPrePassLightMgrINS0_12LightPrePass9SpotLightENS2_7ContextENS2_11CallbackArgEE24getRuntimeTypeInfoStaticEvE8typeInfo
0x71025a5a18,0008,_ZZN3agl4lght20LightPrePassLightMgrINS0_12LightPrePass9ProjLightENS2_7ContextENS2_11CallbackArgEE24getRuntimeTypeInfoStaticEvE8typeInfo
0x71025a5a20,0008,_ZGVZN3agl4lght20LightPrePassLightMgrINS0_12LightPrePass9ProjLightENS2_7ContextENS2_11CallbackArgEE24getRuntimeTypeInfoStaticEvE8typeInfo
0x71025a5a28,0008,_ZZN3agl4lght12LightPrePass13PointLightMgr24getRuntimeTypeInfoStaticEvE8typeInfo
0x71025a5a30,0008,_ZGVZN3agl4lght12LightPrePass13PointLightMgr24getRuntimeTypeInfoStaticEvE8typeInfo
0x71025a5a38,0008,_ZZN3agl4lght12LightPrePass12SpotLightMgr24getRuntimeTypeInfoStaticEvE8typeInfo
0x71025a5a40,0008,_ZGVZN3agl4lght12LightPrePass12SpotLightMgr24getRuntimeTypeInfoStaticEvE8typeInfo
0x71025a5a48,0008,_ZZN3agl4lght12LightPrePass12ProjLightMgr24getRuntimeTypeInfoStaticEvE8typeInfo
0x71025a5a50,0008,_ZGVZN3agl4lght12LightPrePass12ProjLightMgr24getRuntimeTypeInfoStaticEvE8typeInfo
0x71025a5a90,0008,_ZZN3agl4cull24OcclusionQueryBoundBox3f24getRuntimeTypeInfoStaticEvE8typeInfo
0x71025a5a98,0008,_ZGVZN3agl4cull24OcclusionQueryBoundBox3f24getRuntimeTypeInfoStaticEvE8typeInfo
0x71025a5aa0,0008,_ZZN3agl4cull14OcclusionQuery24getRuntimeTypeInfoStaticEvE8typeInfo
0x71025a5aa8,0008,_ZGVZN3agl4cull14OcclusionQuery24getRuntimeTypeInfoStaticEvE8typeInfo
0x71025a5ab0,0008,_ZZN3agl4cull22OcclusionQuerySphere3f24getRuntimeTypeInfoStaticEvE8typeInfo
0x71025a5ab8,0008,_ZGVZN3agl4cull22OcclusionQuerySphere3f24getRuntimeTypeInfoStaticEvE8typeInfo
0x71025a5ac0,0008,_ZZN3agl4cull22OcclusionQueryCylinder24getRuntimeTypeInfoStaticEvE8typeInfo
0x71025a5ac8,0008,_ZGVZN3agl4cull22OcclusionQueryCylinder24getRuntimeTypeInfoStaticEvE8typeInfo
0x71025a5ad0,0008,_ZN3agl2fx12OfxLensFlare9sTypeInfoE
0x71025a5ad8,0008,_ZN3agl2fx12OfxLensFlare6Preset9sTypeInfoE
0x71025a5ae0,0008,_ZN3agl2fx19OfxLensFlareDynamic9sTypeInfoE
0x71025a5ae8,0008,_ZN3agl2fx19OfxLensFlareDynamic6Preset9sTypeInfoE
0x71025a5af0,0008,_ZZN3agl2fx19OfxLensFlareDynamic6Preset24getRuntimeTypeInfoStaticEvE8typeInfo
0x71025a5af8,0008,_ZGVZN3agl2fx19OfxLensFlareDynamic6Preset24getRuntimeTypeInfoStaticEvE8typeInfo
0x71025a5b08,0008,_ZN3agl4fctr16GPUStressChecker18SingletonDisposer_15sStaticDisposerE
0x71025a5b10,0008,_ZN3agl4fctr16GPUStressChecker9sInstanceE
0x71025a5c68,0004,_ZN3agl3env6EnvObj8sTypeNumE
0x71025a5c70,5120,_ZN3agl3env6EnvObj14sTypeInfoTableE
0x71025a7178,0008,_ZZN3agl3env6EnvObj24getRuntimeTypeInfoStaticEvE8typeInfo
0x71025a7180,0008,_ZGVZN3agl3env6EnvObj24getRuntimeTypeInfoStaticEvE8typeInfo
0x71025a7188,0104,_ZN3agl3lyr5Layer15sCameraIdentityE
0x71025a71f0,0176,_ZN3agl3lyr5Layer19sProjectionIdentityE
0x71025a72a0,0008,_ZZN3agl3lyr5Layer24getRuntimeTypeInfoStaticEvE8typeInfo
0x71025a72a8,0008,_ZGVZN3agl3lyr5Layer24getRuntimeTypeInfoStaticEvE8typeInfo
0x71025a72b0,0008,_ZZN3eui14ArcResourceMgr28OneTimeBinaryResourceFactory24getRuntimeTypeInfoStaticEvE8typeInfo
0x71025a72b8,0008,_ZGVZN3eui14ArcResourceMgr28OneTimeBinaryResourceFactory24getRuntimeTypeInfoStaticEvE8typeInfo
0x71025a72c0,0008,_ZN3aal20AudioFrameProcessMgr9sInstanceE
0x71025a72c8,0088,_ZN2nn3nex27g_ddlNintendoAuthenticationE
